asset,beta_bri,year,br,compounded_xret,compounded_xret_beta,rank_beta,rank_br,compounded_xret_2014,ch4mkt_beta,ch4smb_beta,ch4vmg_beta,ch4pmo_beta,lag_me
6,0.061684374,2018,1.28e-05,0.2674101,-0.051235571,0.916666667,-0.240196078,-0.465481526,1.261156134,0.858604439,0.608942921,0.069193311,8057378.307000001
12,-0.030519485,2018,2.57e-05,0.188846423,-0.079703538,-0.678921569,0.323529412,-0.460774931,1.066217485,0.902628348,0.025901685,0.03344519,9470669.816666668
16,-0.010997549,2018,1.93e-05,0.624161418,-0.212296127,-0.360294118,0.041666667,-0.457823178,1.202762939,0.677032289,-0.483943814,0.271859944,8024116.336666671
31,-0.018377526,2018,5.92e-06,-0.219331797,0.12209808,-0.50245098,-0.990196078,-0.39149418,1.257684801,0.776975353,0.714421188,0.049653555,10332174.57777778
39,-0.015167844,2018,2.48e-05,-0.322696611,0.013193088,-0.433823529,0.276960784,-0.534320793,1.199469731,0.308204052,0.152827479,0.236189548,17861076.109999992
50,0.00080047,2018,8.29e-06,0.132559398,-0.064551357,-0.024509804,-0.897058824,-0.507991243,1.062856659,0.260008283,-1.137718748,-0.166706283,19249680.36416665
60,-0.00500978,2018,2.36e-05,-0.202874188,-0.033393137,-0.18872549,0.225490196,-0.462437206,1.305245525,0.717221872,0.406900758,0.040409224,18384690.02833332
65,0.025055216,2018,0.000110069,-0.165083947,0.132845187,0.556372549,0.980392157,-0.37132494,1.282325965,1.210120677,0.456468795,0.016784143,5775217.627500002
88,0.023693541,2018,1.21e-05,0.071539667,-0.177024709,0.539215686,-0.318627451,-0.355781378,1.202264,0.730605322,0.246596344,0.164512561,12433317.000000002
89,-0.037219412,2018,4.48e-05,-0.134802545,0.144915447,-0.75245098,0.703431373,-0.106326843,0.829064161,-0.344793366,-0.070161417,-0.067241955,16725734.319999995
90,0.020841717,2018,4.12e-05,0.467283144,0.059439259,0.473039216,0.637254902,-0.444249088,1.170872465,0.937913331,0.492163739,0.056706981,6270177.427499999
99,0.015919511,2018,1.34e-05,-0.037222313,0.106739863,0.37254902,-0.193627451,-0.383199876,1.091166636,0.591246016,-0.47862519,0.581333742,4229866.473333332
100,0.029985757,2018,7.17e-06,0.874545986,0.160913544,0.637254902,-0.965686275,-0.361631521,1.138365001,0.640481338,-0.143402703,0.301760507,34358082.59583331
157,0.001492929,2018,7.58e-05,0.101317382,0.514150317,-0.009803922,0.916666667,-0.175915391,0.970018899,0.748684258,0.84305948,-0.009636804,24764206.72083333
158,0.043911675,2018,1.09e-05,0.89826548,-0.223190951,0.794117647,-0.517156863,-0.348080132,1.191893927,1.158656262,-0.659067971,0.666505934,8407274.239999998
301,-0.073660642,2018,1.06e-05,0.018157155,-0.133408661,-0.950980392,-0.588235294,0.028381282,0.797938822,0.59356608,0.106231413,-0.147215201,7519564.456666671
333,0.037148742,2018,9.26e-06,0.166788676,0.004049963,0.732843137,-0.789215686,-0.329885983,1.564858939,-0.213573534,1.199933491,0.067917666,304133746.1741666
338,-0.009702333,2018,2.23e-05,0.139016629,0.457625761,-0.316176471,0.161764706,-0.042316139,1.24617242,0.412450052,1.228894248,-0.252355596,35595846.04333334
400,-0.005555383,2018,1.4e-05,0.442173909,0.148901977,-0.208333333,-0.154411765,-0.334844363,0.966569409,0.886754089,0.259073044,-0.377934457,9515476.424999995
401,-0.063495955,2018,1.5e-05,-0.077951312,1.00537635,-0.928921569,-0.105392157,-0.115832308,1.160997384,0.45226218,0.96049627,-0.212404425,15935343.99499998
413,0.000928753,2018,7.51e-06,-0.481808607,-0.154710933,-0.019607843,-0.948529412,-0.52218452,1.082176995,1.136766117,0.139582508,-0.424630097,26242450.81750002
423,0.007852671,2018,8.85e-06,-0.085383871,-0.257692399,0.174019608,-0.840686275,-0.341825847,0.936147956,-0.391026785,-0.328210818,0.398298385,34381433.09750002
425,0.004729652,2018,5.69e-05,0.305635281,0.050107334,0.071078431,0.81372549,-0.306245763,1.242783652,0.440683733,0.45439902,0.135857048,27554643.732500006
488,-0.062052673,2018,8.98e-06,-0.047311389,-0.356002561,-0.921568627,-0.830882353,-0.4777061,1.216291565,0.817222331,0.694479551,0.039766507,14139548.345833339
507,0.029702141,2018,7.8e-05,-0.15547455,-0.347979932,0.629901961,0.926470588,-0.359341145,0.988918716,0.603260677,0.29431855,-0.182103385,6656522.810833334
528,-0.006804649,2018,3.46e-05,-0.045058657,-0.185923565,-0.24754902,0.509803922,-0.075386472,1.31044068,0.088951869,0.162744193,-0.156063631,10886316.120833328
552,-0.043299995,2018,1.18e-05,-0.156426946,-0.153683639,-0.823529412,-0.352941176,-0.262520028,1.053273753,1.036727234,0.731521812,-0.211579731,4918910.642500005
600,0.014347708,2018,9.2e-06,-0.232547616,0.185101009,0.330882353,-0.794117647,-0.35085011,1.034356901,1.37089094,0.898136005,-0.051438159,6316805.711666661
630,-0.010178547,2018,1.02e-05,-0.223452394,0.110236704,-0.333333333,-0.656862745,-0.330255772,0.850376688,0.309485211,-0.294668088,0.051123621,22507160.445000004
651,0.014020782,2018,1.81e-05,0.064275579,0.164214938,0.321078431,-0.007352941,-0.19571252,1.203023183,-0.600380332,0.450352021,-0.112189403,262257909.46166644
672,-0.034578487,2018,4.79e-05,0.961340189,0.387605013,-0.725490196,0.730392157,-0.135355619,1.192189398,0.458615542,1.055420781,-0.112119524,8085963.052499999
681,0.017096597,2018,4.01e-05,-0.051582489,-0.335204483,0.406862745,0.62745098,0.180152834,1.179188135,-0.302392529,-1.245786385,0.524829647,7515133.444166668
703,-0.069786166,2018,5.64e-05,-0.115338817,-0.074565351,-0.941176471,0.806372549,-0.255959597,1.164626874,-0.009296129,0.289481751,-0.248117761,31629845.092999984
709,-0.009732004,2018,5.36e-05,-0.304057467,-0.001571571,-0.318627451,0.779411765,-0.258700617,0.835394411,0.443352638,0.694487641,-0.238654368,34416439.17250001
719,-0.012009305,2018,1.23e-05,-0.034453346,0.081019217,-0.37745098,-0.279411765,-0.124186103,0.820085586,0.623878058,0.247764873,-0.186940114,5154826.681666669
735,0.064044199,2018,1.05e-05,0.024151347,-0.247791785,0.926470588,-0.595588235,0.17911979,0.83200266,0.919201091,-0.471324971,-0.079666279,11024295.73166667
751,0.009899811,2018,1.15e-05,-0.280373247,0.066693761,0.230392157,-0.416666667,-0.453142612,1.000956962,0.928566804,0.329489422,-0.271693061,5286995.1716666715
758,0.002622065,2018,8.12e-05,-0.248038631,0.205982257,0.022058824,0.933823529,-0.439353768,1.219717603,0.767206866,-0.050083804,0.178383404,9489849.138333336
759,0.014694502,2018,1.29e-05,-0.089475836,-0.034915321,0.338235294,-0.230392157,-0.457930568,1.035064821,0.474194665,0.122579144,0.034356631,4813937.512499998
778,-0.018330673,2018,9.72e-06,-0.202708904,0.05973277,-0.5,-0.715686275,-0.156748612,0.92601816,0.408274412,0.410788776,-0.062815035,18159166.838333324
797,0.021295061,2018,6.94e-05,0.005495058,-0.15085577,0.482843137,0.892156863,-0.465141028,1.077133399,0.765580583,0.063515961,0.298753867,7395377.576666673
801,0.048015354,2018,1.04e-05,-0.04928779,0.337986501,0.835784314,-0.620098039,-0.251913512,1.121120701,0.716649954,-1.043644197,0.672408466,5303252.460833336
807,0.039886887,2018,4.13e-06,-0.084425896,-0.108316252,0.75245098,-0.99754902,-0.623151793,1.605634989,1.088335613,0.129516478,0.599665951,14334228.519166676
829,-0.064170889,2018,1.84e-05,0.113366237,-0.218211455,-0.93627451,0.007352941,-0.4171582,0.984273157,0.628306737,-1.225079484,0.657953533,7174190.864166662
836,0.007203819,2018,1.44e-05,-0.269849895,-0.071449712,0.149509804,-0.129901961,-0.075132962,0.989336798,1.145760332,-0.824938468,0.47871623,5344741.747499998
851,0.01031919,2018,7.42e-06,0.385829741,0.076624627,0.245098039,-0.955882353,-0.231602664,1.152199425,0.982977583,-1.868875568,0.419277903,4266934.464166666
852,-0.083589843,2018,1.16e-05,-0.338746859,0.250685057,-0.965686275,-0.397058824,-0.272441517,1.046242833,1.077655431,0.097645972,0.209253943,5131694.51416666
860,-0.003984207,2018,2.58e-05,0.206646265,0.598077679,-0.144607843,0.328431373,0.643843251,1.381925917,-0.776724575,0.326532854,-1.051057192,18617400.45583334
876,-0.019362329,2018,6.06e-06,0.699463507,1.768603547,-0.517156863,-0.987745098,-0.015294938,0.608330297,-0.399607277,-1.116364905,-0.295354119,28795141.745000005
877,0.007664983,2018,2.18e-05,0.331815729,0.757842342,0.166666667,0.12745098,-0.320860232,1.276660416,0.584640005,0.800309632,-0.241857288,7504273.896666666
883,0.01660254,2018,9.33e-06,-0.180730419,0.064596916,0.394607843,-0.772058824,-0.201127797,0.728034466,0.459836182,0.279664976,-0.106498247,22087183.910000004
886,0.052731305,2018,3.01e-05,0.144181238,-0.178634206,0.87254902,0.43627451,-0.497224396,0.909800261,0.944412143,-0.093087235,0.05258874,4930564.469166665
898,0.00596817,2018,2.54e-05,-0.348811741,-0.089843771,0.105392157,0.306372549,-0.171254218,0.982587255,0.137743018,0.827071949,-0.205365551,37754818.93749998
903,-0.000791057,2018,2.91e-05,0.883964197,0.125912743,-0.06127451,0.419117647,-0.308823001,0.932820226,1.154255082,0.370160608,-0.390054361,4861343.822500004
905,-0.02382441,2018,4.03e-05,-0.166631493,-0.042586833,-0.578431373,0.632352941,-0.432847206,1.068215306,1.104386878,0.136697355,0.05939341,4342252.499999997
926,-0.006122912,2018,9.03e-06,-0.24204479,-0.051992283,-0.225490196,-0.81372549,-0.433557341,1.083863465,0.625190626,0.224349333,0.409319382,7602190.166666667
932,0.103269252,2018,1.03e-05,-0.171157808,-0.226368838,0.985294118,-0.634803922,-0.417802886,1.318681116,0.096419478,0.546782465,0.358291827,24306591.60400002
935,-0.048804816,2018,1.12e-05,-0.203563207,0.017496487,-0.852941176,-0.468137255,-0.104620866,1.008685806,0.845606367,0.137651904,-0.323242121,12246713.721666671
969,-0.001715019,2018,2.17e-05,-0.230006459,0.337072586,-0.098039216,0.117647059,-0.493815684,1.191155787,1.858415669,0.167690008,-0.162194776,5769166.818333331
975,0.008177265,2018,7.5e-06,0.185505656,0.300940074,0.193627451,-0.953431373,0.065328147,0.715518249,0.012279653,-0.202069769,0.365093337,11915545.394166673
1979,0.032157205,2018,3.58e-05,-0.195609705,0.080854865,0.664215686,0.536764706,-0.102327298,1.267014584,-0.480553516,0.402611578,0.56665465,38293765.33583335
2010,-0.01344204,2018,7.58e-06,-0.275750657,-0.379676409,-0.416666667,-0.941176471,-0.603098701,1.145332785,0.991362789,0.586838664,-0.396827313,8176406.488333327
2019,0.027979872,2018,4.81e-05,0.85718497,-0.293533086,0.607843137,0.735294118,-0.512038475,1.218188238,0.570119906,-0.262233552,-0.424019887,11622489.255833328
2027,-0.006486304,2018,2.1e-05,0.058240373,-0.45599487,-0.235294118,0.095588235,-0.556762425,1.229087648,-0.275212631,0.460042908,-1.046858883,63381455.99166671
2035,0.033264875,2018,1.21e-05,-0.156995383,-0.233892189,0.683823529,-0.318627451,-0.560205812,1.750710463,0.155004516,0.928507008,0.272272254,11370703.27416665
2041,0.010527096,2018,1.46e-05,0.14449732,0.580763225,0.25,-0.120098039,-0.584986432,0.699407653,1.386612275,-0.48007784,-0.095371525,6971961.255833339
2042,0.024798878,2018,1.08e-05,-0.134046148,0.010858064,0.551470588,-0.544117647,-0.378584546,0.69938285,1.167679865,0.558267785,-0.022707197,10501103.185833344
2043,-0.00633544,2018,1.21e-05,0.391537214,-0.190359674,-0.227941176,-0.318627451,-0.581118037,1.171223468,0.78073231,0.25688541,-0.030693601,5742302.542499998
2047,-0.010136331,2018,0.000143723,-0.107784134,-0.050501251,-0.330882353,0.992647059,-0.097972009,0.546246073,0.530259169,0.540450188,-0.567471225,8144230.933000001
2061,-0.004472464,2018,5.22e-05,-0.127392519,-0.427040181,-0.171568627,0.769607843,-0.333210448,1.131684642,1.096214204,0.430720064,-0.084124172,5928413.065000002
2065,0.023173411,2018,2.08e-05,0.792215693,-0.190354692,0.526960784,0.090686275,-0.155631243,1.091480821,0.187136895,-1.617790793,0.555541557,23108712.068333317
2073,-0.038900187,2018,2.37e-05,-0.344267932,0.000400569,-0.767156863,0.227941176,-0.442639433,0.970082181,1.276555959,-0.74597887,0.02050911,4895730.532499998
2078,-0.032688217,2018,5.55e-05,0.377507215,-0.297646433,-0.705882353,0.799019608,-0.389320269,1.413192405,0.560327508,0.756676334,-0.163272007,23010172.703333315
2079,0.013129701,2018,2.15e-05,0.79211591,0.143220926,0.31127451,0.107843137,-0.50552893,1.031100861,0.871416258,-1.649521691,1.092916599,4518329.872499997
2080,-0.025010417,2018,9.29e-06,0.723034209,0.394389339,-0.593137255,-0.781862745,-0.508489676,1.333211552,0.686080203,0.299412143,0.147971558,6325733.333333331
2081,0.004942671,2018,1.8e-05,-0.230724744,0.026347042,0.078431373,-0.009803922,-0.473020708,1.2219475,0.369246295,0.105764746,0.622525564,28102033.131666657
2085,-0.070573214,2018,9.98e-06,-0.123373799,-0.205867029,-0.946078431,-0.681372549,-0.562087024,0.73834136,0.506735853,0.443442097,-0.287051443,20430997.13416665
2092,-0.014337018,2018,1.81e-05,-0.439866347,-0.169354107,-0.428921569,-0.007352941,-0.47230401,1.321440597,1.097794329,0.814911433,-0.342232712,20364193.169166673
2095,-0.02081544,2018,8.27e-05,-0.164452644,-0.344654204,-0.546568627,0.943627451,-0.443499428,1.331707088,0.908272944,-0.520022397,-0.348555759,8542152.5075
2097,0.000497408,2018,1.16e-05,-0.042881105,-0.045314908,-0.039215686,-0.397058824,-0.268551825,1.077703838,0.59133659,-0.028380863,0.02822783,4334332.695833332
2104,-0.008702843,2018,3.41e-05,0.165970847,0.040028697,-0.286764706,0.504901961,-0.342131446,1.182229201,0.46873241,-1.363706302,0.750539488,4142429.9633333273
2110,0.049073479,2018,1.68e-05,-0.268445882,-0.028591803,0.843137255,-0.041666667,-0.287733162,1.328403746,0.468448192,1.470670142,-0.294066241,14593737.06333334
2120,0.054441286,2018,7.89e-06,0.022301512,-0.015543265,0.889705882,-0.919117647,-0.147883999,0.79399377,-0.204685814,-0.162012766,-0.009152399,7352390.952500007
2146,0.018011745,2018,1.83e-05,-0.108723358,0.117056992,0.416666667,0.00245098,-0.133955335,1.288096577,0.025467915,0.582788632,0.559490625,36184710.306666665
2151,-0.03011445,2018,9.22e-06,0.358575845,-0.107355396,-0.669117647,-0.791666667,-0.349401469,0.829420799,0.178954046,-1.715528891,0.812340252,6875583.059999996
2152,-0.004067683,2018,9.06e-06,0.879984611,0.168400513,-0.151960784,-0.81127451,-0.234745264,1.157264451,-0.155337267,-0.976125787,0.564491601,12669320.406666672
2158,-0.0057877,2018,1.18e-05,0.661326246,-0.043640399,-0.218137255,-0.352941176,-0.377112498,1.287823898,0.658401167,-0.457528469,0.619703364,5103555.545833333
2161,-0.041893367,2018,1.14e-05,0.09907217,-0.271523585,-0.801470588,-0.431372549,-0.396341876,0.936187466,0.356798725,-2.709329239,1.187187822,5107348.188999999
2183,-0.030334543,2018,6.66e-06,0.106946677,-0.284500584,-0.674019608,-0.980392157,-0.293978548,1.128054526,0.922285346,-0.021554854,-0.217045704,13526284.087500012
2204,0.024108723,2018,1.04e-05,0.173385908,-0.100927672,0.544117647,-0.620098039,-0.321984528,0.636786935,0.718491472,-0.801468743,0.268254273,7155725.967499994
2212,0.006517287,2018,2.83e-05,0.912434317,0.139180045,0.125,0.401960784,-0.450609707,0.824439203,0.45581683,-0.108061458,-0.08442871,7577824.766363641
2247,0.002368148,2018,2.26e-05,-0.476978538,-0.597640981,0.007352941,0.183823529,-0.65925878,1.2164515,1.921043857,0.19230387,-0.324018767,4573889.840833327
2249,-0.011040267,2018,7.75e-06,-0.180908512,-0.008239621,-0.362745098,-0.931372549,-0.524060535,1.133389027,2.154552022,0.708639543,-0.612959946,6560148.039166669
2266,-0.030568073,2018,2.57e-05,-0.195957928,0.251475017,-0.681372549,0.323529412,-0.071633901,0.567702417,0.510999728,-0.055411237,0.277970852,6387934.353333333
2268,0.032581823,2018,1.13e-05,-0.139893992,0.10589671,0.674019608,-0.446078431,-0.234273272,1.193472044,-0.803872087,-2.21218997,0.807732479,18048765.265833326
2276,-0.042375967,2018,7.25e-05,0.297015925,-0.077597053,-0.81127451,0.904411765,-0.424441424,1.06808227,1.018937357,-0.116741159,-0.066587181,6142538.289166664
2279,0.03510779,2018,9.72e-06,0.030441685,-0.309398409,0.715686275,-0.715686275,-0.318295816,1.223831381,0.283401108,-1.292737861,-0.160062646,5190237.320833334
2292,0.02715761,2018,1.88e-05,0.294168734,-0.29337942,0.598039216,0.022058824,-0.610350255,1.25295414,1.238139627,-0.598217871,0.11701624,6884147.928333339
2302,-0.026494042,2018,1.84e-05,-0.1440526,0.02590005,-0.612745098,0.007352941,-0.500961055,1.192899421,1.003279929,0.750105415,-0.506100996,13739141.61916668
2303,-0.005586271,2018,3.72e-05,-0.049734182,-0.065895555,-0.210784314,0.575980392,-0.331260485,1.047673973,0.779227769,-0.013627103,-0.186201688,8592676.919166667
2305,-0.050909598,2018,1.62e-05,0.050614445,-0.137742473,-0.870098039,-0.06127451,-0.375790672,1.075043272,1.38069785,0.749760877,-0.144530273,5168969.556666665
2307,-0.021427738,2018,9.66e-06,-0.126557851,0.199376943,-0.556372549,-0.723039216,-0.256139904,1.183454698,1.900423175,0.980416385,-1.004685181,5625116.204166665
2326,0.00677385,2018,1.07e-05,0.683185917,0.162417866,0.134803922,-0.571078431,-0.389036309,1.263665548,0.764478997,0.161161119,-0.260455153,4413389.474166666
2340,-0.079099843,2018,7.75e-06,0.046358221,-0.228292107,-0.960784314,-0.931372549,-0.472350349,1.168903264,0.820371172,-0.054127794,-0.007209042,18629204.185833354
2344,-0.008632874,2018,9.48e-06,-0.110626737,-0.051421788,-0.279411765,-0.754901961,-0.421965184,0.955333382,0.784512812,0.024887163,0.0969246,6836398.499999992
2352,0.022493582,2018,2.34e-05,0.596471035,-0.252439261,0.512254902,0.203431373,-0.356811844,0.803418527,-0.047281237,0.264774173,-0.446966924,39317309.679166704
2353,-0.02960019,2018,1.84e-05,0.322030657,0.408692461,-0.664215686,0.007352941,0.13414973,0.994531125,0.187630122,-0.267791264,-0.178725467,11503218.376666663
2354,-0.030483406,2018,8.42e-06,-0.502488971,-0.628465939,-0.676470588,-0.889705882,-0.697980438,1.315767546,1.715186768,-0.214463893,-0.369174558,5691975.764166672
2358,-0.004112357,2018,3.86e-05,-0.511292455,-0.336004012,-0.161764706,0.610294118,0.193303748,0.489538856,0.316196559,0.152756472,-0.416912437,14466657.699000001
2366,0.074882071,2018,1.22e-05,-0.553287741,-0.345377145,0.953431373,-0.301470588,-0.64488141,1.18634865,0.527159211,-0.305476501,-0.468046529,5724431.962500001
2372,0.033783668,2018,1.32e-05,-0.314588608,0.201208866,0.696078431,-0.210784314,0.131227952,1.064354736,-0.181353655,0.375104496,0.064416174,18955609.974166676
2373,-0.049257001,2018,8.35e-06,0.382251942,0.295325491,-0.857843137,-0.894607843,-0.250433488,1.177972084,0.030539883,-0.940659604,0.404804565,11054086.104999999
2375,-0.004230765,2018,3.23e-05,0.717401087,0.098816252,-0.164215686,0.485294118,-0.334972554,1.208794771,0.890632198,0.600428213,0.085292055,7407028.758333334
2376,-0.042306866,2018,5.19e-05,-0.143652174,-0.277273801,-0.808823529,0.764705882,0.375533494,1.118883962,-0.666321614,-1.605059475,0.301832764,9287626.813333334
2383,0.004863866,2018,4.13e-05,-0.159990985,-0.324245631,0.073529412,0.639705882,-0.416904506,0.972690445,0.037239846,-1.904826492,0.76835531,7894302.548333336
2386,-0.041177648,2018,1.08e-05,-0.190803733,-0.15605751,-0.791666667,-0.544117647,-0.371463874,1.185095933,1.531664475,0.971451163,-0.220819976,4481456.212500003
2410,0.047303132,2018,1.03e-05,1.093157654,0.176871135,0.830882353,-0.634803922,0.055790685,1.034142151,-0.748714951,-1.43063855,0.397596751,21771223.06333333
2449,-0.034145919,2018,1.12e-05,-0.116715593,0.256220425,-0.718137255,-0.468137255,-0.21791786,1.117717934,-0.001486179,-0.701603316,0.233473595,6744673.435
2459,-0.007427835,2018,1.34e-05,0.463826575,0.016092846,-0.259803922,-0.193627451,-0.303647395,0.844700574,-0.106730173,-0.542269845,-0.098352974,4445600.235555554
2468,0.05353023,2018,1.08e-05,-0.348396281,0.462511361,0.882352941,-0.544117647,-0.338404541,1.150228346,0.243342238,0.71326119,-0.445938672,6722058.240000005
2497,-0.023770085,2018,9.1e-06,0.304853862,-0.347146402,-0.575980392,-0.803921569,-0.508908908,1.264246803,1.097496173,0.532538519,-0.019905299,8164766.040833332
2498,-0.001855796,2018,3.47e-05,0.562321248,0.336543362,-0.102941176,0.512254902,-0.400070982,1.00628477,1.807812314,0.288743499,-0.720305917,8295313.405000001
2505,0.004317714,2018,1.17e-05,0.125143357,-0.093421059,0.066176471,-0.375,-0.438521171,0.514910835,1.296793817,-0.124808381,-0.641718917,11225818.031666653
2506,-0.002228482,2018,8.68e-06,-0.615730545,0.406649663,-0.107843137,-0.860294118,0.153731046,0.595586278,0.527694604,0.02932685,0.293741494,11871058.666666666
2523,0.010371792,2018,3.63e-05,-0.27112724,0.077604217,0.24754902,0.551470588,-0.20284729,1.133051358,1.097804601,0.662588027,-0.159848251,4295982.7930000005
2534,0.006076587,2018,3.76e-05,0.245699628,0.01630046,0.107843137,0.583333333,-0.500762602,1.044115861,1.602674602,0.831728628,-0.432316763,5224350.905833334
2537,0.009290226,2018,8.72e-06,-0.241439438,-0.207856914,0.218137255,-0.852941176,0.036964037,0.493170271,0.212324755,-0.098893492,0.166183031,12206763.308333337
2540,-0.018779862,2018,2.06e-05,-0.052265264,-0.042848539,-0.509803922,0.083333333,-0.394918746,0.999936568,1.137117134,0.407339117,0.026504681,4320345.096666664
2542,0.033129832,2018,2.96e-05,-0.254157151,-0.16494041,0.681372549,0.424019608,-0.423368976,1.035608487,0.994147153,0.216009234,0.184206017,4415551.746666665
2543,0.053850206,2018,4.03e-05,-0.191257519,-0.088065094,0.884803922,0.632352941,-0.262859288,0.843630689,0.456972722,0.377175425,-0.683453135,7116820.262499998
2544,0.005444688,2018,1.94e-05,-0.001220989,-0.057074338,0.095588235,0.044117647,-0.317222389,1.097054117,-0.147217301,-2.590197609,1.292425947,6882183.101666663
2557,-0.012220242,2018,1.16e-05,1.143529249,0.669217226,-0.382352941,-0.397058824,0.211526788,1.02359093,0.21132615,0.449355767,0.227093975,8357670.4575000005
2563,-0.085894038,2018,9.87e-06,-0.33263754,-0.214125405,-0.975490196,-0.700980392,0.140556178,1.05012094,-1.227537256,-0.796625983,0.095604806,19890328.100833327
2583,-0.001081623,2018,3.78e-05,-0.109172634,-0.002964079,-0.071078431,0.590686275,-0.579343791,1.394934429,0.198604949,-0.80068067,0.259354625,10083264.748333333
2596,0.131002833,2018,8.57e-06,-0.188441319,-0.223813422,0.990196078,-0.87254902,-0.480254938,1.154535888,0.969530406,-0.32787489,0.201193794,6719112.890833334
2603,-0.040898947,2018,9.53e-06,1.698001181,-0.178387675,-0.786764706,-0.75,-0.333366104,1.06843602,0.782203186,0.407745909,0.271982566,13083485.018333336
2611,0.002858656,2018,1.03e-05,0.179621125,-0.385055834,0.034313725,-0.634803922,-0.548056273,1.107378277,1.155090767,-0.049166753,-0.281466568,5392346.402499999
2622,0.00156996,2018,2.3e-05,-0.075743353,-0.339091987,-0.004901961,0.191176471,-0.785674048,1.240292684,1.796982358,-0.267180646,-1.030347628,4771301.564999998
2628,0.034333483,2018,2.17e-05,-0.273412909,0.159126746,0.703431373,0.117647059,-0.418868361,1.141906172,1.418108625,0.716814551,-0.289030096,4129666.056666669
2632,0.022060265,2018,1.28e-05,0.213413891,-0.205422043,0.5,-0.240196078,-0.152923058,1.05968974,0.423769629,-0.301939744,0.374672372,4433813.047500002
2640,-0.017515916,2018,1.78e-05,-0.228629256,-0.452224997,-0.477941176,-0.012254902,-0.442640509,0.974342108,0.088301617,-0.757668524,-0.234421664,14655159.829166645
2644,0.005265243,2018,0.000102678,0.195926604,-0.337677133,0.088235294,0.975490196,-0.189377633,0.8047285,0.41758675,0.221464177,-0.20578577,4974224.727499994
2678,-0.002410757,2018,9.56e-06,-0.053460677,0.160352522,-0.110294118,-0.742647059,-0.341830363,0.644500088,0.539393045,-0.400223153,0.09278512,8779435.304166673
2683,-0.037781827,2018,1.11e-05,1.941437315,0.309799197,-0.759803922,-0.490196078,0.11086392,1.02465633,0.517376852,-0.436782427,-0.131519369,5197778.152500001
2685,-0.019870192,2018,9.71e-06,0.00497825,-0.29635276,-0.529411765,-0.718137255,-0.525072653,1.091324386,1.235019427,0.367481557,0.013689508,4480506.470833333
2707,-0.023676373,2018,2.86e-05,0.173070087,-0.377653975,-0.573529412,0.409313725,-0.427062189,1.341749532,0.819474066,0.07547969,-0.378507897,4847415.1708333315
2737,-0.028617856,2018,1.05e-05,0.00584188,-0.258007324,-0.659313725,-0.595588235,-0.031959388,0.993851746,-0.019074936,-0.209020645,-0.723254646,5248995.2625
2831,-0.044659658,2018,1.07e-05,0.428667899,-0.158592718,-0.838235294,-0.571078431,-0.284996922,0.829365453,0.096503159,-0.339681054,0.616656501,5784529.383333337
300017,-0.056351187,2018,8.6e-06,-0.221698128,-0.006422776,-0.901960784,-0.865196078,-0.273428259,0.918088094,-0.763804525,-2.374291956,0.169530328,18128857.70250001
300024,-0.00934471,2018,1.98e-05,-0.116030032,-0.137974718,-0.301470588,0.058823529,-0.306424848,0.956596071,0.439205278,-0.740391399,0.045816875,25932360.438333344
300027,-0.018740829,2018,2.56e-05,-0.26408038,-0.215119843,-0.507352941,0.308823529,-0.469447269,1.049421468,0.817251256,-0.647000789,0.179015294,13988674.367499998
300034,-0.00657275,2018,2.63e-05,0.245480561,0.576135047,-0.240196078,0.348039216,-0.308570095,1.117249024,0.889156717,-0.154609456,-0.01686777,4307949.983333329
300036,-0.004102799,2018,9.54e-06,0.682517367,-0.282856511,-0.159313725,-0.745098039,0.175093169,1.033831358,-0.329850716,-2.038706253,0.235341849,6295174.800000001
300053,0.039985034,2018,1.13e-05,0.071876116,-0.151209699,0.754901961,-0.446078431,-0.435977691,1.138189549,0.291160444,-1.42964816,0.599956326,5654051.515
300058,-0.026171292,2018,9e-06,0.812403618,-0.259408549,-0.607843137,-0.821078431,-0.222628761,1.131465548,0.768044257,-0.957782131,0.209760572,9694299.291666662
300079,0.007641044,2018,8.19e-05,-0.176454636,0.540387148,0.164215686,0.93872549,-0.228346871,0.831730378,0.831325814,-1.412964043,0.11547476,4474668.609166667
300091,0.051970985,2018,8.78e-06,-0.300746214,-0.325366435,0.865196078,-0.848039216,-0.630948103,1.326855241,1.440855712,0.801066324,-1.127115684,4408709.873333334
300100,-0.050870256,2018,1.86e-05,-0.29530012,-0.305568049,-0.867647059,0.014705882,-0.35150303,1.27020002,1.251705422,-0.28704805,-0.170003311,4617507.319999998
300102,-0.027053096,2018,1.88e-05,-0.236574367,-0.124684216,-0.632352941,0.022058824,-0.427506756,0.883765329,0.557286594,-0.343882412,0.16231704,4732794.975833337
300110,0.02500023,2018,3.2e-05,-0.110118404,-0.050477698,0.553921569,0.482843137,-0.737410812,1.118644295,1.590510122,1.111935694,-0.891266048,6344788.460833337
300114,-0.009596553,2018,1.07e-05,0.207457453,0.019494386,-0.31127451,-0.571078431,-0.31290543,1.12339571,0.460365511,-0.755330643,0.209105964,5727915.339166661
300147,0.006231757,2018,1.83e-05,0.486653034,-0.102520411,0.115196078,0.00245098,-0.323140192,1.025281307,1.04328522,0.020553265,0.234785857,5107086.526666664
300148,-0.003994875,2018,2.2e-05,-0.029772512,-0.117049399,-0.147058824,0.144607843,-0.46522779,1.056234783,1.497268586,-0.203624084,-0.456057465,4174156.1549999993
300158,0.018677644,2018,9.95e-06,-0.027761125,0.042670465,0.424019608,-0.68872549,-0.45462997,0.905661751,0.72306154,-0.026792627,-0.233873687,4483050.572500002
300188,-0.003662046,2018,5.4e-05,0.100444,-0.035849616,-0.132352941,0.781862745,0.034036834,1.075502585,-0.163681618,-1.395583247,-0.073762058,7895535.306666661
300208,-0.044425201,2018,0.000170089,-0.207330639,-0.214115771,-0.835784314,0.99754902,-0.551738279,1.295924363,1.450334687,0.247602137,-0.053610174,5320262.129166669
300212,-0.011967615,2018,1.63e-05,1.253558225,0.231412155,-0.375,-0.058823529,-0.091105705,1.106206577,-0.033019876,-1.101672341,0.188944604,9278609.23500001
300257,-0.005821731,2018,1.22e-05,0.162044807,-0.279767599,-0.220588235,-0.301470588,-0.293408998,1.285839349,0.794526364,0.239237451,0.089355028,11358266.873333342
300267,-0.030187351,2018,2.96e-05,-0.291802671,0.210764065,-0.671568627,0.424019608,-0.432843844,1.125870143,0.574482626,-0.118244222,-0.244181346,5737346.829999998
300274,-0.010943706,2018,1.88e-05,0.516586598,0.03326646,-0.357843137,0.022058824,-0.528791955,1.458156841,1.320108108,0.482178049,0.676130994,12258656.602500001
300284,0.030506851,2018,0.000209976,-0.190992905,0.393632563,0.654411765,1.0,-0.115433981,1.143927511,0.844462829,0.785005972,0.052854891,5103003.066666667
300296,0.015081891,2018,6.94e-06,-0.229097238,-0.396008937,0.348039216,-0.968137255,-0.414693377,1.152576419,0.103709203,-1.091005052,0.090268712,18159087.024999987
300297,-0.046248028,2018,8.45e-06,-0.341697757,-0.264728621,-0.843137255,-0.882352941,-0.481894463,1.127624421,0.421474395,-1.448096247,0.101321566,5798591.490833332
300342,-0.025746353,2018,4.42e-05,0.739614311,-0.206525591,-0.605392157,0.691176471,-0.564197878,0.640108086,0.862679055,-0.539776673,-0.291058052,4762611.445000001
300349,-0.063978317,2018,1.64e-05,-0.138300979,-0.063613238,-0.933823529,-0.056372549,-0.275762793,1.122956568,0.13292568,-0.585727422,0.699253078,6464002.302499999
300352,-0.008086325,2018,1.23e-05,0.125988579,0.507424535,-0.267156863,-0.279411765,-0.183661155,0.926607934,-0.142300115,-2.326608871,0.524120528,4280135.216666671
300355,-0.080766044,2018,7.65e-06,-0.351085377,-0.318006416,-0.963235294,-0.933823529,-0.690196329,1.326790889,1.306128081,0.265030139,0.573187177,8244936.18916667
300365,-0.037815323,2018,5.73e-05,-0.374629694,0.164602385,-0.762254902,0.821078431,0.307643146,1.139777449,-0.064639971,-1.428971096,0.487664842,4482182.030833336
300376,0.016124387,2018,1.46e-05,0.044628535,-0.089825495,0.379901961,-0.120098039,-0.448947959,1.10367081,0.691888565,-0.303714889,0.357128008,13075792.829166656
300450,-0.048732065,2018,1.02e-05,0.354848376,0.105518694,-0.850490196,-0.656862745,0.002446554,1.19506054,-0.161466295,-0.209461114,0.521536325,11942711.198333321
300476,-0.0256497,2018,1.23e-05,1.098058094,-0.266474873,-0.602941176,-0.279411765,-0.125328611,1.016242867,-0.330407846,-1.280828454,-0.192297656,7625585.841666672
300523,0.01941977,2018,3.07e-05,0.2902849,-0.148303369,0.443627451,0.448529412,0.243497046,0.842672109,-0.520421513,-1.468869885,0.293525515,6157449.357272726
300616,0.053894156,2018,9.97e-06,-0.210523291,-0.311748147,0.887254902,-0.68627451,-0.315485036,1.496258984,0.472452371,0.711052312,0.342694739,5985044.097499994
600004,0.021745047,2018,1.16e-05,-0.167377602,0.39307732,0.495098039,-0.397058824,-0.315592793,1.194445594,-0.749106496,-0.047624208,0.2177264,28049639.5675
600010,0.021431716,2018,4.32e-05,-0.368155757,0.077637286,0.487745098,0.671568627,-0.405814331,0.946973307,0.509094074,0.236996129,-0.304800759,50335389.96833333
600011,0.021854539,2018,6.31e-06,-0.333128659,-0.019653309,0.49754902,-0.985294118,0.196825072,0.49364302,-0.002431099,-0.090070527,-0.290363456,71793750.00000001
600012,-0.014839379,2018,9.63e-06,-0.159473906,0.087653018,-0.431372549,-0.730392157,-0.439082497,0.96098666,1.068926729,0.927480622,-0.365091719,8558417.999999993
600017,0.022213892,2018,5.55e-05,-0.213852602,-0.026972413,0.50245098,0.799019608,-0.295668371,0.9769714,0.908332622,0.531522945,0.133764864,10259868.761666665
600018,0.01159846,2018,4.5e-05,-0.393810731,0.152847414,0.276960784,0.705882353,-0.212218355,1.016807332,0.250691317,0.267294135,-0.019881101,142733288.49666655
600020,0.021162487,2018,8.44e-06,-0.32177277,0.435244643,0.477941176,-0.887254902,-0.222212767,0.884818854,1.351294445,0.135421582,-0.240181751,9188005.172499994
600021,0.005249971,2018,7.23e-06,-0.145612125,0.319679114,0.085784314,-0.963235294,-0.105521262,0.752972812,0.415033872,0.137688584,-0.016925412,6658487.8325000005
600029,-0.069883107,2018,2.7e-05,-0.3362689,-0.088500238,-0.943627451,0.367647059,-0.444561806,1.314997276,-0.563282242,0.072213354,0.235277206,60406494.416666605
600031,-0.016645123,2018,3.99e-05,0.440657925,0.462431791,-0.460784314,0.62254902,-0.078320593,1.160482334,-0.344339558,0.32371761,0.061523773,65706033.52500004
600035,0.040139723,2018,9.07e-06,-0.122966123,0.116363882,0.762254902,-0.806372549,-0.422134019,0.842040115,0.998183662,0.386004931,-0.096755388,5325712.807499996
600038,0.039997822,2018,5e-05,-0.007677712,0.016518592,0.757352941,0.74754902,-0.20456029,0.922435147,-0.377362072,-1.353449438,0.5985374,23951912.663333327
600039,0.002460069,2018,2.41e-05,0.04859585,0.110702058,0.012254902,0.25245098,-0.193715516,0.783138082,0.606363922,0.54178088,-0.417406387,11347252.433333324
600056,0.01905339,2018,1.64e-05,0.053376405,-0.249110485,0.431372549,-0.056372549,-0.493795146,1.259061209,0.391496567,0.543168614,-0.240621449,18832478.363333322
600057,-0.020718607,2018,8.2e-06,0.299016715,-0.097487887,-0.544117647,-0.906862745,-0.238283586,0.86787253,0.436038788,-0.054442701,0.154191075,11057119.156666674
600063,0.007103424,2018,9.43e-06,0.167647697,0.034313909,0.147058824,-0.757352941,-0.383536719,1.251003246,1.30097997,0.452161265,-0.094314229,5159422.21333333
600075,-0.0098887,2018,4.23e-05,-0.100442199,-0.179460891,-0.325980392,0.659313725,-0.423299636,1.091930353,1.406495095,0.383597568,-0.038353454,5165733.668333329
600085,0.005868798,2018,3.04e-05,-0.052138337,-0.183892344,0.102941176,0.443627451,-0.153069209,0.851800656,-0.417286163,-0.195930665,0.052474617,45119085.836666696
600089,-0.00153466,2018,4.9e-05,-0.057036535,0.0638957,-0.090686275,0.742647059,-0.303573812,0.905054538,0.690991349,0.259878802,-0.020880121,28395921.271666665
600096,0.005430116,2018,7.55e-06,-0.215216604,0.165111331,0.093137255,-0.946078431,-0.311034802,1.12136966,1.219534587,0.777411538,0.191136593,6497132.990833334
600098,-0.020994539,2018,8.87e-06,-0.12226986,-0.028656822,-0.549019608,-0.838235294,-0.198934052,0.768470534,0.844455615,0.413012618,0.227817547,16827448.254999995
600100,-0.004923498,2018,8.79e-05,-0.206789362,0.017040242,-0.18627451,0.953431373,-0.020340363,0.809030374,0.847413892,-0.709146138,0.103243144,28677333.699999977
600104,0.01060666,2018,9.32e-06,-0.273620108,-0.242214876,0.25245098,-0.774509804,-0.134285249,0.934496721,-0.594612905,0.506467544,-0.107448233,362501927.90666676
600105,0.001825006,2018,8.62e-05,-0.108294411,0.304705836,0.0,0.948529412,-0.229464199,1.03802386,1.114168392,-0.499817368,-0.132958831,4335882.6
600111,0.029783109,2018,9e-06,-0.285341986,0.115728296,0.632352941,-0.821078431,-0.406434443,0.989791163,0.281942856,-0.563707133,0.296178714,41217133.76999999
600115,-0.013598543,2018,3.92e-05,-0.337425302,-0.059165848,-0.421568627,0.617647059,-0.425599934,1.372055452,-0.299160425,0.332293461,0.107351312,62668049.76916657
600125,-0.004781534,2018,1.27e-05,-0.130915773,-0.227552962,-0.181372549,-0.24754902,-0.356880535,1.103703446,0.400303243,-0.196538492,0.487351177,11025132.224999992
600126,0.011784082,2018,2.32e-05,1.313812399,-0.021869653,0.279411765,0.198529412,-0.159463157,0.855229339,0.498053432,0.644833643,0.059595698,5792117.405000005
600129,0.012406337,2018,1.65e-05,0.323102923,-0.231063518,0.291666667,-0.049019608,-0.497361561,1.052678688,0.926746687,0.205557509,-0.152289064,5690852.765000001
600153,-0.025283141,2018,1.39e-05,-0.045421156,0.053359975,-0.598039216,-0.161764706,-0.360791924,0.981921321,-0.029604054,-0.048304295,0.513653858,26920229.033333316
600160,-0.075332519,2018,8.68e-06,-0.027834144,-0.023192012,-0.953431373,-0.860294118,-0.194289934,1.238832566,1.127269935,1.178836973,-0.342025317,21132905.747499984
600161,-0.017809985,2018,3.07e-05,0.769547357,0.546132935,-0.485294118,0.448529412,-0.047571521,0.894516186,-0.202151056,0.238610818,-0.064594016,18038608.39083335
600169,0.00064697,2018,5.22e-05,-0.29568388,0.124134203,-0.031862745,0.769607843,-0.365451948,0.9609023,0.741185173,-0.011452523,-0.161834074,6732518.504166669
600170,0.004430741,2018,2.34e-05,-0.166836092,0.218703021,0.068627451,0.203431373,-0.164568611,0.808699783,0.883152054,0.77798211,-0.119779336,28204830.662499968
600172,0.000255033,2018,1.11e-05,-0.158978415,-0.269531506,-0.046568627,-0.490196078,-0.657946305,1.216322092,1.190719283,-0.099843905,-0.527184101,6018777.5066666715
600180,-0.036167371,2018,2.4e-05,-0.197154147,-0.200279161,-0.742647059,0.237745098,-0.329008379,1.016267855,0.631404761,0.413635017,-0.547768061,8991749.055833332
600185,0.021702077,2018,1.07e-05,1.350177927,-0.05291659,0.490196078,-0.571078431,-0.24722827,1.157789215,0.692198108,0.523083302,0.030521132,10187213.082500005
600190,0.019815349,2018,9.57e-06,-0.140057422,0.106461097,0.448529412,-0.737745098,-0.361958245,0.932530819,1.663058216,1.516617284,-0.673868207,5941965.6866666665
600195,-0.001253764,2018,1.1e-05,0.642550351,-0.000703815,-0.083333333,-0.504901961,-0.242670853,0.922442415,0.473870023,-0.016764811,-0.495935884,7953807.166666669
600219,0.021289858,2018,8.28e-06,-0.093441417,-0.086462432,0.480392157,-0.901960784,-0.373879354,0.859856703,0.629707656,0.151559039,-0.13721137,21219152.09
600220,-0.00020902,2018,1.28e-05,0.146241076,0.133280209,-0.049019608,-0.240196078,-0.324281718,0.944893036,1.425145004,0.205841101,-0.070659887,4251780.559999998
600227,0.040850233,2018,9.85e-06,-0.083273201,-0.243175173,0.769607843,-0.705882353,-0.616529775,1.151113637,1.746694264,0.915356594,0.244877372,5001982.667272722
600233,0.053223293,2018,5.87e-05,0.175010221,-0.068477389,0.87745098,0.828431373,-0.408185092,0.980174403,0.534802281,0.225183952,-0.152173531,10574160.700000003
600239,-0.051026746,2018,1.49e-05,0.340215205,-0.364225625,-0.87254902,-0.107843137,-0.451088278,0.777539373,0.412203673,-0.680393604,0.200652569,6612753.920833328
600251,0.012883899,2018,6.93e-06,-0.03368745,0.143938597,0.308823529,-0.975490196,-0.372728418,0.890201998,1.223456522,0.352209938,0.105234634,4883679.395833331
600252,-0.008285191,2018,8.65e-06,0.099442938,-0.091261829,-0.269607843,-0.862745098,-0.414564149,0.996734138,1.005175746,0.401253987,-0.053438043,11511292.424999997
600256,-0.023519811,2018,4.38e-05,-0.253221466,-0.117977997,-0.568627451,0.681372549,-0.187505128,1.01768165,0.644064323,0.552871891,-0.230710684,27642808.54749998
600259,0.025676486,2018,9.14e-06,-0.267073801,0.3561614,0.568627451,-0.796568627,-0.439809583,1.145545791,0.727135357,-0.230610191,0.019182072,7493868.012499995
600266,0.023179301,2018,8.59e-06,-0.22718131,0.038781502,0.531862745,-0.870098039,-0.388932021,1.154570054,0.807270988,0.537928862,0.453920548,15320427.733333332
600269,0.015904516,2018,1.16e-05,-0.225997147,0.139490165,0.370098039,-0.397058824,-0.21859665,0.788048979,0.588641568,0.405991923,-0.010194458,10227136.548333336
600271,0.015577193,2018,2.69e-05,-0.306358274,-0.084665777,0.362745098,0.360294118,0.065047656,0.993938526,-0.187735419,-1.447806607,0.307854285,45565467.71083338
600276,0.007503562,2018,2.85e-05,0.657950344,0.03268298,0.161764706,0.406862745,-0.019449023,1.009192709,-1.068255522,-0.231960342,-0.436884005,236596344.3316668
600282,-0.007005004,2018,9.28e-06,0.003026414,-0.153317055,-0.25,-0.784313725,-0.296815585,1.108679767,0.356115055,0.824805466,-0.106930658,17727523.89083336
600312,0.006947875,2018,7e-05,-0.041645195,0.377958394,0.142156863,0.894607843,-0.183122465,0.954080305,0.435205279,-0.13631529,-0.361845719,10012948.492500002
600320,0.005698479,2018,8.21e-06,-0.238381924,0.073189996,0.100490196,-0.904411765,-0.378903906,0.939515381,0.439135033,-0.240593802,0.241659586,12570992.815000005
600326,-0.00961881,2018,1.58e-05,-0.077319331,0.280164266,-0.31372549,-0.066176471,-0.371624326,0.886043837,0.639993837,0.32228113,-0.885606874,6514903.051666662
600338,-0.010426321,2018,4.98e-05,-0.437007647,0.201137883,-0.348039216,0.745098039,-0.526760035,0.859765798,0.234676082,-0.524650086,0.235230589,8548528.918333335
600339,0.023098194,2018,2.86e-05,-0.463311681,-0.066533844,0.522058824,0.409313725,-0.378716266,0.942139038,1.225049461,0.911186231,-0.365694297,6965410.7200000025
600340,-0.001830668,2018,3.92e-06,-0.281697978,0.246290232,-0.100490196,-1.0,-0.176039565,1.230879159,0.126525206,0.741741629,0.358134841,85700841.92833336
600343,0.045670304,2018,1.9e-05,-0.251068405,0.09993594,0.81372549,0.034313725,-0.421406782,1.080409276,0.830733488,-1.072051638,1.182289873,6354939.710833333
600345,0.0025989,2018,1.44e-05,-0.267713609,0.005623464,0.019607843,-0.129901961,-0.202303035,1.02681287,0.849025255,-1.411073919,0.375798051,4975079.999999999
600346,0.012708425,2018,9.01e-06,0.16756343,0.182450109,0.296568627,-0.816176471,0.0751697,1.0545757,0.500336345,0.573860234,-0.057496414,13755645.258333335
600362,-0.027057762,2018,6.92e-06,-0.146512657,-0.00923284,-0.634803922,-0.977941176,-0.34936448,1.148921336,0.303753227,0.484002111,-0.036894007,32909965.097499985
600366,0.033663191,2018,1.11e-05,-0.381347811,0.482964211,0.691176471,-0.490196078,-0.483050091,1.163540749,1.124416844,-0.439130324,0.554344694,6654202.762499996
600372,-0.031967544,2018,1.09e-05,-0.113084742,0.119408421,-0.693627451,-0.517156863,-0.061835808,0.956628819,0.363428947,-1.074329576,0.838839284,24465620.599166673
600373,-0.003802676,2018,1.87e-05,-0.037039061,0.001855904,-0.137254902,0.017156863,-0.223446744,1.05458451,0.7625089,-0.067647123,0.251655874,18607931.75583333
600388,-0.008719017,2018,2.16e-05,-0.290935547,-0.045092677,-0.289215686,0.110294118,-0.412993066,0.78110552,1.140105476,0.839393434,-0.161259837,13021692.305833332
600392,0.026247909,2018,8.16e-06,-0.372514433,-0.123686893,0.583333333,-0.909313725,-0.419029857,1.316473386,0.787756926,-0.152851749,0.174868554,15243674.735833347
600398,-0.059011366,2018,1.15e-05,-0.368313398,-0.269068587,-0.911764706,-0.416666667,-0.107250336,0.924995291,-0.220051948,0.103704619,-0.291282999,48813814.84416664
600409,-0.032243912,2018,1.01e-05,-0.189279965,-0.326639987,-0.698529412,-0.671568627,-0.396085407,1.354076369,1.017322666,1.044141656,-0.377274407,16020772.773333333
600410,0.04267204,2018,1.72e-05,0.248784369,0.217203362,0.781862745,-0.029411765,-0.447610928,1.146516541,1.015952003,-1.552208948,0.710947103,9503000.010000002
600415,-0.010861365,2018,3.26e-05,0.164451138,-0.02653363,-0.355392157,0.490196078,-0.394152912,0.944407813,0.46938854,-0.249891996,0.097192006,24707656.347500008
600416,0.016579975,2018,2.16e-05,0.351777965,-0.17554309,0.392156863,0.110294118,-0.592061036,1.044330189,0.732325091,-1.291016026,1.009411381,6871596.606666663
600422,-0.036321891,2018,7.94e-06,-0.149129372,0.479906431,-0.745098039,-0.916666667,-0.335019223,1.14250272,1.963601425,1.072144522,-1.020980727,5557273.534999998
600425,0.056672538,2018,2.53e-05,-0.114989185,0.4832468,0.899509804,0.299019608,-0.226795066,1.095345366,0.550572479,0.002382323,-0.561873428,4263908.339999999
600428,-0.004749649,2018,8.92e-05,-0.180249451,0.031960927,-0.178921569,0.958333333,-0.426800375,1.198049846,1.24640422,0.743219681,0.246052161,6901247.399166671
600439,0.007699228,2018,1.21e-05,-0.071491477,-0.167323643,0.169117647,-0.318627451,-0.527384557,1.11941888,1.617929326,0.866040687,-0.414940337,4778865.200833329
600458,0.026595149,2018,1.73e-05,-0.383763064,0.397552464,0.588235294,-0.022058824,-0.332711921,1.091409999,0.682780134,0.01848603,-0.167145347,5246179.559999998
600477,-0.032138029,2018,9.7e-06,0.11787792,-0.170664817,-0.696078431,-0.720588235,-0.559671999,1.109473536,1.053395483,0.248355711,0.223439242,8740882.04916667
600482,0.025798561,2018,2.82e-05,-0.345634624,0.348952561,0.571078431,0.394607843,-0.105927564,0.762785762,0.21330703,-0.303271788,0.17332708,20128706.69583334
600483,-0.001920121,2018,1.05e-05,-0.115733958,0.227711486,-0.105392157,-0.595588235,0.13479098,0.746881288,0.650105943,0.071962329,0.195869462,9892707.204999993
600487,0.006835629,2018,5.9e-05,-0.030884686,-0.244880278,0.137254902,0.833333333,-0.415719874,1.257905411,-0.414244272,-1.338515573,0.460218082,40220357.43166664
600489,0.03270325,2018,9.72e-06,-0.121645285,0.490744633,0.676470588,-0.715686275,-0.141713111,0.245474209,-0.202256485,-0.602873868,-0.174868035,27810413.847499996
600496,0.002422019,2018,3.05e-05,0.045465987,0.047937801,0.009803922,0.446078431,-0.38965664,0.926947682,1.138292205,0.742810217,-0.193826942,4822096.300833336
600499,0.065678835,2018,4.18e-05,-0.073587104,-0.371506898,0.933823529,0.647058824,-0.639310679,1.035855253,1.103215623,-0.12796795,0.351427639,9808500.816666663
600502,0.010747803,2018,7.84e-06,-0.182551623,0.175940469,0.254901961,-0.921568627,-0.383236112,1.077615171,0.883931365,0.190083891,0.016816889,4097652.6525000012
600509,0.014321674,2018,2.5e-05,-0.417840313,0.194867982,0.328431373,0.291666667,-0.481924487,1.229905892,1.348758058,0.642460372,-0.671797274,4367721.786666666
600510,0.051830851,2018,2.17e-05,0.26550965,0.052518051,0.862745098,0.117647059,-0.076275699,0.771189689,0.610076731,-0.099870373,0.080499058,5020834.500833332
600512,-0.013714572,2018,1.18e-05,-0.046485384,0.256631643,-0.424019608,-0.352941176,-0.515607058,1.216988784,1.601461595,1.032259413,-0.122699162,4241427.691818184
600522,0.035150974,2018,6.8e-05,0.243964944,0.037235865,0.718137255,0.882352941,-0.41779065,1.165385352,0.203975609,-0.668061298,0.464461128,26294239.57583334
600525,-0.027417783,2018,1.57e-05,-0.244368972,-0.406353916,-0.639705882,-0.068627451,-0.724838652,1.412338139,1.144778929,0.05733827,-0.355195465,14051137.241666662
600528,0.029290952,2018,9.68e-05,-0.240941089,0.135165383,0.620098039,0.970588235,-0.132988724,1.071754496,0.239741501,0.328327945,0.133265091,19104917.999999996
600545,0.005313214,2018,8.14e-05,-0.332119435,-0.116907958,0.090686275,0.93627451,-0.335597811,0.46671355,0.376973516,0.324934133,-0.252790268,5642248.093333333
600547,0.04691639,2018,2.71e-05,0.229206674,0.696514811,0.821078431,0.370098039,-0.040134861,0.196013825,-0.149798712,-0.481616141,-0.109070539,38861512.23666663
600550,0.025059566,2018,2.23e-05,0.25555538,-0.082877595,0.558823529,0.161764706,-0.41947851,0.968775865,1.50840571,0.283457326,-0.04022549,7343094.815833333
600551,-0.001228339,2018,3.61e-05,-0.093301507,0.031553169,-0.080882353,0.549019608,-0.262093581,1.017283657,1.19305559,0.275725955,0.236203399,4830210.0550000025
600562,0.050698309,2018,1.21e-05,-0.047166511,-0.117995452,0.855392157,-0.318627451,-0.31068713,0.765594124,0.066791025,-2.048186251,0.944099272,8160876.309166671
600565,-0.001136085,2018,1.51e-05,-0.263524771,0.380578925,-0.075980392,-0.095588235,-0.340632875,1.08576181,1.139560735,0.416749902,-0.158600224,7634460.689166668
600567,-0.060638444,2018,1.64e-05,-0.137942668,-0.140159986,-0.916666667,-0.056372549,-0.268546138,0.947654437,0.58549847,0.439079008,-0.116860267,18053217.181666683
600572,-0.006496502,2018,1.52e-05,-0.153698347,-0.081129265,-0.237745098,-0.090686275,-0.155895109,0.716233579,0.764057179,0.501580855,-1.481095183,16238868.209166659
600577,0.032437351,2018,2.16e-05,-0.075086328,-0.128553165,0.671568627,0.110294118,-0.207071581,0.903256094,1.23986018,0.639782932,-0.295661791,6981889.413333329
600578,0.013208156,2018,8.44e-06,-0.086346853,0.042616557,0.31372549,-0.887254902,-0.205171994,0.689387143,0.486430971,0.357452282,0.014186937,16901412.17333333
600582,0.023771243,2018,8.77e-06,-0.163641822,-0.06072459,0.541666667,-0.850490196,-0.267318536,0.904158301,0.431813591,0.180085869,-0.247113876,16668166.76166668
600583,-0.011904227,2018,1.02e-05,-0.189532761,0.058293872,-0.37254902,-0.656862745,-0.208537451,0.979261534,0.661520785,0.500933904,0.020517392,26015988.534999985
600585,-0.01817376,2018,8.83e-06,0.302239145,0.260340719,-0.492647059,-0.843137255,0.017571867,1.180463559,-0.165571404,1.265267123,-0.237955546,135673244.5641667
600586,0.000719615,2018,6.07e-05,0.15714057,-0.009141774,-0.026960784,0.843137255,-0.376421398,0.969601887,0.982055954,0.48498271,-0.196606676,5067932.715000003
600590,-0.044002908,2018,1.87e-05,-0.179613523,-0.011927411,-0.828431373,0.017156863,-0.346073454,1.014961881,1.228137866,-0.527781253,0.310101757,4972918.952500002
600597,-0.026975271,2018,1.15e-05,0.374019676,0.083294338,-0.62745098,-0.416666667,-0.449311061,1.080393279,0.306684192,0.032981527,0.691262844,12915365.94333333
600600,-0.027507771,2018,7.82e-06,0.538583602,0.134289076,-0.642156863,-0.924019608,-0.11773171,1.049908647,-0.210672972,0.60531633,-0.689714902,26975931.50666664
600606,0.012608262,2018,1.43e-05,-0.06802832,0.070957157,0.294117647,-0.134803922,-0.141915722,1.034926928,0.246021662,0.42467563,0.371057774,50276496.830833286
600623,-0.041769549,2018,1.6e-05,-0.335074807,-0.220999981,-0.796568627,-0.06372549,-0.05842407,1.213697361,1.013719414,0.981137448,-0.479972391,11663818.638333337
600626,-0.018628456,2018,8.99e-06,-0.278852858,0.345144792,-0.504901961,-0.825980392,-0.353809453,0.96657758,1.205484485,0.881265325,-0.117186636,4097509.1783333323
600629,-0.012826009,2018,4.33e-05,-0.123330999,-0.029388702,-0.394607843,0.678921569,-0.268248407,0.830520241,0.456389431,-0.073413414,-0.015612239,4657915.5791666685
600635,-0.035848233,2018,8.56e-06,-0.292184346,0.72800182,-0.740196078,-0.875,-0.018137532,0.872989492,1.268296553,-0.514328379,-0.766029351,10037985.451666672
600637,0.006740408,2018,6.93e-06,-0.073677896,-0.080818444,0.132352941,-0.975490196,-0.192837628,0.997173758,0.395949258,-0.430768875,0.103453407,32085431.409999948
600648,0.001913293,2018,8.93e-06,-0.329239508,0.142761008,0.004901961,-0.835784314,-0.260827387,1.005974799,0.774052788,0.12179906,0.359661024,15903142.504166676
600650,-0.007053112,2018,1.32e-05,-0.227164273,0.161144625,-0.25245098,-0.210784314,-0.343647546,1.025704628,1.213011044,0.610509514,-0.243754541,4473214.72666667
600651,-0.019783937,2018,1.74e-05,-0.13286444,-0.061672372,-0.526960784,-0.017156863,-0.651302539,1.072148442,0.793456867,-0.948904883,-0.273631637,5246296.512499999
600655,0.034101753,2018,5.81e-06,0.139623364,-0.146492556,0.698529412,-0.992647059,-0.311156107,0.881989975,0.088561576,-0.564640734,0.541580675,12583753.899166672
600658,-0.013344312,2018,2.19e-05,0.15089168,-0.011960816,-0.406862745,0.137254902,-0.22512198,0.938138195,1.356858495,0.118242915,-0.220389403,6670229.155000001
600673,-0.108790056,2018,8.82e-06,-0.133160578,-0.245350713,-0.990196078,-0.845588235,0.062389102,0.806097037,0.01537633,-0.243015045,-0.142179573,21439775.732499998
600686,-0.090545712,2018,3.95e-05,-0.261525932,-0.400600773,-0.980392157,0.620098039,-0.478510481,1.154339715,1.216030199,0.4977511,-0.087462673,6050542.732499998
600690,0.001910783,2018,1.73e-05,0.031724664,-0.115906372,0.00245098,-0.022058824,-0.26398513,1.249036867,-0.246199597,0.777518867,-0.191948478,103426259.44083346
600693,0.051257203,2018,1.08e-05,-0.076040463,-0.149941366,0.860294118,-0.544117647,-0.488461408,0.62538872,0.698243037,0.498141446,-0.047402612,4997906.990833333
600704,-0.024143188,2018,1.44e-05,-0.190094827,0.067840135,-0.583333333,-0.129901961,-0.317058271,0.9554311,0.611936371,0.019145739,0.031791287,10761660.879999993
600717,0.006645019,2018,6.29e-05,-0.172934486,0.021752108,0.129901961,0.860294118,-0.324728372,0.900805073,0.669260933,0.516479591,0.005900103,14013630.611666655
600718,0.02841219,2018,8.55e-06,-0.116614659,-0.026229232,0.612745098,-0.87745098,-0.218632337,0.972139576,-0.321746584,-2.083184937,0.713945595,15709250.95000001
600720,-0.005691572,2018,1e-05,0.888448523,0.377556208,-0.215686275,-0.678921569,-0.365612127,1.295830537,0.509391978,0.876459363,0.216489716,6406576.180000004
600728,-0.03532773,2018,8.98e-06,-0.089121735,0.338696365,-0.732843137,-0.830882353,-0.174867227,1.094921742,0.643776373,-0.761931857,-0.01269523,10445351.740833338
600729,-0.016588771,2018,1.12e-05,0.016946443,-0.075714712,-0.458333333,-0.468137255,0.130384447,0.968458225,0.094904203,-0.002475271,0.352104719,12246984.14500001
600739,-0.024616026,2018,1.9e-05,0.289511353,-0.045118852,-0.588235294,0.034313725,-0.407801779,1.11455315,0.213866982,-0.08473979,0.077724341,21854327.449999996
600754,0.007372753,2018,7.62e-06,0.131945,-0.327014584,0.154411765,-0.93872549,-0.340511809,1.291150594,-0.012858692,0.551284873,-0.661837896,19630631.990833335
600755,-0.046903224,2018,1.53e-05,-0.222074416,0.199755317,-0.845588235,-0.085784314,-0.300043019,1.135325351,0.742636347,0.380870757,0.064959696,14501390.754999995
600757,-0.01337649,2018,3.13e-05,-0.235605227,0.205335785,-0.409313725,0.465686275,-0.061996299,0.943159835,0.751253727,0.316138513,0.095512265,7770426.449999995
600761,-0.012697112,2018,1.96e-05,0.026531944,0.078942305,-0.392156863,0.049019608,-0.136102137,0.797975935,-0.079331863,-0.407998667,0.287220471,7090932.084166661
600765,0.040068832,2018,2.07e-05,0.095929911,0.228126389,0.759803922,0.085784314,-0.388936918,1.050515555,0.807381154,-0.779153104,0.646817068,6922931.807500005
600771,0.026527322,2018,1e-05,-0.287985275,-0.51371817,0.585784314,-0.678921569,-0.302975744,0.993281577,-0.461005971,-0.852060192,-0.225308554,12160134.211666664
600773,0.034866606,2018,1.12e-05,-0.128643573,-0.040001875,0.713235294,-0.468137255,-0.493673365,1.026234906,0.902587093,-0.398944652,-0.074882407,5874423.73416667
600775,-0.005091308,2018,7.5e-06,-0.343091707,1.179030804,-0.191176471,-0.953431373,0.026116977,1.16589303,0.587944122,-1.763689127,0.772873558,4433574.424999995
600787,0.055396633,2018,3.59e-05,-0.24561322,-0.267958651,0.894607843,0.544117647,-0.549606167,1.162100855,0.892837996,0.29253063,0.16232299,14245353.848333335
600790,0.008716803,2018,1.4e-05,-0.113060547,0.047878186,0.205882353,-0.154411765,-0.139554175,0.938416734,0.794839292,0.358624755,-0.106000033,5613281.258333329
600801,0.015644531,2018,1.12e-05,0.153397585,0.94144554,0.365196078,-0.468137255,0.18786206,1.390804297,-0.052043016,1.411942631,-0.42861828,16233121.485000007
600809,0.011843215,2018,2.56e-05,1.106448112,0.095187516,0.281862745,0.308823529,-0.386909973,1.410852209,-0.70742288,0.363084867,-0.39857586,44340089.701666735
600825,0.057211921,2018,1.04e-05,0.201024409,0.205101057,0.901960784,-0.620098039,-0.215201768,0.94965793,1.407823278,-0.630408108,-0.080348959,5094699.010000001
600826,0.008467122,2018,4.28e-05,-0.066885984,-0.164668886,0.203431373,0.669117647,-0.279051338,0.955595466,0.406197221,-0.044960026,-0.692595996,5485525.970833339
600859,-0.003117348,2018,9.35e-06,1.956516274,-0.275100893,-0.120098039,-0.767156863,-0.335858154,1.245774212,0.449689818,0.660100901,-0.185189614,5648131.914999998
600862,0.027966081,2018,2.05e-05,0.876603731,0.440485341,0.605392157,0.075980392,-0.430557021,1.154346221,1.028024432,-0.986259481,1.145596187,5787130.889999997
600863,0.020894189,2018,1.75e-05,-0.2050297,0.380339929,0.475490196,-0.014705882,-0.22435186,0.761212398,0.419975042,0.020100492,0.165475351,14180635.648333339
600869,-0.012402627,2018,7.37e-05,-0.12585777,-0.056717398,-0.384803922,0.911764706,-0.167817744,0.587394215,0.826686403,0.215234863,-0.198991665,10740300.71416667
600879,-0.000269426,2018,1.01e-05,0.029791647,-0.137019117,-0.051470588,-0.671568627,-0.320575471,0.941167248,0.305645673,-1.185332601,0.832782451,16535339.404999996
600887,0.023446132,2018,3.13e-05,-0.056965632,0.208693626,0.536764706,0.465686275,-0.283605628,1.045579241,-0.723487162,0.241011912,-0.111668536,163584749.21333304
600894,0.006552377,2018,3.69e-05,-0.120221785,0.310255212,0.12745098,0.566176471,-0.412439317,1.037686801,1.342904817,0.691726793,-0.187305683,5873437.293333336
600897,-0.02225413,2018,5.33e-05,-0.2685826,0.276989934,-0.56372549,0.776960784,-0.018115072,0.722309625,0.156179169,-0.031258506,0.475398388,6185513.699999996
600900,0.025266192,2018,1.08e-05,0.082338647,0.092655935,0.56372549,-0.544117647,0.044564236,0.335795064,-0.302100138,0.207993657,0.159533729,184699125.6066666
600917,0.000803772,2018,1.25e-05,0.022346017,0.018266819,-0.022058824,-0.264705882,-0.358679192,0.82314158,0.935646948,0.3299481,0.242010224,11830786.66666667
600936,0.011389593,2018,3.01e-05,-0.218334112,0.014360485,0.272058824,0.43627451,-0.457628376,1.016278272,1.147047839,-0.202715807,-0.123958563,5983903.224999994
600967,-0.031575842,2018,2.05e-05,-0.083668315,-0.132111342,-0.68872549,0.075980392,-0.147961863,0.824146021,0.034100284,-0.978830562,-0.2153317,11981415.804166658
600970,-0.020050606,2018,4.4e-05,-0.146335123,-0.013650003,-0.534313725,0.68627451,-0.442852772,1.391886947,0.811891336,0.647882802,0.185426307,12450770.575833334
600977,0.027681561,2018,8.38e-06,-0.157900424,-0.017567233,0.602941176,-0.892156863,-0.064319773,1.104621045,0.314936152,-0.002855528,0.004525886,8530087.499999998
600988,0.019323841,2018,1.68e-05,0.91648406,0.238158993,0.43627451,-0.041666667,-0.390069963,0.282841578,-0.077496121,-1.019699306,-0.074590782,6985085.383333328
601000,-0.019393228,2018,3.32e-05,-0.16861654,0.182428401,-0.519607843,0.49754902,-0.341652975,1.069350809,0.900676551,0.514273121,0.090672615,16326355.840833334
601003,0.037843893,2018,1.39e-05,-0.170359097,-0.207880941,0.745098039,-0.161764706,-0.127695992,1.21520434,0.261808184,0.861317807,-0.054090436,19289290.1525
601016,0.017907253,2018,3.79e-05,-0.196293047,-0.071376482,0.414215686,0.595588235,-0.295825013,1.051168687,1.367342492,0.57572084,-0.170009768,11826031.166666666
601018,0.038808244,2018,7.63e-06,-0.199203557,0.048222047,0.75,-0.93627451,-0.371283164,0.867442422,0.641825867,0.24053007,-0.25375513,57258666.666666746
601021,0.014156078,2018,6.28e-05,-0.228904368,0.271838736,0.323529412,0.855392157,-0.15522694,0.999225076,-0.238183924,0.219660962,0.084362145,27225157.629166678
601058,0.022268713,2018,1.97e-05,0.203153494,0.224733829,0.504901961,0.053921569,-0.380905629,0.780927998,1.197067251,0.125019413,0.277148313,6143732.875000003
601069,0.0950779,2018,4.32e-05,-0.114293261,-0.096010165,0.975490196,0.671568627,-0.076643463,0.130500284,-0.399560758,-1.088222325,-0.449156014,10516259.999999998
601088,0.001510996,2018,1.38e-05,-0.211532026,0.056250892,-0.007352941,-0.166666667,-0.199203267,0.938259455,-0.015495645,0.998316326,-0.086809274,339041997.8225001
601098,-0.035418589,2018,1.92e-05,-0.127809741,0.088609058,-0.737745098,0.039215686,-0.066968711,0.565757855,0.038787141,-0.44720493,0.094470926,22675996.666666646
601107,0.012179003,2018,3.4e-05,-0.14949923,0.191440387,0.286764706,0.50245098,-0.144031078,0.799307029,1.133289675,0.523935585,0.022501062,7899407.849999997
601113,0.065124914,2018,8.52e-06,-0.311264038,0.068991158,0.928921569,-0.879901961,-0.443549106,0.762115157,1.218326409,0.810313339,-0.680191609,6865845.083333336
601117,-0.06177716,2018,5.83e-05,-0.103501125,-0.10170529,-0.919117647,0.823529412,-0.206744529,1.012456644,0.525189075,0.441113466,0.104156034,33009991.666666657
601126,0.004996195,2018,2.42e-05,-0.003498818,0.193198929,0.080882353,0.259803922,-0.341995297,1.000412405,1.468059547,0.653079443,-0.301742343,4667607.279999999
601139,0.006903113,2018,1.15e-05,0.156226373,0.036732314,0.139705882,-0.416666667,-0.133535001,0.756980606,0.695077135,0.560989005,0.027370961,16474552.01916665
601168,0.006271761,2018,9.62e-06,-0.088319355,0.000747279,0.120098039,-0.732843137,-0.291241403,0.965508965,0.542043718,0.52890747,-0.245823786,15831063.33333333
601179,0.014878505,2018,7.38e-05,0.313400007,0.065799943,0.343137255,0.914215686,-0.232062593,1.012871063,0.8133844,0.351422886,-0.174747619,19128084.309166674
601186,0.009436923,2018,3.99e-05,-0.153168879,0.162119056,0.223039216,0.62254902,-0.017775901,1.166537109,-0.158441048,0.605146108,-0.238523969,119442032.44416662
601212,0.068240973,2018,3.77e-05,-0.428257935,0.060255414,0.941176471,0.588235294,-0.569396243,0.541965147,0.544748745,-1.243133141,-0.464953228,8360846.969166666
601216,0.034501717,2018,8.99e-06,-0.135352098,0.02651387,0.708333333,-0.825980392,-0.413250789,1.211101551,1.306491722,0.557665495,0.020422445,27742326.062222242
601222,-0.017372454,2018,2.71e-05,0.192173234,-0.064509176,-0.468137255,0.370098039,-0.526267788,1.137857404,0.929543218,0.029029895,0.181973347,10299453.298333338
601226,-0.001181159,2018,5.01e-05,-0.188910408,0.181052924,-0.078431373,0.75,-0.33169603,0.802532889,0.803163029,-0.408839925,-0.141599691,4980937.499999995
601228,0.020258243,2018,1.81e-05,-0.274028503,-0.280851911,0.463235294,-0.007352941,-0.357666987,0.877786105,0.725755201,0.204471186,-0.160497153,6733033.649999998
601238,-0.057928103,2018,2.49e-05,-0.172437326,0.001607912,-0.909313725,0.286764706,-0.406062759,0.905429149,-0.075287993,0.084216839,-0.059102159,75282422.72750004
601339,0.002686425,2018,2.41e-05,-0.255456543,-0.194574164,0.029411765,0.25245098,0.055459015,0.750803662,0.570687867,0.442079092,-0.006323501,8000000.0
601369,-0.017983124,2018,8.65e-05,0.000298162,0.020453376,-0.490196078,0.950980392,-0.194621198,0.939216169,0.776431857,-0.054649386,0.181945192,10889628.197999993
601567,-0.035360238,2018,1.07e-05,0.199543289,-0.172708624,-0.735294118,-0.571078431,-0.408090224,0.786561602,1.012658898,0.448143596,-0.418941307,10311744.90666668
601588,0.015086463,2018,3.18e-05,-0.262187869,0.082746697,0.350490196,0.475490196,-0.524653305,1.025532128,1.014347695,0.26020909,0.600902825,10094700.000000002
601607,-0.032589856,2018,6.63e-06,0.021134746,-0.240774856,-0.700980392,-0.982843137,-0.297443412,0.896797028,-0.110860041,-0.052686117,-0.292689629,42700374.52083329
601608,0.034319879,2018,2.64e-05,-0.219856686,0.641218843,0.700980392,0.352941176,-0.377301841,0.944716898,-0.035965923,-1.908235425,-0.07405163,13087749.552500004
601611,0.01939693,2018,5.9e-05,-0.212017881,-0.023692352,0.441176471,0.833333333,-0.369961172,1.036644557,0.859478536,-0.021201761,0.008587947,8074311.000000001
601618,0.025624857,2018,3.83e-05,-0.167807849,-0.081844492,0.566176471,0.600490196,-0.353999592,0.898359619,0.279916804,0.229664741,0.074062089,64209920.283333324
601636,-0.014134515,2018,1.04e-05,0.578299075,-0.065795695,-0.426470588,-0.620098039,-0.365736295,1.271737943,0.702888095,0.310063843,0.281825591,12538168.342499996
601668,-0.025572944,2018,6.23e-05,-0.15181342,0.06791609,-0.600490196,0.852941176,-0.104082506,1.086526047,-0.044581857,0.808214217,0.313634012,245559092.98166642
601669,-0.001543286,2018,0.000121763,-0.343472837,-0.0278354,-0.093137255,0.990196078,-0.325785426,0.94462642,0.234804586,0.362489005,-0.080193591,61913781.19000003
601717,-0.017874414,2018,9.34e-06,0.041658501,-0.022912253,-0.487745098,-0.769607843,-0.16460685,0.807843525,0.562545368,0.218879314,-0.101997052,9163723.191666659
601766,0.044364127,2018,6.89e-05,-0.308199893,0.055989411,0.799019608,0.887254902,-0.25167936,0.874976306,-0.060226559,0.146699917,0.17498371,209811472.94083342
601777,-0.00904941,2018,9.06e-06,0.030849334,-0.192400413,-0.296568627,-0.81127451,-0.483467582,1.157436201,1.253769575,-0.122544442,0.164444048,6462335.474166662
601800,-0.02771287,2018,2.99e-05,-0.32832488,0.000729863,-0.644607843,0.431372549,-0.114327077,1.144476696,0.186012476,0.841221619,-0.353421895,149072417.54416665
601872,0.003567136,2018,1.52e-05,0.359076454,0.202156002,0.044117647,-0.090686275,-0.163674282,0.810553289,0.440411141,0.156847498,-0.030369316,17943436.97583333
601877,-0.085181497,2018,3.88e-05,0.175303258,0.028070618,-0.973039216,0.615196078,-0.050403958,0.995952934,0.262588447,0.438667473,0.215830773,41212498.3675
601880,0.012273319,2018,2.01e-05,-0.197477251,0.094147641,0.289215686,0.06127451,-0.339592165,0.761355798,0.661208599,0.304201861,-0.140395641,16870534.11666666
601888,-0.034372627,2018,6.19e-05,0.712272388,0.364905473,-0.723039216,0.848039216,0.377786207,0.918818685,-1.172681401,-0.077687378,-0.940989146,115746004.37416662
601899,-0.007283715,2018,5.35e-06,0.181889253,0.028722768,-0.254901961,-0.995098039,-0.265584588,0.845174877,-0.275214113,-0.107155685,0.159320804,63038946.34916663
601919,-0.013509633,2018,7.59e-05,-0.319493986,0.005028107,-0.419117647,0.919117647,-0.412548793,1.218744373,0.529240611,0.378536082,-0.04711361,38464709.5716666
601928,0.001203942,2018,1.02e-05,-0.138082827,0.307960433,-0.012254902,-0.656862745,-0.010782541,0.811502469,0.944771285,0.440295037,-0.223342628,17771884.999999996
601965,0.012853363,2018,1.1e-05,0.231601967,-0.12674717,0.303921569,-0.504901961,-0.147891148,0.771367013,0.96854432,0.61570746,-0.369566831,7223266.701666665
601985,0.026831107,2018,4.71e-05,-0.259827104,-0.011090978,0.593137255,0.727941176,-0.27973867,0.777890119,0.145525071,0.047928914,0.045552208,63242372.60833333
601989,0.032421795,2018,1.4e-05,-0.29059477,0.359857946,0.669117647,-0.154411765,-0.304123036,0.921481049,0.190019535,-0.475215686,0.411269615,86177414.71083353
601991,0.028072671,2018,7.56e-06,-0.303431056,0.03418296,0.610294118,-0.943627451,-0.230525694,0.715296334,0.286471358,0.130666063,0.103310125,33855894.50000003
603018,0.003658735,2018,1.08e-05,-0.058518249,0.169213586,0.049019608,-0.544117647,-0.097978376,0.69897379,0.47827522,0.020976301,-0.010170762,5234851.600833331
603077,0.01399737,2018,1.14e-05,-0.316031155,0.081960554,0.318627451,-0.431372549,-0.19306314,0.683885654,0.872842929,0.261028164,-0.353594231,16161934.069166673
603126,-0.007486545,2018,5.96e-05,-0.291756114,-0.109247622,-0.262254902,0.838235294,-0.474943339,1.128055364,1.706364748,0.450395075,0.000756355,4267394.999999997
603128,-0.005110053,2018,3.59e-05,-0.384462344,0.588917276,-0.193627451,0.544117647,-0.353299929,1.11943895,0.391236224,-0.028408764,-0.126375013,6203139.5275
603167,0.03027599,2018,1.14e-05,-0.217843101,0.070306989,0.644607843,-0.431372549,-0.219534238,0.812219021,1.002618925,0.808182822,0.068340392,4691073.92833333
603169,-0.000820101,2018,3.58e-05,-0.433289935,0.428721227,-0.06372549,0.536764706,-0.498788774,1.195569781,1.823855667,0.174040463,-0.373979604,5975977.97333333
603306,0.037688717,2018,1.25e-05,0.068141544,-0.210170427,0.737745098,-0.264705882,-0.351311014,0.611167637,0.309760624,-0.202727623,0.124495428,4892452.395000004
603338,0.016039703,2018,1.17e-05,0.787102376,0.755723472,0.375,-0.375,-0.006589465,0.974892922,0.218537885,0.105199851,0.372995892,10372198.715833325
603517,0.045652853,2018,1.21e-05,0.791940942,0.280182243,0.81127451,-0.318627451,-0.164370143,0.96770327,-0.08175511,0.175292103,-0.250474122,5664273.785833337
603609,0.003740158,2018,2.79e-05,0.258958401,0.253216213,0.051470588,0.387254902,-0.130820522,0.516032671,0.198299241,-0.185105097,-1.019623121,7194524.987500008
603660,-0.040098151,2018,1.01e-05,-0.42109082,-0.046014579,-0.779411765,-0.671568627,-0.333802537,1.136004183,0.148025864,-1.203045908,0.385392514,5108355.479166668
603699,0.024523816,2018,3.47e-05,0.351364085,-0.171379166,0.546568627,0.512254902,-0.378877235,0.57049419,0.625571265,0.010045924,-0.33620265,11514375.000000007
603766,0.004291656,2018,4.46e-05,-0.090348266,-0.227405161,0.06127451,0.693627451,-0.384173809,1.112875949,1.076531576,0.646452919,-0.023026546,11355860.684166672
603858,0.037797878,2018,4.61e-05,0.52437344,-0.194726012,0.742647059,0.715686275,-0.335489992,0.950587651,0.0085962,-0.511622748,-0.039904284,14060383.525833346
603869,-0.027858745,2018,9.85e-06,-0.13212328,0.102584395,-0.647058824,-0.705882353,-0.292955088,1.111387014,0.211096272,-0.786338328,0.599163548,4274873.495000002
603885,0.018860019,2018,3.12e-05,-0.308464569,-0.16280574,0.428921569,0.458333333,-0.181593147,1.227800872,-0.24690152,0.077279036,0.100808093,19086600.36666668
8,-0.009676211,2016,5.16e-05,-0.322403628,-0.340896118,-0.195476575,0.757673667,-0.22107741,0.886615942,-0.202230401,-0.872531972,0.280459994,14590134.670000004
12,0.018372956,2016,3.83e-05,-0.296138339,-0.198277905,0.243941842,0.621970921,-0.139967156,1.46844093,0.721799332,0.006927909,0.104842224,14772961.196666665
21,-0.021486313,2016,2.51e-05,-0.2112828,-0.228081148,-0.363489499,0.321486268,-0.225731795,1.060231051,0.505004565,-0.235986264,0.426970377,14364985.696666656
36,0.044231746,2016,2.48e-05,-0.28155691,0.091975865,0.583198708,0.308562197,-0.076672053,0.878585385,0.950403522,0.754201542,-0.050302128,9481607.569166668
39,0.05418576,2016,2.01e-05,-0.272276566,0.273429266,0.670436187,0.0726979,-0.303959953,1.071228745,0.511519261,-0.199160589,0.117574674,17950400.25166667
60,-0.03631131,2016,9.04e-06,-0.339990675,0.061161393,-0.55088853,-0.886914378,-0.216862752,1.728704827,-0.268335656,-0.686516576,-0.219507638,23464685.968333334
65,-0.04954178,2016,8.13e-05,-0.520266378,0.090783823,-0.705977383,0.909531502,0.318440355,0.963377407,1.059215084,-0.363177516,-0.490647341,8186870.1949999975
70,-0.019887329,2016,3.41e-05,-0.390256724,-0.113351472,-0.331179321,0.525040388,-0.223307474,1.008635636,1.141974571,0.174581346,-0.240415905,6756982.239166667
88,-0.05390295,2016,2.63e-05,-0.381722289,0.614701504,-0.754442649,0.360258481,-0.182451411,1.05413304,1.062781404,-0.041666918,-0.608288087,13279346.980833335
89,0.033396623,2016,2.58e-05,-0.174571306,0.091190642,0.457189015,0.34733441,-0.027731754,1.108940899,-0.047220034,0.400567865,0.202039353,16963281.789166667
90,-0.029972222,2016,1.66e-05,-0.322281195,0.265611036,-0.486268174,-0.056542811,-0.204961915,0.985631453,1.357500422,0.952667686,-0.159755776,7267703.930833336
157,0.033094591,2016,6.66e-05,-0.069239394,0.108810457,0.453957997,0.857835218,-0.134889141,0.962650178,0.528927258,0.510555722,-0.127654796,27404718.78833333
158,-0.049328835,2016,2.27e-05,-0.437159726,0.120653597,-0.702746365,0.211631664,-0.393765052,1.038078648,1.284942615,0.249925006,0.07191838,9695175.71416667
338,0.001038612,2016,9.65e-06,0.35691073,0.703547209,-0.050080775,-0.828756058,0.038438048,1.227888207,0.250646537,0.347866547,0.010856204,18315579.00083333
400,0.03669429,2016,2.63e-05,-0.568676677,0.146059273,0.49273021,0.360258481,-0.073998779,1.144283554,0.554193742,-0.274537809,-0.083895491,11260059.161666676
425,0.020734499,2016,4.28e-05,0.125090687,0.212643396,0.273021002,0.683360258,-0.216967906,1.189105351,0.657012979,0.611814129,-0.065581367,22714264.79583332
426,0.018948439,2016,1.66e-05,-0.211307585,0.181734796,0.260096931,-0.056542811,0.219838881,1.118480371,0.051661352,-0.896533212,0.132142845,8521820.137999993
514,0.031277666,2016,2.4e-05,-0.408399738,-0.023993552,0.424878837,0.266558966,-0.000810065,0.869008817,0.536910037,-0.693821297,-0.535496139,7019470.145000002
516,0.027190613,2016,1.45e-05,-0.145102081,-0.057617375,0.369951535,-0.172859451,-0.113064629,0.820564425,0.383016842,-0.567590338,-0.173510424,12277255.500833334
519,-0.081762952,2016,1.06e-05,-0.392954556,-0.023501798,-0.886914378,-0.689822294,-0.135984074,1.22663662,-0.3844433,-2.281634205,0.355555512,6689318.90333333
528,0.028602389,2016,0.000126078,0.239461948,0.330033373,0.379644588,0.983844911,-0.118026238,1.486011407,0.629804082,0.445489013,-0.047872491,7718998.083333336
550,-0.006545808,2016,1.24e-05,-0.322048705,-0.128031567,-0.153473344,-0.43457189,-0.075864434,1.175109669,0.802956975,1.111774444,-0.104660742,13651767.31916668
592,0.053750366,2016,1.04e-05,-0.491078769,-0.198230554,0.66720517,-0.731825525,-0.333922734,1.196601088,1.774377607,0.977174434,0.282944325,12101067.23916666
596,0.037590204,2016,1.22e-05,0.737688234,0.059046798,0.508885299,-0.460420032,0.230557871,1.282538458,0.79274774,1.302857384,-0.555149421,15780947.308333337
598,-0.025136203,2016,9.9e-05,-0.274946063,0.059641307,-0.431340872,0.948303716,-0.197836318,1.101963715,1.033873999,0.535083139,-0.237183822,16884577.678333346
625,0.022091418,2016,1.05e-05,-0.385535638,0.087712744,0.305331179,-0.709208401,-0.091775553,1.565694036,-0.338635737,0.885229736,0.487126232,52742080.63083333
626,0.202967848,2016,2.1e-05,-0.62390293,-0.422002697,0.996768982,0.111470113,0.130633191,1.240689699,0.303800814,-1.563681328,0.437813409,12155688.962727265
652,0.008856205,2016,2.96e-05,-0.413523496,0.137120069,0.053311793,0.444264943,-0.236435781,1.18758349,0.75395147,-0.981404277,-0.305701665,7483482.747499996
665,-0.043944392,2016,5.22e-05,-0.288203868,-0.187279073,-0.634894992,0.767366721,-0.276981671,0.990744375,0.863554302,0.0313681,0.101419218,6714719.229999994
703,-0.01618948,2016,1.08e-05,0.457012197,0.432433396,-0.285945073,-0.673667205,0.332861841,1.014180626,-0.196814034,-0.465827106,-0.181614355,13331787.56083333
709,-0.013805455,2016,2.25e-05,-0.283341963,0.533809538,-0.253634895,0.185783522,-0.001847004,1.301537337,-0.355873533,-1.160047381,-0.065780225,32523096.705000002
719,0.026458192,2016,1.1e-05,-0.35353209,-0.007831195,0.366720517,-0.634894992,-0.266805626,1.009901265,0.379178277,-0.191296259,0.04916968,7301621.946000004
751,-0.053621187,2016,1.4e-05,-0.34630384,-0.125511473,-0.751211632,-0.211631664,-0.127311746,1.322164918,-0.071151074,-0.850121114,-0.215436923,7797715.510000005
758,-0.050272274,2016,0.000122255,-0.367995445,-0.106572785,-0.709208401,0.974151858,0.061000158,1.439872341,-0.141580001,-1.192562221,-0.199204003,14885928.229166657
761,0.01362258,2016,1.26e-05,-0.239338328,-0.269549594,0.147011309,-0.379644588,-0.047060093,1.228814969,0.065462944,-0.291149329,0.565434642,16055759.999999994
767,-0.024693283,2016,4.36e-05,-0.267906237,-0.066676818,-0.421647819,0.693053312,-0.343147742,1.006785411,0.579474651,0.052177532,-0.056002974,8404564.766666664
778,-0.045668273,2016,1.02e-05,-0.368162134,0.431516023,-0.651050081,-0.770597738,-0.210940706,1.338907607,-0.185334526,-1.208569666,-0.275557019,18032618.1725
786,0.039145679,2016,8.38e-06,0.171350969,0.740299391,0.525040388,-0.935379645,-0.131355766,1.306208236,1.040048464,0.538612811,-0.339286805,13502174.12333334
792,-0.023968037,2016,8.6e-06,0.019824261,-0.266443985,-0.411954766,-0.925686591,-0.267864961,1.269803527,0.273222096,-0.271474207,-0.122371005,29832973.353333343
793,-0.023194247,2016,8.32e-06,-0.174106227,0.009021453,-0.392568659,-0.938610662,-0.257234069,0.595500329,0.568623948,-0.104828861,-0.144599139,18270891.689166646
797,0.093327018,2016,8.88e-05,-0.273567167,0.243951925,0.851373183,0.932148627,-0.167792044,1.026789285,0.798086763,0.335665139,-0.260995594,6824140.540000006
807,-0.061515975,2016,2.21e-05,-0.286642085,0.085846702,-0.780290792,0.163166397,-0.082395507,1.637605924,-0.619556066,-1.1863944,-0.151570406,11295225.926666657
858,0.069595274,2016,1.5e-05,0.345571663,0.760743397,0.757673667,-0.137318255,0.274064577,1.334749011,0.487255926,1.72045297,-0.400347582,118622786.44833343
863,0.095169711,2016,5.38e-05,-0.389122893,-0.208146349,0.864297254,0.793214863,-0.281201141,1.149049088,0.070445614,0.193172093,0.104916257,8298717.677499992
926,-0.032329959,2016,1.02e-05,-0.405943588,0.046406789,-0.512116317,-0.770597738,-0.238437729,0.798081055,0.384555312,0.308608931,0.002789437,7111542.09833333
951,0.009815078,2016,1.47e-05,-0.100083177,0.606684826,0.088852989,-0.163166397,0.187682578,1.443167377,0.040229914,-0.129381996,-0.36085743,7591361.420000005
957,0.061491507,2016,1.45e-05,-0.42457208,-0.485589876,0.712439418,-0.172859451,0.297797794,1.043458897,1.047075891,-0.433248989,-0.160387344,7310294.187500003
960,0.018512687,2016,9.11e-06,-0.130918592,0.159956779,0.250403877,-0.877221325,-0.040080975,1.651124471,0.047900931,-0.380912877,0.24837521,14309916.58166667
969,0.044903779,2016,1.24e-05,-0.295104282,-0.387457016,0.589660743,-0.43457189,-0.200552284,1.394549644,0.294115817,-0.791768697,0.082806396,10350415.411666663
998,-0.021747716,2016,4.05e-05,-0.151126695,0.143081353,-0.379644588,0.654281099,-0.102215953,0.605955962,-0.166854267,-0.285079564,-0.391053954,15758179.355833342
1696,0.022828478,2016,1.21e-05,-0.353815792,-0.294641262,0.311793215,-0.476575121,-0.308101693,1.137021597,0.586739883,-0.398904364,0.116368942,8845601.391666668
2010,-0.02786721,2016,1.36e-05,-0.216132861,-0.231645858,-0.460420032,-0.250403877,-0.209874816,0.55097223,-0.014038321,-0.321630921,-0.26087658,7451043.510833328
2023,0.046088715,2016,1.12e-05,0.203060483,-0.410435025,0.612277868,-0.615508885,-0.257042834,1.180430916,0.211266114,-1.496539154,0.376916084,9373604.652500002
2042,-0.00102499,2016,4.48e-05,0.072037131,0.027024703,-0.085621971,0.702746365,-0.055585265,1.149678509,0.888199217,0.651980364,0.078307934,8508364.567500003
2047,0.091275504,2016,0.000404733,-0.330567085,-0.144962402,0.844911147,1.0,-0.175201119,1.726648014,0.184661225,-0.074669201,-0.219911288,7199870.000000005
2051,0.096647675,2016,9.77e-05,-0.256132146,0.26376743,0.877221325,0.945072698,0.083543707,1.363268397,1.108849182,0.485321946,-0.967296338,18647842.839999996
2063,0.00446074,2016,2.14e-05,-0.196555447,-0.335997481,0.001615509,0.134087237,-0.386118767,1.35960023,0.336824616,-0.65553934,0.19523108,7211489.403333326
2064,-0.011615951,2016,1.58e-05,-0.156093662,-0.006686405,-0.2180937,-0.092084006,-0.163583361,0.705929525,0.797859397,-0.149830729,0.029424117,7209182.443333332
2078,-0.037226227,2016,8.87e-06,0.312059689,0.508038036,-0.560581583,-0.899838449,0.179291424,1.269345451,0.641386644,0.968391151,0.490670665,13568292.742499987
2079,-0.065413286,2016,1.14e-05,-0.156300968,-0.347741741,-0.806138934,-0.592891761,-0.170775492,1.166530082,1.416762225,0.018318172,0.126267698,6897884.539166667
2081,-0.028653169,2016,1.99e-05,-0.082515716,0.095146192,-0.473344103,0.066235864,-0.215955686,1.566417147,0.465644045,0.584756916,0.007413898,25985154.62249999
2092,0.002436638,2016,6.89e-06,-0.243449597,0.489644258,-0.030694669,-0.987075929,0.358225214,1.179820537,0.973181573,0.292343352,-0.362894321,9455947.167499995
2099,-0.023255555,2016,1.31e-05,-0.226765138,-0.307977151,-0.395799677,-0.308562197,-0.292561086,0.689897376,0.432900248,-0.430704063,0.47243914,7821327.728333333
2104,0.040573595,2016,1.29e-05,-0.285876476,-0.437780542,0.554119548,-0.331179321,-0.513390118,1.075223619,1.369032689,-0.151795454,0.342317561,10525407.245000008
2121,0.021901151,2016,2.18e-05,-0.249402961,-0.27929179,0.295638126,0.147011309,-0.26521442,0.827664404,0.391591987,-0.704561402,-0.19034247,6742328.201666667
2146,0.031834198,2016,2.31e-05,-0.128880551,0.505142214,0.447495961,0.231017771,-0.15864075,1.622005523,-0.229725234,-0.028502475,0.028792227,24965708.02666667
2155,-0.025891211,2016,1.06e-05,-0.296224802,-0.280584844,-0.437802908,-0.689822294,0.254780695,0.485270466,-0.252608913,-1.107907908,0.327048133,11228604.686666675
2204,-0.076693934,2016,3.76e-05,-0.027004919,-0.005230374,-0.877221325,0.612277868,-0.123922136,1.156602941,0.176059258,-0.345776715,0.04023198,7771350.166666665
2226,0.0485486,2016,9.14e-05,-0.23082731,-0.26781652,0.634894992,0.938610662,-0.059852436,1.038807997,0.853356536,-0.610836627,0.093510262,6925841.779090905
2250,-0.092934296,2016,1.15e-05,-0.388713551,-0.016296232,-0.925686591,-0.576736672,-0.148248643,0.712175054,-0.118910281,-0.336275179,-0.161730522,8524791.665000005
2271,0.015438799,2016,8.81e-06,-0.228883491,1.132633569,0.18901454,-0.903069467,0.10085455,1.294737506,1.104014683,2.272376819,-0.015408117,10884247.239166673
2276,0.03162443,2016,9.27e-05,-0.425784572,-0.49871377,0.43457189,0.94184168,-0.506196413,1.131716032,0.403325265,-1.333972763,0.427393905,17237768.149999987
2277,-0.013751553,2016,1.12e-05,-0.289092606,0.110554625,-0.250403877,-0.615508885,0.028153259,1.235522462,1.356726658,0.513797878,0.490234252,6716606.612500002
2325,0.006098281,2016,2.25e-05,-0.499592633,-0.217771182,0.021001616,0.185783522,-0.392494704,1.334435027,0.867082528,-0.233901083,0.438505175,8244242.073333344
2326,-0.023527959,2016,1.24e-05,-0.499607083,-0.331057914,-0.399030695,-0.43457189,-0.232695638,1.046244998,0.185974627,-1.330721255,-0.152808996,9313423.375
2340,0.078802234,2016,3.95e-05,-0.011265166,-0.115556096,0.793214863,0.644588045,-0.150317682,1.160529836,0.743998579,-0.609236291,0.056292786,15401313.366666669
2344,0.01377612,2016,9.91e-06,-0.410019678,-0.151642192,0.150242326,-0.793214863,-0.271035241,1.240631286,0.416709902,-0.136793637,0.328730706,11373820.392500008
2353,0.166639048,2016,2.33e-05,0.018886679,-0.19042547,0.987075929,0.237479806,-0.211343071,0.973028398,0.54948155,-0.742245183,-0.097103924,12052479.113333337
2366,0.112157012,2016,4.01e-05,-0.397472904,-0.132520111,0.938610662,0.647819063,-0.19874904,0.505869791,0.450708441,-0.251727754,0.210631976,8489339.307500001
2372,-0.002111073,2016,3.09e-05,0.242061592,0.716544411,-0.10177706,0.46365105,0.140399452,1.032676741,0.536722505,0.782315486,0.317590035,9947899.291666659
2375,-0.046838823,2016,4.24e-05,-0.407287282,-0.219565869,-0.680129241,0.670436187,-0.336272304,1.074844943,0.866813528,0.089426433,0.222796406,12562101.62416668
2378,0.062187354,2016,1.31e-05,-0.279657398,-0.147090653,0.718901454,-0.308562197,-0.199483504,1.618508,0.721994112,-0.052175805,0.64567727,9363929.073333332
2405,-0.214346425,2016,1.09e-05,0.009484862,-0.207319807,-1.0,-0.654281099,-0.261434256,1.240573741,0.755076052,-0.281496062,-0.125097415,21074272.67909093
2410,-0.073512901,2016,1.24e-05,0.467349367,0.321396641,-0.861066236,-0.43457189,-0.197111224,0.995049291,1.403758041,0.906293891,-0.631434745,12339928.904999988
2430,0.007057235,2016,2.2e-05,0.614615904,-0.069047591,0.037156704,0.15993538,-0.256987993,0.926728105,1.313578348,0.28343613,-0.201850422,6740421.599166672
2434,-0.105120337,2016,1.09e-05,-0.447423033,0.451588071,-0.948303716,-0.654281099,0.384831584,0.694811949,1.022108698,0.53763217,-0.033708837,13521584.039999994
2467,-0.021489192,2016,4.37e-05,-0.326217458,-0.494160944,-0.366720517,0.69628433,-0.505490294,1.102415854,1.04056873,-0.621285433,0.476326157,7865082.159166664
2468,-0.04596824,2016,1.13e-05,-0.32976149,-0.122012565,-0.663974152,-0.599353796,-0.239314363,0.907126197,0.729757751,-0.176769944,0.361129262,10021017.599999994
2471,-0.021707985,2016,2.52e-05,-0.377894686,-0.215356285,-0.37641357,0.324717286,-0.406624836,0.990823126,0.770942742,-0.080971913,0.0792304,8206228.8758333335
2480,-0.020393414,2016,2.39e-05,-0.051003035,-0.279883512,-0.340872375,0.256865913,-0.126870691,0.979250272,0.406802145,-0.539134418,0.098969913,6738706.175000002
2498,-0.046247175,2016,4.58e-05,-0.397438205,-0.161189757,-0.670436187,0.718901454,-0.426676505,0.859603553,0.00767439,-0.79950839,0.123333442,14637006.738333344
2512,-0.130797971,2016,5.23e-05,-0.407399196,-0.215842731,-0.964458805,0.773828756,-0.287793598,0.739817516,0.57743966,0.173392297,-0.098799947,7892844.012727275
2544,-0.030744215,2016,4.94e-05,-0.408981619,-0.298444847,-0.499192246,0.741518578,-0.060899492,0.833657634,0.619634212,-0.05798561,0.17108635,15616621.949999997
2573,0.097640768,2016,1.17e-05,-0.392578661,0.095772068,0.880452342,-0.531502423,-0.224967543,0.960101051,0.728395268,-0.387252689,-0.335474801,18486983.13499999
2665,-0.037310294,2016,0.00010323,-0.204395652,-0.099366728,-0.563812601,0.957996769,-0.235181395,0.440334503,0.380318349,-1.092959234,-0.068996796,13307670.683333345
2678,-0.073707212,2016,1.05e-05,-0.338424573,0.029380434,-0.864297254,-0.709208401,-0.144129941,0.850608827,1.009406445,0.310565525,0.619454885,12560240.1775
2707,-0.045920137,2016,2.19e-05,-0.277923463,-0.361880399,-0.660743134,0.153473344,-0.416098147,0.643350279,0.993872257,0.150570705,0.471916292,6845207.272999997
300001,0.0367886,2016,9.82e-06,-0.329106608,-0.239087908,0.495961228,-0.802907916,-0.411511724,0.848588823,0.885230343,-0.474306702,-0.178867139,17068668.302499995
300011,0.119869813,2016,2.26e-05,-0.607680918,-0.3276342,0.945072698,0.195476575,-0.313883676,0.825279613,0.647901977,-0.839396204,0.022872168,7537605.099166664
300017,-0.030160906,2016,9.66e-06,-0.123746565,-0.466869019,-0.489499192,-0.82552504,-0.117177748,0.820084653,1.931213299,0.815949106,0.723774883,31591515.27000001
300032,0.014229999,2016,2.23e-05,-0.602119321,-0.311508618,0.166397415,0.176090468,-0.476153242,0.772796171,0.873436008,-0.298582825,-0.398654052,10375324.334999988
300066,0.039690176,2016,1.2e-05,-0.34285292,-0.441197948,0.55088853,-0.486268174,-0.255344836,1.248563603,0.678837922,-1.17890482,0.143571028,6770758.024166667
300079,-0.011106698,2016,3.67e-05,-0.385770738,-0.324468213,-0.208400646,0.599353796,-0.417890407,0.965031971,0.762090554,-0.459497978,0.065458696,10094406.55750001
300101,-0.01110681,2016,2.39e-05,-0.005936641,-0.506692825,-0.211631664,0.256865913,-0.380240779,1.141171714,0.731254708,-1.475771675,0.644963693,10050277.690833338
300114,-0.110398082,2016,1.23e-05,-0.336638119,-0.330265767,-0.951534733,-0.447495961,-0.327043947,1.058737506,0.051491729,-1.485109542,0.49846689,7545399.415833331
300118,0.021596779,2016,9.75e-06,-0.233435524,-0.266425654,0.28917609,-0.809369952,0.115432438,0.766440786,0.790012153,-0.330470791,-0.018479434,7315657.390833332
300159,0.061547275,2016,1.07e-05,-0.47171019,-0.275953736,0.715670436,-0.676898223,-0.19354857,0.864256857,0.479098516,-0.338662569,0.219393146,8091544.213333327
300188,-0.083412849,2016,7.76e-05,0.680543652,-0.359639882,-0.890145396,0.886914378,-0.584497075,1.112990629,1.136113705,-0.335852438,0.205199087,7061080.863333333
300191,0.00986965,2016,3.64e-05,-0.342779406,-0.426797271,0.092084006,0.592891761,-0.231852663,0.839064248,0.92707413,-1.488552305,-0.312767233,7195837.956666664
300212,-0.01716595,2016,1.98e-05,0.114550995,-0.157050264,-0.298869144,0.053311793,-0.271303277,1.617921018,1.364684606,-0.801180777,0.55975648,9408079.367272729
300266,0.059594387,2016,3.3e-05,-0.356128499,0.453822214,0.693053312,0.495961228,0.16096885,0.433920758,0.674328728,0.486413581,-0.007960229,16099734.19166667
300274,0.024502618,2016,1.02e-05,-0.197407694,-0.187210627,0.344103393,-0.770597738,-0.315959743,1.123064737,0.640473973,-0.312249192,-0.28835924,9785877.382500002
300287,-0.005715244,2016,1.48e-05,-0.224437659,-0.325501546,-0.147011309,-0.153473344,-0.351381017,1.348104294,0.628032287,-0.584225285,-0.056673183,8980414.417500002
300296,0.107108353,2016,6.71e-06,0.017091084,0.173941578,0.903069467,-0.993537964,0.332796652,0.36214025,0.407078129,-0.217781478,-0.034344019,10632821.699166676
600004,0.010227975,2016,2.23e-05,0.031761778,0.520053734,0.10177706,0.176090468,-0.00103555,1.164690633,0.426597967,0.932215781,0.259186321,15050749.554999994
600007,0.02501815,2016,1.37e-05,-0.299879931,0.029705104,0.350565428,-0.243941842,-0.08414176,1.433163097,-0.583257894,-0.042113208,0.259322857,18481116.29416666
600009,0.009425758,2016,1.47e-05,0.483023948,0.432962986,0.069466882,-0.163166397,-0.101796976,0.640427522,-0.115942047,0.695048879,-0.18034764,29865574.093333323
600010,-0.032336288,2016,3.56e-05,-0.303133487,0.056129038,-0.515347334,0.567043619,-0.239018448,1.020158397,-0.662701955,-0.568857632,-0.058002333,45546923.23
600011,-0.003775158,2016,1.59e-05,-0.133293894,0.065554606,-0.121163166,-0.088852989,-0.152260954,0.53537435,-0.340774336,0.138510096,0.082293703,76685000.0000001
600012,0.004045073,2016,9.56e-06,-0.557967861,-0.054744748,-0.011308562,-0.838449111,0.233501319,0.979317407,0.169894024,-0.488367352,-0.048584825,15942493.99999998
600017,-0.014008042,2016,0.000103094,-0.293678742,0.097170587,-0.260096931,0.954765751,-0.390512331,0.805654877,0.338103289,-0.20473502,-0.251477976,12976696.364166662
600018,-0.040891888,2016,2.25e-05,-0.02654833,0.261173003,-0.615508885,0.185783522,-0.199018422,0.577098829,-0.664537219,0.26646542,0.142186463,116335855.9625001
600020,-0.005720027,2016,1.75e-05,-0.250466208,0.163810307,-0.150242326,-0.024232633,-0.330608074,0.947859255,0.648505059,0.738536508,-0.231049675,10517700.174999997
600021,0.021651643,2016,1.01e-05,-0.437632191,0.208227258,0.292407108,-0.789983845,-0.166315999,0.40860388,-0.957675205,-0.421929958,-0.245187214,23518111.92111112
600022,-0.009342114,2016,9.59e-06,-0.030496947,0.113267988,-0.182552504,-0.835218094,-0.20846712,1.070224392,-0.059815556,-0.081783453,-0.160927339,17974389.75416668
600023,0.005089752,2016,1.16e-05,-0.159399113,0.101449568,0.008077544,-0.55088853,-0.248667693,0.732501785,-0.800027197,-0.185699779,-0.004081125,20741267.85833334
600028,0.024070837,2016,1.27e-05,0.1959927,0.258488611,0.337641357,-0.357027464,0.106513764,0.811992251,-1.528636579,-0.629658497,-0.144683888,462658874.8141667
600031,-0.002512993,2016,6.19e-05,0.091078623,0.59922962,-0.111470113,0.831987076,-0.085349683,1.303343114,-0.43556696,-0.099793319,0.061048128,41354091.10333334
600033,0.064019138,2016,1.34e-05,-0.190695899,0.231048936,0.735056543,-0.273021002,-0.175216949,0.901012299,0.610246353,0.65304308,-0.290034791,9161722.000000002
600038,0.016420858,2016,1.54e-05,-0.13949063,0.09882723,0.201938611,-0.108239095,-0.090565667,1.077393221,-0.331267131,-1.517350165,0.245259294,18122145.0625
600039,0.005435772,2016,5.28e-05,-0.223519378,0.066109062,0.01453958,0.783521809,-0.073152964,1.320511105,0.092267135,-0.024006558,-0.214563767,12516791.925833335
600056,0.060239265,2016,8.7e-06,-0.293987068,0.6299801,0.69628433,-0.915993538,0.141238808,1.028048025,0.448360533,0.751482201,-0.63263283,16275126.054999998
600057,0.020952056,2016,2.63e-05,-0.229464998,-0.02546605,0.276252019,0.360258481,-0.131525111,0.724947271,0.423473815,-0.330192454,-0.339462927,8167308.478333327
600063,-0.013556159,2016,2.06e-05,-0.355442474,-0.081717923,-0.247172859,0.088852989,-0.324844131,1.039583787,0.65079299,-0.116084574,-0.126520027,6862522.919166668
600072,0.011975613,2016,3.89e-05,-0.463962312,0.191385384,0.124394184,0.63812601,-0.126605104,1.426029199,-0.829147043,-2.968104529,0.484170013,6962745.241666667
600084,-0.036873774,2016,1.2e-05,-0.463546379,0.138187943,-0.554119548,-0.486268174,0.581326088,0.731677977,0.784233306,-0.117989576,1.150061613,8195253.346666657
600085,0.035519743,2016,3.04e-05,0.001509823,0.16499793,0.470113086,0.453957997,-0.302324638,1.21435704,-0.483757481,0.617855618,-0.022497511,41394401.1816667
600089,-0.034855206,2016,2.41e-05,-0.339462157,0.289266343,-0.534733441,0.273021002,-0.220221574,1.06715122,0.545796955,0.799496882,-0.344478952,28085446.58833332
600096,-0.023832811,2016,9.35e-06,-0.329422294,-0.216412201,-0.408723748,-0.861066236,-0.27967171,0.903893536,0.684985663,-0.306454962,-0.11802135,7741323.535000004
600104,-0.009015408,2016,1.01e-05,0.110272584,0.703327266,-0.176090468,-0.789983845,0.163467332,1.364496641,-0.605003849,1.308503427,0.277900027,236562719.99583316
600105,-0.028137836,2016,7.84e-05,-0.413131836,-0.141186809,-0.466882068,0.890145396,-0.114041904,1.081428391,0.322071899,-0.66836963,0.313111542,7223451.439166669
600115,0.039032967,2016,3.27e-05,-0.034073211,0.021268931,0.52180937,0.49273021,-0.077959225,1.230245416,-0.910608737,-0.264249732,0.397553039,53269281.525833316
600116,-0.020605867,2016,1.02e-05,-0.413382162,0.428812349,-0.344103393,-0.770597738,0.292976465,0.521206736,0.945981576,-0.549837089,-0.778672692,7621484.719166666
600118,0.015406633,2016,1.33e-05,-0.324485636,-0.180637007,0.185783522,-0.276252019,-0.274603776,1.227467303,-0.485272803,-1.018653203,0.314162903,38190457.43166668
600138,0.009524734,2016,1.49e-05,-0.063296641,0.079201221,0.079159935,-0.140549273,-0.109666684,0.854030329,0.287355712,0.28331436,0.223067817,14454328.269166678
600151,-0.071599331,2016,1.81e-05,-0.511732148,-0.278457801,-0.844911147,-0.004846527,-0.120494797,1.29650763,0.665882282,-0.824701607,0.650707298,13191670.968181817
600157,0.023887103,2016,1.73e-05,-0.505373423,-0.099183897,0.334410339,-0.030694669,-0.164447128,0.922022637,-0.301037497,-0.639350309,0.086146268,18516659.043333333
600166,-0.002442783,2016,9.85e-06,-0.289757311,0.020085493,-0.108239095,-0.799676898,-0.032365274,1.137549844,-0.049755629,-0.249177861,-0.1032439,17794092.62416667
600169,0.03932358,2016,6.59e-05,-0.403191422,-0.025075184,0.528271405,0.8546042,-0.308814004,1.219593859,0.107690739,-0.498225927,0.104977039,9950335.274999993
600170,0.047451947,2016,2.48e-05,-0.183771966,0.20354113,0.625201939,0.308562197,-0.186275593,1.153621065,-0.336062571,-0.183574538,0.186442263,29710583.067499977
600172,-0.052102614,2016,1.14e-05,-0.481029217,-0.205755083,-0.731825525,-0.592891761,-0.302641398,1.039176319,0.628456417,-0.29425159,-0.087349119,11101898.178333333
600176,-0.02468607,2016,4.9e-05,0.120041066,0.386815349,-0.418416801,0.735056543,-0.148316698,1.258282961,0.785821926,1.130896143,-0.265234413,19324525.71583335
600200,-0.08454777,2016,8.3e-06,-0.434184097,-0.327530484,-0.899838449,-0.94184168,-0.315836495,0.676310158,1.117190634,0.274832004,0.134435641,10671924.510999996
600219,-0.040314791,2016,9.1e-06,-0.185688691,0.142843199,-0.60904685,-0.880452342,0.171391472,1.318729504,-0.673994496,-0.41425475,-0.085543481,20715747.06333332
600221,0.025824986,2016,1.93e-05,0.000381559,0.01664485,0.360258481,0.033925687,-0.174751392,0.998904369,-0.393436809,0.205641048,0.273557083,37847822.33666665
600233,0.188246217,2016,3.41e-05,-0.33194771,-0.001033606,0.990306947,0.525040388,1.012123934,1.64343346,0.106415945,-1.340987018,-0.512815096,8256966.666666665
600236,0.031331547,2016,9.85e-06,0.06765616,-0.164632718,0.428109855,-0.799676898,-0.161845974,0.935568425,-0.687960137,-0.388115538,0.223264069,8526317.59583333
600256,-0.011973727,2016,2.02e-05,0.080637898,0.001967971,-0.224555735,0.079159935,-0.310789647,1.003019664,-0.355936379,-0.389802582,0.383221542,22717548.56166667
600259,0.025821628,2016,1.02e-05,-0.261504702,-0.328755799,0.357027464,-0.770597738,0.056654557,1.578665293,1.058466229,-0.245517257,-0.068903111,12750192.15916667
600269,0.054940799,2016,2.43e-05,-0.226901535,0.215065778,0.680129241,0.285945073,-0.097356001,0.970697454,0.07873304,0.23637512,0.103776507,10949166.550833333
600282,-0.021228724,2016,1.03e-05,0.186283112,0.55599753,-0.353796446,-0.741518578,-0.036848965,1.07074078,-0.112125422,-0.572712858,-0.20907083,9996211.545
600298,-0.002667826,2016,1.19e-05,0.371827262,0.448179773,-0.114701131,-0.49273021,0.453842905,1.133832414,0.121051805,0.336909987,-0.113572717,13038392.340000002
600310,0.100317414,2016,9.33e-06,-0.430326494,-0.167979331,0.893376414,-0.864297254,-0.048040614,0.644667759,0.617749928,-0.330599128,0.113593597,7296146.812500004
600312,0.03725292,2016,3.5e-05,-0.596108392,-0.095993542,0.505654281,0.557350565,-0.185588859,1.13124617,0.404569219,0.293030554,0.04164925,12951267.553333335
600316,0.03179961,2016,1.27e-05,-0.428837387,-0.188424437,0.441033926,-0.357027464,-0.170174446,1.207925753,0.09665486,-1.328937223,0.140818176,13474581.68166666
600320,-0.01215706,2016,7.76e-06,-0.187959059,0.200913562,-0.227786753,-0.961227787,-0.158823309,1.217120872,0.300207896,0.344505519,0.446933629,12868127.050833339
600335,-0.033367597,2016,1.29e-05,-0.130681151,0.063979918,-0.52180937,-0.331179321,-0.035864055,1.191524432,1.213983537,0.647124894,0.224463644,10036505.781666668
600340,-0.011146126,2016,3.58e-05,-0.220744966,0.383146451,-0.214862682,0.573505654,-0.216394884,1.292574834,-0.007633932,0.539668697,-0.094926958,66525416.0683333
600343,0.030907665,2016,3.13e-05,-0.478907577,-0.282019966,0.415185784,0.473344103,-0.186865454,1.331673927,0.379788534,-0.537328342,0.65772485,14018133.419999994
600350,0.012355136,2016,3.35e-05,-0.309549174,0.190758494,0.13085622,0.512116317,-0.072783162,1.531107356,0.116943197,0.658081841,-0.229375262,27808538.653333325
600351,0.037081879,2016,9.48e-06,-0.072760395,-0.230247335,0.499192246,-0.841680129,-0.37119155,0.998702214,0.456015939,0.036556292,0.411415374,7204873.333333335
600362,-0.008773638,2016,1.84e-05,-0.065884144,0.240519012,-0.172859451,0.008077544,0.053868143,1.820025195,-0.670882538,-0.606701126,-0.010673114,29959655.03833333
600363,0.029399697,2016,2.27e-05,-0.349007467,-0.224113481,0.399030695,0.211631664,-0.20131707,1.159199295,1.312800887,0.608511358,-0.066049704,7681719.51222222
600366,0.09790085,2016,1.28e-05,-0.374670016,-0.26383174,0.88368336,-0.340872375,-0.103463602,1.089801523,0.45593235,-0.346407481,-0.094717786,10912934.215833332
600373,-0.038826863,2016,2.77e-05,-0.447897758,0.122588659,-0.57996769,0.408723748,-0.14971085,0.908766487,0.39928559,0.431699689,0.383762804,26559760.890833337
600388,0.018287091,2016,1.29e-05,-0.165236041,0.233853918,0.237479806,-0.331179321,-0.286261163,0.976825768,1.737478567,1.177456706,-0.654067321,13538163.775833338
600395,-0.032368191,2016,2.14e-05,-0.161108047,-0.12499981,-0.518578352,0.134087237,-0.030826831,1.508220214,-0.202496832,-0.798206286,0.188077433,14659621.859166661
600400,-0.057092975,2016,1.18e-05,-0.224175167,-0.163754251,-0.767366721,-0.518578352,-0.24702815,0.378257275,-0.391468296,-0.690625395,0.503274208,10220755.435000004
600406,0.011665316,2016,9.29e-06,-0.098178874,0.332169531,0.117932149,-0.867528271,0.001754459,0.882046531,-0.02935631,0.611548629,0.266080727,32082686.140833322
600409,0.059023661,2016,1.18e-05,-0.133858831,0.492557998,0.689822294,-0.518578352,0.208588717,1.050613552,0.275872379,-0.037487237,0.300740204,14124609.216666669
600415,-0.035718192,2016,2.17e-05,-0.413950813,0.163716066,-0.541195477,0.143780291,-0.065630994,0.383144035,0.506962639,0.411720954,-0.421630304,39100421.830833346
600416,-0.048627834,2016,5.92e-05,-0.48157433,0.086423009,-0.69628433,0.82552504,-0.299736227,1.126191011,0.207815888,-1.134527999,-0.006784094,8548236.059166672
600422,0.056736735,2016,8.12e-06,-0.327113116,-0.167732377,0.686591276,-0.948303716,-0.321914197,0.830195417,0.784608098,0.34648957,0.183860248,9420694.907499999
600428,0.028896998,2016,7.88e-05,-0.438178149,0.094187419,0.389337641,0.896607431,-0.411994185,1.720668634,0.100264415,-0.405518914,-0.258990938,10166626.348333335
600429,0.021508093,2016,9.46e-06,-0.07683151,-0.178662095,0.282714055,-0.851373183,0.060746037,1.025870135,0.751701658,0.449923229,0.375241262,6875712.500000003
600438,-0.086428497,2016,7.04e-06,0.234331016,-0.123366104,-0.91276252,-0.983844911,-0.106649749,0.990913691,0.178483106,-0.724114265,-0.13875766,9637211.661999997
600458,-0.00520396,2016,1.25e-05,-0.362950288,-0.269797935,-0.140549273,-0.408723748,-0.210296039,1.207458066,0.920378867,-0.369815634,-0.180793286,9710778.680833338
600477,-0.017263207,2016,1.94e-05,-0.464533311,1.206079506,-0.305331179,0.037156704,0.05297876,1.585419508,0.720010688,0.18743654,-0.54024072,6927041.025833327
600481,-0.084876673,2016,1.23e-05,-0.414553432,-0.085030653,-0.903069467,-0.447495961,-0.168775314,0.711588259,2.320611483,1.017514321,-0.498212224,9928237.650833331
600482,0.096334404,2016,3.45e-05,-0.320641024,-0.234019858,0.873990307,0.537964459,-0.361097304,0.923880079,0.099281809,-1.108255358,0.011745779,16649606.30666666
600487,-0.068578343,2016,6.82e-05,0.089795498,1.208451533,-0.835218094,0.864297254,0.157394629,1.140558324,0.915667623,1.066759069,-0.018792783,17438848.163333338
600489,-0.004946509,2016,1.02e-05,-0.328164074,-0.121127871,-0.134087237,-0.770597738,0.277021372,0.544778355,-0.365802743,-0.947487625,0.157247268,38073535.80166671
600495,0.017891005,2016,1.44e-05,-0.463850507,-0.052625715,0.224555735,-0.18901454,-0.314812578,1.281569926,0.734600985,-0.291666794,-0.265558349,8348606.860833332
600496,-0.048604971,2016,8.95e-05,-0.391274949,0.117061512,-0.693053312,0.935379645,-0.29552228,1.065806302,0.974214636,-0.096233059,-0.245964932,6755466.155833335
600498,-0.090105019,2016,2.08e-05,-0.020587017,0.041827625,-0.915993538,0.105008078,-0.117979888,1.165823349,0.404387221,0.188732474,0.037689283,24433528.141666632
600499,0.052752203,2016,6.87e-05,-0.143591474,-0.054159336,0.663974152,0.867528271,-0.334692051,0.886249484,0.515482512,-0.641992008,-0.278032834,10741422.78500001
600500,-0.04064339,2016,7.27e-06,-0.287134325,0.064149816,-0.612277868,-0.977382876,-0.093032942,1.418563829,-0.144239824,-1.016213616,-0.501277875,16844979.595833335
600522,-0.05183707,2016,0.000261514,-0.273823641,0.211547964,-0.725363489,0.996768982,0.136939077,1.146055812,-0.101355703,-0.023526108,0.120384337,20831556.971666668
600525,0.04525713,2016,2.45e-05,-0.23417177,-0.024961472,0.596122779,0.298869144,-0.115261227,0.989181925,-0.419919289,-0.806206913,0.092264502,13861966.323000008
600528,0.078010668,2016,6.94e-05,-0.294713983,0.212707253,0.786752827,0.870759289,-0.048714329,2.100973785,-0.075893868,-0.721677404,-0.930234252,18337280.0
600535,-0.015636105,2016,1.08e-05,-0.13449858,0.160563004,-0.273021002,-0.673667205,0.01045176,0.699318161,-0.107644082,0.886091437,0.168677717,39587137.52333334
600548,0.048095287,2016,8.69e-06,-0.113312663,0.172453027,0.631663974,-0.919224556,-0.109549737,0.669280348,-0.101246988,0.028303377,0.014977012,12043053.91416666
600550,-0.027174785,2016,3.42e-05,-0.627869009,0.800705321,-0.447495961,0.531502423,-0.316543374,1.484500469,0.636524255,-0.925762428,-0.959939445,8474786.367499996
600551,-0.050908283,2016,2.85e-05,-0.428215557,-0.216126264,-0.718901454,0.424878837,-0.108337404,0.820718121,1.463662549,0.275071502,-0.256714712,9436860.657272726
600565,-0.001961228,2016,8.29e-06,-0.473023473,-0.146612405,-0.098546042,-0.945072698,-0.368785134,0.759064342,0.33757911,-0.567951397,0.23334451,10175373.4375
600575,0.147155718,2016,9.04e-06,-0.129967127,-0.044602462,0.974151858,-0.886914378,-0.085238334,0.8222201,1.252576976,0.464721403,0.282339148,6697341.999999997
600582,-0.091372112,2016,1.8e-05,-0.198652298,0.011081332,-0.919224556,-0.011308562,-0.279083468,1.054208428,-0.134305529,-0.473881936,0.136011254,13788450.269166673
600583,0.008414132,2016,1.08e-05,-0.162532291,-0.096429436,0.050080775,-0.673667205,-0.159256536,1.13788703,-0.676421268,-0.833557321,0.290583572,29189468.214999985
600585,0.031417193,2016,2.06e-05,0.502100189,0.57780668,0.431340872,0.088852989,0.006331044,1.289954393,-1.155176092,0.133301171,0.244442481,63975242.75166669
600588,-0.03695735,2016,1.81e-05,0.842155551,-0.132541715,-0.557350565,-0.004846527,-0.350804196,1.262501775,-0.256960024,-1.100727495,0.720014903,30220256.00499997
600590,0.085841297,2016,9.71e-06,-0.353318161,-0.038094194,0.831987076,-0.819063005,0.184147477,0.254831258,1.477278469,-0.134522525,-0.068069441,7793768.828333336
600597,-0.04296497,2016,1.18e-05,-0.227097007,0.003206442,-0.625201939,-0.518578352,-0.184489259,1.118573557,0.453489133,0.718921652,0.551439082,15786354.155833328
600600,0.045697508,2016,1.25e-05,0.243393822,0.204910631,0.605815832,-0.408723748,-0.115554584,0.878076605,-0.047773388,0.422451412,0.053599073,20503934.868333336
600612,-0.053486746,2016,1.06e-05,-0.260458792,0.206383699,-0.744749596,-0.689822294,-0.134384807,0.57150499,-0.185279431,0.347853049,-0.066225607,12747542.866666676
600618,0.039466233,2016,3.82e-05,-0.212224383,-0.198970843,0.534733441,0.618739903,-0.109771775,1.003118344,0.878488152,-0.260027419,0.69405658,10310924.53666667
600623,-0.00394873,2016,1.71e-05,-0.121387617,-0.436033853,-0.124394184,-0.033925687,-0.29791132,0.959154815,0.687192366,-0.312333291,0.373743068,12975365.028333329
600626,-0.015954755,2016,1.14e-05,-0.462429617,-0.090505467,-0.279483037,-0.592891761,-0.177120705,0.965653377,0.880314588,0.345774129,1.514922007,8358374.20583333
600635,0.017490967,2016,1.02e-05,-0.32058031,-0.109787497,0.2180937,-0.770597738,-0.394256605,0.944811055,0.370045423,-0.132958096,0.203958159,15569503.176666679
600642,-0.016016856,2016,1.27e-05,-0.187516009,0.118402227,-0.282714055,-0.357027464,-0.208228709,0.769136069,-0.258725663,0.08623144,0.196216908,26693911.357500013
600676,-0.035151126,2016,1.01e-05,-0.343165165,-0.167157355,-0.537964459,-0.789983845,-0.366045881,1.036248734,0.218280803,-0.16974603,0.837970355,8279508.314999994
600685,-0.027424251,2016,7.58e-06,-0.517229767,0.064648411,-0.453957997,-0.97092084,-0.262617371,1.465462871,-1.754774716,-3.231222587,0.545963911,14066665.916666662
600704,0.021903014,2016,7.93e-06,-0.270336785,0.205327197,0.298869144,-0.957996769,-0.234191591,1.125833799,0.378086304,0.674897974,-0.291457957,8746412.781666666
600707,-0.017896178,2016,2.76e-05,-0.122015853,-0.339179432,-0.311793215,0.40549273,-0.183526166,0.953507943,1.546092806,-0.477546244,-0.758518388,7037133.662500005
600717,0.031216887,2016,7.34e-05,-0.396036767,0.441673967,0.421647819,0.880452342,-0.096602473,1.219053579,0.072511358,-0.627669752,0.086046265,15998232.01916667
600729,0.01012528,2016,1.1e-05,0.255950162,0.078093502,0.098546042,-0.634894992,-0.279966661,0.973511841,1.101355756,1.029453438,0.142327207,9006105.237500004
600750,0.007304173,2016,2.87e-05,-0.281291644,0.089196777,0.040387722,0.431340872,-0.128560069,0.841071895,0.759464584,0.672939829,-0.102097606,9227500.000000004
600754,-0.041859374,2016,2.9e-06,0.364899737,-0.187491261,-0.621970921,-1.0,-0.42833624,1.014683417,-0.686520718,-0.24128308,0.276628195,15161833.78666667
600755,0.070036087,2016,1.84e-05,-0.202110364,0.130237136,0.764135703,0.008077544,-0.122499052,1.197230734,1.059391676,0.707007798,-0.178781566,13114716.098333335
600757,-0.053529453,2016,3.6e-05,-0.233373305,-0.119972035,-0.747980614,0.57996769,-0.252258528,1.224110696,0.69727615,0.241985037,0.106475893,10060902.23083333
600765,-0.007807547,2016,1.97e-05,-0.467053403,-0.066423545,-0.15993538,0.046849758,-0.279544719,1.368424568,0.551156057,-0.868580346,-0.040816054,11595489.360833334
600771,0.000986293,2016,9.47e-06,0.355724712,0.351038606,-0.053311793,-0.844911147,0.032563997,0.735659134,0.813836365,0.160649884,-0.12688033,7448288.475999996
600775,-0.029210186,2016,1.69e-05,-0.450960778,-0.324226575,-0.483037157,-0.04361874,-0.282644988,0.955472521,0.03398924,-1.229258667,0.339899602,9242044.839999996
600777,-0.045832271,2016,1.06e-05,-0.434988933,-0.1919061,-0.657512116,-0.689822294,-0.118958826,0.766010667,0.371116854,-0.762275027,-0.015633133,9431797.231666667
600787,0.021510167,2016,2.04e-05,-0.029433543,0.053513526,0.285945073,0.082390953,-0.106493363,1.248086114,0.148246435,-0.825708295,0.046908555,15011914.7725
600797,-0.035901546,2016,9.73e-06,-0.198022818,0.090251175,-0.544426494,-0.812600969,0.238096484,0.872309612,1.044072148,-0.656508845,1.322079587,10710194.143000009
600803,-0.022280772,2016,1.66e-05,-0.103319063,0.169367287,-0.389337641,-0.056542811,-0.106761048,1.006145636,0.107951102,-1.113955427,-0.441831707,9045625.087500004
600808,0.001340798,2016,1.15e-05,-0.001081269,0.447634132,-0.04361874,-0.576736672,-0.115233302,1.335420862,0.056217836,0.090782655,-0.07335733,16008492.557500014
600811,-0.03369891,2016,8.72e-06,-0.154557249,-0.035645324,-0.531502423,-0.91276252,-0.188907603,1.110204219,0.012015068,0.10740292,0.093412009,11343999.574166672
600820,0.062940354,2016,1.94e-05,-0.414268761,0.186117703,0.728594507,0.037156704,0.037780468,0.972512258,-0.02606262,0.620559809,0.05541815,28881142.703333367
600826,-0.061889103,2016,1.48e-05,-0.237343264,-0.319309731,-0.783521809,-0.153473344,-0.207550429,1.068984645,-0.243739349,-0.920500453,0.83159756,11657049.405
600834,0.036275029,2016,1.48e-05,-0.444354302,-0.049081598,0.483037157,-0.153473344,-0.245249289,0.816929083,0.501100718,-0.094570979,0.713118272,6695679.034999999
600839,0.045888918,2016,1.74e-05,-0.213112884,-0.193436408,0.60904685,-0.027463651,-0.289368116,1.207395363,0.353093342,-0.184421347,-0.032991787,19434982.475833338
600862,0.089674381,2016,1.09e-05,-0.375172469,-0.3271759,0.841680129,-0.654281099,-0.394325188,1.007822102,0.310562571,-1.261675818,0.011324255,8508049.530833328
600869,0.054352027,2016,3.1e-05,-0.305380143,-0.35670048,0.673667205,0.466882068,-0.202102755,0.911697786,0.258385943,-0.578341455,0.002218156,16645929.160833335
600871,-0.083994523,2016,6.8e-06,-0.324490356,-0.143339143,-0.896607431,-0.990306947,-0.505564966,0.78038682,-1.088504255,-2.297972566,0.500287346,8265937.4991666665
600873,0.073245675,2016,2.07e-05,-0.27405859,-0.061036961,0.777059774,0.10177706,-0.282731587,0.991954756,0.412698568,0.600485197,-0.324175866,20005323.4725
600875,-0.021981569,2016,2.77e-05,-0.238283284,-0.030931833,-0.382875606,0.408723748,-0.21584278,0.90385122,0.137062923,-0.458817454,0.357579062,20336766.164166655
600879,-0.039859841,2016,4.25e-05,-0.212371965,0.111673563,-0.596122779,0.680129241,-0.153830237,1.32005379,0.241896,-0.615265408,0.260458754,14633129.630833328
600893,0.036458912,2016,8.93e-06,-0.190338623,-0.217800445,0.486268174,-0.896607431,-0.281173717,0.897562618,-0.121465821,-0.986154638,-0.020752091,48430961.130833335
600894,-0.054026541,2016,2.67e-05,-0.495225922,-0.096689982,-0.757673667,0.386106624,-0.289065637,0.908669022,0.507343852,-0.117140625,0.138018823,12332355.094999986
600900,0.052137446,2016,1.04e-05,0.127953888,0.246997147,0.660743134,-0.731825525,-0.054965956,0.37226096,-0.249296243,0.686477856,0.047914651,124138929.60166644
600967,0.034659056,2016,2.22e-05,-0.079346497,0.266209706,0.466882068,0.169628433,-0.24739743,1.172575886,-0.213959613,-1.873198553,-0.003305907,9356925.729999999
600970,-0.024768943,2016,0.000113595,-0.225330977,0.372575503,-0.428109855,0.967689822,-0.107318657,1.308219373,1.399841376,0.238343685,-0.870404651,11079708.675000008
600988,0.039356624,2016,2.13e-05,-0.247751348,-0.326899424,0.531502423,0.127625202,0.313036012,0.503966824,-0.507214916,-1.258918272,0.585239606,10000880.232500004
601000,0.078755638,2016,3.31e-05,-0.413539824,0.349691049,0.789983845,0.502423263,-0.120606569,1.100379354,0.040221427,-1.106563587,-0.169276575,15892010.778181832
601016,-0.053018705,2016,3.18e-05,-0.221087793,-0.266703338,-0.741518578,0.486268174,-0.445545159,0.730779576,0.515410976,-0.935266941,-0.031746967,8371109.18333333
601018,0.04922377,2016,2.73e-05,-0.25504688,0.138582647,0.641357027,0.399030695,-0.379074902,0.644376283,-0.415594551,-0.102844925,-0.137332988,69306181.81818181
601021,-0.011894633,2016,3.56e-05,0.031246476,-0.305917369,-0.221324717,0.567043619,-0.404624815,0.901765137,-0.296937233,0.288513735,0.227452324,9121666.666666666
601098,-0.013268164,2016,1.02e-05,-0.332323402,0.042750583,-0.234248788,-0.770597738,-0.302598535,0.828556611,0.263814273,0.684050328,-0.045089347,32188809.99999999
601107,0.094410345,2016,2.19e-05,-0.263707235,-0.028431659,0.857835218,0.153473344,-0.151261753,1.021807895,0.318946169,-0.041349857,-0.074156,10063950.133333331
601111,0.018889686,2016,3.66e-05,-0.091807186,0.421388357,0.256865913,0.596122779,-0.16060463,1.32516741,-1.005963974,0.493702558,0.522919143,60637087.75000001
601117,-0.019617047,2016,0.000110217,-0.023587165,0.264471078,-0.327948304,0.964458805,-0.01744265,1.192715705,-0.156089737,-0.234013118,-0.282951454,28533294.16666669
601126,0.028762304,2016,1.16e-05,-0.454337352,-0.101360584,0.382875606,-0.55088853,-0.267251608,1.040045525,0.584674872,-0.124180644,-0.126519266,7891156.616666668
601179,0.046588663,2016,7.5e-05,-0.38580947,0.100498877,0.615508885,0.88368336,-0.170861548,1.151692232,-0.029861529,-0.115313002,-0.162578568,25235573.13500002
601186,-0.001606389,2016,4.89e-05,-0.285962225,0.209584932,-0.088852989,0.731825525,-0.11195499,1.559519704,-1.142941006,-0.198108061,-0.384997215,112189691.95583327
601216,0.023059139,2016,1.9e-05,-0.316409938,0.293338512,0.321486268,0.027463651,-0.198372456,1.037923409,-0.391550134,-0.185031215,0.431262094,30720000.000000015
601222,0.016983989,2016,8.78e-06,-0.340111356,-0.378096433,0.214862682,-0.906300485,-0.238577081,0.61945405,1.400675869,0.478289653,-0.262784258,12902250.100000001
601233,-0.140022277,2016,1.08e-05,0.72393079,0.291234958,-0.974151858,-0.673667205,0.080083654,1.284072985,0.380792304,-0.2004584,0.057598918,11722997.000000007
601369,-0.036028034,2016,4.51e-05,-0.021627439,0.045373681,-0.547657512,0.712439418,-0.2036802,0.886860162,0.827132434,-0.105807842,-0.064414539,10915575.395833327
601390,0.009289602,2016,0.000116738,-0.141700242,0.240789136,0.059773829,0.97092084,-0.191258906,1.36050299,-0.948848988,-0.10761015,-0.224678323,138065791.8925002
601588,0.083830351,2016,1.14e-05,-0.423232237,0.444768819,0.82552504,-0.592891761,-0.222864159,1.405853469,0.155106615,0.458382676,0.13475266,11083333.333333334
601618,0.071162825,2016,0.000100337,-0.338043007,0.337909449,0.767366721,0.951534733,-0.227193713,1.625663553,-0.652334165,0.00591431,-0.241143385,67256525.00000009
601636,-0.038346612,2016,2.22e-05,0.028249355,0.444904732,-0.576736672,0.169628433,-0.25248968,1.110095172,0.529520691,-0.180153389,0.045125389,8548603.843333336
601668,0.017569842,2016,8.19e-05,-0.200426309,0.83544358,0.221324717,0.915993538,0.430234246,1.674788861,-0.985389219,0.33079008,-0.114992697,193339583.41833326
601669,0.031799655,2016,0.000123288,-0.315038733,0.384688278,0.444264943,0.977382876,-0.098028506,1.564135188,-0.327950934,0.614006528,-0.618596933,48485250.00000007
601718,0.009774094,2016,9.38e-06,-0.547362265,0.139934561,0.085621971,-0.857835218,-0.204990903,1.131016328,-0.596507444,-1.015959611,0.145846108,31961673.333333325
601727,-0.031772795,2016,2.34e-05,-0.175164428,-0.003824682,-0.505654281,0.243941842,-0.278086733,0.784113656,1.758499738,1.664557245,-0.282701247,80941531.11749992
601766,-0.03757675,2016,4.18e-05,-0.234679168,0.105520936,-0.573505654,0.660743134,-0.238835836,1.16045545,-0.832851375,-0.082094975,-0.058293709,221881457.5508332
601800,0.022133048,2016,4.48e-05,-0.294189382,0.505393034,0.308562197,0.702746365,0.13601744,1.578412584,-0.316963943,0.611692855,-0.668803194,141975129.47583345
601866,0.056712854,2016,2.42e-05,-0.318953528,-0.104592728,0.683360258,0.282714055,-0.429671397,1.085582325,0.065728762,-0.33266626,0.075531835,33328145.208333332
601877,0.103292771,2016,2.67e-05,0.128459907,0.080672152,0.896607431,0.386106624,-0.217790688,1.167339268,0.752492081,1.038914694,-0.279593539,26170614.56166664
601880,0.035959768,2016,4.09e-05,-0.351455198,0.149815248,0.473344103,0.657512116,0.077972767,0.63243331,0.326051576,-0.781852978,-0.303725247,18848213.31666667
601886,-0.021266039,2016,8.93e-06,-0.181919842,-0.008194904,-0.360258481,-0.896607431,-0.160229198,1.111877954,1.012874223,-0.088761188,-0.344685819,12659928.500000006
601899,0.013916724,2016,6.54e-06,0.079566256,0.019559896,0.156704362,-0.996768982,-0.049741809,0.674410494,-0.881275267,-0.90377674,0.12963338,51401871.3716667
601928,-0.019977732,2016,1.82e-05,-0.360892574,-0.079600027,-0.334410339,0.001615509,-0.347149815,0.81561283,-0.044410252,0.087861499,-0.02516936,27658821.50000001
601958,-0.024506872,2016,1.27e-05,-0.138708763,-0.133527077,-0.415185784,-0.357027464,-0.090110405,1.424371236,-0.019890695,-0.651581388,0.013360353,24828720.857499983
601965,-0.004896263,2016,2.41e-05,-0.08559772,-0.037504276,-0.13085622,0.273021002,0.129985714,1.265647151,0.53056108,-0.340147135,-0.28571891,8822830.195833331
601985,-0.010092743,2016,9.46e-06,-0.277681024,0.141077724,-0.201938611,-0.851373183,-0.262045056,0.830449881,-0.287181609,0.173797806,-0.12144034,28561023.749999996
601992,-0.009924522,2016,1.4e-05,-0.49746382,0.6514527,-0.198707593,-0.211631664,-0.058998224,1.330401676,0.918455438,0.464908254,-0.560090241,26543308.67083332
603019,0.023037886,2016,5.29e-05,0.609663278,-0.301879101,0.31825525,0.786752827,-0.398189817,1.191519243,0.746102718,-0.507541287,0.607028986,11917189.171666669
603077,-0.020720395,2016,3.68e-05,-0.253779604,0.021230863,-0.34733441,0.602584814,-0.249460947,0.610605217,0.99178475,0.157004693,-0.145015707,15312673.534166666
603128,0.128087572,2016,7.11e-05,-0.321876366,-0.131542776,0.951534733,0.873990307,-0.136558004,1.143675269,1.152292144,0.602952713,-0.321018013,7787095.366666668
603766,-0.012381034,2016,1.98e-05,-0.224373004,-0.09083289,-0.231017771,0.053311793,-0.126965723,1.297879066,0.675548676,0.013954841,-0.381957003,15473538.936666675
8,-0.048057413,2019,9.54e-06,-0.256721741,-0.229533231,-0.742788462,-0.627403846,-0.07846693,0.948158027,0.909435463,0.162840619,0.344711842,9890342.780000001
12,-0.039340847,2019,1.19e-05,1.059974196,0.188846423,-0.629807692,-0.240384615,0.375734812,1.195506062,0.264493551,-0.586635914,0.474632118,8534601.364166666
35,-0.044088777,2019,4.22e-05,-0.119732565,-0.162974964,-0.6875,0.737980769,0.168921865,0.880254317,0.461869486,0.184743018,-0.118744539,7079087.074999999
40,-0.007105717,2019,8.59e-06,-0.058998452,-0.559088849,-0.125,-0.805288462,-0.424078553,1.328340525,1.161461231,-0.593982035,0.570679777,6450405.464166671
59,0.011299721,2019,2.76e-05,0.797015222,-0.270647977,0.235576923,0.471153846,0.049027013,0.759056049,0.744656154,0.348140473,0.207102384,10003158.584999997
60,-0.025697404,2019,1.63e-05,0.219126756,-0.202874188,-0.454326923,-0.024038462,0.087808098,1.038944835,0.378242624,0.072111151,0.63195508,15857872.823333329
65,0.027258252,2019,0.000201098,0.176098413,-0.165083947,0.485576923,0.995192308,0.119552605,1.152670802,1.312577542,0.66865216,0.206596327,5575060.955833334
70,-0.038285549,2019,9.36e-06,-0.177640255,-0.211873373,-0.615384615,-0.663461538,0.812377142,1.094529175,0.934007774,-1.940608237,0.714502809,8656908.269166667
88,-0.007109237,2019,1.23e-05,0.004991045,0.071539667,-0.129807692,-0.221153846,0.11473949,0.873974529,0.714505359,0.10385963,0.552707188,11238863.999999993
89,0.012665202,2019,3.15e-05,-0.001212601,-0.134802545,0.257211538,0.5625,0.247556702,0.998358653,-0.186977708,-0.158410699,0.475640554,19401988.530833345
90,0.026089545,2019,2.03e-05,-0.161159567,0.467283144,0.463942308,0.223557692,0.532767432,1.010675029,0.452543556,0.135468989,0.475873939,9491692.595833335
157,-0.011493436,2019,5.74e-05,0.454091323,0.101317382,-0.204326923,0.860576923,0.933056151,1.23706099,0.303200528,1.026768508,-0.166283794,33820838.99833334
158,-0.022846063,2019,1.9e-05,0.083579196,0.89826548,-0.413461538,0.112980769,0.287330648,1.196460151,0.562977995,-1.759998839,-0.342939137,9374546.47416666
301,0.040315672,2019,2.27e-05,2.730486664,0.018157155,0.649038462,0.338942308,-0.048919586,0.809511698,0.333898352,0.284626676,-0.038475551,6475941.9025000045
338,0.009920071,2019,1.49e-05,0.305767557,0.139016629,0.211538462,-0.081730769,1.106099651,1.486973092,-0.118118885,0.738557576,-0.094171511,50296987.1958333
400,-0.06829824,2019,1.2e-05,-0.048095781,0.442173909,-0.870192308,-0.233173077,0.199933244,1.191473642,1.12581476,0.331522427,0.105837409,9634957.245833335
401,-0.057961521,2019,7.13e-06,-0.213769501,-0.077951312,-0.834134615,-0.954326923,0.387234675,1.266182275,0.558056774,0.95136596,0.233890304,21296116.817499988
403,0.029181008,2019,1.19e-05,-0.257120631,1.737904854,0.512019231,-0.240384615,0.263986706,0.827453466,-0.306582967,0.029573899,-0.364084409,8039154.30999999
413,0.031216181,2019,6.67e-06,-0.23316809,-0.481808607,0.540865385,-0.96875,-0.254798784,1.117293341,1.360957317,-0.878726201,0.334716031,24361304.198333353
425,-0.002439183,2019,2.48e-05,0.071627698,0.305635281,-0.004807692,0.415865385,0.691645455,1.337247257,0.524598144,0.895595868,-0.066820759,30936999.217499997
488,-0.011187325,2019,8.13e-06,0.668631987,-0.047311389,-0.197115385,-0.860576923,-0.062104303,0.935087069,0.502493746,0.362422159,0.457529036,9012977.360833334
498,0.1445407,2019,3.56e-05,0.137111844,-0.085778958,0.975961538,0.634615385,-0.076550628,1.284701676,1.192679645,1.073331602,0.588292636,4815097.169166665
507,-0.004245769,2019,6.96e-05,0.148525821,-0.15547455,-0.038461538,0.913461538,-0.077409344,0.867911105,0.768152515,0.089321462,0.662187474,4964884.48666667
528,0.008837966,2019,3.25e-05,0.325326927,-0.045058657,0.192307692,0.574519231,0.151893642,1.162131454,0.544032586,0.820062614,0.172196972,9828859.999999998
541,0.002723257,2019,1.09e-05,0.127667571,0.006453279,0.100961538,-0.350961538,-0.042498233,0.644977347,0.411173157,-0.089942483,0.459565319,5688698.456666663
600,-0.047545419,2019,9.16e-06,-0.020667165,-0.232547616,-0.735576923,-0.704326923,-0.040533881,1.063090917,0.936542087,0.699081331,0.090608629,6662894.72
625,-0.015812869,2019,9.68e-06,1.354312929,0.639003183,-0.28125,-0.596153846,0.503444008,1.350836029,-0.431726534,-0.72169084,0.255014198,30245456.43666667
672,-0.000990973,2019,0.000133611,-0.240530007,0.961340189,0.03125,0.985576923,1.209335562,1.543948536,0.685006455,1.603699786,-0.350130174,10364412.465833342
681,-0.018851464,2019,9.63e-06,-0.314221279,-0.051582489,-0.341346154,-0.605769231,-0.270441508,0.95014017,-0.009665667,0.101533273,-0.777116269,8916413.994166661
690,-0.005574631,2019,9.51e-06,0.11869248,-0.248946015,-0.072115385,-0.637019231,-0.160796751,0.797771047,0.616986613,0.241637972,0.532925564,13422602.358333332
703,0.063054063,2019,6e-05,0.289104169,-0.115338817,0.817307692,0.875,0.218563665,0.842120173,0.139791602,0.399654933,0.458140265,31041876.31
708,-0.05704033,2019,1.54e-05,0.234031823,1.33839116,-0.824519231,-0.060096154,1.74426279,1.003144334,0.511238065,0.68234154,-0.748452272,6769589.738333342
709,0.009605987,2019,1.94e-05,0.187690261,-0.304057467,0.206730769,0.146634615,-0.072939528,0.892355878,0.462263044,0.524451356,0.475065596,30488176.58666669
719,0.01076101,2019,9.56e-06,0.014935884,-0.034453346,0.228365385,-0.622596154,-0.073463972,0.984137389,0.408774347,0.474935389,-0.650259578,4985815.971666665
723,0.026239136,2019,1.4e-05,0.18943578,-0.41039774,0.473557692,-0.115384615,1.896459974,1.401031055,1.336010818,-0.52926683,0.764789337,17839747.466666657
751,0.022285345,2019,1.02e-05,0.232941982,-0.280373247,0.418269231,-0.497596154,0.116523121,0.955393115,0.698909746,0.14900223,0.603783369,4661958.321666663
758,-0.016177048,2019,3.64e-05,0.119071919,-0.248038631,-0.295673077,0.651442308,0.18583794,0.906267464,0.189930852,-1.269847838,1.007831097,9145209.568333331
761,-0.019554771,2019,1.01e-05,0.42225771,-0.25851004,-0.355769231,-0.519230769,0.16913018,0.997132714,0.378369678,0.392702514,0.517582865,12984953.168333322
777,0.003407966,2019,9.98e-06,0.039864426,-0.184968454,0.120192308,-0.53125,0.20294469,1.057275323,0.98374199,0.053627654,0.265868963,5015596.698333331
778,0.028124615,2019,1.86e-05,0.156651865,-0.202708904,0.497596154,0.072115385,-0.001099899,0.873887573,0.511914238,0.362722323,0.507814184,17004765.059166662
786,-0.033807772,2019,5.89e-06,0.835137473,0.163334389,-0.572115385,-0.987980769,0.869532447,1.149296562,0.438090856,1.191114149,0.072660105,28440871.432499964
797,-0.044553617,2019,9.38e-05,-0.185568009,0.005495058,-0.694711538,0.959134615,-0.081399403,0.983857183,0.65334143,0.29185536,0.714621962,5989758.4916666625
801,-0.047064706,2019,9.95e-06,0.146702568,-0.04928779,-0.723557692,-0.540865385,0.232737367,0.903857507,0.75194382,-0.13938478,0.260519579,5887104.586666661
807,0.031659084,2019,1.49e-05,1.689884546,-0.084425896,0.545673077,-0.081730769,0.305321187,1.264039808,0.550365135,0.309634195,0.538870706,11441258.945000002
825,0.020572614,2019,1.83e-05,1.276028292,-0.172361323,0.391826923,0.052884615,-0.003096976,0.945392828,0.644865612,0.269243328,0.477309935,24170315.55916667
829,0.009224349,2019,1.78e-05,0.248005345,0.113366237,0.194711538,0.03125,0.101003171,0.975481074,1.095763721,-1.057987881,0.12577063,5404062.714166668
830,-0.007489888,2019,2.45e-05,1.555179421,-0.280033511,-0.137019231,0.401442308,0.101640626,1.241467516,0.746916739,0.466802417,0.446610561,16594474.861666672
860,0.024638533,2019,2.86e-05,-0.269808464,0.206646265,0.449519231,0.495192308,1.123059495,1.171683428,-0.316623725,0.045411163,0.308298986,33308333.412499998
863,-0.015540049,2019,9.36e-06,-0.07506969,-0.20627289,-0.274038462,-0.663461538,0.16921408,0.909246119,0.601499138,0.30584568,0.619313499,5181654.6675
869,0.082509093,2019,1.56e-05,0.092517738,0.067583211,0.908653846,-0.043269231,0.10856529,0.995867783,0.367020855,0.81379229,-0.303697119,13267129.356666675
877,0.048599496,2019,1.94e-05,-0.124049233,0.331815729,0.725961538,0.146634615,0.701793622,1.219934867,1.080862186,1.617087857,-0.372113099,9239529.615833329
878,-0.039449114,2019,6.06e-06,0.199359736,-0.016917354,-0.632211538,-0.985576923,0.697880512,1.43345517,0.242692583,0.527605114,0.442961608,14913426.970833333
885,0.027466671,2019,2.16e-05,0.040896959,-0.107515356,0.487980769,0.298076923,0.545453449,1.170100221,0.411834217,0.344807043,0.223270382,4918318.148333338
898,-0.020029583,2019,2.98e-05,0.823951591,-0.348811741,-0.360576923,0.53125,-0.126551681,0.983502231,0.365449383,0.462409111,0.562997311,29160065.756666664
903,-0.034831626,2019,2.66e-05,-0.2829627,0.883964197,-0.576923077,0.454326923,0.063119518,0.881931572,0.814304259,-0.788122769,0.904648372,4789199.88
917,-0.016824902,2019,2.02e-05,-0.233671207,-0.112295439,-0.314903846,0.213942308,-0.038185621,1.14350773,0.981250832,-0.362347865,0.453704279,8905873.629999997
930,0.060892882,2019,9.1e-06,0.311461882,-0.105508348,0.810096154,-0.716346154,-0.121047705,0.56753246,0.835240933,0.627699689,-0.792226386,5930601.139999997
932,-0.027680499,2019,1.9e-05,0.766723254,-0.171157808,-0.487980769,0.112980769,0.087883267,1.061565534,0.642779563,0.861459056,0.356489348,19900271.295000017
935,-0.044658263,2019,9.42e-06,0.063088229,-0.203563207,-0.699519231,-0.646634615,0.080111566,1.216584043,1.110640615,0.622900563,0.463683261,11775418.759166658
960,0.010591682,2019,7.92e-06,0.84522652,-0.245429948,0.225961538,-0.891826923,0.078088496,1.133245058,0.381079943,0.131868155,0.478386832,17328932.895833332
969,-0.010309015,2019,2.13e-05,0.286705823,-0.230006459,-0.185096154,0.286057692,0.442436299,1.096356456,0.786946307,-0.625066664,0.457011284,6781007.128333341
998,0.068229482,2019,1.08e-05,-0.051466034,0.149319212,0.850961538,-0.387019231,-0.00671012,1.069720109,0.924894015,0.630426038,-0.677260692,13331480.685000008
1965,-0.001303348,2019,6.82e-06,0.124273493,-0.179658295,0.028846154,-0.966346154,0.10947326,0.896239312,0.271610791,0.406949568,0.545503513,4643495.106666667
1979,-0.027814736,2019,1.38e-05,-0.313169577,-0.195609705,-0.495192308,-0.129807692,0.17181473,1.0516567,0.050786394,0.804501857,0.340678884,102210088.2033335
2010,0.041567606,2019,1.31e-05,0.412951476,-0.275750657,0.673076923,-0.15625,0.07117201,1.078695616,1.001965169,0.338073323,-0.008377547,24185501.98000003
2019,0.041135335,2019,2.14e-05,-0.258898125,0.85718497,0.65625,0.290865385,0.508312941,1.308353192,0.299331538,0.744564956,-0.673788706,10373504.199166672
2027,0.0868104,2019,1.92e-05,0.684371498,0.058240373,0.920673077,0.125,0.200984686,1.282026212,-0.091911311,-0.015835864,0.539567479,84250615.86000003
2041,0.065227728,2019,1.29e-05,0.178893983,0.14449732,0.829326923,-0.170673077,0.760820186,0.756299165,1.517126466,-0.187695079,-0.178342376,6890631.752499999
2042,0.012104076,2019,9.71e-06,-0.23708106,-0.134046148,0.25,-0.586538462,0.401037264,0.707233661,0.328617787,0.091506074,-0.195285179,10450993.879166672
2047,-0.008639875,2019,0.000182636,-0.315137034,-0.107784134,-0.161057692,0.992788462,-0.166749026,0.892626724,0.910079856,0.130430941,0.542555845,7676266.049166662
2051,0.017156609,2019,0.000221909,-0.12218531,-0.375202131,0.336538462,0.997596154,-0.114190891,1.104890869,0.934449371,0.377860657,0.779216535,12503722.293333339
2075,0.057092167,2019,1.13e-05,-0.132206167,0.583065377,0.788461538,-0.274038462,-0.233633469,0.795574137,1.523591647,-0.068316625,0.427389031,17141091.5825
2078,0.050665515,2019,3.78e-05,0.394227297,0.377507215,0.745192308,0.670673077,0.727296479,1.231312558,0.230258982,0.505330592,0.229953142,19327284.48999998
2079,-0.05633394,2019,1.96e-05,-0.05390702,0.79211591,-0.817307692,0.168269231,1.510117589,1.032852961,0.494568892,-2.08294173,0.087292588,5440888.466666665
2080,-0.051728935,2019,8.33e-06,0.694672782,0.723034209,-0.771634615,-0.829326923,1.005980365,1.512293517,-0.192748989,0.295821558,-0.51760721,14108924.995833313
2092,-0.04564021,2019,5.77e-06,1.242797435,-0.439866347,-0.709134615,-0.990384615,-0.030936431,0.99005148,0.743735514,0.208601661,0.312443342,15889713.35666669
2095,-0.010626409,2019,3.63e-05,-0.32308804,-0.164452644,-0.192307692,0.649038462,0.117597625,1.390079454,1.07871494,-0.365347857,0.297481518,5963193.66166667
2097,-0.006465278,2019,1.87e-05,0.433177012,-0.042881105,-0.100961538,0.088942308,0.060251138,1.116857597,1.425635471,0.823898514,-0.041701292,5265973.390833327
2110,0.015420529,2019,7.12e-06,0.062743132,-0.268445882,0.319711538,-0.956730769,0.225750024,1.195859492,0.475723713,0.87557321,0.401665526,13932107.102499994
2120,0.003260385,2019,7.32e-06,-0.455541298,0.022301512,0.112980769,-0.944711538,0.425315087,0.736810526,-0.327824085,-0.239485515,-0.250446668,21115595.129999984
2131,-0.007030389,2019,1.69e-05,-0.400929141,0.995200511,-0.117788462,-0.004807692,0.991657185,1.031354453,0.313434922,-0.972480168,-0.294739649,9564070.769166665
2135,0.008282118,2019,5.45e-05,0.028851049,0.311097562,0.182692308,0.841346154,0.0854913,1.239512857,0.800059357,0.057222442,0.705991477,5408657.467500003
2151,-0.046828277,2019,8.04e-06,0.324420561,0.358575845,-0.71875,-0.870192308,0.181780272,0.956379196,0.282113644,-1.088433605,0.120073069,7598352.417499997
2152,-0.064656799,2019,1.09e-05,0.003800728,0.879984611,-0.858173077,-0.350961538,0.718843692,1.1607852,0.981862324,-1.003119311,-0.01310728,17306959.37833332
2179,0.06665198,2019,9.88e-06,0.909310914,0.212675929,0.846153846,-0.552884615,0.490452667,0.724351518,-0.147953356,-0.612860321,0.130476525,36691049.333333276
2183,-0.02376303,2019,7.81e-06,0.058140131,0.106946677,-0.425480769,-0.908653846,-0.1690635,1.286445896,1.056226109,0.111870229,0.044734782,9992049.022500003
2203,0.105567085,2019,9.3e-06,0.206410971,-0.197099958,0.944711538,-0.670673077,0.29301073,0.809106058,0.000971542,0.14587862,0.131507801,16518039.883333338
2204,-0.047968338,2019,3.82e-05,-0.151571861,0.173385908,-0.740384615,0.682692308,0.075815309,0.882929233,1.286036983,-0.020558359,0.763865551,6719558.235000002
2212,0.000308727,2019,2.48e-05,-0.267890085,0.912434317,0.0625,0.415865385,0.685082513,1.086022744,-0.035371451,-0.814586552,-0.379847709,13130066.59750001
2217,-0.006170292,2019,3.15e-05,-0.326631405,-0.057133856,-0.09375,0.5625,0.178225535,1.403571998,0.910724905,-1.1186014,0.165835815,15212353.444999995
2226,-0.025212914,2019,1.7e-05,0.242372111,0.056440567,-0.444711538,0.0,0.060601737,1.087697454,1.050698948,0.035494645,0.447822575,5204538.609999997
2230,-0.062279327,2019,7.87e-06,0.785227407,0.115667283,-0.841346154,-0.899038462,0.382918621,1.245269592,-0.089704595,-0.640567914,-0.620135369,60028580.97999997
2249,0.020824046,2019,7.84e-06,0.432692587,-0.180908512,0.396634615,-0.90625,0.15229271,1.217899806,0.880024404,-0.964104821,0.993715686,8143299.151666671
2266,0.01549198,2019,2.11e-05,0.283103888,-0.195957928,0.322115385,0.276442308,-0.000639972,0.879429773,0.470524472,-0.014876339,0.243800907,7469952.313333337
2276,-0.023042091,2019,1.39e-05,-0.075293345,0.297015925,-0.418269231,-0.120192308,0.630877318,1.226215179,0.775477951,-0.421256058,0.005113936,6380356.848333332
2292,0.001807926,2019,1.74e-05,-0.242545183,0.294168734,0.086538462,0.016826923,0.729195405,1.266792909,1.175974568,0.276206198,-0.435204839,5707195.3708333345
2294,0.034862482,2019,8.5e-06,0.092356427,0.33991376,0.596153846,-0.817307692,-0.030936528,0.84958226,0.069832822,0.0325737,-0.313637653,22710180.29166664
2303,0.023196842,2019,5.46e-05,-0.179693709,-0.049734182,0.432692308,0.84375,0.166367801,1.201640265,1.46761297,-0.0908386,0.053589686,7592694.43833333
2307,0.055839021,2019,8.17e-06,-0.253517654,-0.126557851,0.786057692,-0.855769231,0.088411684,1.253887107,1.294494773,0.566600102,0.67293321,5649731.1375
2312,-0.047384491,2019,8.95e-06,0.849527093,0.318588175,-0.730769231,-0.740384615,0.325383709,1.093776154,0.830022886,-0.33883302,0.617353279,4499719.888333332
2340,0.003369572,2019,7.14e-06,0.856789288,0.046358221,0.117788462,-0.951923077,0.257964176,1.153460941,0.179199861,-0.102955624,-0.298877256,17652734.81916666
2341,0.0322668,2019,8.51e-06,-0.02551476,-0.171307772,0.564903846,-0.814903846,-0.527121608,0.141045777,1.871146332,0.649004402,-1.597312004,5037028.569166671
2352,-0.030487223,2019,1.42e-05,0.225161239,0.596471035,-0.540865385,-0.110576923,0.125498772,0.49792341,0.186447496,0.152879653,-0.628542177,56031291.1383333
2353,-0.012955627,2019,1.77e-05,0.433163608,0.322030657,-0.235576923,0.024038462,1.443526334,1.198310147,-0.517988321,0.037728312,-0.597301483,17163788.014999997
2366,-0.036430118,2019,1.12e-05,-0.171692124,-0.553287741,-0.600961538,-0.293269231,-0.266070752,1.144832335,1.500421194,-0.138491776,0.172773145,4886439.088333336
2372,0.002839646,2019,3.51e-05,0.788415012,-0.314588608,0.105769231,0.627403846,0.036760492,1.135836712,0.87650792,0.900624298,-0.04001783,21338927.01916666
2375,0.030306422,2019,1.68e-05,-0.234772827,0.717401087,0.53125,-0.009615385,0.142478304,1.191478427,0.526283293,0.10918237,0.297525502,7064144.8991666725
2376,-0.00761372,2019,1.89e-05,-0.092573725,-0.143652174,-0.139423077,0.103365385,-0.210812364,1.003648829,0.998605248,-0.157206106,-0.2150058,8328472.990833336
2383,-0.057411111,2019,1.3e-05,-0.198507227,-0.159990985,-0.826923077,-0.165865385,-0.22422545,0.754864767,0.762857,-1.408556217,0.262479096,5394216.231666665
2424,-0.015497411,2019,1.09e-05,-0.127008241,-0.150648995,-0.271634615,-0.350961538,-0.012110614,0.208100642,0.867274142,0.598345258,-0.616734029,7026984.542500004
2425,-0.029456039,2019,1.03e-05,-0.528778495,1.701966916,-0.521634615,-0.480769231,-0.064471179,1.208575955,1.074748995,0.440688647,-0.610716411,5084173.557500003
2449,0.014669737,2019,1.04e-05,-0.137566012,-0.116715593,0.300480769,-0.466346154,0.240114109,1.315997277,0.215142789,-1.184293211,0.295694141,7306121.134166668
2467,0.259570721,2019,4.1e-05,-0.366149248,0.136242856,0.992788462,0.725961538,0.798643301,0.778257626,0.734418806,-1.03155916,-1.131821662,5774984.560000003
2468,-0.008624938,2019,1.07e-05,-0.543235252,-0.348396281,-0.158653846,-0.408653846,0.191801137,1.151629308,0.073304856,0.580822088,-0.154744469,9321658.705
2498,0.03679558,2019,1.02e-05,-0.23619229,0.562321248,0.625,-0.497596154,0.509657709,0.955609206,0.795618768,-0.258004657,0.46563246,9570083.159999995
2505,-0.014706382,2019,9.62e-06,-0.019723831,0.125143357,-0.269230769,-0.608173077,0.064135342,0.81813977,0.970908417,0.583771584,0.020714249,10431349.466666657
2506,0.023154153,2019,8.63e-06,0.313229523,-0.615730545,0.430288462,-0.788461538,0.164556013,0.459698518,0.050517265,-0.705994161,0.095180678,30891792.057500005
2534,0.01868788,2019,3.96e-05,0.852524499,0.245699628,0.360576923,0.699519231,0.467261133,0.96644984,0.715067416,0.149085866,0.366888424,4905936.735
2537,-0.052776703,2019,8.63e-06,-0.074849023,-0.241439438,-0.78125,-0.788461538,-0.32098326,1.32594297,1.517381847,-0.668913397,-0.007459119,10620913.177499998
2542,-0.001783447,2019,1.87e-05,-0.120726673,-0.254157151,0.016826923,0.088942308,-0.139324832,0.929051434,0.587673229,-0.206029378,0.670929871,4852226.417499997
2543,-0.000923173,2019,3.45e-05,-0.029512458,-0.191257519,0.033653846,0.620192308,-0.015681778,1.009284731,0.480528971,0.037797117,0.28654449,6340259.450000003
2544,-0.104721867,2019,8.88e-06,0.001157305,-0.001220989,-0.963942308,-0.757211538,0.243283269,1.286665759,1.246591352,-1.053070837,0.106761438,6597703.929166663
2545,-0.00189815,2019,7.76e-05,-0.026696449,0.210696081,0.014423077,0.927884615,0.293937851,0.973558487,1.197284583,0.609927219,0.42121723,5707453.12
2573,0.084317315,2019,3.89e-05,-0.051627834,-0.313812338,0.913461538,0.689903846,-0.109112737,1.084971081,1.122421434,0.22393569,0.5214284,7917438.703333337
2583,-0.01657794,2019,1.47e-05,-0.345070601,-0.109172634,-0.307692308,-0.091346154,0.05449877,1.041510554,0.494051483,-1.547069736,0.563137544,9878466.451666674
2596,0.032744669,2019,8.34e-06,-0.284798942,-0.188441319,0.576923077,-0.824519231,0.069936018,1.126886222,2.029648286,0.160197187,0.581641294,6327986.890833333
2603,-0.023182624,2019,8.74e-06,-0.079476316,1.698001181,-0.420673077,-0.764423077,0.180721519,-0.225119173,1.012628096,0.617752229,-1.422422599,11459825.091666674
2611,0.220919089,2019,4.7e-05,-0.01106962,0.179621125,0.985576923,0.778846154,0.116472433,1.015105074,0.584955365,-0.735900239,-0.057662047,4672795.517500002
2640,0.010070207,2019,9.04e-06,-0.466568423,-0.228629256,0.21875,-0.725961538,-0.292287434,1.109735554,2.012409123,0.004554909,0.25820684,9299836.050833328
2664,-0.005868711,2019,1.07e-05,0.17540182,-0.005262516,-0.079326923,-0.408653846,0.317896084,1.072043697,0.783310781,-0.235135781,0.259572624,4944653.287499994
2672,0.046358845,2019,8.2e-06,-0.169140251,-0.207320443,0.711538462,-0.850961538,-0.215105248,1.054528549,0.718804257,0.337497805,-0.211420578,6907687.873333334
2683,-0.027128876,2019,1e-05,-0.206383126,1.941437315,-0.478365385,-0.526442308,1.288711723,1.289534724,0.419805091,-0.978828925,-0.921789949,7744522.8775
2737,0.011334528,2019,1.97e-05,0.098585512,0.00584188,0.237980769,0.175480769,0.041903615,0.225565777,0.591873213,0.358788533,-0.57424667,8043359.398333334
2831,0.052831157,2019,1.02e-05,0.073231631,0.428667899,0.762019231,-0.497596154,0.455472129,1.078364011,-0.152413169,-0.253108043,-0.016770554,6118121.112500001
2912,0.02034104,2019,1.05e-05,-0.604279281,0.717485413,0.387019231,-0.439903846,0.543685192,1.244422886,-0.7172029,-1.714558713,-0.388779259,5249080.594999998
300017,-0.108567009,2019,1.62e-05,-0.320737766,-0.221698128,-0.973557692,-0.028846154,0.201763906,1.484500218,0.977457303,-0.933406027,0.369463922,21545178.96666668
300024,-0.020444155,2019,8.45e-06,-0.231679448,-0.116030032,-0.365384615,-0.819711538,0.043223797,1.121595754,0.58737707,-0.537870586,0.308014196,23048813.05666667
300034,0.0897197,2019,2.1e-05,0.709503957,0.245480561,0.925480769,0.269230769,0.846496678,0.936994332,0.359254489,-0.836757952,-0.616802102,6039468.090833339
300058,0.144513525,2019,1.78e-05,-0.229160196,0.812403618,0.973557692,0.03125,0.29126371,1.229671833,0.974170169,-0.508761561,-0.31156825,10337482.165833332
300070,0.018833682,2019,4.48e-05,-0.106920557,0.035224466,0.362980769,0.766826923,-0.03535445,1.215699509,1.229193009,0.625306372,0.112053295,16770990.67166665
300079,-0.115942076,2019,6.67e-05,0.599938813,-0.176454636,-0.987980769,0.903846154,0.776702854,1.320342708,1.048746876,-1.240555949,0.448838605,6584682.645
300101,-0.065401385,2019,8.7e-06,0.596924639,0.061898801,-0.862980769,-0.776442308,-0.092040438,1.250922745,0.484583339,-1.467941473,0.203686687,5472409.975833332
300114,0.013366502,2019,1.02e-05,0.321314892,0.207457453,0.276442308,-0.497596154,0.583211756,1.269170627,0.561310298,-0.832263479,0.181101432,5865267.1549999975
300118,-0.070786511,2019,3.06e-05,0.289885308,0.460079917,-0.884615385,0.545673077,1.413697222,1.217867756,0.630925222,-0.775155541,-0.324141978,7654624.871666666
300130,-0.06234841,2019,1.47e-05,-0.164054544,-0.131603796,-0.846153846,-0.091346154,0.534903056,1.2810322,1.290897853,-0.8936556,0.126581703,5480418.390833334
300176,-0.137749307,2019,2.09e-05,0.306977642,-0.644041967,-0.995192308,0.259615385,-0.767630989,1.049604405,1.473454359,-0.078630953,0.088432348,7429187.404166669
300188,0.001810444,2019,1.58e-05,-0.129871952,0.100444,0.088942308,-0.038461538,0.300192521,0.971920458,0.184305258,-0.753303554,-0.534654165,8926820.80083333
300197,0.026490998,2019,6.35e-06,0.190371718,-0.300266718,0.478365385,-0.978365385,-0.201407563,1.001891193,0.998871322,-0.393982784,1.226067323,5731509.389999992
300208,-0.022547062,2019,0.000121682,0.593425648,-0.207330639,-0.403846154,0.983173077,0.236960237,0.98459563,1.086665286,-0.262788996,0.280809107,4463684.508333336
300212,0.044081806,2019,1.45e-05,-0.430518679,1.253558225,0.697115385,-0.100961538,0.919461076,1.234557145,-0.08641562,-1.651502726,-0.217132332,13458794.49416666
300226,0.012897094,2019,2.9e-05,-0.252726407,0.241385052,0.264423077,0.504807692,0.685193398,1.235031781,-0.195561843,-1.019936229,-0.07912501,11230206.803333329
300267,0.128906942,2019,3.79e-05,-0.03816845,-0.291802671,0.966346154,0.673076923,0.319620124,0.64500335,1.01651403,0.283392361,-0.866187094,7420836.279999997
300284,0.024532506,2019,1.78e-05,-0.209533705,-0.190992905,0.444711538,0.03125,-0.057099393,0.953395352,1.090468852,0.653607772,0.326162711,5857103.119166665
300297,-0.012532694,2019,7.41e-06,0.040940578,-0.341697757,-0.228365385,-0.9375,0.117482418,1.360721913,1.686205274,-0.87109476,-0.017117871,5324169.431666665
300308,-0.003966886,2019,9.2e-06,-0.395699076,0.826870463,-0.036057692,-0.692307692,0.773523612,1.445388715,-0.904041984,-1.361095694,-0.438178116,12881913.931666667
300324,-0.04529668,2019,1.54e-05,-0.3705881,0.141265113,-0.706730769,-0.060096154,-0.016817341,1.403718032,0.460635562,-1.629159472,0.034897447,6260456.052500003
300349,-0.041663174,2019,2.37e-05,-0.202721461,-0.138300979,-0.663461538,0.382211538,-0.040200608,1.093412618,0.484547355,-0.35524565,0.110799779,6170830.551666663
300352,-0.051769345,2019,9.4e-06,-0.027982641,0.125988579,-0.774038462,-0.65625,1.187989957,1.007511688,0.983693374,-1.547229316,-1.176159964,6558841.387500004
300365,-0.054711196,2019,3.31e-05,-0.208636893,-0.374629694,-0.798076923,0.584134615,-0.082637528,1.086189465,0.756768644,-0.773037155,0.13657972,4801606.172499997
300376,-0.004660434,2019,2.23e-05,0.530767148,0.044628535,-0.048076923,0.324519231,0.077508119,0.864184388,0.779256161,-0.724542915,0.230524403,11083109.061666666
300406,0.064067223,2019,9.7e-06,-0.151278341,0.515179318,0.824519231,-0.59375,0.645906655,1.023314942,0.0361236,-0.508535008,-0.796772419,4958437.650833335
300450,-0.073956041,2019,1.11e-05,1.065440579,0.354848376,-0.901442308,-0.319711538,0.545757662,1.058773353,-0.478677314,-1.337159942,-0.21226933,24999973.61166665
300454,-0.027947383,2019,1.38e-05,0.241836459,1.322001564,-0.5,-0.129807692,0.260039024,0.736245872,-1.226301638,-1.548242322,-0.767393791,16047458.604999995
300470,0.026103851,2019,2.07e-05,0.214004115,0.256944657,0.46875,0.247596154,0.204961719,1.045669325,0.398343038,0.194140364,-0.412108956,4581127.500000003
300523,-0.021428341,2019,1.23e-05,-0.487764716,0.2902849,-0.387019231,-0.221153846,0.11851341,0.918336867,0.266424209,-0.62269153,-0.043261689,5899242.17166667
300527,-0.044627193,2019,4.03e-05,-0.002369429,-0.149513517,-0.697115385,0.711538462,0.718977095,0.860984401,0.989001359,-0.742511527,0.821520294,6237881.604166668
300601,0.035391447,2019,1.08e-05,-0.094198649,2.059240039,0.600961538,-0.387019231,1.42925635,0.687062134,-0.440540167,-0.120684184,-0.831644131,16139921.831666673
300618,0.003919282,2019,9.18e-06,0.251903496,0.448523034,0.125,-0.697115385,0.558527511,1.308948449,-0.138091172,-0.719257029,-0.045538148,8872902.549999999
300676,-0.062577533,2019,5.65e-06,-0.250772455,1.695426039,-0.848557692,-0.992788462,0.129970782,0.302544537,0.770058289,0.447961237,-1.629314695,15758690.400833333
300760,0.014899236,2019,1.54e-05,0.555105452,0.85706204,0.310096154,-0.060096154,0.652865387,0.57262032,-0.471390298,0.401258565,-1.391899946,36120148.07083331
600004,0.043830408,2019,1.07e-05,-0.27054058,-0.167377602,0.694711538,-0.408653846,0.728326605,1.208513741,-0.773194488,0.369281457,-0.377156175,34359342.70000001
600010,0.01914309,2019,1.62e-05,0.413797336,-0.368155757,0.367788462,-0.028846154,-0.117747805,0.809224051,0.481678346,0.211839535,0.534749681,49442847.75083337
600011,0.031748213,2019,1.25e-05,0.013330811,-0.333128659,0.550480769,-0.211538462,-0.243501479,0.736353689,0.342512598,0.528796393,0.234834597,66551287.52500001
600012,-0.011918447,2019,2.04e-05,0.278813394,-0.159473906,-0.213942308,0.233173077,-7.85e-05,0.889918276,0.039736917,0.289435864,0.226313133,7011083.999999999
600017,0.020506055,2019,2.93e-05,0.069566574,-0.213852602,0.389423077,0.514423077,0.045560819,0.899362154,0.594035082,0.40911237,0.331525533,9473013.974999992
600018,0.014839251,2019,4.14e-05,0.154511322,-0.393810731,0.305288462,0.728365385,0.122149988,0.98642413,0.586395805,0.226909775,0.599468755,148562565.90250012
600019,-0.031938306,2019,1.53e-05,0.721657076,-0.267390249,-0.548076923,-0.0625,-0.061127748,1.002694973,0.050967586,0.577614319,0.384597327,141483791.46499997
600020,-0.105641688,2019,8.23e-06,-0.082296432,-0.32177277,-0.966346154,-0.84375,0.206775821,1.042724969,0.503557415,0.412697317,0.313385632,10753674.215833344
600021,0.01487323,2019,1.36e-05,-0.066015263,-0.145612125,0.307692308,-0.132211538,0.018088151,0.719872259,0.341512389,0.262492771,0.289198139,18422951.134166673
600022,0.003287183,2019,1.93e-05,0.345079072,-0.239387302,0.115384615,0.132211538,-0.102891397,0.821096564,0.570082357,0.366154249,0.53715084,17660433.38083334
600029,-0.016593796,2019,4.25e-05,0.146775542,-0.3362689,-0.310096154,0.742788462,0.072424443,1.138151011,-0.047002164,0.309620001,0.50852247,54155626.0225
600031,-0.014082213,2019,3.79e-05,0.590751809,0.440657925,-0.252403846,0.673076923,1.054584972,1.30621459,-0.196301823,1.347372408,-0.513259344,108225131.60666656
600035,-0.015913401,2019,8.27e-06,0.057003683,-0.122966123,-0.283653846,-0.841346154,0.175996652,0.979170278,0.634759271,0.14241965,0.010050923,5196543.923333337
600038,-0.038527712,2019,4.04e-05,0.280615073,-0.007677712,-0.620192308,0.713942308,0.266177029,0.866656266,0.234906644,-0.031061082,0.066303013,26241538.473333295
600039,0.023434823,2019,2.28e-05,0.644491765,0.04859585,0.435096154,0.348557692,0.023599156,0.992962776,0.579506766,0.785866371,0.094980664,12007566.279166669
600056,0.032086454,2019,2.39e-05,-0.129453498,0.053376405,0.557692308,0.384615385,0.05629269,0.148163816,0.747771143,0.658012379,-1.210089591,13964633.371666662
600057,0.004164192,2019,2.96e-05,0.179791909,0.299016715,0.127403846,0.526442308,0.03388925,0.756794735,0.771060914,0.527739109,-0.167181817,9528755.540833337
600058,-0.016107605,2019,8.02e-06,0.285009401,-0.296231511,-0.293269231,-0.877403846,0.213821331,0.980333804,0.782064204,-0.036996016,0.577318909,8515437.33833334
600059,-0.000560365,2019,1.34e-05,0.374711066,0.047628395,0.040865385,-0.146634615,0.284944798,0.834861749,0.431029461,0.378495604,0.079881433,6615075.210000006
600063,-0.021136422,2019,8.9e-06,0.583317564,0.167647697,-0.377403846,-0.754807692,0.672822052,1.173868199,0.795436331,-0.141226043,-0.315908068,6132369.682500002
600066,0.003856837,2019,1.11e-05,0.046715283,-0.001620307,0.122596154,-0.319711538,0.228902071,0.95531192,-0.35019451,-0.520741649,0.43420481,30056069.901666652
600073,0.028189799,2019,9.23e-06,-0.140272419,0.016043705,0.5,-0.682692308,0.065778188,1.199647181,1.401454321,1.390734602,-0.544517503,8290309.973333339
600075,-0.011622101,2019,1.77e-05,0.400119046,-0.100442199,-0.206730769,0.024038462,0.124912466,1.088915695,1.264000757,0.54219008,-0.099499502,4670405.138333335
600085,-0.01883725,2019,9.66e-06,0.498146867,-0.052138337,-0.338942308,-0.603365385,0.038834585,0.357915096,0.296867861,0.428344898,-0.44030063,38890325.063333325
600089,-0.024087612,2019,0.000108161,0.949390547,-0.057036535,-0.427884615,0.973557692,-0.010853967,0.910639882,0.5854349,0.062864275,0.454496738,26359239.759999987
600096,0.058815893,2019,1.39e-05,1.914137404,-0.215216604,0.798076923,-0.120192308,0.042145988,1.152804665,1.038004375,0.315497167,0.270841703,7722359.911666665
600100,-0.110041549,2019,1.48e-05,-0.169943554,-0.206789362,-0.978365385,-0.084134615,-0.112286099,1.096752943,0.476263265,-0.873129396,0.101417195,27569200.076666653
600105,-0.070878657,2019,7.04e-05,-0.098324714,-0.108294411,-0.889423077,0.915865385,0.187820442,1.085676696,1.101533194,-1.06795463,0.39606228,5804427.293333336
600111,-0.002973114,2019,8.62e-06,1.196416125,-0.285341986,-0.019230769,-0.793269231,0.222400078,0.731830236,0.335484679,-0.640680416,0.558352841,39709411.379999995
600129,0.049775508,2019,1.64e-05,0.447023867,0.323102923,0.737980769,-0.019230769,0.354314701,0.396662677,1.101787503,0.645746524,-1.119703449,5887620.833333333
600138,-0.044128107,2019,3.37e-05,0.047565864,-0.231096788,-0.689903846,0.59375,-0.026405495,1.119729962,0.531736741,-0.014037204,0.422379379,9520908.79999999
600153,0.039691198,2019,1.83e-05,-0.015329032,-0.045421156,0.644230769,0.052884615,0.328300425,0.932652677,0.189431365,0.567750743,0.116325952,24541023.254166663
600158,-0.001649794,2019,3.48e-05,0.373901051,-0.20927725,0.019230769,0.622596154,0.114727143,0.757554099,0.917283373,-0.44580142,0.424569513,6683440.65833333
600160,0.005641497,2019,8e-06,0.278039086,-0.027834144,0.146634615,-0.882211538,0.104426529,0.987749063,0.24956735,-1.075880189,0.09544517,19851984.056666672
600161,0.00657938,2019,2.75e-05,-0.103681353,0.769547357,0.15625,0.463942308,0.55790343,0.575533561,0.104542836,0.719339543,-0.992464238,25088512.991666663
600169,-0.009110248,2019,2.27e-05,0.268654659,-0.29568388,-0.168269231,0.338942308,0.029261104,0.981225295,1.255137901,0.525723471,0.630620989,6503899.183333337
600170,-0.01593746,2019,2.16e-05,-0.026948352,-0.166836092,-0.286057692,0.298076923,0.192819436,0.87722443,0.095772146,0.356138472,0.372633956,30418499.66916667
600171,-0.024755432,2019,9.06e-06,0.734726597,0.060503782,-0.439903846,-0.723557692,0.667632065,1.074451316,-0.331190123,-2.031053198,-0.028272475,9673072.089166673
600180,-0.086203357,2019,1.46e-05,-0.073074072,-0.197154147,-0.932692308,-0.098557692,-0.019273854,1.107358769,0.748482768,0.411271461,0.241940254,8083537.032500002
600185,-0.007042727,2019,2.02e-05,-0.375363065,1.350177927,-0.120192308,0.213942308,0.177439246,1.080996584,0.825081069,1.235074077,0.249028693,9995692.580000011
600188,-0.006675717,2019,1.35e-05,0.831999356,-0.119792581,-0.108173077,-0.141826923,0.383038005,1.199972897,0.345642566,0.655166311,0.5663007,30545956.443333358
600190,-0.028323869,2019,1.84e-05,-0.074582819,-0.140057422,-0.509615385,0.064903846,0.135610583,1.051466297,0.985808686,0.392100162,0.524986764,5771739.673333335
600195,0.092068564,2019,1.08e-05,-0.125446961,0.642550351,0.932692308,-0.387019231,0.521551111,1.090967648,0.46983055,0.045901588,-0.341488838,9474382.26
600219,-0.018743068,2019,7.85e-06,0.747338031,-0.093441417,-0.336538462,-0.903846154,0.068984453,0.875837982,0.296079835,0.354383759,0.259863457,22355914.702500004
600221,-0.00619631,2019,1.35e-05,0.010955672,-0.272466587,-0.096153846,-0.141826923,-0.093643682,0.898325453,0.235443592,-0.309829479,0.795715505,31762575.271666642
600229,0.03192178,2019,1.05e-05,-0.174396894,0.000270111,0.555288462,-0.439903846,0.069906312,1.054304072,0.734683355,0.128046165,-0.345423997,5134077.073333328
600233,0.029427651,2019,6.02e-05,-0.313656247,0.175010221,0.516826923,0.879807692,0.262034701,1.1989368,0.209959793,1.012443972,-0.512662883,18256313.356666673
600256,-0.014666371,2019,2e-05,0.214745999,-0.253221466,-0.266826923,0.201923077,-0.107887633,0.872896327,0.636063854,0.251062918,0.481469618,24534284.40666667
600258,0.074029156,2019,7.95e-06,0.535232255,-0.158238782,0.872596154,-0.889423077,0.280130053,1.478006233,-0.343019291,-0.019436346,0.316708268,11942015.809999993
600266,-0.040304664,2019,7.97e-06,-0.079491313,-0.22718131,-0.646634615,-0.884615385,0.239300144,1.005987262,0.383471195,0.583736659,0.293396181,14696223.466666674
600269,-0.012606656,2019,2.09e-05,0.04426216,-0.225997147,-0.230769231,0.259615385,0.067028218,0.796516586,0.219775817,0.381612901,0.189582562,9995542.020000001
600271,-0.005908022,2019,2.03e-05,-0.200197989,-0.306358274,-0.084134615,0.223557692,0.015928561,1.134985382,0.478696616,-0.099533,-0.335541628,43478901.40666668
600295,-0.029044542,2019,1.59e-05,1.600533279,-0.098664249,-0.512019231,-0.033653846,0.20648062,1.085566063,0.341200444,0.719448193,0.036191051,5133149.999999995
600298,0.005013921,2019,1.23e-05,0.08327074,0.557065388,0.144230769,-0.221153846,0.212363692,0.926281639,-0.220280485,0.498196948,-0.457919025,23705375.06
600305,0.043185974,2019,1.1e-05,0.014872967,0.290634662,0.689903846,-0.331730769,0.455018959,1.095075718,-0.210734092,0.5475149,-0.932595162,11182045.603333335
600312,-0.043694638,2019,3.43e-05,-0.220294052,-0.041645195,-0.682692308,0.610576923,-0.20601791,0.969525724,1.539100497,0.085488897,0.566203367,10268502.006666668
600320,-0.005334168,2019,7.5e-06,0.181817298,-0.238381924,-0.057692308,-0.935096154,0.143225369,0.883571826,0.480820069,0.36115634,0.392004325,12075461.496666677
600326,0.002866483,2019,1.47e-05,-0.059191621,-0.077319331,0.108173077,-0.091346154,0.125913243,1.024489695,1.061142922,0.421748134,0.521156789,6229326.1641666675
600330,-0.056318196,2019,3.16e-05,-0.025628731,0.255779022,-0.814903846,0.567307692,0.446776797,1.083429142,0.369538793,-1.720813611,0.200225921,7238389.085833334
600332,0.030006259,2019,6.11e-06,0.06741888,-0.214731637,0.524038462,-0.983173077,-0.008725476,0.606137175,0.531781081,0.457566668,-0.428560235,44773380.170000024
600335,0.026505282,2019,1.98e-05,0.307459833,-0.342723231,0.480769231,0.1875,-0.063442851,1.101984552,0.76986064,-0.170352229,0.507711525,6840026.940000001
600338,-0.011236414,2019,4.49e-05,0.439437929,-0.437007647,-0.199519231,0.771634615,-0.11189679,1.324390045,0.654433509,-0.294904778,0.936409469,13862255.845833324
600339,-0.021825309,2019,1.87e-05,0.253648648,-0.463311681,-0.391826923,0.088942308,-0.067518456,0.949671375,0.674660867,-0.127260584,0.967828043,6049624.129166667
600343,-0.042781715,2019,2.47e-05,0.255305537,-0.251068405,-0.675480769,0.408653846,0.191746417,0.946634513,1.301546355,-0.488415409,0.527541761,6178901.125000005
600362,-0.027001923,2019,5.45e-06,0.648833254,-0.146512657,-0.475961538,-0.995192308,0.284745034,1.11402586,0.078385793,0.279889921,0.489800729,30947126.92750001
600368,-0.051261587,2019,4.82e-05,0.037272951,-0.263640286,-0.766826923,0.783653846,0.485254219,1.069590908,1.140997825,0.767967532,0.111149377,4978107.8199999975
600372,-0.029512783,2019,2e-05,0.227256628,-0.113084742,-0.526442308,0.201923077,0.084388888,0.920070051,0.495062535,-0.431019451,0.437601085,26092031.183333337
600373,-0.010214245,2019,2.62e-05,-0.13194133,-0.037039061,-0.182692308,0.444711538,0.072356626,1.008045956,0.513118562,-0.508949955,-0.330093527,18104504.07749999
600398,-0.005433716,2019,9.88e-06,0.327286885,-0.368313398,-0.060096154,-0.552884615,-0.069797721,0.824045069,0.302177397,0.246150686,0.309059291,38539171.42666668
600409,-0.046017257,2019,2.94e-05,1.258995148,-0.189279965,-0.713942308,0.521634615,0.132574588,0.98667216,0.815638802,0.330364243,-0.531761648,11977758.06666668
600410,0.021019742,2019,8.2e-06,-0.437559491,0.248784369,0.399038462,-0.850961538,0.734192344,1.442459838,0.564104906,-1.605209399,0.480496175,10856500.241666662
600415,0.011081114,2019,3.11e-05,0.060905176,0.164451138,0.230769231,0.555288462,0.108172263,0.960141548,0.694449749,0.089382266,0.705315996,21899865.035833318
600422,0.000255389,2019,1.49e-05,0.004104237,-0.149129372,0.057692308,-0.081730769,0.727499092,0.932713238,0.948044016,0.155380888,-0.311090422,7723005.025833334
600425,-0.020885093,2019,2.5e-05,-0.156273656,-0.114989185,-0.372596154,0.427884615,0.324996513,1.435719219,1.331966612,1.014581317,0.268370779,5319831.7475
600428,-0.044702002,2019,9.9e-05,0.836322375,-0.180249451,-0.701923077,0.966346154,0.133766909,1.02138898,0.765377191,0.529271275,0.361376261,7843716.588333324
600433,0.020289997,2019,2.43e-05,0.774390813,-0.204410375,0.384615385,0.396634615,-0.091130975,1.07099238,0.819929449,0.255483175,0.173629683,4693272.844166662
600435,-0.048793188,2019,1.08e-05,0.037473504,-0.171865326,-0.747596154,-0.387019231,0.106164364,0.869566776,1.035025715,-0.449155025,0.498577966,13109739.30000001
600436,0.078325253,2019,2.62e-05,1.60108974,0.463566504,0.882211538,0.444711538,0.255870769,0.763940201,-0.355719322,0.170171315,-0.381032729,63899839.53250003
600446,-0.02626459,2019,1.72e-05,-0.262640866,-0.027107105,-0.463942308,0.007211538,1.135430525,1.721725041,0.725137063,-0.432147842,-0.064173051,16739989.6975
600477,-0.029991904,2019,8.22e-05,-0.003751235,0.11787792,-0.533653846,0.9375,-0.05109043,1.148538959,0.503524454,-0.218971934,0.299133844,6786896.821666665
600481,-0.033978873,2019,1.16e-05,1.328176813,-0.193583448,-0.574519231,-0.252403846,0.013156061,0.835450803,0.823428704,0.007640042,0.231676441,5915446.4325
600482,-0.01424114,2019,9.48e-06,0.092696877,-0.345634624,-0.259615385,-0.641826923,-0.115485062,0.808728558,0.655296463,-0.432219831,0.815238483,20510032.086666666
600483,-0.035095927,2019,9.37e-06,0.423397852,-0.115733958,-0.586538462,-0.658653846,0.092393246,0.648224446,0.157080289,0.296071669,-0.041608371,13588847.254166668
600487,-0.016802894,2019,3.68e-05,-0.316261109,-0.030884686,-0.3125,0.658653846,-0.052208485,1.101306841,0.845895862,-0.754030581,0.154939032,31811580.03666665
600489,-0.036461697,2019,8.64e-06,-0.069598818,-0.121645285,-0.603365385,-0.783653846,-0.02439023,0.495377495,0.334054116,-0.518920752,0.408074072,29869592.37083334
600490,-0.112094424,2019,7.68e-06,0.203611272,-0.372287272,-0.985576923,-0.918269231,0.006629515,0.937847832,0.830436055,-0.443196596,0.799358073,7202072.862500002
600495,0.034140775,2019,1.35e-05,-0.070026807,-0.202288535,0.591346154,-0.141826923,0.009411533,1.046626387,0.988759049,0.031630816,0.639124196,5521432.349166664
600498,-0.069396769,2019,9.49e-06,-0.358333353,0.035189711,-0.875,-0.639423077,-0.038155414,0.819748331,0.527365571,-1.445664942,0.230487983,30977606.91166666
600499,0.013912436,2019,2.87e-05,2.473741498,-0.073587104,0.290865385,0.497596154,0.055782772,1.178093536,0.365769885,-0.211359644,0.72779969,6283368.674166665
600515,0.072956296,2019,6.27e-06,0.397537748,0.034738839,0.867788462,-0.980769231,-0.067402561,1.075985986,0.643716666,-0.104661203,0.546124355,7864465.774166676
600521,0.017306024,2019,1.01e-05,-0.388726107,1.626298042,0.338942308,-0.519230769,0.537969762,0.893387822,0.26872857,0.614517448,-1.243630336,18989915.74916664
600522,0.018279648,2019,4.23e-05,-0.124224266,0.243964944,0.353365385,0.740384615,0.014371015,0.999608898,0.597965425,-1.132460595,0.344554701,27109215.52833335
600525,0.058040503,2019,2.2e-05,0.313996065,-0.244368972,0.793269231,0.3125,0.333946768,0.963607092,0.268712077,-0.460521215,0.728488193,7877088.605
600528,-0.036486772,2019,9.12e-05,-0.068000301,-0.240941089,-0.605769231,0.951923077,0.091134507,1.040021954,0.550534792,0.57014822,0.412408066,20118756.0275
600545,-0.013224752,2019,1.89e-05,-0.344643801,-0.332119435,-0.237980769,0.103365385,-0.176214765,0.802286275,0.683080938,0.435041905,-0.02059549,5721666.693333328
600547,-0.025491528,2019,9.14e-06,-0.27505895,0.229206674,-0.447115385,-0.706730769,0.490616574,0.236910268,0.405835575,-0.942701528,0.373690117,58566340.79083326
600550,-0.016878641,2019,1.07e-05,-0.152122685,0.25555538,-0.317307692,-0.408653846,-0.175767392,0.913983847,1.283134368,-0.099810589,0.573024916,5721526.6816666685
600551,0.000954415,2019,8.06e-06,-0.112655475,-0.093301507,0.072115385,-0.865384615,-0.043661272,1.058147622,0.751705313,0.870924126,-0.570806683,4439881.535000004
600562,-0.119305111,2019,1.12e-05,0.001292878,-0.047166511,-0.992788462,-0.293269231,0.099083216,0.971827749,0.533028382,-0.73840566,0.334079478,9356286.841666665
600569,0.021291278,2019,1.04e-05,0.51849091,-0.315559494,0.401442308,-0.466346154,-0.144502374,1.096364699,0.886632174,0.726931384,0.835500995,6853916.586666666
600570,-0.027358376,2019,8.91e-06,-0.147597565,1.035108733,-0.485576923,-0.75,0.923495506,1.390620111,-0.408085247,-0.723937996,-0.463960727,55036299.23583334
600572,-0.022169475,2019,7.28e-06,-0.20531083,-0.153698347,-0.399038462,-0.949519231,0.045005555,0.825938913,0.750325944,0.37511951,-0.310896752,18497670.957500014
600577,-0.042735901,2019,9.06e-06,1.308682671,-0.075086328,-0.673076923,-0.723557692,-0.082588265,1.014363583,0.92921826,-0.392818835,0.30872757,5777024.94
600578,-0.029705109,2019,7.63e-06,0.039496855,-0.086346853,-0.528846154,-0.927884615,0.07612588,0.789234425,0.335925142,0.259025269,0.302969904,16765313.871666672
600581,0.017330876,2019,2.72e-05,0.996816113,-0.186058989,0.341346154,0.461538462,-0.014992791,1.230257613,1.16455507,0.807980057,0.623550702,5679386.6083333315
600582,-0.026171947,2019,1.73e-05,0.352688515,-0.163641822,-0.459134615,0.014423077,-0.068014277,0.998250891,0.567579178,0.354214103,0.024245593,14212604.020833319
600583,-0.002558552,2019,3.98e-05,-0.010928714,-0.189532761,-0.009615385,0.704326923,0.497846624,1.155760478,-0.443971991,-0.515533203,0.413911609,26307061.05833334
600585,0.021541148,2019,2.66e-05,-0.199374898,0.302239145,0.40625,0.454326923,0.903974212,1.178922841,-0.025124876,1.479919986,-0.229542178,163374518.01166648
600590,0.066155336,2019,9.21e-06,0.318739504,-0.179613523,0.841346154,-0.6875,0.063732629,1.049256259,1.306077129,-0.490536489,0.115708719,5206376.909166669
600596,0.062456443,2019,8.96e-06,1.109055017,-0.212965961,0.8125,-0.737980769,-0.048961855,1.010676013,0.53698432,-0.096300014,0.550416404,7516582.299999997
600597,0.048243077,2019,1.05e-05,-0.035600669,0.374019676,0.721153846,-0.439903846,0.51046803,1.118678547,0.17570461,1.081309429,-0.808996182,12901082.418333324
600600,0.006515298,2019,7.91e-06,0.489333212,0.538583602,0.153846154,-0.894230769,0.458134725,1.0646941,-0.496530301,0.494889776,-0.073703863,32710259.712499995
600606,-0.019952094,2019,4.83e-06,-0.093444891,-0.06802832,-0.358173077,-0.997596154,0.172066699,1.104962959,0.064531877,0.807536064,0.394801373,84041386.2866666
600623,0.024566149,2019,2.92e-05,0.71226404,-0.335074807,0.447115385,0.507211538,-0.162404771,0.925953889,0.739641334,0.405675255,0.140680382,14493833.800000006
600628,-0.031615701,2019,7.8e-05,-0.335398099,0.620430955,-0.545673077,0.930288462,0.490192839,0.747895071,0.513603145,1.230586458,-0.127253496,4535667.024166667
600636,-0.086965656,2019,4.26e-05,-0.183640682,0.104444773,-0.939903846,0.745192308,-0.041262064,0.861580475,0.79225577,-0.114900007,-0.971369228,5089126.270833333
600642,-0.005907808,2019,1.2e-05,0.062508251,-0.031419956,-0.081730769,-0.233173077,0.214720291,0.720165548,-0.031011563,0.276263784,0.199333931,25939031.670833334
600648,-0.022802138,2019,3.41e-05,0.045204252,-0.329239508,-0.411057692,0.603365385,0.259182006,0.856718069,0.450508621,0.046922294,0.642899904,17099675.78166665
600673,0.020692226,2019,7.6e-06,-0.360530622,-0.133160578,0.394230769,-0.932692308,0.397978148,0.728167503,0.225504792,0.216043952,-0.447334669,20677520.71666665
600685,-0.03671366,2019,6.48e-06,0.211108895,0.106141009,-0.608173077,-0.973557692,0.520454532,0.715871044,0.611964821,-1.027589369,1.121030003,12324950.361666663
600686,-0.021143322,2019,2.65e-05,0.190559732,-0.261525932,-0.379807692,0.451923077,0.013004302,0.834286065,0.693984376,-0.324584478,0.342186146,4678459.535833335
600693,-0.001467599,2019,1.96e-05,-0.151518485,-0.076040463,0.021634615,0.168269231,-0.018674838,0.585099719,0.422029315,0.289730243,0.063869891,4693698.016666667
600704,-0.036221782,2019,1.95e-05,0.88906848,-0.190094827,-0.598557692,0.163461538,0.181325029,0.958968463,0.287865296,-0.089725671,0.566909461,23177129.207499992
600707,-0.016048502,2019,1.25e-05,1.033481966,-0.103691636,-0.290865385,-0.211538462,0.001625799,1.311863423,0.445317803,-1.604748476,0.591031389,6316402.229166668
600717,-0.000346246,2019,6.48e-05,0.067139485,-0.172934486,0.045673077,0.899038462,0.064565032,0.861565202,0.364569298,0.256740359,0.347480965,12920006.3775
600718,-0.071215269,2019,2.33e-05,-0.162759304,-0.116614659,-0.891826923,0.367788462,-0.032090196,1.035947249,0.6315414,-0.304377074,-1.166879124,14705523.057500007
600720,-0.007778364,2019,9.41e-06,-0.327903553,0.888448523,-0.146634615,-0.653846154,0.988593174,1.307601767,0.573834624,1.854703004,-0.613335198,6977055.753333337
600728,-0.086138893,2019,8.51e-06,-0.195799634,-0.089121735,-0.930288462,-0.814903846,0.348916853,0.984312631,0.641794012,-2.042653876,0.567784946,15800078.704166658
600729,0.011274719,2019,1.03e-05,-0.001699907,0.016946443,0.233173077,-0.480769231,0.062494872,0.805901611,0.584641028,0.853272402,-0.410307922,12206680.187500002
600739,0.017379449,2019,9.41e-06,0.082520491,0.289511353,0.346153846,-0.653846154,0.434831185,1.237074071,0.440981049,0.467536175,-0.43077597,20944276.898333322
600751,0.134966069,2019,1.93e-05,-0.125660926,-0.030523844,0.96875,0.132211538,0.064977429,1.122493038,0.8850856,-1.006575753,0.828813434,8157009.294166674
600755,-0.054787748,2019,4.42e-05,0.266963069,-0.222074416,-0.802884615,0.764423077,0.070151725,1.021890685,0.589531456,0.338570881,0.388534903,14326874.234166652
600757,0.032759561,2019,7.34e-06,0.093131936,-0.235605227,0.579326923,-0.942307692,-0.048779458,1.040657846,0.434069184,0.268680771,-0.153800855,7991889.669999997
600761,0.043218577,2019,8.57e-06,0.165744181,0.026531944,0.692307692,-0.807692308,0.134908943,1.044357578,0.452067988,0.613432929,-0.085271683,7217996.45416667
600765,-0.038991428,2019,1.94e-05,1.190280487,0.095929911,-0.622596154,0.146634615,0.361386881,1.085672985,0.977958225,-0.335784918,0.39541255,7479204.0975
600771,0.078374631,2019,2.83e-05,1.747244561,-0.287985275,0.884615385,0.480769231,-0.19013301,0.82640362,0.691291713,0.403186605,-0.395437073,7719771.035833332
600773,-0.016475985,2019,1.04e-05,1.354596811,-0.128643573,-0.302884615,-0.466346154,-0.045774956,0.977526736,0.619412223,0.015517491,0.336527873,4702155.612500004
600775,-0.004381461,2019,5.16e-05,-0.13769896,-0.343091707,-0.040865385,0.817307692,0.242909811,0.940903965,0.95470908,-2.208501797,1.117409718,7502196.906666665
600776,-0.083401695,2019,1.04e-05,-0.18870274,-0.349945353,-0.923076923,-0.466346154,0.794874397,0.981961954,0.893804249,-1.47232199,0.686374,20518151.37333334
600795,-0.000373781,2019,7.7e-06,0.328296282,-0.282871947,0.043269231,-0.915865385,-0.085493062,0.683130402,0.131490564,0.233365616,0.351808035,48847613.97666665
600797,-0.033751259,2019,9.01e-06,-0.199218283,-0.201032567,-0.569711538,-0.728365385,0.380954518,1.1036832,0.890678227,-0.812961333,-0.03679872,9679777.43833333
600801,0.047568454,2019,1.05e-05,-0.191947345,0.153397585,0.71875,-0.439903846,1.278321964,1.419235499,0.303399183,1.276586415,0.074841295,25636739.75666665
600808,-0.013493673,2019,1.4e-05,0.687057196,-0.178720934,-0.242788462,-0.115384615,-0.036574469,0.781847066,0.728539464,0.686695887,0.317765354,19151508.180000007
600809,0.04144554,2019,2.79e-05,2.046188084,1.106448112,0.663461538,0.478365385,1.551212142,1.215723268,-0.808115217,0.044754253,0.406528966,59374823.30000001
600820,0.012766441,2019,8.33e-06,-0.078122553,-0.085851709,0.262019231,-0.829326923,-0.021256276,0.952105266,0.427428597,0.729911866,0.130200294,19993831.07833332
600826,0.08496961,2019,3.76e-05,-0.240506997,-0.066885984,0.915865385,0.668269231,0.198214532,0.950373571,1.01801861,0.661184636,0.084271205,4717853.795833334
600846,-0.070178733,2019,1.12e-05,0.025990367,-0.037300937,-0.882211538,-0.293269231,0.308665103,1.186152163,1.013037501,-0.133574785,0.22880568,5360974.442500001
600848,0.002353104,2019,1.84e-05,-0.001460548,-0.313293097,0.09375,0.064903846,0.173648443,0.820442842,0.713329173,-0.200908331,0.733396837,22168501.213333316
600855,-0.093597948,2019,1.82e-05,-0.173784599,0.127578018,-0.944711538,0.045673077,0.347528523,0.891513806,1.488736359,0.107231447,0.322013175,4574451.7625
600862,-0.106051128,2019,1.97e-05,0.804896446,0.876603731,-0.96875,0.175480769,0.96240676,1.061755919,0.204285209,-0.593933312,0.289456693,13134131.331666663
600863,-0.00011188,2019,7.65e-06,0.032477235,-0.2050297,0.050480769,-0.925480769,0.208676416,0.798551249,-0.071667079,0.616879664,-0.136436452,16848502.17666665
600869,-0.011957328,2019,5.48e-05,0.189273032,-0.12585777,-0.216346154,0.846153846,-0.0047547,0.644466544,0.8637452,-0.259707436,0.21839192,10991344.474999992
600875,-0.069822265,2019,7.86e-06,0.246064988,-0.169559496,-0.879807692,-0.901442308,0.161274461,1.187101883,0.550782525,-0.595406506,0.66829166,19684445.377499986
600885,0.010092918,2019,1.43e-05,0.561146206,0.627091938,0.221153846,-0.108173077,0.525120346,1.048674123,-0.864619159,-0.70099788,-0.31249168,19522062.18166668
600894,-0.001979902,2019,3.53e-05,0.022028781,-0.120221785,0.009615385,0.632211538,0.367427165,1.061512431,1.32389392,0.420926323,0.354604223,6417353.705000001
600897,-0.020841045,2019,4.77e-05,-0.059429256,-0.2685826,-0.367788462,0.78125,0.088676539,0.916609459,0.003618262,0.037638189,0.473748648,6748126.424999998
600900,-0.005503918,2019,9.95e-06,0.112458589,0.082338647,-0.067307692,-0.540865385,0.184217578,0.37659174,-0.30534432,0.31889725,0.030924377,345327891.450834
600936,0.052985744,2019,9.85e-06,-0.23944473,-0.218334112,0.766826923,-0.560096154,0.011379654,1.029980515,1.100113858,-0.046464653,0.362272994,5782392.925833334
600959,-0.004614982,2019,1.01e-05,-0.195420871,-0.167908617,-0.045673077,-0.519230769,-0.026786026,0.815923267,0.606315929,0.02837966,0.183231285,17252660.96583334
600967,-0.008908271,2019,1.94e-05,-0.035366857,-0.083668315,-0.163461538,0.146634615,0.009790999,0.911375492,0.625511915,-0.151694552,0.46581532,10439014.570000002
600970,0.054158301,2019,5.59e-05,0.75173928,-0.146335123,0.776442308,0.853365385,0.306154057,1.178660254,0.72612958,0.710857008,0.422877092,11231504.34416668
600973,-0.027266758,2019,2.08e-05,0.044403534,0.014081681,-0.480769231,0.254807692,0.042015293,0.954481465,0.777367439,-0.43884912,0.328329072,4826326.0133333355
600977,0.03598441,2019,4.42e-06,-0.039671962,-0.157900424,0.610576923,-1.0,0.067896653,1.134714335,0.833896791,-0.054586029,0.355275223,16516685.833333338
600984,0.026263378,2019,1.86e-05,-0.575287553,2.735044406,0.475961538,0.072115385,1.008761368,1.107425246,0.963876962,1.151023211,-0.447191167,6087809.173333329
600988,-0.05664907,2019,8.3e-06,0.240538696,0.91648406,-0.819711538,-0.838942308,0.242084621,0.136441163,0.322971405,-1.375823891,0.426251136,6941723.279166669
601000,-0.028140633,2019,8.54e-06,0.144689264,-0.16861654,-0.502403846,-0.810096154,0.103753089,0.90224682,0.437360002,0.308871973,0.447707954,15107089.270833336
601003,-0.071980288,2019,5.3e-05,0.367554033,-0.170359097,-0.894230769,0.831730769,-0.067961486,0.963963983,0.770184526,0.960945964,0.366627993,15494220.554999992
601006,0.018141423,2019,1.1e-05,-0.012704975,-0.143009953,0.350961538,-0.331730769,0.040633349,0.633344031,-0.0702079,0.330480424,0.287992826,121151961.65750015
601016,-0.007700648,2019,3.39e-05,0.756636391,-0.196293047,-0.144230769,0.598557692,0.04098018,0.99976831,0.674893141,0.252137013,0.305909367,10804456.0
601018,0.044572351,2019,4.32e-05,0.139965809,-0.199203557,0.699519231,0.752403846,0.143829373,1.017375922,0.494709644,0.229444818,0.494400654,52160000.00000006
601021,0.00187376,2019,3.98e-05,0.598950226,-0.228904368,0.091346154,0.704326923,0.36618964,1.048942863,-0.527765365,0.326276255,0.416614694,37612647.03833334
601069,0.006935141,2019,2.94e-05,-0.106803155,-0.114293261,0.161057692,0.521634615,0.000946145,0.572123017,0.317308908,-0.838550233,0.534933622,9307330.000000007
601088,0.013658903,2019,2.87e-05,0.339002264,-0.211532026,0.288461538,0.497596154,0.047249227,0.888861256,-0.182041178,0.521751928,0.539456582,314594034.05500036
601106,-0.018993446,2019,2.87e-05,0.188178421,-0.118648607,-0.34375,0.497596154,0.07366371,0.938216028,0.809979674,0.506056885,0.368477852,20447595.000000004
601107,-0.027735349,2019,2.02e-05,-0.088825822,-0.14949923,-0.490384615,0.213942308,0.220744753,0.996042662,0.590307765,0.477850303,0.221361523,8503172.766666671
601111,-0.007910814,2019,4.3e-05,0.166480969,-0.312314126,-0.151442308,0.75,0.263854828,1.320347032,-0.109631397,0.462032243,0.434632303,85344958.2491668
601117,0.009366687,2019,0.000110674,0.679535627,-0.103501125,0.197115385,0.975961538,0.207051902,1.19271567,-0.022293579,0.543911364,-0.095040448,29647329.99999999
601118,-0.05490105,2019,1.49e-05,0.032414529,-0.069913544,-0.805288462,-0.081730769,0.081821254,0.818740296,0.626540446,-0.470085137,0.901210202,20924769.114166673
601126,-0.066441121,2019,1.05e-05,0.69769886,-0.003498818,-0.865384615,-0.439903846,0.105329032,0.901746321,0.952511441,-0.735922511,0.763104841,4685717.037499999
601127,-0.025522563,2019,9.95e-06,6.950413228,-0.375564442,-0.449519231,-0.540865385,-0.340950126,0.975839783,0.833116526,-0.207352997,0.543268787,8304273.786666657
601139,-0.035913308,2019,9.84e-06,0.025415895,0.156226373,-0.596153846,-0.567307692,0.47513089,0.88440442,-0.131660731,0.276062139,0.104133341,18076282.55083335
601179,-0.040119289,2019,1.54e-05,-0.155689446,0.313400007,-0.644230769,-0.060096154,0.076952508,0.73193615,0.874539187,0.164063799,0.510476161,19076825.486666676
601186,0.041996182,2019,2.83e-05,-0.105947933,-0.153168879,0.680288462,0.480769231,-0.061858588,1.131883182,0.411224843,0.732582805,0.674433687,115655547.46666683
601212,-0.012461092,2019,3.61e-05,0.008639193,-0.428257935,-0.225961538,0.646634615,0.229088209,0.790602344,0.718180649,-0.876077056,1.017745749,7673693.434999991
601216,-0.039254191,2019,7.65e-06,1.081195072,-0.135352098,-0.625,-0.925480769,0.176888228,1.037890706,0.936782026,0.176699392,0.350800358,27529031.73416668
601222,-0.032517739,2019,2.53e-05,0.507135478,0.192173234,-0.555288462,0.432692308,0.028150126,1.146289223,0.759885558,0.125017766,-0.039954696,8486418.464166673
601226,-0.026212307,2019,5.41e-05,0.074720485,-0.188910408,-0.461538462,0.838942308,0.135970278,1.032999771,0.978720301,0.352333461,0.386182926,5055050.000000004
601228,0.008358272,2019,1.91e-05,0.04417087,-0.274028503,0.185096154,0.120192308,-0.039226857,0.83843352,0.240964439,-0.067974672,0.605936093,5990399.649999995
601238,-0.017297743,2019,8.05e-06,0.440133622,-0.172437326,-0.322115385,-0.867788462,0.15329165,1.071487406,-0.058955444,-0.42354127,0.701481569,70060987.81750004
601311,-0.00544276,2019,1.92e-05,0.665381247,-0.164256508,-0.0625,0.125,0.061190383,1.161438282,0.416075472,-0.678899339,0.396424636,8822525.532499997
601326,0.000357515,2019,3.27e-05,0.051465998,-0.279533733,0.064903846,0.579326923,0.022508992,0.900936534,0.611326,0.049199514,0.644545547,5667874.243333331
601333,0.026091923,2019,1.33e-05,-0.050330458,-0.300493423,0.466346154,-0.149038462,-0.027105401,0.915001153,0.253340903,0.228953446,0.459967424,18463974.200000007
601339,0.007860593,2019,1.01e-05,0.635783047,-0.255456543,0.177884615,-0.519230769,-0.276250366,0.761174615,0.948679295,0.471151555,-0.062856691,6788750.0000000065
601360,-0.033407899,2019,9.18e-06,-0.343716289,-0.151926836,-0.567307692,-0.697115385,0.13998438,1.029332144,0.603020549,-1.347354209,0.317792867,8925682.45
601368,-0.011869107,2019,1.02e-05,-0.06483542,-0.149546332,-0.211538462,-0.497596154,0.012057332,0.771081341,0.904796697,0.498995241,0.125702736,4447363.701666668
601369,-0.003395429,2019,9.37e-05,0.314284519,0.000298162,-0.026442308,0.956730769,0.116311156,0.95396555,0.675560652,0.697095036,-0.190843241,10572799.287499996
601390,0.038679844,2019,5.72e-05,0.059693771,-0.22660473,0.637019231,0.858173077,-0.146213009,1.061804375,0.441570067,0.585496975,0.684617943,119633441.3466667
601515,0.070762821,2019,9.9e-06,0.056691971,-0.201992502,0.858173077,-0.545673077,0.169945442,1.011475588,1.197361687,0.478479124,-0.17247447,10270802.66666667
601567,0.035962172,2019,2.93e-05,2.133216574,0.199543289,0.608173077,0.514423077,0.365771698,1.066987549,0.738084585,0.199021159,0.175069325,9078075.372500004
601588,0.051446346,2019,2.14e-05,-0.136544065,-0.262187869,0.754807692,0.290865385,0.230367556,1.073342914,0.708498053,0.768458509,0.527671984,9088333.333333325
601607,0.004300932,2019,8.62e-06,0.158200343,0.021134746,0.129807692,-0.793269231,0.089771924,0.151222385,0.748649041,0.571443124,-0.75911104,35468536.4066667
601608,-0.049376679,2019,2.75e-05,0.078840822,-0.219856686,-0.75,0.463942308,0.410928955,1.159761984,1.163163618,0.344497811,0.314806457,17071998.73500001
601611,0.015785088,2019,2.26e-05,0.159772912,-0.212017881,0.324519231,0.334134615,0.083621436,0.993412561,0.696047949,0.377088485,0.299637259,14244547.270833336
601618,-0.001978745,2019,5.2e-05,0.200187579,-0.167807849,0.012019231,0.822115385,-0.092411784,0.972202486,0.80340754,0.862080242,0.429746333,53542980.328333266
601636,-0.003376094,2019,1.83e-05,2.156665869,0.578299075,-0.024038462,0.052884615,0.544896498,1.279815257,0.73871064,1.391972774,-0.304841416,10753329.771666666
601668,-0.007099555,2019,6.87e-05,0.004264422,-0.15181342,-0.122596154,0.911057692,-0.000252459,1.037709286,0.096176557,0.820485809,0.229151447,235267483.04749992
601669,0.013235719,2019,7.41e-05,0.111663677,-0.343472837,0.271634615,0.923076923,-0.103208005,1.012173599,0.444736614,0.697569129,0.54472376,54886177.584999956
601718,-0.021866458,2019,7.29e-06,-0.157122542,-0.161607442,-0.394230769,-0.947115385,-0.038885397,-0.076958896,1.250860727,0.317445267,-0.895878958,16618657.603333332
601727,-0.04748608,2019,3.34e-05,-0.171805007,-0.065763534,-0.733173077,0.591346154,0.005527029,0.96699602,0.248066336,-0.297275494,0.554934341,53646946.89916668
601766,0.004881525,2019,5.01e-05,0.102229567,-0.308199893,0.139423077,0.807692308,-0.204444632,0.886875105,0.376693554,0.471334103,0.605258935,182443928.7283337
601800,0.033823932,2019,6.01e-05,-0.106714505,-0.32832488,0.584134615,0.877403846,-0.182430822,1.115466348,0.599460804,0.935032172,0.612956799,125959731.8458333
601872,-0.013827559,2019,3.7e-05,-0.042771644,0.359076454,-0.245192308,0.661057692,1.237578578,1.001143087,0.595475673,0.453199881,0.658470154,25286241.55666666
601877,-0.004495375,2019,1.54e-05,0.247710928,0.175303258,-0.043269231,-0.060096154,0.117347493,1.019549731,-0.420328234,0.042916736,-0.002571056,43556749.0233333
601880,-0.014492367,2019,2.84e-05,-0.011203332,-0.197477251,-0.262019231,0.490384615,0.090990362,0.804802245,0.416574598,0.098270842,0.542627198,16232328.966666669
601899,-0.032573488,2019,1.51e-05,1.210868215,0.181889253,-0.557692308,-0.067307692,0.392036287,0.932353214,-0.310559584,-0.280123744,0.490257936,61403737.87083337
601900,0.006459895,2019,2.33e-05,-0.127195436,-0.038848025,0.151442308,0.367788462,0.111107588,0.91762829,0.692843698,-0.295896229,-0.274358821,7612935.9483333295
601919,-0.017772344,2019,4.82e-05,7.687796763,-0.319493986,-0.331730769,0.783653846,0.285318571,1.070494097,0.437054192,0.531391138,0.463743811,37332084.544166654
601985,-0.00135229,2019,4.91e-05,0.253084321,-0.259827104,0.024038462,0.793269231,-0.044965857,0.800913191,0.267445746,0.214404355,0.362524974,85181822.65583314
601989,-0.040627441,2019,1.28e-05,0.014262613,-0.29059477,-0.653846154,-0.180288462,0.216643502,0.796735142,0.528099061,-0.246511945,0.752440269,99608681.46666658
601991,-0.0134863,2019,1.57e-05,0.26429012,-0.303431056,-0.240384615,-0.040865385,-0.206390472,0.81389533,0.553222534,0.201503193,0.573155557,29291803.43333337
603018,-0.056264733,2019,1.82e-05,-0.01051534,-0.058518249,-0.8125,0.045673077,-0.121608333,0.951620021,1.026702173,0.883147146,0.350354783,5425084.18333333
603025,-0.017745161,2019,1.26e-05,4.242434719,-0.279923308,-0.329326923,-0.192307692,-0.139183698,1.054533878,1.181333388,-0.031434187,-0.077629344,8989505.041666662
603128,0.081862415,2019,4.14e-05,2.127345041,-0.384462344,0.903846154,0.728365385,0.182148821,1.169511262,1.48437058,0.579453066,0.15005462,7685919.461666671
603167,0.033843873,2019,9.9e-06,0.116474,-0.217843101,0.586538462,-0.545673077,0.286565516,0.928338652,0.567573841,0.030064365,0.561482734,4525492.470000002
603169,0.052981154,2019,3.42e-05,0.041172267,-0.433289935,0.764423077,0.605769231,0.347563592,1.132069507,1.481637547,-0.114064948,0.405972938,6355956.047499997
603308,0.032733843,2019,1.1e-05,0.401844404,1.091408095,0.574519231,-0.331730769,0.854852578,1.354846292,0.667304678,-0.962974408,-0.264260413,4558207.0983333355
603333,0.01915943,2019,6.45e-05,-0.159523495,-0.32800576,0.370192308,0.896634615,1.020251414,0.690207375,1.271211597,0.12798436,0.259347032,4587260.1008333275
603515,0.065931656,2019,9.51e-06,-0.059012188,-0.164234956,0.838942308,-0.637019231,0.005505294,1.098181932,0.049430815,0.116718124,0.044419333,10860456.441666668
603606,0.030722044,2019,5.99e-05,0.380243209,0.668970957,0.536057692,0.870192308,0.58998551,1.307811169,0.37723573,-0.271896447,0.318883761,6202393.781666669
603609,0.034579641,2019,3.44e-05,-0.297558047,0.258958401,0.59375,0.617788462,0.525562158,1.018540744,1.203911264,0.573168223,-0.042486128,10087019.098333327
603636,-0.094290887,2019,1.55e-05,-0.216564936,0.202165106,-0.947115385,-0.048076923,0.177103022,1.145324669,0.757128221,-1.369027152,0.105129766,5702067.778333335
603660,-0.024904164,2019,9.53e-06,-0.245274874,-0.42109082,-0.442307692,-0.632211538,-0.085470832,0.846443863,0.537338625,-0.479770596,-1.494678399,4691930.4449999975
603688,-0.022981134,2019,1.97e-05,-0.019653137,0.876110912,-0.415865385,0.175480769,0.702982694,1.342851465,0.600605747,-0.838502079,-0.527544866,4821635.196666672
603698,0.011853723,2019,9.87e-06,0.578686372,-0.132357823,0.247596154,-0.555288462,0.123477693,1.067905559,0.601327877,-0.539548483,0.62822792,6721623.824999998
603699,0.040660638,2019,1.66e-05,-0.32077551,0.351364085,0.651442308,-0.012019231,0.203610131,1.033075516,0.67186236,0.615855025,-0.043799132,9207585.436666673
603737,0.041556078,2019,8.15e-06,1.640399452,1.939632625,0.668269231,-0.858173077,2.093170964,1.082492921,-0.287026305,0.50349358,-0.251764509,7906419.201666671
603766,0.035886144,2019,8.32e-06,-0.031735759,-0.090348266,0.605769231,-0.831730769,-0.101760018,1.101814082,0.725096926,0.031348152,0.556327404,8449163.183333335
603799,0.005013804,2019,7.73e-06,1.902796458,0.797156851,0.141826923,-0.911057692,0.681928126,1.132965656,-0.296257579,-1.152467106,0.426137582,27926465.401666682
603858,0.0465733,2019,3.97e-05,-0.190496559,0.52437344,0.716346154,0.701923077,0.11025737,0.81077223,0.467771946,0.101274842,-0.223558674,13326894.097500004
603869,0.015044777,2019,1.64e-05,-0.197647374,-0.13212328,0.3125,-0.019230769,0.15210859,0.96854631,1.216617751,-0.203797194,0.257272519,5371633.931666668
603885,0.013044825,2019,8.73e-05,0.661973687,-0.308464569,0.266826923,0.949519231,0.179495285,1.253010193,-0.000607011,0.546430163,0.253089095,24138383.531666655
603888,0.015979596,2019,2.13e-05,-0.060673927,0.118176746,0.331730769,0.286057692,0.641116741,1.278432947,0.763057032,-1.172155908,-0.034232587,5295699.77666667
603979,0.054816903,2019,2.53e-05,0.728545725,0.216217416,0.78125,0.432692308,0.184817488,0.833895134,0.306068224,0.25030765,0.367519711,4989131.517500003
12,0.003384335,2017,1.35e-05,-0.079703538,-0.296138339,0.334196891,-0.28238342,-0.147715361,1.389545416,0.719596662,0.418182527,0.226670151,13192279.471666671
21,0.004425119,2017,1.08e-05,0.188620373,-0.2112828,0.46373057,-0.652849741,0.022434067,1.200908012,0.200514751,-1.564066686,-0.601982833,13305852.7125
31,-0.00288533,2017,2.67e-05,0.12209808,-0.236499368,-0.42746114,0.259067358,-0.106213129,1.295490412,1.574666661,1.367866302,0.431951833,14564172.234285714
39,0.008939906,2017,3.19e-05,0.013193088,-0.272276566,0.720207254,0.401554404,0.545638415,1.72971818,0.975722659,0.642729109,0.196432251,22818928.809166655
65,0.028572002,2017,0.000192438,0.132845187,-0.520266378,0.966321244,0.989637306,-0.336468285,1.47250809,0.677220378,-0.057319353,0.695937881,10160010.287500007
69,-0.004805404,2017,1.08e-05,0.034928684,-0.292330618,-0.598445596,-0.652849741,0.216277721,1.391837233,-0.173451917,0.784894407,0.385684111,51584236.35749998
88,0.030071015,2017,3.78e-05,-0.177024709,-0.381722289,0.971502591,0.551813472,0.061404496,1.265161756,0.815878299,0.092772586,0.23313725,16850203.499999978
89,0.003437511,2017,1.16e-05,0.144915447,-0.174571306,0.349740933,-0.528497409,0.08309077,0.859888887,-0.140874968,-0.119063612,0.219311119,18063861.425000004
90,0.003882695,2017,2.09e-05,0.059439259,-0.322281195,0.39119171,0.012953368,0.04259529,1.175817997,0.936442569,0.350707678,0.303842338,8137017.864166673
156,-0.003546019,2017,1.23e-05,0.15256975,-0.353444074,-0.461139896,-0.406735751,-0.36743373,1.397328485,0.262091544,0.031700572,0.653339048,14968950.635833332
157,0.004012932,2017,9.28e-05,0.514150317,-0.069239394,0.411917098,0.924870466,0.001210126,0.721933385,0.496108575,0.378005431,0.012802344,28561111.94499999
158,-0.034614117,2017,1.12e-05,-0.223190951,-0.437159726,-0.961139896,-0.582901554,-0.18333316,1.084605732,1.276143102,-0.102662551,-0.134051384,9874801.584166674
338,-0.006221198,2017,1.87e-05,0.457625761,0.35691073,-0.67357513,-0.069948187,0.714493131,1.488216484,-0.110251473,0.39533513,0.009902441,29201290.451666668
400,0.001087379,2017,4.18e-05,0.148901977,-0.568676677,0.049222798,0.619170984,-0.28042471,0.977874731,1.066894164,0.17687652,-0.167195016,15456410.17333333
401,-0.000498062,2017,2.7e-05,1.00537635,-0.43192804,-0.163212435,0.272020725,0.143087479,1.52359522,0.285517532,-0.508741519,0.504126832,21123712.69545456
423,-0.010137993,2017,1.2e-05,-0.257692399,-0.252810693,-0.803108808,-0.461139896,0.117369699,0.764150656,-0.371202746,-0.158035151,-0.139138151,41281367.91500001
425,0.00983218,2017,3.1e-05,0.050107334,0.125090687,0.740932642,0.378238342,0.355646328,1.214113479,0.430366444,0.613952894,-0.103895009,26826152.324166704
488,-0.005605918,2017,9.84e-06,-0.356002561,-0.013455323,-0.64507772,-0.777202073,0.666332813,1.5259819,1.318210583,1.329557739,-0.284384872,16394957.67
507,0.016757734,2017,8.14e-05,-0.347979932,-0.274035015,0.883419689,0.89119171,0.600137151,1.248063668,1.147719938,0.102699146,0.320837561,7411936.805833328
528,0.011339407,2017,9.8e-05,-0.185923565,0.239461948,0.78238342,0.932642487,0.163834847,1.281244512,1.259686383,0.811512543,-0.180685834,9731989.299166674
533,0.003029059,2017,1.12e-05,-0.233604402,-0.66569752,0.295336788,-0.582901554,-0.182069582,0.503902498,0.346339936,-0.276307493,-0.105990401,7235423.104166664
561,-0.005893755,2017,1.3e-05,0.148313717,-0.42474185,-0.658031088,-0.321243523,-0.31029649,0.89982988,1.001825145,-0.679092575,0.119364207,6550740.2733333325
568,-0.003108898,2017,1.3e-05,0.336373285,0.185581623,-0.432642487,-0.321243523,1.010512523,1.183019347,-0.833446808,-0.214852862,-0.566462993,71439327.35666664
598,0.000277171,2017,6.54e-05,0.120533866,-0.274946063,-0.067357513,0.823834197,-0.061631639,0.849182121,0.597451937,-0.094571129,0.266592861,17056285.24916667
600,-0.000397128,2017,9.77e-06,0.185101009,-0.547635615,-0.142487047,-0.787564767,-0.119387691,1.225386749,0.80172958,-0.462803114,0.458288541,11445463.323333336
672,-0.013397744,2017,0.000114742,0.387605013,-0.0073813,-0.867875648,0.955958549,-0.221665801,1.910689851,1.878930748,2.373458248,0.205074047,8354512.93583333
685,-0.000556078,2017,9.37e-06,0.086066799,-0.269729853,-0.176165803,-0.82642487,-0.075750639,1.000271795,0.434842985,0.120126463,0.214099554,11869196.409999989
703,-0.012476597,2017,5.3e-05,-0.074565351,0.457012197,-0.857512953,0.727979275,0.424799581,1.282139164,0.358249393,0.715568711,-0.084566702,19589537.878333334
709,0.002097119,2017,3.02e-05,-0.001571571,-0.283341963,0.18134715,0.365284974,0.171427246,1.175828085,1.349689769,1.2882811,-0.076782944,45962319.744166665
719,-0.003996672,2017,1.08e-05,0.081019217,-0.35353209,-0.523316062,-0.652849741,-0.211493812,0.956782847,0.982933106,0.177064467,0.208608614,7190738.599999999
735,-0.0016053,2017,2.01e-05,-0.247791785,1.043528064,-0.303108808,-0.028497409,0.113603565,0.738073784,-0.220669063,-1.694305819,0.260236483,7164147.611666665
751,-0.003817876,2017,1.32e-05,0.066693761,-0.34630384,-0.489637306,-0.305699482,-0.112009357,1.230363447,1.520818026,0.530323482,-0.239598874,7762474.907499994
758,0.003047822,2017,0.000139482,0.205982257,-0.367995445,0.300518135,0.979274611,-0.205213668,1.352276026,1.149674507,0.500199666,-0.087695739,15003619.615833329
767,0.002077156,2017,1.88e-05,0.108816453,-0.267906237,0.176165803,-0.064766839,-0.248008817,0.821310402,1.335275794,0.481920439,0.014377492,7839206.274166659
768,0.000367523,2017,1e-05,-0.001621673,-0.1595899,-0.044041451,-0.761658031,-0.215546059,0.615252,-0.501698052,-2.066433434,-0.073539071,55381707.30999998
786,0.00032711,2017,7.97e-06,-0.011856055,0.171350969,-0.059585492,-0.961139896,1.181923951,1.781810851,-0.72062392,0.065790363,0.06778952,22917625.767499983
792,0.0037509,2017,8.26e-06,-0.383660873,0.019824261,0.373056995,-0.950777202,0.079175847,1.407888265,0.744433913,-0.795870279,0.439118298,35026007.399166666
797,-0.006932865,2017,7.19e-05,-0.15085577,-0.273567167,-0.702072539,0.875647668,0.245258228,1.372976585,0.709515032,0.233348356,0.566506695,8963592.896666659
800,0.005271217,2017,1.31e-05,0.299652938,-0.2758111,0.531088083,-0.313471503,-0.024993094,1.161314148,0.963559773,0.0373922,-0.097228549,15551647.630833335
801,-8.2e-05,2017,2.16e-05,0.337986501,-0.538703458,-0.103626943,0.041450777,-0.469306292,1.232812754,0.377392314,-1.51471568,0.714877704,9121730.605000002
806,0.011958116,2017,1.13e-05,0.035488923,-0.682545954,0.803108808,-0.569948187,-0.326997099,0.954835573,2.023381418,-0.205132488,0.728419842,8377388.477142862
807,0.000881644,2017,3.29e-05,-0.108316252,-0.286642085,0.023316062,0.435233161,0.504536003,1.904530746,0.995432403,0.339821361,0.524226589,17046150.171666652
820,-0.000521276,2017,1.49e-05,-0.224247682,-0.780787261,-0.168393782,-0.194300518,-0.006745497,0.520485836,-1.218928896,-3.867269421,0.029890303,7737886.21
829,-0.004012887,2017,1.12e-05,-0.218211455,-0.329958745,-0.531088083,-0.582901554,-0.167455816,0.595230235,0.873576558,-0.475334385,0.303020254,9677145.867777789
852,-0.025509281,2017,1.24e-05,0.250685057,-0.542791574,-0.945595855,-0.39119171,-0.119673289,1.268906275,1.392803083,-0.064864696,0.356369611,7714240.3425
856,-0.026584304,2017,1.39e-05,-0.027426973,-0.646394265,-0.953367876,-0.248704663,0.503985765,1.218390965,1.423332627,-0.487868317,-0.175704381,6462689.999999996
858,-0.005708778,2017,2.93e-05,0.584723048,0.345571663,-0.647668394,0.336787565,1.330983256,1.279101603,-0.555514553,0.346199872,-0.614190118,205359749.1916668
860,-0.006815849,2017,2.59e-05,0.598077679,0.856264126,-0.699481865,0.233160622,-0.135341283,1.093942903,0.076310542,-0.142175696,-0.199795135,11400935.922500007
863,0.009673827,2017,2.01e-05,0.227869621,-0.389122893,0.735751295,-0.028497409,-0.368187517,0.784995098,0.381868774,-0.143987345,0.408078664,6646067.995833337
877,0.010273641,2017,2.47e-05,0.757842342,-0.470918766,0.761658031,0.194300518,0.457295258,1.424024972,1.344568962,0.852884495,0.136704888,10680981.42499999
883,0.006462385,2017,9.57e-06,0.064596916,-0.178331883,0.593264249,-0.805699482,0.014807612,0.721261654,0.462445932,0.298608601,-0.003632719,25980516.69000001
898,-0.006131551,2017,2.06e-05,-0.089843771,0.009767059,-0.668393782,-0.002590674,0.256143611,1.506829089,0.942393962,1.424478587,-0.26599261,37631847.01333331
901,-0.001498457,2017,1.74e-05,0.230394714,-0.455278354,-0.287564767,-0.121761658,-0.30005226,1.267539468,0.521079263,-0.805868661,0.647783872,9737488.379166665
903,0.001798666,2017,2.6e-05,0.125912743,-0.446158971,0.142487047,0.235751295,-0.208232672,0.832641392,0.964263168,0.16429718,0.169729606,6622243.343000004
905,0.031658505,2017,3.26e-05,-0.042586833,-0.4055291,0.974093264,0.42746114,0.016191745,1.144409712,2.003715384,1.022710876,-0.07947014,6930435.000000001
926,-0.000866849,2017,9.34e-06,-0.051992283,-0.405943588,-0.215025907,-0.831606218,-0.140231662,1.016053075,0.29679785,0.28412736,0.445110768,11530336.292500004
927,0.009854024,2017,4.48e-05,0.071211661,-0.27223254,0.743523316,0.647668394,-0.251578426,1.085516095,-0.129379657,-0.892729795,0.507286454,8938757.999090908
928,0.023986569,2017,3.48e-05,0.152011808,-0.460247495,0.953367876,0.476683938,-0.339991768,1.405948453,1.939665694,1.426420633,0.303412798,6799278.815833329
959,0.001243788,2017,1.02e-05,-0.15651545,-0.421187201,0.062176166,-0.75388601,-0.110286832,1.367049788,1.153455963,1.346526939,0.079527777,20765682.398333337
969,0.005211691,2017,1.19e-05,0.337072586,-0.295104282,0.520725389,-0.492227979,-0.169381542,1.108869464,0.840076469,-0.556273793,0.177915848,8660853.16583333
975,-0.000428017,2017,1.01e-05,0.300940074,0.121485531,-0.14507772,-0.759067358,-0.158723843,0.694184981,0.321793971,-0.116554664,0.075132574,12282482.511666665
1979,0.003796076,2017,2.86e-05,0.080854865,-0.075314129,0.378238342,0.316062176,0.204656718,1.643064248,-0.546930331,0.728213212,0.46054275,35747415.14999999
2007,-0.007790521,2017,1.17e-05,0.415053348,-0.123955893,-0.735751295,-0.515544041,-0.251514241,0.513216294,0.102671511,-0.486856037,-0.055038403,25689587.670833316
2010,-0.001205152,2017,1.49e-05,-0.379676409,-0.216132861,-0.256476684,-0.194300518,-0.147035298,0.385303101,-0.441377046,-0.499321627,0.30039612,6675311.715833335
2019,-0.007643359,2017,2.32e-05,-0.293533086,0.047641428,-0.730569948,0.124352332,0.442813875,1.251614448,0.33596329,-0.682902434,-0.115064764,11273393.780833334
2027,-0.002760295,2017,2.19e-05,-0.45599487,0.197834802,-0.414507772,0.059585492,0.404227124,1.493149905,-1.165907132,-0.888689893,-0.038041155,56660498.93416675
2035,-0.004185701,2017,1.17e-05,-0.233892189,-0.005566209,-0.546632124,-0.515544041,0.846458406,1.30965515,-0.628427172,0.053652258,-0.150449515,12198637.579166666
2041,0.000805837,2017,1.38e-05,0.580763225,-0.49057979,0.005181347,-0.25388601,-0.326850689,0.506628752,-0.209450518,-0.872105003,0.00609039,12357850.1425
2042,0.000260827,2017,3.29e-05,0.010858064,0.072037131,-0.07253886,0.435233161,0.156205258,0.952888964,0.709190259,0.004505443,0.22407429,9527769.459999995
2045,0.003749518,2017,1.1e-05,-0.241257245,-0.55374298,0.370466321,-0.621761658,0.336971661,1.642245206,0.794845468,-0.335757891,0.745533741,6699122.669999998
2047,0.008159569,2017,0.000284434,-0.050501251,-0.330567085,0.68134715,1.0,-0.200927108,0.473943985,0.839942108,-0.04031837,-0.289457324,10760245.144166669
2065,-0.004919289,2017,2.05e-05,-0.190354692,-0.216809652,-0.616580311,-0.012953368,-0.301720582,0.875371834,0.27877977,-0.994438932,-0.144595392,28304659.69333334
2078,-0.002504658,2017,8.36e-06,-0.297646433,0.312059689,-0.39119171,-0.943005181,0.378404143,1.658270239,1.038559669,1.460270373,-0.098541149,20583236.826666664
2081,-0.000454427,2017,3.56e-05,0.026347042,-0.082515716,-0.155440415,0.492227979,0.56465294,1.46997107,-0.337626551,-0.053173553,-0.107371566,29689984.219166655
2085,0.004770781,2017,1.08e-05,-0.205867029,-0.511103224,0.481865285,-0.652849741,0.076246076,0.700337525,0.068140263,-0.169590228,0.800408312,36754322.641666695
2091,-0.001071472,2017,8.81e-06,-0.083348318,-0.324689461,-0.235751295,-0.898963731,-0.119676317,1.172987383,1.716662375,0.436472319,-0.056818234,6890908.43416667
2092,0.006622841,2017,3.17e-05,-0.169354107,-0.243449597,0.606217617,0.398963731,0.091091942,1.264198351,1.362647292,0.910084614,-0.394272274,22493665.671666667
2095,0.002316531,2017,1.39e-05,-0.344654204,0.022957376,0.207253886,-0.248704663,-0.141288482,1.194369235,0.607689417,-1.300475859,-0.164837459,9134700.16250001
2104,0.013582063,2017,2.56e-05,0.040028697,-0.285876476,0.834196891,0.227979275,-0.267546718,1.200952996,1.109913628,-0.771368062,0.078344238,6321975.646666675
2110,0.004280224,2017,8.76e-06,-0.028591803,0.368641339,0.450777202,-0.909326425,0.466234407,2.033218993,2.059062975,3.238818491,1.04433784,10110380.111111125
2146,-0.001612158,2017,1.86e-05,0.117056992,-0.128880551,-0.305699482,-0.080310881,0.243825114,1.814196914,-0.10860085,0.900472287,0.801205158,37411255.786666684
2151,0.003272485,2017,8.57e-06,-0.107355396,-0.091762256,0.321243523,-0.932642487,-0.009487711,1.027483006,-0.811147428,-2.375893561,0.054449514,6975087.0608333275
2174,-0.025554491,2017,9.07e-06,-0.160509563,-0.381744457,-0.948186528,-0.862694301,-0.167812824,0.879211958,0.569318575,-0.159305927,0.450375305,12688776.109166661
2179,0.001573859,2017,1.19e-05,0.102141646,0.23571929,0.103626943,-0.492227979,0.394004279,0.726312461,-0.74817311,-1.584205242,0.118185547,25765582.39916667
2181,-0.003941513,2017,1.89e-05,0.145221809,-0.251951689,-0.515544041,-0.062176166,-0.390352891,1.110773481,0.698194975,-0.706061265,-0.159548241,6658789.276666664
2202,-0.000825392,2017,7.52e-06,0.079165452,0.060428537,-0.207253886,-0.979274611,0.430402366,1.09520014,-0.083355512,-0.09918564,-0.302826854,37188462.120833315
2204,-0.00072763,2017,3.31e-05,-0.100927672,-0.027004919,-0.196891192,0.440414508,-0.041511981,0.758487128,0.933146431,0.291103519,0.282383047,8507684.98999999
2246,0.024157939,2017,9.05e-06,-0.085544906,-0.420990257,0.955958549,-0.867875648,0.025604917,1.220959219,0.599505426,-0.92765207,0.609641682,6311822.322499995
2250,-0.007980603,2017,1.05e-05,0.25413699,-0.388713551,-0.740932642,-0.699481865,-0.349418931,0.812192263,0.558682878,-0.522301639,0.154910636,8714872.866666663
2266,0.003367157,2017,6.29e-05,0.251475017,-0.241701028,0.329015544,0.810880829,-0.258228577,0.67932319,0.68406026,0.18699232,0.2850691,7581993.782499994
2276,-0.000439033,2017,4.95e-05,-0.077597053,-0.425784572,-0.150259067,0.691709845,-0.431052045,1.149215597,0.801013983,-0.819185068,0.417169519,10545356.284166666
2283,-0.001009166,2017,2.52e-05,-0.00663666,-0.390844172,-0.233160622,0.204663212,-0.273063377,1.014172701,1.005824782,0.066647296,0.231985813,7493005.953333337
2300,0.011857886,2017,2.53e-05,0.414816228,-0.533394981,0.800518135,0.212435233,-0.057329063,1.316197377,1.602718299,0.47357805,0.473978134,6351203.937500001
2302,0.021042121,2017,5.38e-05,0.02590005,-0.519520714,0.932642487,0.743523316,1.330579785,1.240925528,1.718113412,1.107797805,0.121281449,18815906.34083332
2305,0.004042205,2017,3.41e-05,-0.137742473,-0.450530526,0.419689119,0.461139896,-0.115968019,0.923847654,0.754604145,-0.266924075,0.9800054,7060791.634166677
2307,0.031898019,2017,3.65e-05,0.199376943,-0.518443207,0.976683938,0.507772021,0.332193076,1.093068245,1.724025057,0.748026242,0.209459512,8143827.729999997
2326,0.007741885,2017,1.1e-05,0.162417866,-0.499607083,0.658031088,-0.621761658,-0.310594952,1.275360867,1.151171011,0.129511731,0.339538781,7471572.862500005
2342,0.008559414,2017,0.000190456,-0.07150723,-0.629737947,0.702072539,0.987046632,-0.146096097,1.16446872,1.234555786,-0.193727853,0.339796757,7465723.538333329
2344,-0.003939892,2017,9.69e-06,-0.051421788,-0.410019678,-0.512953368,-0.800518135,-0.304358797,1.076877514,0.959735016,-0.190243297,0.48696752,9891078.504999999
2352,0.012237306,2017,6.25e-05,-0.252439261,-0.162489202,0.805699482,0.797927461,0.196648742,0.741239427,-0.126341808,-0.493792901,0.276712831,7358052.394166663
2353,-0.008864217,2017,2.93e-05,0.408692461,0.018886679,-0.774611399,0.336787565,-0.362515568,1.242712108,-0.184362976,-1.154427782,-0.071839938,11296489.2125
2354,-0.011205005,2017,8.08e-06,-0.628465939,-0.576214138,-0.834196891,-0.955958549,-0.313769471,1.200774441,0.869185,-0.552124258,0.366734285,9552980.395833334
2366,-0.003860625,2017,6.25e-05,-0.345377145,-0.397472904,-0.494818653,0.797927461,-0.026306596,0.956254638,0.01775667,-0.748723682,-0.449308599,12223322.46083334
2372,0.002663127,2017,2.52e-05,0.201208866,0.242061592,0.233160622,0.204663212,0.537471726,1.041125347,-0.129849997,-0.070582445,0.252417019,14806447.044166667
2373,0.004445307,2017,8.8e-06,0.295325491,-0.048946225,0.466321244,-0.901554404,0.052432413,0.897983133,2.078834773,-0.239918216,-0.309845565,9520642.678999994
2375,-0.003873833,2017,0.000154338,0.098816252,-0.407287282,-0.497409326,0.981865285,-0.296935648,1.241428098,0.616789982,-0.296708301,0.340372307,10901960.58
2378,0.006351803,2017,2.47e-05,0.10623188,-0.279657398,0.585492228,0.194300518,0.02596124,1.343397004,1.485803308,0.270975965,-0.155531453,9500713.523333324
2383,0.000339615,2017,6.86e-05,-0.324245631,0.0435101,-0.051813472,0.85492228,0.200468955,0.694893027,-0.369566403,-2.109651252,0.129501996,6806421.168181819
2389,-0.021213147,2017,8.97e-06,-0.186101186,-0.365618636,-0.922279793,-0.880829016,-0.09747649,1.104067209,-0.122871936,-1.521424127,0.4968833,11611165.398333335
2405,-0.001243227,2017,3.66e-05,0.178064355,0.009484862,-0.264248705,0.515544041,0.346732532,1.388104851,-1.100272329,-3.386260342,-0.660254376,22303879.970833335
2410,-0.021922092,2017,1.19e-05,0.176871135,0.467349367,-0.92746114,-0.492227979,0.349337016,0.78938483,-0.237172944,-1.857460376,-0.620223695,15264866.981666675
2416,0.001864427,2017,1.83e-05,0.088984167,-0.330444102,0.150259067,-0.095854922,-0.357501844,1.008853722,0.496849192,-1.188905648,0.017623268,10654599.534166673
2421,-0.005337362,2017,1.15e-05,-0.092920247,-0.344134393,-0.634715026,-0.544041451,-0.089743177,0.808211143,0.637931504,-0.725497652,-0.078708453,8859530.212500006
2468,0.006753849,2017,4.47e-05,0.462511361,-0.32976149,0.611398964,0.64507772,-0.192133914,0.557834679,-0.150435927,-0.366384044,0.483169833,8798423.04
2471,0.005038633,2017,1.74e-05,-0.063046285,-0.377894686,0.507772021,-0.121761658,-0.340663217,0.74041259,0.907391092,-0.319586663,0.203523456,6464384.459166662
2497,-0.011054396,2017,1.86e-05,-0.347146402,0.072298478,-0.82642487,-0.080310881,0.926852545,1.771927444,1.511836134,-0.073763122,0.237488775,9642653.413333338
2498,-0.000588276,2017,3.46e-05,0.336543362,-0.397438205,-0.18134715,0.471502591,-0.23443693,0.755884411,0.86540174,0.145867107,-0.009439988,12050879.467500007
2506,0.006885213,2017,9.51e-06,0.406649663,0.004427123,0.613989637,-0.813471503,-0.23824903,0.365209837,0.167331939,-0.57497604,-0.028532486,11140537.872499991
2534,-0.001952127,2017,6.27e-05,0.01630046,-0.277062634,-0.341968912,0.805699482,0.161423577,0.85432462,1.831057825,0.695521501,0.015409184,7749096.500000004
2542,-0.015361354,2017,6.87e-05,-0.16494041,-0.564572575,-0.880829016,0.857512953,-0.102282151,1.175900684,0.815161273,-0.184148639,0.452872662,6275448.467500004
2543,-0.019714858,2017,5.44e-05,-0.088065094,-0.225677713,-0.909326425,0.75388601,0.334937606,1.054006499,0.950424385,0.546296547,-0.020081396,7448457.733333334
2544,0.00259865,2017,9.93e-06,-0.057074338,-0.408981619,0.227979275,-0.766839378,-0.449088738,1.064969235,0.146427147,-1.785840994,0.200483034,11449477.705000004
2557,-0.001137385,2017,2.38e-05,0.669217226,0.058738346,-0.243523316,0.150259067,-0.002122376,0.978671123,-0.137826801,-0.585903078,-0.204098125,7642650.970000002
2583,0.000538718,2017,4.02e-05,-0.002964079,-0.4893029,-0.023316062,0.590673575,0.384226491,1.04241713,-0.196823189,-1.291719199,0.073095612,15068084.944166658
2603,0.001391789,2017,9.56e-06,-0.178387675,-0.211467904,0.075129534,-0.808290155,-0.10563619,0.942746744,0.208296665,-0.264899258,-0.323668651,15242204.118333334
2640,0.002635492,2017,6.24e-05,-0.452224997,-0.304069634,0.230569948,0.795336788,0.033433097,1.169906361,0.258030507,-0.816594604,0.4274394,15665255.294166652
2678,-0.000448583,2017,2.04e-05,0.160352522,-0.338424573,-0.152849741,-0.015544041,-0.252514962,0.855630169,0.615383851,-0.317779882,0.082398919,12029195.155833334
300001,0.000466852,2017,1.86e-05,0.563262208,-0.329106608,-0.031088083,-0.080310881,-0.221526395,1.026682059,0.459704416,-0.713218721,0.438300822,13757182.650000012
300011,0.008219591,2017,4.03e-05,-0.035073148,-0.607680918,0.686528497,0.593264249,-0.507057091,1.231223016,1.217353705,-0.334180821,0.325629849,6332284.290833334
300012,0.004145231,2017,7.94e-06,0.86201744,0.227588594,0.432642487,-0.968911917,-0.235563321,1.109862797,-0.298851786,-1.604326482,-0.323744421,6637262.781666662
300015,0.000435,2017,1.69e-05,0.235290867,1.065379302,-0.03626943,-0.142487047,0.531141697,1.021270531,-0.330210358,-0.711303313,-0.092696229,28402659.628333326
300017,0.006488473,2017,2.53e-05,-0.006422776,-0.123746565,0.601036269,0.212435233,-0.410839141,1.080210296,0.421307075,-1.378577866,-0.133819388,19277900.96250001
300053,0.003487005,2017,3.72e-05,-0.151209699,-0.14946392,0.35492228,0.531088083,-0.007681779,1.199131319,-0.054520771,-2.505815983,-0.21898361,6250182.421666668
300055,-0.004421572,2017,1.08e-05,-0.385430978,-0.385245356,-0.562176166,-0.652849741,0.266108242,1.496157107,0.493071229,-0.608293413,0.438019206,13112815.770833328
300072,-0.004862882,2017,8.74e-06,-0.562586023,-0.381409482,-0.603626943,-0.914507772,0.125211012,1.34917205,0.202743265,-0.176682102,0.471111506,46685782.60416665
300079,-0.004529961,2017,5.44e-05,0.540387148,-0.385770738,-0.569948187,0.75388601,-0.418217959,1.188573913,1.162099047,-0.58911402,0.120581552,6944800.303333337
300101,0.000814465,2017,1.12e-05,-0.284502124,-0.005936641,0.010362694,-0.582901554,-0.287352169,1.026896868,-0.810243589,-3.059268645,-0.69071026,8224881.884166669
300114,0.005219374,2017,1.21e-05,0.019494386,-0.336638119,0.523316062,-0.440414508,-0.333797434,0.972964657,0.205316449,-1.773340571,0.050399228,6177818.335
300147,-0.003160324,2017,8.93e-06,-0.102520411,-0.305759362,-0.435233161,-0.883419689,-0.315337768,0.857708835,1.409992133,-0.02029698,0.219488591,6787722.179999996
300166,0.002681942,2017,2.95e-05,-0.178400163,0.080439876,0.238341969,0.341968912,-0.046327594,0.650569241,-0.408664263,-2.83330477,-0.540497896,9876771.425833335
300208,0.006895362,2017,0.000131785,-0.214115771,-0.395290649,0.616580311,0.974093264,-0.278668435,1.564215885,0.366484754,-0.596178379,0.577768695,9165954.531666676
300212,-6.14e-05,2017,1.76e-05,0.231412155,0.114550995,-0.095854922,-0.111398964,-0.208346648,0.756759282,1.301301725,-0.814903447,-1.0224809,8127247.246666663
300215,-0.004900879,2017,1.05e-05,0.06293856,-0.418620219,-0.613989637,-0.699481865,-0.321100544,1.311886629,1.32388247,-0.200559309,0.179433028,6268009.120833333
300274,0.007310996,2017,9.76e-06,0.03326646,-0.197407694,0.642487047,-0.79015544,0.763169517,1.404252076,-0.112704808,-1.505162964,0.122393775,12819065.221666679
300284,0.001785789,2017,4.64e-05,0.393632563,-0.438669059,0.139896373,0.665803109,-0.220784523,0.837196354,0.481747634,-0.619397306,-0.002458245,6584098.559999998
300287,-0.006236604,2017,1.5e-05,-0.452001105,-0.224437659,-0.678756477,-0.186528497,-0.38356535,1.141519721,0.74551277,-0.972328742,-0.554363098,8718895.256666662
300296,0.007271248,2017,6.87e-06,-0.396008937,0.017091084,0.637305699,-0.981865285,0.14261231,1.147673897,-0.783908437,-2.05945585,0.375482137,16511141.545833329
300323,0.005008121,2017,1.02e-05,-0.526088581,-0.083255104,0.502590674,-0.75388601,0.793602167,0.904590499,-0.375326343,-2.220002406,0.148528991,10047951.282500014
300355,0.002945378,2017,7.92e-06,-0.318006416,-0.449208281,0.29015544,-0.971502591,0.979894897,1.330416358,1.546010782,0.541345818,0.236272965,11574068.434166657
300376,0.008454251,2017,3.41e-05,-0.089825495,-0.414249899,0.696891192,0.461139896,-0.373913927,1.01601748,1.298419729,0.252910893,0.022297503,9478372.641250001
300450,0.00883766,2017,9.79e-06,0.105518694,0.152919392,0.71761658,-0.78238342,0.659005652,1.179856161,0.248065195,-1.231589887,-0.067718884,9636969.68181818
600004,0.003085688,2017,2.25e-05,0.39307732,0.031761778,0.305699482,0.082901554,0.518774347,1.44969282,-0.839181066,-0.285795513,0.053307766,24099837.59166667
600009,-0.012578496,2017,3.03e-05,0.503389226,0.483023948,-0.860103627,0.367875648,0.692940045,0.732218244,-1.095802877,-0.178532274,-0.02547597,40027614.74249997
600010,-0.000208082,2017,7.05e-05,0.077637286,-0.303133487,-0.119170984,0.870466321,0.216289856,1.11532414,0.897641922,0.582560605,-0.155768623,53229031.01916673
600011,-0.005949753,2017,2.18e-05,-0.019653309,-0.133293894,-0.660621762,0.049222798,-0.103929244,0.319508079,0.326775139,-0.081620574,0.129538057,75039999.99999999
600012,0.003035853,2017,2.95e-05,0.087653018,-0.557967861,0.297927461,0.341968912,-0.331277769,1.124320146,0.440455274,-0.349612873,0.64101502,15732685.999999998
600017,0.010223842,2017,9.59e-05,-0.026972413,-0.293678742,0.759067358,0.930051813,-0.054166531,0.917886188,0.856084591,0.335029377,0.076406647,13081781.204166656
600018,-0.002232996,2017,4.58e-05,0.152847414,-0.02654833,-0.365284974,0.650259067,0.310138802,0.488812823,-0.281347741,-0.028720503,-0.185243655,148989538.75916615
600019,-0.00725415,2017,8.1e-06,-0.112947271,0.20293322,-0.715025907,-0.953367876,0.385395424,1.132680082,0.293227244,1.3881094,-0.196645091,159507427.29166692
600020,0.003661164,2017,9.08e-06,0.435244643,-0.250466208,0.365284974,-0.857512953,0.085093229,1.024009563,0.735177807,0.414606671,-0.048308248,11480324.441666668
600021,-0.007366881,2017,1.61e-05,0.319679114,-0.437632191,-0.722797927,-0.158031088,-0.247776965,0.619476446,0.2296274,-0.161846303,0.372561282,24999286.986666646
600023,-0.003566075,2017,1.16e-05,0.005953312,-0.159399113,-0.46373057,-0.528497409,0.007794727,0.448446746,0.129593535,0.280630074,-0.044396912,75087142.64166668
600026,0.002138966,2017,2.79e-05,0.53173006,-0.351710138,0.186528497,0.292746114,-0.088610258,1.180032606,0.494597183,0.170526852,0.148184856,18126217.70250001
600028,-0.002247964,2017,1.25e-05,-0.108205178,0.1959927,-0.370466321,-0.386010363,0.167244629,0.763383532,-0.75544686,0.309553069,0.113874828,570559524.6199998
600029,0.006030609,2017,4.22e-05,-0.088500238,-0.031312242,0.580310881,0.626943005,0.694722788,1.191540713,-0.895124185,0.326988456,-0.038548666,61395517.62499991
600031,-0.002139037,2017,6.78e-05,0.462431791,0.091078623,-0.357512953,0.844559585,0.470918856,1.152845656,-0.086073156,0.677688931,-0.210325148,59300902.05333326
600035,0.003657398,2017,9.63e-06,0.116363882,-0.429519755,0.362694301,-0.803108808,-0.151815903,0.64266764,0.360120072,-0.349196392,-0.033259403,8135282.756666669
600038,-0.0115049,2017,2.7e-05,0.016518592,-0.13949063,-0.844559585,0.272020725,-0.048593035,0.853099025,-0.627998662,-2.246347412,0.135266889,27171929.22500002
600039,0.001460949,2017,5.09e-05,0.110702058,-0.223519378,0.093264249,0.702072539,-0.144013585,0.777626742,0.939808289,0.48311709,0.044021645,13606412.13166668
600056,-0.016621565,2017,9.15e-06,-0.249110485,-0.293987068,-0.886010363,-0.847150259,0.302588076,1.067496129,-0.225777538,-0.278571206,0.138222518,24606714.609166656
600057,0.002023636,2017,1.76e-05,-0.097487887,-0.229464998,0.168393782,-0.111398964,-0.262106986,1.127746147,0.228421437,-0.331767492,0.31434219,11663688.647499988
600075,0.005244982,2017,3.83e-05,-0.179460891,-0.260782334,0.525906736,0.559585492,-0.131656418,1.182889133,1.721960452,1.094034847,0.210951476,6416563.36
600076,0.009218788,2017,3.65e-05,-0.076628807,-0.458467587,0.722797927,0.507772021,-0.226052003,0.769613131,0.814272037,-0.307384165,0.529417902,7039718.687500001
600085,-0.007001628,2017,3.22e-05,-0.183892344,0.001509823,-0.704663212,0.411917098,0.019643273,0.61937005,-0.638715431,-0.580405116,-0.341007231,44181914.49000004
600089,0.008083234,2017,3.66e-05,0.0638957,-0.339462157,0.676165803,0.515544041,0.130334143,1.068216874,0.348270028,-0.034447823,0.049498473,35670524.70416669
600096,-0.002374497,2017,2.27e-05,0.165111331,-0.329422294,-0.383419689,0.090673575,-0.25706694,1.113441444,0.875639823,-0.051070479,-0.260135128,9163126.966666672
600098,-0.008072802,2017,9.09e-06,-0.028656822,-0.19692843,-0.74611399,-0.852331606,-0.371454237,0.829086613,0.010515741,-0.424017706,0.472650238,22563820.178333327
600104,0.000528897,2017,9.21e-06,-0.242214876,0.110272584,-0.025906736,-0.839378238,0.422766936,0.597689005,-0.780632967,0.051365298,-0.079734948,320990996.45833397
600105,-0.007814899,2017,0.000127171,0.304705836,-0.413131836,-0.738341969,0.968911917,-0.370883081,1.229035701,0.827912661,-0.56349959,0.187125642,6452101.853333336
600111,0.001536935,2017,1.01e-05,0.115728296,-0.007637727,0.098445596,-0.759067358,0.172540295,1.484890021,0.39157193,-0.409103675,0.303696049,50650995.149999954
600115,0.003438873,2017,3.78e-05,-0.059165848,-0.034073211,0.352331606,0.551813472,0.152422261,1.003196845,-0.525914574,0.249666936,0.124425716,64167604.69999998
600116,0.002784824,2017,1.04e-05,0.212276843,-0.413382162,0.259067358,-0.712435233,-0.06656568,0.886182247,0.907866435,-0.063623156,0.47606056,8934075.354166673
600118,-0.004941909,2017,3.55e-05,0.175335667,-0.324485636,-0.619170984,0.487046632,-0.200748769,1.083018474,0.092016677,-1.153560883,0.365319231,33808349.777499974
600125,0.018770976,2017,2.73e-05,-0.227552962,-0.070981932,0.914507772,0.279792746,0.32879617,1.402389096,0.890077962,0.428667479,0.405426603,13545877.378333347
600129,0.005154616,2017,1.71e-05,-0.231063518,0.016484866,0.512953368,-0.134715026,-0.041012902,1.134951458,0.188278855,-0.56991652,-0.16923989,6726782.204999995
600138,-0.001536981,2017,1.39e-05,-0.362809129,-0.063296641,-0.295336788,-0.248704663,-0.014856991,1.017529842,-0.215699643,-0.353785085,0.198103199,14920507.400833344
600153,-0.001260438,2017,2.73e-05,0.053359975,-0.293966799,-0.269430052,0.279792746,0.055835641,1.314376786,0.397474667,0.749321978,0.527076058,33410475.578333303
600157,0.001161583,2017,8.33e-06,-0.065789819,-0.505373423,0.054404145,-0.948186528,-0.171208775,0.825615491,0.827849035,0.539461895,-0.40186095,19852437.47000004
600161,-0.009710508,2017,2.18e-05,0.546132935,-0.356227654,-0.792746114,0.049222798,-0.0551722,0.980885887,0.192929179,-0.806274477,-0.051597753,22366221.942222223
600166,-0.00732878,2017,2.81e-05,0.153098168,-0.289757311,-0.71761658,0.303108808,-0.096141987,0.808111343,0.621267222,-0.134088541,0.046851805,20304991.335000027
600169,0.002128688,2017,3.39e-05,0.124134203,-0.403191422,0.183937824,0.458549223,-0.154437725,1.025500866,0.77663798,0.042845537,0.396354736,9627108.691666668
600170,0.001773066,2017,2.42e-05,0.218703021,-0.183771966,0.134715026,0.170984456,-0.051245058,0.669073364,0.057046623,0.121863194,0.089693131,32316712.175
600172,0.000134945,2017,2.27e-05,-0.269531506,-0.481029217,-0.085492228,0.090673575,-0.127524948,1.044501452,0.409397701,-0.996318251,0.61342323,10250953.249166673
600176,-0.00554542,2017,3.74e-05,-0.060675228,0.120041066,-0.639896373,0.541450777,1.001952743,1.917665136,0.011673519,0.518887849,-0.30256123,32260948.253333356
600179,-7.49e-05,2017,5.97e-05,-0.54978651,-0.19651819,-0.098445596,0.787564767,0.627472536,0.934221577,0.820195435,0.531147185,0.270466878,8426910.417500002
600180,0.007699091,2017,9.47e-06,-0.200279161,-0.312957658,0.655440415,-0.816062176,-0.239374991,1.199708586,1.420609656,0.320392698,0.106378502,11575364.189166663
600183,-0.000870246,2017,1.15e-05,0.663471798,0.094917347,-0.21761658,-0.544041451,0.592719329,1.490219408,0.439999307,-0.544433116,-0.390161018,19909206.969166648
600185,0.007233627,2017,1.06e-05,-0.05291659,-0.210021527,0.629533679,-0.689119171,-0.034064431,1.287984439,0.81273132,0.550086935,0.32208431,11000956.272500003
600190,0.020766322,2017,2.08e-05,0.106461097,-0.283328702,0.92746114,0.002590674,-0.015165456,0.931640516,0.569145933,-0.108145368,0.324762401,7872736.1416666685
600220,0.00193825,2017,1.28e-05,0.133280209,-0.391504124,0.158031088,-0.347150259,-0.305759797,0.985588499,0.938309192,0.097532547,0.451030683,6485414.319166669
600231,-0.000298972,2017,1.03e-05,-0.08958928,0.173110387,-0.129533679,-0.730569948,0.86566725,1.368288098,1.742531708,1.347886183,-0.369009891,7009559.180833333
600233,0.005520353,2017,6.59e-05,-0.068477389,-0.33194771,0.551813472,0.834196891,-0.348159971,0.986125723,0.787411567,-0.104624358,0.089557593,9913733.545833334
600256,0.004151051,2017,2.63e-05,-0.117977997,0.080637898,0.435233161,0.25388601,0.075247318,1.213048137,0.929308991,0.397484143,-0.017327269,22961215.04833332
600259,0.009398662,2017,9.87e-06,0.3561614,-0.261504702,0.727979275,-0.769430052,-0.089257363,1.182163576,0.860264551,-0.234565505,0.143980573,11115734.270833336
600266,-0.020755067,2017,8.81e-06,0.038781502,-0.331194366,-0.919689119,-0.898963731,-0.009284715,1.121973705,-0.128949383,-0.251041937,0.719082675,22110186.733333346
600269,-0.00158816,2017,1.22e-05,0.139490165,-0.226901535,-0.297927461,-0.422279793,0.032435831,0.817009395,0.385922051,0.290583049,0.183055953,12445773.210833335
600273,-0.000916552,2017,2.69e-05,0.28796562,-0.020055716,-0.222797927,0.266839378,-0.002255286,0.484545148,1.034089456,0.59514165,0.013645019,6688755.028000002
600276,-0.004888442,2017,1.49e-05,0.03268298,0.92191642,-0.60880829,-0.194300518,0.797511468,0.926551626,-0.892231513,-1.125709929,-0.752522382,149844486.79749987
600282,0.004212612,2017,1.02e-05,-0.153317055,0.186283112,0.440414508,-0.75388601,0.538628302,1.746586881,1.958333136,2.12184181,-0.271558501,17169583.385000005
600292,-0.002086359,2017,1.21e-05,0.093764687,-0.458797712,-0.352331606,-0.440414508,-0.283728536,1.167343358,1.157782228,-0.072432628,0.525029478,8413952.670000004
600305,-0.004491466,2017,1.32e-05,0.982428222,0.156748882,-0.564766839,-0.305699482,0.003077489,0.876735406,0.528791981,-0.303480315,-0.332294174,6556282.5950000025
600312,0.000330243,2017,8.48e-05,0.377958394,-0.596108392,-0.054404145,0.917098446,-0.341311454,1.12509846,1.255543437,0.221179899,0.138233982,14681686.57166666
600320,0.020980536,2017,2.39e-05,0.073189996,-0.187959059,0.930051813,0.158031088,0.201317245,1.304141372,0.26707516,0.05311662,0.377612968,15295030.897500016
600323,-0.000580279,2017,1.33e-05,0.107010454,0.047885713,-0.178756477,-0.295336788,0.109697045,0.862575663,0.538941608,0.077953024,-0.075709947,9471498.405000005
600325,-0.003680417,2017,1.48e-05,0.042320585,-0.088149774,-0.474093264,-0.199481865,0.071401648,1.510456788,0.911528978,1.117144116,0.144882535,14907026.21833334
600326,0.016421508,2017,1.72e-05,0.280164266,-0.302515423,0.878238342,-0.132124352,0.565016477,1.338644819,1.542058392,1.093487369,0.265117236,8357506.377500002
600329,0.001976877,2017,9.73e-06,-0.252531813,0.042408762,0.165803109,-0.797927461,-0.153062364,0.830762279,0.121104835,-0.622475432,-0.517529639,9850493.677499993
600338,0.01522708,2017,4.94e-05,0.201137883,-0.456255615,0.862694301,0.689119171,0.434699336,1.222602989,1.466371189,0.914650549,0.146605012,6275013.875833337
600340,0.00013655,2017,1.85e-05,0.246290232,-0.220744966,-0.082901554,-0.088082902,0.318830743,1.383465171,-0.528782804,0.86162913,0.548978986,90995121.44833334
600343,-0.003255622,2017,6.96e-05,0.09993594,-0.478907577,-0.443005181,0.865284974,-0.394433242,0.75134683,-0.296947686,-1.65945661,0.212843566,11362200.34833333
600346,-0.001591385,2017,2.17e-05,0.182450109,0.762353102,-0.300518135,0.044041451,0.492479389,1.449924748,0.896340272,0.766093066,-0.281830868,8208854.4120000005
600348,-0.001196567,2017,9.01e-06,-0.173632271,0.038854664,-0.25388601,-0.875647668,0.080318409,1.663374509,0.976069409,1.510013043,-0.046662222,17552491.666666668
600362,-0.004559965,2017,8.88e-06,-0.00923284,-0.065884144,-0.57253886,-0.888601036,0.198273923,1.156860435,0.164114039,0.759591782,-0.212570856,38099812.984166674
600363,0.002913538,2017,1.2e-05,0.438597924,-0.349007467,0.277202073,-0.461139896,-0.248529264,1.007692252,0.462507082,-1.221423225,-0.163848039,6318253.858333333
600366,0.00704298,2017,1.26e-05,0.482964211,-0.374670016,0.624352332,-0.380829016,-0.113434004,1.223046773,0.96384423,-0.230838087,-0.075813216,9907744.993333325
600373,-0.012333161,2017,1.91e-05,0.001855904,-0.447897758,-0.849740933,-0.049222798,-0.169908374,1.092933331,1.041795635,-0.014958234,0.303713594,27143601.99999999
600388,-0.004032453,2017,2.37e-05,-0.045092677,-0.165236041,-0.533678756,0.139896373,0.396637424,0.624418367,0.715328662,-0.11375628,0.139004119,16096645.9925
600392,0.014632781,2017,8.57e-06,-0.123686893,0.213744065,0.852331606,-0.932642487,0.406219571,1.772059047,-0.066488171,-0.951700954,0.791831313,15331099.947500004
600400,-0.005087019,2017,1.18e-05,-0.028196469,-0.224175167,-0.626943005,-0.505181347,-0.072875616,0.613932774,1.132849185,0.558277891,0.18383312,9520848.631249992
600406,-0.044405888,2017,1.69e-05,0.162390361,-0.098178874,-0.971502591,-0.142487047,0.108993899,0.636193882,-0.60835048,-0.524869372,-0.063723587,38647954.18428563
600409,-0.006258627,2017,3.1e-05,-0.326639987,-0.133858831,-0.68134715,0.378238342,0.019797239,1.469717526,1.819180448,1.190091841,-0.523127925,19449093.454999994
600415,-0.00835985,2017,5.36e-05,-0.02653363,-0.413950813,-0.75388601,0.738341969,-0.336697315,0.99995153,0.478229929,0.171285869,0.229400172,39295470.33916668
600416,0.005341021,2017,5.87e-05,-0.17554309,-0.48157433,0.538860104,0.78238342,-0.160643816,1.06480744,0.786750932,-1.202659454,0.353912149,10266815.262499997
600422,-0.002599449,2017,7.95e-06,0.479906431,-0.327113116,-0.398963731,-0.966321244,-0.322189777,1.009784945,0.222248193,-0.687837227,0.350861268,7668174.751666672
600428,0.017257606,2017,0.000119292,0.031960927,-0.438178149,0.898963731,0.961139896,-0.097148844,1.413734797,0.734337792,0.322939389,0.195553543,11178076.7725
600429,0.001666179,2017,8.98e-06,-0.024741342,-0.07683151,0.124352332,-0.878238342,-0.195831838,0.659351937,0.322677586,0.114075925,0.150846854,6287187.5
600452,0.016989116,2017,1.59e-05,0.261245293,-0.411322015,0.886010363,-0.163212435,-0.189539775,0.810765672,0.343071136,-0.393414071,0.183362069,6856133.333333336
600458,0.000923708,2017,2.31e-05,0.397552464,-0.362950288,0.03626943,0.119170984,-0.292933518,1.110719067,1.225432225,0.073180377,0.248976651,8003758.497500003
600477,-0.035824331,2017,1.91e-05,-0.170664817,-0.464533311,-0.96373057,-0.049222798,0.367089703,1.275542492,0.950284201,-0.097097932,0.280818898,12831214.46416667
600480,0.003318017,2017,2.05e-05,-0.079949873,-0.551120712,0.32642487,-0.012953368,0.024408104,1.139758894,0.924272855,-0.254942973,0.69716243,6772507.484166666
600481,-0.175610666,2017,2.4e-05,0.22903984,-0.414553432,-0.994818653,0.160621762,-0.465880518,0.913132655,0.707224508,-0.315805951,0.288656873,8938654.877000008
600482,-0.002680341,2017,6.44e-05,0.348952561,-0.320641024,-0.409326425,0.81865285,-0.193627192,0.236210753,-0.751267967,-1.333494416,-0.151283006,19300104.975833323
600483,0.004957663,2017,1.06e-05,0.227711486,-0.31857405,0.497409326,-0.689119171,-0.314280343,0.815131762,0.581467808,0.069986766,0.569653231,7112217.956666663
600487,-0.005015901,2017,5.71e-05,-0.244880278,0.089795498,-0.621761658,0.772020725,1.145421775,1.831897136,-0.493375623,-1.25011724,-0.018474863,36022332.96916667
600496,-0.010824706,2017,2.19e-05,0.047937801,-0.391274949,-0.81865285,0.059585492,-0.028959241,1.016619876,0.829085972,-0.238015705,0.571628372,7057555.197499991
600498,-0.006554578,2017,3.09e-05,0.117129345,-0.020587017,-0.686528497,0.375647668,0.142797098,1.274279631,-0.621596167,-2.073139244,-0.124992986,27179822.220000014
600499,-0.003297433,2017,6.28e-05,-0.371506898,-0.143591474,-0.445595855,0.808290155,0.461142024,1.351161784,0.242884338,-0.796280388,0.038651457,13123894.134166664
600500,0.000741136,2017,1.56e-05,0.079047321,-0.287134325,-0.002590674,-0.168393782,-0.278843958,1.423606817,1.090735951,0.376957586,0.324111907,18797774.423333336
600501,0.000899035,2017,3.53e-05,0.216022292,-0.508246232,0.025906736,0.481865285,-0.340477019,0.883127487,0.222690127,-1.485196293,0.424137226,6288046.969166665
600502,-0.003495963,2017,1.47e-05,0.175940469,-0.372062004,-0.458549223,-0.204663212,-0.316005906,1.023645351,0.958369863,0.31614132,0.062113589,6726785.762499998
600510,0.001632692,2017,2.32e-05,0.052518051,-0.210242315,0.113989637,0.124352332,-0.234277522,0.793251387,0.946307074,0.339546008,0.494571089,6320427.851666667
600522,-0.005131467,2017,0.000116947,0.037235865,-0.273823641,-0.629533679,0.958549223,0.315933245,1.305114804,-0.086969173,-1.049465746,-0.267884302,28008054.862500016
600525,-0.005797563,2017,2.45e-05,-0.406353916,-0.23417177,-0.652849741,0.18134715,0.122108691,1.048751142,-0.516638557,-1.62943635,0.040207827,18931389.44749999
600528,0.015721695,2017,7.44e-05,0.135165383,-0.294713983,0.875647668,0.883419689,-0.129772036,1.245371587,-0.131020032,-0.141631465,0.628174598,20967488.0
600545,0.019234717,2017,0.000114016,-0.116907958,-0.329720193,0.917098446,0.950777202,-0.088046764,0.708927076,0.130358926,-0.502760756,0.219292266,7066557.578333336
600547,-0.069495781,2017,1.47e-05,0.696514811,-0.182114747,-0.981865285,-0.204663212,-0.15608064,0.30072761,-0.831072106,-0.835720243,-0.010791656,46498213.116666645
600550,0.017416809,2017,3.34e-05,-0.082877595,-0.627869009,0.901554404,0.450777202,0.005887579,1.271331438,0.759464704,-0.548389255,0.51309137,11711612.429166652
600551,-0.130772158,2017,9.26e-06,0.031553169,-0.428215557,-0.992227979,-0.836787565,-0.419014752,1.052952705,1.258540635,0.46234446,0.133532167,7170705.852500001
600557,-0.003892534,2017,4.42e-05,0.192409492,-0.264325234,-0.5,0.639896373,-0.212947706,0.869586588,0.539496223,0.035701674,-0.110351575,7865808.8683333285
600562,-0.004008894,2017,1.28e-05,-0.117995452,-0.198957695,-0.528497409,-0.347150259,-0.218814502,0.47844743,0.292438266,-1.930570837,0.15111395,9124120.315000003
600565,-0.008208741,2017,7.95e-06,0.380578925,-0.473023473,-0.751295337,-0.966321244,-0.46096894,1.031481737,0.786207218,-0.01438295,0.349337222,11296285.319166666
600566,0.014185058,2017,2.26e-05,-0.361545502,0.2730888,0.844559585,0.085492228,0.228111487,0.804905011,-0.143420982,-0.700991891,-0.495217283,28256174.45750001
600569,-4.23e-05,2017,1.19e-05,-0.246771314,0.371703795,-0.090673575,-0.492227979,0.549091047,1.451351772,1.463735929,1.111325292,-0.328968836,9205711.597499998
600572,0.003711225,2017,1.81e-05,-0.081129265,0.020736314,0.367875648,-0.101036269,-0.030102784,0.654470953,0.254810449,-0.263738796,-0.107144466,14164969.467500001
600580,0.000844843,2017,9.26e-06,0.10571864,0.115569972,0.012953368,-0.836787565,-0.129265402,0.978078815,0.213081815,-0.837463315,0.298583361,8820362.570833331
600581,0.027804125,2017,1.33e-05,-0.297274668,0.01377504,0.96373057,-0.295336788,0.562413851,1.82946727,2.414801313,2.48974214,-0.617798132,9460534.68833333
600582,0.004365611,2017,9.19e-06,-0.06072459,-0.198652298,0.455958549,-0.844559585,-0.072979694,1.212424449,0.536412762,0.406719501,0.244884082,13878616.190833338
600585,-0.017749737,2017,1.98e-05,0.260340719,0.502100189,-0.896373057,-0.03626943,0.745608439,1.431836654,-0.197864437,1.26848484,0.107811752,95292913.94333339
600590,-0.052422121,2017,6.83e-05,-0.011927411,-0.353318161,-0.974093264,0.852331606,-0.428814517,1.025702644,0.952175611,-0.590081074,0.111852291,6700521.434999996
600597,-0.002245815,2017,1.14e-05,0.083294338,-0.227097007,-0.367875648,-0.551813472,0.157579512,1.215851507,0.349207835,0.224814227,-0.375566863,16200576.334166676
600600,-0.004062825,2017,8.69e-06,0.134289076,0.243393822,-0.53626943,-0.919689119,0.33039024,1.204173684,-0.627086962,-0.735797347,-0.192323842,23135648.198333323
600606,-0.002349084,2017,2.99e-05,0.070957157,-0.176344678,-0.378238342,0.349740933,-0.147725543,1.265404947,-0.230397576,0.418085855,0.581386368,25107352.791666668
600623,0.007613154,2017,4.1e-05,-0.220999981,-0.121387617,0.650259067,0.606217617,-0.371837782,1.135438314,0.904528426,0.255947726,0.170985298,10121193.770000001
600626,0.007905397,2017,2.81e-05,0.345144792,-0.462429617,0.670984456,0.303108808,-0.441961934,1.386338058,1.193438872,-0.041489149,0.459945346,7001218.558333329
600628,0.001171799,2017,2.73e-05,0.025840109,-0.382043978,0.056994819,0.279792746,-0.284410019,0.945368485,1.322674198,0.505256753,0.275638942,6356773.9425
600629,-0.001941981,2017,5.39e-05,-0.029388702,-0.446811056,-0.339378238,0.74611399,-0.275651929,0.790363725,1.13858005,0.115473125,-0.006710033,6766276.364166667
600635,0.001332954,2017,9.73e-06,0.72800182,-0.32058031,0.07253886,-0.797927461,-0.208182262,1.098225624,0.605516513,-0.280828704,0.373867294,13331573.449166669
600651,-0.000369533,2017,4.46e-05,-0.061672372,-0.541527439,-0.139896373,0.642487047,-0.133980212,1.41830108,0.666299605,-0.343159536,0.234374223,7401188.485833336
600658,-0.003921358,2017,2.37e-05,-0.011960816,-0.436045894,-0.507772021,0.139896373,-0.160481088,0.404968014,0.753821297,0.029473895,0.045659869,7857592.201666668
600676,-0.000332651,2017,1.02e-05,0.048621511,-0.343165165,-0.134715026,-0.75388601,-0.270053309,1.04809657,1.593491433,0.658392809,0.032763964,6801855.210833333
600685,0.017684449,2017,6.78e-06,0.111964636,-0.517229767,0.909326425,-0.989637306,-0.111985453,1.382438913,-0.236378243,-1.899835825,0.972405867,16282315.513333334
600686,0.00484825,2017,2.08e-05,-0.400600773,-0.075075015,0.492227979,0.002590674,-0.096935983,0.850682327,0.254572557,-1.173187903,0.030239528,6186400.92166667
600688,-0.004197429,2017,5.9e-06,-0.055290837,-0.119609101,-0.551813472,-1.0,0.005422394,0.603021577,-0.524122621,-0.038387294,0.073579661,47742370.596666634
600690,0.001006533,2017,9.78e-06,-0.115906372,0.305284451,0.044041451,-0.784974093,0.913633148,1.195887347,-0.904289174,0.372115198,-0.484571215,83119980.52750002
600704,-0.001809393,2017,1.5e-05,0.067840135,-0.270336785,-0.331606218,-0.186528497,0.021516674,1.083855122,0.499781441,-0.13826284,0.106493516,9866618.35083333
600711,-0.001227463,2017,3.01e-05,-0.407666441,0.353274408,-0.259067358,0.357512953,0.195200004,1.559004995,1.315751065,0.27349611,-0.158857562,11567911.02833333
600717,0.017050401,2017,7.19e-05,0.021752108,-0.396036767,0.89119171,0.875647668,0.043441631,1.036164996,0.722416594,0.309727396,0.374438207,19827870.73999999
600718,-0.010610056,2017,8.9e-06,-0.026229232,-0.17288416,-0.810880829,-0.886010363,-0.261036233,1.049465377,0.299352764,-1.773012985,-0.49780744,20588269.895000007
600720,0.017559004,2017,2.37e-05,0.377556208,-0.146264774,0.904145078,0.139896373,0.256968342,1.784238203,1.28365668,1.588760536,0.134393631,7578581.835833336
600729,0.003171454,2017,1.08e-05,-0.075714712,0.255950162,0.31865285,-0.652849741,0.076807077,1.027112897,0.839705064,0.299249621,-0.118098571,10465142.785833342
600755,0.002429093,2017,1.63e-05,0.199755317,-0.202110364,0.220207254,-0.152849741,0.230108873,1.32129388,1.598770894,1.220071624,0.155640149,16561998.311666658
600757,-0.002512078,2017,4.26e-05,0.205335785,-0.233373305,-0.393782383,0.632124352,-0.170695853,1.041204017,0.994861921,0.359106473,0.132480255,9322691.494999986
600765,0.010036459,2017,1.9e-05,0.228126389,-0.467053403,0.751295337,-0.056994819,-0.171576995,1.337213845,-0.602805567,-2.139997436,0.968493246,11065798.846666666
600771,-0.008153558,2017,9.11e-06,-0.51371817,0.355724712,-0.748704663,-0.849740933,0.201592823,0.736691259,0.095493101,-0.391515286,-0.453543603,9457682.50333334
600773,0.010667517,2017,1.13e-05,-0.040001875,-0.383701848,0.769430052,-0.569948187,-0.034766393,1.397543654,1.372073638,0.175182397,0.339769284,9116386.142499996
600775,0.000267107,2017,2.53e-05,1.179030804,-0.450960778,-0.069948187,0.212435233,-0.437988428,1.159439895,1.027216969,-0.699182501,0.068708352,7744058.777499995
600776,-0.013120706,2017,1.27e-05,3.739070659,-0.290913431,-0.865284974,-0.360103627,-0.160859792,1.422448586,0.999488891,-0.804574252,-0.188229241,7048907.138333328
600780,-0.001315427,2017,1.21e-05,-0.049342072,-0.370093881,-0.274611399,-0.440414508,-0.154025231,0.752334992,1.107421562,0.75184974,0.149582412,6336337.277500003
600787,-0.01233834,2017,1.9e-05,-0.267958651,-0.029433543,-0.852331606,-0.056994819,0.200339064,0.976745439,0.32277239,-0.221806696,0.092750313,17375446.67750001
600825,-0.005378404,2017,1.02e-05,0.205101057,-0.41979429,-0.637305699,-0.75388601,-0.297732926,0.965213528,1.455370851,0.290997254,0.14419717,7671566.595000003
600826,-0.00372446,2017,0.000100876,-0.164668886,-0.237343264,-0.484455959,0.935233161,-0.509930257,1.150390738,0.755282243,-0.553368647,0.577911985,8300674.483333328
600841,0.000528589,2017,2.73e-05,-0.15079523,-0.392732161,-0.028497409,0.279792746,-0.236037123,0.741530305,0.770037772,-0.004170438,0.638734964,7349551.555000004
600846,-0.000510538,2017,1.26e-05,0.180086998,-0.085167276,-0.165803109,-0.380829016,0.037998319,1.63849975,1.687563031,0.077350961,0.04145967,6185659.644166663
600863,-0.000305106,2017,1.83e-05,0.380339929,-0.252081919,-0.132124352,-0.095854922,-0.043410024,0.742615947,0.505858909,0.182496047,0.113601986,18226639.72499999
600869,0.000880377,2017,8.39e-05,-0.056717398,-0.305380143,0.020725389,0.906735751,-0.265459831,0.750765368,0.173662119,-0.027936618,-0.076674332,14764124.492500007
600873,-0.006602013,2017,4.03e-05,0.218259235,-0.27405859,-0.689119171,0.593264249,-0.186272921,0.83345991,0.383520272,-0.028857122,0.024811722,19167870.03833332
600875,0.002088138,2017,2.1e-05,0.412369188,-0.238283284,0.178756477,0.020725389,0.027783278,1.220915784,0.640723049,0.035870009,0.078323689,20512160.580999993
600879,-0.004834185,2017,1.02e-05,-0.137019117,-0.212371965,-0.601036269,-0.75388601,0.013525979,0.90008976,0.03769198,-1.380687094,0.363830995,14490214.640000002
600894,0.000541556,2017,3.73e-05,0.310255212,-0.495225922,-0.020725389,0.53626943,-0.304628997,0.913973632,0.777877161,-0.119251015,0.474205828,10256299.969166672
600897,0.004009233,2017,5.37e-05,0.276989934,-0.166814951,0.409326425,0.740932642,0.01985954,1.026000189,1.148994456,0.92872512,0.081636812,7250928.974999994
600900,-0.003308426,2017,1.12e-05,0.092655935,0.127953888,-0.448186528,-0.582901554,0.271737692,0.213876328,-0.433150928,0.148405048,0.048786436,159331407.2600002
600970,0.037262892,2017,3.75e-05,-0.013650003,-0.225330977,0.989637306,0.546632124,0.388092749,1.742446452,0.517640277,0.445741401,0.181316671,14959535.158333318
600988,-0.013676079,2017,1.93e-05,0.238158993,-0.247751348,-0.873056995,-0.041450777,-0.177406019,-0.021992758,-0.225922008,-1.003032261,-0.022332268,8177565.897499996
601000,0.015586833,2017,3.26e-05,0.182428401,-0.413539824,0.870466321,0.42746114,0.178159528,1.091614553,0.607019424,-0.030239981,0.730425416,20217280.78666666
601002,0.016464647,2017,1.31e-05,0.138354324,-0.29408903,0.880829016,-0.313471503,0.110412089,1.492020502,0.501087379,-0.385451376,0.444201916,7692395.874999997
601006,-0.010963851,2017,1.29e-05,0.02790872,0.020006626,-0.823834197,-0.336787565,0.300458597,0.692923088,-0.367766737,0.454886119,0.249545722,123976652.04416664
601008,0.037890974,2017,4.95e-05,0.385328242,-0.523423563,0.992227979,0.691709845,-0.154196919,1.092598842,1.058290764,-0.004627281,0.229233282,6515142.909999993
601016,0.002777762,2017,3.86e-05,-0.071376482,-0.221087793,0.256476684,0.567357513,-0.264404815,0.850684608,0.263953461,-0.17243871,0.825800079,10862063.316666666
601018,0.008450787,2017,4.1e-05,0.048222047,-0.25504688,0.694300518,0.606217617,0.046671311,0.394057979,0.224921918,0.056972227,0.047233427,73333333.3333334
601021,-0.008854731,2017,3.23e-05,0.271838736,0.031246476,-0.772020725,0.419689119,0.004171612,1.14718953,0.064624398,0.106949002,-0.005086563,7020333.333333329
601058,0.003821837,2017,3.22e-05,0.224733829,-0.287770204,0.380829016,0.411917098,-0.112017437,0.85309347,0.775438396,0.396376429,0.262118735,8522980.70166667
601098,0.004910729,2017,3.99e-05,0.088609058,-0.332323402,0.494818653,0.588082902,-0.155570817,0.646476427,0.639122392,0.389944213,-0.065255985,29300243.333333343
601107,-0.001836752,2017,5.57e-05,0.191440387,-0.263707235,-0.334196891,0.766839378,-0.178923973,0.824890416,0.575518045,0.332801618,0.201975283,10282026.416666662
601111,0.005321699,2017,3.55e-05,0.075535594,-0.091807186,0.53626943,0.487046632,0.705760666,1.243452699,-1.392476474,-0.19267915,0.111264006,79787858.27916664
601117,0.018260142,2017,8.41e-05,-0.10170529,-0.023587165,0.911917098,0.909326425,-0.003248994,1.043850161,0.403462688,0.682435163,0.254913482,35443605.00000001
601126,-0.009738589,2017,2.62e-05,0.193198929,-0.454337352,-0.795336788,0.248704663,-0.193446777,1.067865847,1.094736298,-0.173823848,0.240393318,7692607.119999997
601139,0.019504889,2017,1.28e-05,0.036732314,-0.161439201,0.919689119,-0.347150259,-0.111537416,0.742870572,0.501185075,0.07792541,-0.088713083,18948170.129166666
601179,0.001411086,2017,0.000108068,0.065799943,-0.38580947,0.082901554,0.943005181,-0.214421382,0.934442288,0.558403443,0.109491876,0.275876206,28307685.290000003
601186,0.010373324,2017,3.72e-05,0.162119056,-0.285962225,0.764248705,0.531088083,-0.071529159,1.071285676,-0.158238582,0.432447667,0.274302389,141777500.79
601216,0.010047947,2017,2.79e-05,0.02651387,-0.316409938,0.75388601,0.292746114,0.001474538,1.184166701,-0.09054603,-0.284716392,0.509332833,41845534.57499998
601222,-0.003424917,2017,3.54e-05,-0.064509176,-0.340111356,-0.453367876,0.484455959,0.25147662,1.313692493,-0.169814827,-1.096601057,-0.099971991,13368676.805833334
601233,0.001875348,2017,1.06e-05,-0.106525446,0.72393079,0.155440415,-0.689119171,0.578292199,1.916454841,1.376287401,1.130101555,-0.084479466,18100104.037499998
601238,0.000901488,2017,9.43e-06,0.001607912,-0.395132087,0.028497409,-0.821243523,0.060975413,0.804479061,0.729437005,0.681853239,0.459617263,109898360.16166674
601333,-0.004623903,2017,1.38e-05,-0.237015859,-0.059185684,-0.580310881,-0.25388601,0.099470775,1.131000699,0.098182716,0.009335919,0.40005222,28501405.072499994
601339,0.000302893,2017,2.43e-05,-0.194574164,-0.027071077,-0.064766839,0.176165803,-0.129452277,0.576341365,0.803017247,0.498972558,0.267243151,8823750.000000007
601369,-0.003949103,2017,6.54e-05,0.020453376,-0.021627439,-0.520725389,0.823834197,0.117877029,1.172080456,1.059611801,0.16130337,-0.115735297,11569717.845833326
601567,0.000417011,2017,1.11e-05,-0.172708624,-0.266040873,-0.038860104,-0.603626943,-0.143011737,0.56554407,0.173320342,0.049021892,0.157435562,12445703.013333341
601588,0.002341444,2017,6.88e-05,0.082746697,-0.423232237,0.20984456,0.860103627,0.381509156,0.962586763,0.660551508,0.298706549,0.327270715,14880483.333333349
601600,-0.00253696,2017,1.67e-05,0.005597904,-0.159109026,-0.396373057,-0.14507772,0.897030942,1.416373375,0.074645502,1.242365076,-0.69465077,61375060.70000001
601611,0.020340296,2017,3.85e-05,-0.023692352,-0.346284521,0.922279793,0.562176166,-0.408351834,0.764913276,-0.187803511,-0.793784299,0.510283045,9911996.500000006
601618,0.008620657,2017,5.29e-05,-0.081844492,-0.338043007,0.707253886,0.725388601,0.034970091,0.870838381,-0.119266171,0.176585607,0.396983422,81858092.4999999
601633,-0.013086974,2017,1.82e-05,-0.141586577,-0.260893654,-0.862694301,-0.098445596,0.05364475,0.412943718,-0.257820341,-0.053579238,0.417102788,74131020.485
601636,-0.001898346,2017,1.06e-05,-0.065795695,0.028249355,-0.336787565,-0.689119171,0.638720719,2.071366377,0.650555593,1.662436538,0.058930973,12267944.44666666
601668,0.005679118,2017,8.35e-05,0.06791609,-0.200426309,0.569948187,0.904145078,0.026371579,0.86252508,-0.424921667,0.580998372,0.351662108,280247109.7341667
601669,0.004002559,2017,0.000130573,-0.0278354,-0.315038733,0.406735751,0.971502591,-0.010111398,0.485809829,0.018122991,0.273010846,0.194158302,74688000.0
601678,0.000801788,2017,2.37e-05,0.097113591,0.16807877,0.002590674,0.139896373,0.114162022,1.482959798,1.128216156,0.819900834,-0.335481597,9120869.999999994
601766,0.001642849,2017,7.45e-05,0.055989411,-0.234679168,0.116580311,0.886010363,0.247533904,0.949757609,-0.411811433,-0.076211395,0.293927543,240292003.6916665
601800,0.012675697,2017,5.25e-05,0.000729863,-0.294189382,0.816062176,0.71761658,-0.159948958,0.770770657,-0.069500988,0.602746749,0.126211616,186232838.93749988
601866,0.003770791,2017,1.85e-05,0.0761022,-0.318953528,0.375647668,-0.088082902,-0.176872153,1.082386595,0.333535578,-0.026476917,0.174103487,30346988.229166683
601877,-0.010732851,2017,3.32e-05,0.028070618,0.128459907,-0.813471503,0.445595855,0.308650943,0.938543509,0.190573722,-0.34455374,-0.76741436,28269954.855833337
601880,0.017062275,2017,4.66e-05,0.094147641,-0.351455198,0.893782383,0.668393782,-0.013489102,0.803412206,0.468188862,-0.083604729,0.163591052,22717524.733333316
601888,-0.004191571,2017,1.26e-05,0.364905473,1.123426322,-0.549222798,-0.380829016,1.006478787,0.993862321,-0.374336699,-0.012894895,-0.399206175,61733209.043333404
601899,-0.002144493,2017,6.7e-06,0.028722768,0.079566256,-0.362694301,-0.992227979,0.375747739,0.725976269,-0.783273422,-0.025167258,-0.163873463,58210676.778333336
601928,-0.000990597,2017,9.74e-06,0.307960433,-0.360892574,-0.230569948,-0.792746114,-0.225040034,0.747323405,0.769807514,0.04530863,0.295942428,24165946.25
601958,0.003286281,2017,1.33e-05,0.059600714,-0.138708763,0.323834197,-0.295336788,-0.069094248,1.43194351,1.108815572,0.230920848,-0.101259449,25159447.80916667
601985,-0.000143661,2017,2.86e-05,-0.011090978,-0.277681024,-0.10880829,0.316062176,0.039944557,0.680616044,-0.002279937,0.2869999,0.248995343,31882154.124999996
601992,-0.001253067,2017,2.17e-05,0.14560279,-0.49746382,-0.266839378,0.044041451,0.20795094,1.402763594,0.399319193,-0.021289306,0.590430927,47908208.52249993
603000,-0.001102817,2017,3.69e-05,1.128834231,-0.377516469,-0.238341969,0.528497409,-0.394321269,1.214281619,0.530717415,-0.811464189,0.526130459,15579186.979166666
603019,-0.018099095,2017,5.41e-05,0.057864108,0.609663278,-0.898963731,0.748704663,0.430113347,1.101690306,-1.583373542,-4.152727214,-0.377058316,13726059.089166647
603077,0.005349429,2017,1.19e-05,0.081960554,-0.253779604,0.541450777,-0.492227979,-0.152027819,0.631328697,0.443016655,-0.000931468,0.176998259,17020397.22333333
603128,0.008037082,2017,6.9e-05,0.588917276,-0.321876366,0.67357513,0.862694301,-0.184970753,1.133953715,1.514981437,0.289906753,0.116103138,7921376.870833333
603169,0.026377277,2017,3.2e-05,0.428721227,-0.594264568,0.961139896,0.404145078,-0.379764458,1.125248123,1.331464088,0.028655105,0.015172089,6681645.293000007
603699,0.004133022,2017,1.18e-05,-0.171379166,-0.063433282,0.430051813,-0.505181347,0.136304216,0.70438685,0.325237943,-0.629212727,0.720756465,12591250.000000002
603766,-0.009415372,2017,3.58e-05,-0.227405161,-0.224373004,-0.784974093,0.497409326,-0.147002189,1.026148153,0.959944252,0.135360377,0.190909064,16069302.809999997
603858,-0.0034943,2017,5.74e-05,-0.194726012,-0.397835676,-0.455958549,0.777202073,-0.462053233,1.103258844,0.698670631,-0.088635596,0.19590735,7327452.918333337
603885,-0.00262575,2017,1.13e-05,-0.16280574,0.014116302,-0.401554404,-0.569948187,-0.085090412,1.274785758,-0.622372281,-0.330726401,0.232045143,6938928.66166667
