asset,beta_bri,ch4mkt_beta,ch4smb_beta,ch4vmg_beta,ch4pmo_beta,year,br,compounded_xret,compounded_xret_beta,rank_beta,rank_br
6,0.0616843738220659,1.2241479665489199,1.24784491948937,0.7676670877720799,0.0080981396904126,2018,1.28e-05,0.2674101,-0.051235571,0.9166666666666667,-0.24019607843137258
8,-0.0096762107941952,1.01913828788899,0.3328533595546,-0.29268810552138,-0.11228844535619001,2016,5.16e-05,-0.322403628,-0.340896118,-0.19547657512116312,0.7576736672051696
8,0.001622485409317,0.88661594172369,-0.20223040057627,-0.8725319719877399,0.28045999411989003,2017,2.09e-05,-0.247817124,-0.322403628,0.1113989637305699,0.012953367875647714
8,-0.0480574133276451,0.87859989607734,0.6288027772439599,-0.26592276884658,-0.05786786596675,2019,9.54e-06,-0.256721741,-0.229533231,-0.7427884615384616,-0.6274038461538461
11,0.0708948855216638,1.13236035963507,1.07838254159347,0.33602092997134,0.1878231072242,2019,1.3e-05,-0.225864392,0.718574377,0.8605769230769231,-0.16586538461538458
12,0.0183729556034945,1.21191945296602,0.5033053952627999,0.35696118880739,-0.22956556326518998,2016,3.83e-05,-0.296138339,-0.198277905,0.24394184168012933,0.6219709208400646
12,0.0033843345955874,1.46844092995407,0.7217993318944,0.0069279092193459,0.10484222435438,2017,1.35e-05,-0.079703538,-0.296138339,0.3341968911917099,-0.2823834196891192
12,-0.0305194851757372,1.38954541570329,0.7195966615056201,0.41818252732675,0.22667015121574002,2018,2.57e-05,0.188846423,-0.079703538,-0.678921568627451,0.32352941176470584
12,-0.0393408468299123,1.0662174854586899,0.9026283484716,0.02590168517993,0.03344518990917,2019,1.19e-05,1.059974196,0.188846423,-0.6298076923076923,-0.24038461538461542
16,-0.0109975491495273,1.58937813404661,0.07227294184114999,-0.5277516214672899,0.11707395055396,2018,1.93e-05,0.624161418,-0.212296127,-0.3602941176470589,0.04166666666666674
19,0.0310396907665474,1.0089494738582,1.20822633732543,0.08820912683215,0.16374057553135002,2019,1.91e-05,-0.085059288,0.135782751,0.5384615384615385,0.12019230769230771
21,-0.0214863127323563,1.13170334575182,1.01973943222421,-0.69260806646227,0.23910302424882,2016,2.51e-05,-0.2112828,-0.228081148,-0.3634894991922456,0.321486268174475
21,0.0044251188520989,1.06023105072655,0.50500456494362,-0.2359862636763,0.42697037705008,2017,1.08e-05,0.188620373,-0.2112828,0.4637305699481866,-0.6528497409326425
31,-0.0028853297496207,1.18993036733398,0.10834270097068,-0.24900049212465003,0.56927976448155,2017,2.67e-05,0.12209808,-0.236499368,-0.427461139896373,0.2590673575129534
31,-0.0183775264127942,1.29549041150018,1.5746666611697098,1.367866301938,0.43195183305665996,2018,5.92e-06,-0.219331797,0.12209808,-0.5024509803921569,-0.9901960784313726
32,0.0001546239152138,1.05231928594666,0.98104964976813,-0.72199709002415,-0.16051018434951,2016,4.68e-05,-0.526468029,0.017255992,-0.06623586429725359,0.7253634894991923
32,0.0838730374046699,1.19786149567081,0.68141836631702,-0.54170444997244,-0.0020528749352786,2018,1.89e-05,1.168592659,0.314456787,0.9656862745098038,0.031862745098039325
32,0.0084157478912848,1.09232368119967,0.7306761986654,-0.51261531658167,0.27160343361098,2019,1.97e-05,-0.138768803,1.168592659,0.18990384615384626,0.17548076923076916
35,0.0050063388692531,0.8592428553345,0.46615176395606,-0.6215605983793,0.0106337933812,2017,8.81e-06,-0.12082868,-0.04799894,0.5,-0.8989637305699482
35,-0.0440887768409972,0.81667562843385,0.80091092011559,-0.26419237645663995,0.40527390675885006,2019,4.22e-05,-0.119732565,-0.162974964,-0.6875,0.7379807692307692
36,0.0442317457769951,1.15538281361625,1.04598154917649,-0.15786924305442998,0.71748737640299,2016,2.48e-05,-0.28155691,0.091975865,0.5831987075928917,0.308562197092084
37,-0.0471984101255025,0.8745142991244501,1.26800954685655,-0.17353456748914,-0.36424370918699,2019,3.32e-05,-0.337294114,-0.059739335,-0.7259615384615384,0.5865384615384615
39,0.054185759505678,1.3704926893584,0.34089887125903,-0.06330011990655,0.6795460030077101,2016,2.01e-05,-0.272276566,0.273429266,0.6704361873990308,0.0726978998384491
39,0.008939905637259,1.0712287449703402,0.51151926093901,-0.19916058871372,0.11757467359588,2017,3.19e-05,0.013193088,-0.272276566,0.7202072538860103,0.4015544041450778
39,-0.0151678435068913,1.72971818026794,0.9757226594928101,0.64272910867167,0.19643225105041,2018,2.48e-05,-0.322696611,0.013193088,-0.4338235294117647,0.2769607843137254
40,-0.0071057168663812,0.74743905444299,0.95420384205581,0.36465974077592,-0.24482802194081,2019,8.59e-06,-0.058998452,-0.559088849,-0.125,-0.8052884615384616
50,0.0008004699062221,1.60997347875557,0.93430381492772,-0.05765816421257,0.23818824760498,2018,8.29e-06,0.132559398,-0.064551357,-0.02450980392156865,-0.8970588235294118
55,0.0166023309768027,1.06795906058169,1.40495732769891,0.10403197144005,0.15714899796052,2016,6.25e-05,-0.221132864,-0.411505827,0.20516962843295627,0.8384491114701131
55,-0.0085034546213633,0.7886296369173399,0.71997653300722,-0.26652172376443,0.29727399579779,2017,3.57e-05,-0.074416991,-0.221132864,-0.7590673575129534,0.4948186528497409
55,0.0634961605676814,1.40892961345649,1.1689942750090399,0.5537478697808901,0.26506963996894,2018,6.19e-05,-0.149733938,-0.074416991,0.9240196078431373,0.8480392156862746
55,-0.0635720069169195,1.0723134333123399,1.28503952423003,0.07013495901598,0.03479409832985,2019,5.78e-05,0.047863148,-0.149733938,-0.8509615384615384,0.8629807692307692
59,0.0112997210060626,1.07660893766077,0.79667732177287,0.60567806708615,-0.28164827160126,2019,2.76e-05,0.797015222,-0.270647977,0.23557692307692313,0.47115384615384626
60,-0.0363113100044578,1.27464345494779,0.08519879054056,-1.26988832690426,0.6238571534107,2016,9.04e-06,-0.339990675,0.061161393,-0.5508885298869144,-0.8869143780290791
60,-0.0050097800514197,1.50655924845123,0.9936070257242999,0.67538539918474,-0.16500560434665998,2018,2.36e-05,-0.202874188,-0.033393137,-0.18872549019607843,0.22549019607843146
60,-0.0256974040533844,1.30524552524085,0.7172218723661601,0.40690075782191,0.04040922429722,2019,1.63e-05,0.219126756,-0.202874188,-0.45432692307692313,-0.024038461538461564
65,-0.0495417797170357,1.20776192308057,0.62511639380403,-0.89421367154148,-0.08481833519663,2016,8.13e-05,-0.520266378,0.090783823,-0.7059773828756057,0.9095315024232633
65,0.0285720022154464,0.9633774071250101,1.05921508443838,-0.36317751567926,-0.49064734144335004,2017,0.000192438,0.132845187,-0.520266378,0.9663212435233162,0.9896373056994818
65,0.0250552157980759,1.47250808990933,0.67722037839801,-0.057319353402699995,0.69593788070828,2018,0.000110069,-0.165083947,0.132845187,0.5563725490196079,0.9803921568627452
65,0.0272582519144915,1.28232596475927,1.21012067658094,0.45646879496252,0.01678414321948,2019,0.000201098,0.176098413,-0.165083947,0.48557692307692313,0.9951923076923077
69,-0.0048054035661125,1.39915713453464,-0.63912980011747,0.11533701635075,0.26407198749990995,2017,1.08e-05,0.034928684,-0.292330618,-0.5984455958549223,-0.6528497409326425
70,-0.0198873293886907,1.0289480207447301,1.2322901219550602,-0.34824264159023,-0.04722220030977,2016,3.41e-05,-0.390256724,-0.113351472,-0.33117932148626816,0.5250403877221326
70,0.0018267909943938,1.00863563579097,1.1419745712673302,0.17458134606612,-0.24041590502607,2017,1.1e-05,1.000893613,-0.390256724,0.1476683937823835,-0.6217616580310881
70,-0.0382855488820243,0.98823268439795,0.8684221947248401,-1.86938766826979,0.14386435386959,2019,9.36e-06,-0.177640255,-0.211873373,-0.6153846153846154,-0.6634615384615384
88,-0.0539029499990657,1.17096753613152,0.47664599958007003,-0.2083940567614,0.49113938464868,2016,2.63e-05,-0.381722289,0.614701504,-0.754442649434572,0.36025848142164785
88,0.0300710153526714,1.0541330402992801,1.06278140380596,-0.04166691803483,-0.6082880865463101,2017,3.78e-05,-0.177024709,-0.381722289,0.971502590673575,0.5518134715025906
88,0.0236935409186785,1.2651617561328101,0.81587829947908,0.09277258601100001,0.23313724960226997,2018,1.21e-05,0.071539667,-0.177024709,0.5392156862745099,-0.31862745098039214
88,-0.0071092374917492,1.2022640001840799,0.73060532180089,0.24659634432092997,0.16451256114858,2019,1.23e-05,0.004991045,0.071539667,-0.1298076923076923,-0.22115384615384615
89,0.0333966230424389,1.11082807835717,1.0276293414778002,0.19656597883794003,0.63742984869036,2016,2.58e-05,-0.174571306,0.091190642,0.45718901453958005,0.3473344103392568
89,0.0034375107525325,1.10894089907601,-0.04722003404034,0.40056786461625,0.20203935341481,2017,1.16e-05,0.144915447,-0.174571306,0.34974093264248696,-0.5284974093264249
89,-0.0372194117948843,0.85988888695356,-0.14087496827423,-0.11906361187505,0.2193111191939,2018,4.48e-05,-0.134802545,0.144915447,-0.7524509803921569,0.7034313725490196
89,0.0126652021696114,0.82906416108101,-0.34479336584813003,-0.0701614169106,-0.06724195526054,2019,3.15e-05,-0.001212601,-0.134802545,0.25721153846153855,0.5625
90,-0.0299722220408314,1.13468186018951,0.8284241189091,-0.39443785315498997,0.11565822687892001,2016,1.66e-05,-0.322281195,0.265611036,-0.4862681744749596,-0.056542810985460434
90,0.0038826953375566,0.9856314525414699,1.35750042207511,0.9526676855206201,-0.15975577642835,2017,2.09e-05,0.059439259,-0.322281195,0.39119170984455964,0.012953367875647714
90,0.0208417169153761,1.1758179967737399,0.9364425685523,0.35070767755827004,0.30384233834422003,2018,4.12e-05,0.467283144,0.059439259,0.4730392156862746,0.6372549019607843
90,0.0260895449264909,1.17087246547109,0.93791333087793,0.49216373920638,0.05670698113903,2019,2.03e-05,-0.161159567,0.467283144,0.4639423076923077,0.2235576923076923
99,0.0159195106112381,0.98583306677785,1.3370622562995,-0.32302240458582,0.20379949405262,2018,1.34e-05,-0.037222313,0.106739863,0.37254901960784315,-0.19362745098039214
99,-0.0002003543504212,1.09116663587594,0.59124601607804,-0.47862519014521,0.58133374230318,2019,1.24e-05,-0.025499337,-0.037222313,0.04807692307692313,-0.2139423076923077
100,0.0299857573792745,1.22895117424993,-0.32294046946839,-0.6253288033261,0.21599406375007998,2018,7.17e-06,0.874545986,0.160913544,0.6372549019607843,-0.9656862745098039
151,-0.0024216921774591,1.1121846250629701,-0.14227203841893002,-1.44993971867366,-0.14128560700232,2016,4.82e-05,-0.363174933,0.09215488,-0.10500807754442654,0.7285945072697899
151,0.0356212709364691,0.9993898458581899,1.04756138071087,-0.70244971576739,-0.17971319176786998,2017,9.28e-05,-0.00778693,-0.363174933,0.9844559585492227,0.9248704663212435
151,-0.0066659525177863,1.15142565148586,1.34261576896911,-0.19293223250639002,0.31808545465635,2018,0.000119437,-0.275758433,-0.00778693,-0.2450980392156863,0.982843137254902
151,-0.0055483571059868,1.2065625527961,0.75777690446207,-0.53534259289301,0.74065894453471,2019,6.23e-05,-0.155431407,-0.275758433,-0.06971153846153844,0.8942307692307692
153,-0.0696144043947512,0.8883242993332701,1.22674774360908,0.11821834575601,0.13669321174389,2018,1.32e-05,0.236939445,-0.033576339,-0.9387254901960784,-0.21078431372549022
156,-0.0035460191611009,1.01759763262524,0.42127484792307,-0.25573338259585,0.0577309498232,2017,1.23e-05,0.15256975,-0.353444074,-0.46113989637305697,-0.4067357512953368
157,0.033094590524846,1.20150503722694,0.02092886706413,0.015657877324629997,0.52090937674043,2016,6.66e-05,-0.069239394,0.108810457,0.4539579967689822,0.8578352180936994
157,0.0040129319286396,0.96265017754932,0.52892725765849,0.51055572243129,-0.12765479606438002,2017,9.28e-05,0.514150317,-0.069239394,0.41191709844559576,0.9248704663212435
157,0.0014929289336127,0.7219333853988801,0.49610857527127,0.37800543055608,0.012802344219679998,2018,7.58e-05,0.101317382,0.514150317,-0.009803921568627416,0.9166666666666667
157,-0.0114934357036342,0.97001889880229,0.74868425794011,0.8430594796756801,-0.0096368035033729,2019,5.74e-05,0.454091323,0.101317382,-0.20432692307692313,0.8605769230769231
158,-0.0493288349936954,1.09436629303762,0.9961298817253901,-0.8335139065959001,0.055059520808519995,2016,2.27e-05,-0.437159726,0.120653597,-0.7027463651050081,0.21163166397415178
158,-0.0346141173970953,1.03807864838034,1.28494261539516,0.24992500623205,0.071918379988,2017,1.12e-05,-0.223190951,-0.437159726,-0.961139896373057,-0.5829015544041452
158,0.043911674877846,1.08460573151162,1.27614310205458,-0.10266255129816002,-0.13405138441898,2018,1.09e-05,0.89826548,-0.223190951,0.7941176470588236,-0.517156862745098
158,-0.0228460626972716,1.1918939271496298,1.15865626194673,-0.65906797147709,0.66650593410683,2019,1.9e-05,0.083579196,0.89826548,-0.41346153846153844,0.11298076923076916
159,0.0033891261243828,0.5173173566763,1.44437152791968,-1.10511438844338,-1.07216992154909,2017,1.22e-05,1.046892888,-0.467193619,0.339378238341969,-0.42227979274611394
159,0.0163788400037306,1.18308714954039,1.42679342459422,0.05028326126751,0.62455393951193,2018,1.15e-05,-0.383109778,1.046892888,0.3897058823529411,-0.41666666666666663
159,0.0596632214967229,1.14092948478774,2.4860611263991204,1.0561164775548602,-0.21824649779828997,2019,1.07e-05,0.242992541,-0.383109778,0.8028846153846154,-0.40865384615384615
301,-0.0736606418398972,0.83741725429341,1.60865403770305,1.16110233407148,0.16648605059463,2018,1.06e-05,0.018157155,-0.133408661,-0.9509803921568627,-0.5882352941176471
301,0.0403156718355643,0.7979388218473601,0.59356607962575,0.1062314127269,-0.14721520051557002,2019,2.27e-05,2.730486664,0.018157155,0.6490384615384615,0.3389423076923077
333,0.0371487424948917,1.3922609320633499,-1.0079988183296,0.12873158154419,-0.17936801525415,2018,9.26e-06,0.166788676,0.004049963,0.732843137254902,-0.7892156862745098
338,0.0010386116732945,1.1985487590800001,0.10298481806533,-0.13291930680674,0.5739814506704499,2016,9.65e-06,0.35691073,0.703547209,-0.050080775444264924,-0.8287560581583199
338,-0.0062211975840274,1.2278882073822102,0.25064653681617,0.34786654654246,0.010856203801969999,2017,1.87e-05,0.457625761,0.35691073,-0.6735751295336787,-0.06994818652849744
338,-0.0097023329242478,1.48821648437606,-0.11025147291884999,0.39533512978896,0.009902441153515601,2018,2.23e-05,0.139016629,0.457625761,-0.3161764705882353,0.16176470588235303
338,0.0099200707259891,1.24617241974436,0.41245005212654,1.22889424812516,-0.25235559562501997,2019,1.49e-05,0.305767557,0.139016629,0.21153846153846145,-0.08173076923076927
400,0.0366942896999772,1.28782664240222,0.19922442013338001,0.1520977916399,-0.23812066491686,2016,2.63e-05,-0.568676677,0.146059273,0.492730210016155,0.36025848142164785
400,0.0010873792475824,1.14428355400145,0.5541937418726199,-0.27453780888818996,-0.08389549102011,2017,4.18e-05,0.148901977,-0.568676677,0.04922279792746109,0.6191709844559585
400,-0.0055553833486497,0.97787473114401,1.0668941637447,0.17687651996672,-0.16719501615843999,2018,1.4e-05,0.442173909,0.148901977,-0.20833333333333337,-0.15441176470588236
400,-0.0682982404754818,0.9665694087641501,0.88675408940762,0.25907304376226,-0.37793445709285,2019,1.2e-05,-0.048095781,0.442173909,-0.8701923076923077,-0.23317307692307687
401,-0.0004980615368892,1.37386897932716,-0.32370621478018996,-0.9030984154240499,-0.68633229736397,2017,2.7e-05,1.00537635,-0.43192804,-0.16321243523316065,0.2720207253886011
401,-0.0634959550842955,1.52359522033265,0.2855175321015,-0.5087415194249401,0.50412683230009,2018,1.5e-05,-0.077951312,1.00537635,-0.928921568627451,-0.10539215686274506
401,-0.0579615212263895,1.16099738398764,0.45226217967724,0.9604962698292,-0.21240442549249,2019,7.13e-06,-0.213769501,-0.077951312,-0.8341346153846154,-0.9543269230769231
403,0.0291810083491215,0.8516159131868499,0.63924649370849,0.62709611997687,0.25109712208713,2019,1.19e-05,-0.257120631,1.737904854,0.5120192307692308,-0.24038461538461542
404,0.0099341200732665,1.19042259939002,1.30283532299809,0.39014606991943,0.18242215682461,2016,2.64e-05,-0.455425347,-0.104196813,0.09531502423263327,0.37318255250403887
413,0.0009287533595663,1.16909077213829,0.65535184060207,-0.34466581034416,0.53269106368132,2018,7.51e-06,-0.481808607,-0.154710933,-0.019607843137254943,-0.9485294117647058
413,0.031216180706246,1.08217699525304,1.1367661167938499,0.13958250841016,-0.42463009652073,2019,6.67e-06,-0.23316809,-0.481808607,0.5408653846153846,-0.96875
415,0.0024367503069482,1.20984121009284,-0.4072788061702,-0.8131784931134599,0.26577140394574,2017,3.94e-05,-0.329963984,-0.133825543,0.2227979274611398,0.5777202072538861
423,-0.0101379926059537,1.00807617680396,0.21264619922854003,1.07296641760317,-0.32308328114357004,2017,1.2e-05,-0.257692399,-0.252810693,-0.8031088082901554,-0.46113989637305697
423,0.0078526714302865,0.76415065610572,-0.37120274627059,-0.15803515055129,-0.13913815108296002,2018,8.85e-06,-0.085383871,-0.257692399,0.1740196078431373,-0.8406862745098039
425,0.0207344992107536,0.7217368056046101,0.73536380529015,0.14945923795391,-0.27634848701813,2016,4.28e-05,0.125090687,0.212643396,0.2730210016155088,0.6833602584814216
425,0.0098321795675074,1.18910535126848,0.6570129786379499,0.61181412904185,-0.06558136663812,2017,3.1e-05,0.050107334,0.125090687,0.7409326424870466,0.37823834196891193
425,0.0047296520642368,1.21411347863049,0.43036644435922994,0.61395289434478,-0.10389500915941,2018,5.69e-05,0.305635281,0.050107334,0.07107843137254899,0.8137254901960784
425,-0.0024391834058284,1.24278365197493,0.44068373340472,0.45439901974637004,0.13585704751320002,2019,2.48e-05,0.071627698,0.305635281,-0.004807692307692291,0.4158653846153846
426,0.0189484389055278,1.3300278804560501,-0.19842733298146997,-2.00298309172237,0.6618088206062199,2016,1.66e-05,-0.211307585,0.181734796,0.260096930533118,-0.056542810985460434
426,0.0055086857883052,1.1184803711072,0.0516613522607,-0.8965332118614999,0.13214284514723001,2017,1.29e-05,-0.263410978,-0.211307585,0.5492227979274611,-0.33678756476683935
428,0.0071453513844805,0.9628435545044599,1.08649571658766,0.19545906109273,-0.06585395509992001,2019,1.95e-05,-0.169288328,0.111969458,0.16586538461538458,0.16346153846153855
488,-0.0056059181275954,1.41433376779179,-0.08618322570284,0.45398387098730997,0.14885557476746,2017,9.84e-06,-0.356002561,-0.013455323,-0.645077720207254,-0.7772020725388601
488,-0.0620526731611301,1.5259819002167,1.31821058343861,1.32955773871562,-0.28438487158642,2018,8.98e-06,-0.047311389,-0.356002561,-0.9215686274509804,-0.8308823529411764
488,-0.011187325070281,1.2162915649384498,0.81722233111335,0.69447955124132,0.03976650692714,2019,8.13e-06,0.668631987,-0.047311389,-0.19711538461538458,-0.8605769230769231
498,0.0037499491454871,1.15924469045811,1.17486382942974,0.043793901336119996,0.35266054464714003,2016,3.49e-05,-0.413479064,0.223086522,-0.014539579967689842,0.554119547657512
498,0.0094121378254989,1.51593254508651,0.41852069943567,0.03404089635375,-0.19799182112867,2017,0.000114165,0.264962364,-0.413479064,0.7305699481865284,0.9533678756476685
498,-0.0082872706902995,0.95036572567381,1.31435487986435,0.66626305432144,-0.19829626672974998,2018,2.53e-05,-0.085778958,0.264962364,-0.2720588235294118,0.2990196078431373
498,0.1445406997701472,1.01441913903221,0.54068606482873,0.18353344933336,-0.35598155746073,2019,3.56e-05,0.137111844,-0.085778958,0.9759615384615385,0.6346153846153846
506,0.1516220281294143,1.05640224491043,1.0779070435018598,2.28363485111056,-0.44164517657942,2018,3.84e-05,-0.397343129,0.199292735,0.9975490196078431,0.6029411764705883
506,-0.0440880602851382,0.84507326374099,0.94302866628902,-0.77129815757814,-0.13718750004069,2019,2.08e-05,-0.14680882,-0.397343129,-0.6850961538461539,0.2548076923076923
507,0.0202229951575773,1.05004899636175,0.70039473565456,-0.54244402489329,0.31630613290633003,2016,8.1e-05,-0.274035015,1.30933081,0.2665589660743135,0.9063004846526657
507,0.0167577341271759,0.93984505172553,1.46997417002319,-0.1035742197059,-0.98624595411592,2017,8.14e-05,-0.347979932,-0.274035015,0.883419689119171,0.8911917098445596
507,0.0297021414586544,1.24806366787408,1.14771993757476,0.10269914645847,0.32083756093323,2018,7.8e-05,-0.15547455,-0.347979932,0.6299019607843137,0.9264705882352942
507,-0.004245768524907,0.9889187161767199,0.6032606771946001,0.29431855028681003,-0.18210338488272002,2019,6.96e-05,0.148525821,-0.15547455,-0.038461538461538436,0.9134615384615385
514,0.0312776656136515,1.26379779292689,0.952370004245,-0.1074441714408,0.14060178050473998,2016,2.4e-05,-0.408399738,-0.023993552,0.4248788368336025,0.2665589660743135
514,-0.0209398005249257,0.9857143353867901,1.6465147056959,0.67273521752729,-0.21110553720642,2019,2.22e-05,-0.11752715,-0.219621915,-0.375,0.3173076923076923
516,0.0271906134376634,1.14770043159731,0.6965636199191999,-0.59092086161008,-0.12738304268699,2016,1.45e-05,-0.145102081,-0.057617375,0.369951534733441,-0.17285945072697895
519,-0.0817629524483443,1.0919833976981401,0.59668991483787,-1.9997873938348998,0.84679084987643,2016,1.06e-05,-0.392954556,-0.023501798,-0.8869143780290791,-0.6898222940226171
520,0.0042273453443479,1.0325289279184902,0.42753914239463997,-1.08349025365296,0.12759703634531,2017,2.89e-05,0.104317294,-0.479804232,0.4430051813471503,0.3264248704663213
523,0.0054684571737366,1.2192436577882901,0.9518457167311201,0.34924028709628,0.17104092339369,2017,3.42e-05,-0.180495865,-0.23004304,0.544041450777202,0.46632124352331616
523,0.0214433490863039,1.03302367265472,1.36722705946865,0.22311494366844,0.48377930726948,2019,2.11e-05,-0.538565784,-0.00236774,0.40384615384615374,0.2764423076923077
524,0.0055726374311194,0.96541919296171,1.5885550335467302,-0.37574155189142,0.02097649617835,2017,2.99e-05,-0.044601977,-0.332390346,0.5569948186528497,0.34974093264248696
524,0.0297922707783672,1.07260930261512,0.54118319606665,-0.09237456120878,-0.06793994839752,2018,4.79e-05,-0.275371756,-0.044601977,0.6348039215686274,0.7303921568627452
524,0.0323069509891867,1.0571936659369,0.91344838293445,0.26879801930513997,-0.09731812521353,2019,1.63e-05,0.233862589,-0.275371756,0.5697115384615385,-0.024038461538461564
528,0.0286023888765032,1.25264046975388,0.9097782073156501,0.62999556983755,0.32767429905864,2016,0.000126078,0.239461948,0.330033373,0.37964458804523415,0.9838449111470113
528,0.0113394067638734,1.4860114067899899,0.6298040818188599,0.44548901250577,-0.04787249121962,2017,9.8e-05,-0.185923565,0.239461948,0.7823834196891191,0.9326424870466321
528,-0.0068046487181867,1.28124451245091,1.25968638327112,0.81151254297546,-0.18068583366465,2018,3.46e-05,-0.045058657,-0.185923565,-0.24754901960784315,0.5098039215686274
528,0.0088379660668898,1.31044068044472,0.08895186899423,0.16274419283313998,-0.15606363076515,2019,3.25e-05,0.325326927,-0.045058657,0.1923076923076923,0.5745192307692308
530,0.0141545208222198,0.98288134867599,1.6523941184464999,0.33236511233249,-0.20931529566388,2019,1.27e-05,0.153234461,-0.233588132,0.29567307692307687,-0.18990384615384615
533,0.0030290593690014,0.36310305191151,1.11340181461019,0.8047069231346101,-0.25199234531215,2017,1.12e-05,-0.233604402,-0.66569752,0.2953367875647668,-0.5829015544041452
533,0.0095518057592889,0.5039024975561,0.34633993568691,-0.27630749317125003,-0.10599040116751,2018,2.23e-05,-0.063288915,-0.233604402,0.22549019607843146,0.16176470588235303
533,-0.0993360842605872,1.02182898581834,2.14931899505586,0.23478702998228,-0.43997433369871,2019,3.39e-05,0.049932014,-0.063288915,-0.9567307692307693,0.5985576923076923
541,0.0027232570047261,0.8441128467069899,0.71013566314334,0.17982880868766,0.14961801798377,2019,1.09e-05,0.127667571,0.006453279,0.10096153846153855,-0.35096153846153844
546,0.1203492580747861,1.0054405552487,1.01195016882906,-0.68034419782566,0.30756097656433,2016,1.99e-05,0.2134332,0.068117913,0.9483037156704361,0.06623586429725359
546,-0.0103701599879255,0.98910108921073,1.00488000956968,-0.03488314706835,-0.50732082176916,2017,7.82e-06,-0.290110589,0.2134332,-0.8082901554404145,-0.9740932642487047
548,-0.0169883399258672,1.15176873050192,1.2540902863896202,-0.40075844890335,0.25963368354162997,2016,2.08e-05,-0.395909895,-0.07730007,-0.2956381260096931,0.10500807754442643
548,0.0034180032915418,1.1269109150066399,0.9757615601342701,-0.21575570360975,0.19205921849317,2017,2.28e-05,0.005173325,-0.395909895,0.3471502590673574,0.10362694300518127
548,0.0185400000930082,0.96559888862329,1.12256506560954,0.06778407010284,0.02105179519207,2018,1.23e-05,-0.176778903,0.005173325,0.42156862745098045,-0.27941176470588236
550,-0.0065458077537751,1.11003103475144,0.9829182100613599,1.6091358630874901,-0.04384412625573,2016,1.24e-05,-0.322048705,-0.128031567,-0.15347334410339253,-0.43457189014539577
551,-0.026059593999445,1.0992218151245599,1.30299466629753,0.15828801760223002,-0.21529827205704002,2016,6.58e-05,-0.375754322,-0.004169555,-0.4410339256865913,0.8513731825525039
551,-0.0053303763825382,1.11276838077061,1.6368807887816499,0.26471687951223,-0.29729203131825,2017,3.82e-05,0.145159803,-0.375754322,-0.6321243523316062,0.5569948186528497
551,0.0286951691201576,1.19803887789517,1.26561776804806,-0.02646489369277,0.21694791692633003,2018,8.1e-05,0.437802743,0.145159803,0.6151960784313726,0.9313725490196079
551,-0.0163280187454001,1.0960023704993,1.4857342312097,0.38887057939489,-0.20846240158753,2019,8.66e-05,-0.149692676,0.437802743,-0.29807692307692313,0.9471153846153846
552,0.0138730302328986,1.2614974103561298,0.36570242881529,-0.27139031313296,0.61688664354556,2016,2.36e-05,-0.070912524,0.004918763,0.15347334410339264,0.2504038772213246
552,-0.0432999951338238,1.20379834315594,1.49063609483022,1.44713200594971,-0.18709031655051,2018,1.18e-05,-0.156426946,-0.153683639,-0.8235294117647058,-0.3529411764705882
554,-0.0110986315352777,1.2228179931140801,-0.4303590168454,-2.08759008728329,0.14640893418321,2017,1.83e-05,-1.28e-05,-0.282761704,-0.8290155440414508,-0.09585492227979275
560,-0.0761732864765663,0.84190473713665,-0.02885188084607,-1.40676428293272,-0.33069903735166,2016,1.64e-05,-0.175229362,-0.027119622,-0.8739903069466882,-0.06623586429725359
560,0.0048445084628579,0.8757741979146799,-0.13304737709936,-1.23242200131543,0.51116129884444,2017,6.45e-06,-0.156257873,-0.175229362,0.48963730569948183,-0.9974093264248705
561,-0.0058937546379343,1.20199190334715,0.66730188695309,-1.37822852804395,0.04691989222502,2017,1.3e-05,0.148313717,-0.42474185,-0.6580310880829016,-0.3212435233160622
561,-0.0387694720559874,0.89982988049159,1.00182514468296,-0.6790925750048,0.11936420704832999,2018,3.86e-05,0.014990246,0.148313717,-0.7647058823529411,0.6102941176470589
561,-0.0806611439548482,1.01569106046527,0.38218929105944,-1.45085552287236,0.841334374972,2019,1.68e-05,-0.073569987,0.014990246,-0.9206730769230769,-0.009615384615384581
566,0.0038929497064388,0.7270465628321999,0.44677471764957,0.0078839941242325,0.17971568622357,2017,8.79e-06,-0.503333724,-0.023022545,0.3937823834196892,-0.9067357512953368
568,-0.0031088982345066,1.15555133521723,0.81584758067492,1.8217420346247097,-0.31668376307491003,2017,1.3e-05,0.336373285,0.185581623,-0.4326424870466321,-0.3212435233160622
570,0.0002592442529865,0.93654001185346,1.42262152432166,0.43124384521762,0.35494924751714996,2018,4.2e-05,-0.140699131,0.199951782,-0.044117647058823484,0.6519607843137254
582,0.0236908139788265,0.40425833581897996,2.55948418046456,0.33484716188072,-1.02960972622568,2017,5.33e-05,0.187622372,-0.335359999,0.9507772020725389,0.7305699481865284
582,0.058133605267647,1.16530248744492,0.90786012871335,-0.33629312705171,0.40079554894133,2018,5.47e-05,0.195823087,0.187622372,0.9068627450980393,0.7892156862745099
582,-0.0524479926945647,0.95699252604949,1.1928318980175399,0.64716409658637,-0.4686113118094,2019,3.6e-05,-0.222597503,0.195823087,-0.7788461538461539,0.6442307692307692
586,0.0518054860964859,0.7789512009709,-0.48648626110927,-0.7364824152016199,-0.9719489487278999,2016,4.94e-05,-0.45960285,-0.122478655,0.6575121163166397,0.7415185783521809
586,-0.028073995044563,1.12365118753177,0.78026834304759,0.60692631605362,0.8391731334381101,2018,1.32e-05,-0.23755945,0.120561163,-0.6519607843137255,-0.21078431372549022
589,0.0179911588303412,1.00976291644325,1.04451436162513,-0.39647823925868,0.37221804269412,2016,1.5e-05,-0.416427742,0.041434339,0.23101777059773831,-0.13731825525040386
592,0.0537503658887292,1.12386370432613,0.8090765813730401,-0.90604160772258,0.06085480939688,2016,1.04e-05,-0.491078769,-0.198230554,0.6672051696284329,-0.7318255250403878
596,0.0375902040497256,1.04462485057678,1.61078462994629,1.22549541423536,0.42354935939792,2016,1.22e-05,0.737688234,0.059046798,0.5088852988691437,-0.4604200323101777
598,-0.0251362033169573,1.28646959203441,0.4214025098555,0.19808440837619,0.30480905962765,2016,9.9e-05,-0.274946063,0.059641307,-0.431340872374798,0.9483037156704361
598,0.000277171259818,1.10196371549379,1.03387399877153,0.53508313912997,-0.23718382182179998,2017,6.54e-05,0.120533866,-0.274946063,-0.06735751295336789,0.8238341968911918
599,0.0409863101791028,1.00975326568836,1.04437582512695,0.05542004689109001,0.14287102294773,2018,1.26e-05,-0.069579138,-0.097207364,0.7720588235294117,-0.25735294117647056
599,0.0153530771906805,1.1561982720608,1.2167186272361301,0.26638264893306,0.04968523298348,2019,4.6e-05,-0.027242234,-0.069579138,0.3173076923076923,0.7740384615384615
600,-0.0003971275468513,1.08520497621703,0.91882707024691,-0.16366846342184,-0.38408247964262,2017,9.77e-06,0.185101009,-0.547635615,-0.1424870466321243,-0.7875647668393783
600,0.014347707757817,1.22538674948036,0.80172958042321,-0.46280311429939003,0.45828854056923,2018,9.2e-06,-0.232547616,0.185101009,0.3308823529411764,-0.7941176470588236
600,-0.0475454186182204,1.03435690062821,1.37089093974696,0.89813600458825,-0.05143815919734,2019,9.16e-06,-0.020667165,-0.232547616,-0.7355769230769231,-0.7043269230769231
607,-0.0498603246800848,1.01042723468563,1.61057249044417,0.28012507457951996,-0.8313188426831399,2019,2.77e-05,-0.183022364,-0.280913593,-0.7548076923076923,0.47596153846153855
610,0.0513461189806399,1.0780934844749002,2.2023146125487703,0.56982322084601,-0.15249748088781,2019,1.25e-05,0.230341678,-0.210695189,0.75,-0.21153846153846156
619,-0.0057772201999581,1.12117261553417,0.8394825793484899,-0.32182391273472,0.057062738471340003,2017,4.61e-05,-0.140369338,-0.340448456,-0.6502590673575129,0.6554404145077721
619,0.0193946028850413,0.8928390634942799,0.46172103460391,-0.17168730749353,0.36123769509713,2018,4.26e-05,-0.133630667,-0.140369338,0.4387254901960784,0.6642156862745099
619,-0.000695541859336,0.75136513593228,1.05582780696446,0.50470148796172,-0.07900951236711,2019,1.34e-05,0.091566454,-0.133630667,0.03605769230769229,-0.14663461538461542
625,0.0220914178211428,1.2244188554826099,-0.33579382342218,0.5042155447493101,0.12714085607668002,2016,1.05e-05,-0.385535638,0.087712744,0.30533117932148635,-0.7092084006462036
625,-0.0158128685092966,1.21086905142078,0.46679561575993,0.44383875537295997,0.13867930797669,2019,9.68e-06,1.354312929,0.639003183,-0.28125,-0.5961538461538461
626,0.2029678475408736,1.38825109155775,-0.15795856476734,-1.5666367445298999,-0.32436474217022004,2016,2.1e-05,-0.62390293,-0.422002697,0.9967689822294024,0.11147011308562194
628,0.0037077821459175,0.80375133368982,1.2229684164743702,0.05864488617876,-0.35006706103025,2016,1.24e-05,-0.140390654,-0.28628208,-0.017770597738287597,-0.43457189014539577
628,-0.0112119312179056,0.9383802462158599,1.24238321730002,-0.42947505722559,0.03385620872279,2017,1.21e-05,0.232502197,-0.140390654,-0.8367875647668394,-0.44041450777202074
628,-0.020003491310902,0.9580708073884701,1.53955094226302,0.76303097641538,0.41558103238983,2018,1.22e-05,-0.197731569,0.232502197,-0.5318627450980392,-0.30147058823529416
628,-0.0201975077968519,0.9596519593003099,1.2735917662929201,0.38336603207116,0.07097687921986,2019,1.08e-05,-0.046567485,-0.197731569,-0.3629807692307693,-0.3870192307692307
630,-0.0101785467476996,0.95914830967512,0.76566088875141,0.60029602522244,-0.08712006442352001,2018,1.02e-05,-0.223452394,0.110236704,-0.33333333333333337,-0.6568627450980392
632,0.0762735142492943,1.05920675153634,1.05927511734907,-0.45700116728840995,0.19223135615687,2016,1.43e-05,-0.067405924,-0.264090952,0.7802907915993538,-0.19224555735056548
651,0.0140207817608024,1.3145654211378,-0.7207153401248301,0.48469210174850996,-0.39621070149854004,2018,1.81e-05,0.064275579,0.164214938,0.321078431372549,-0.007352941176470562
652,0.0088562046820119,1.2492471802317802,0.94840729760472,0.13130786508069,0.28517703088085,2016,2.96e-05,-0.413523496,0.137120069,0.05331179321486279,0.44426494345718903
657,0.079190263138691,1.10931258477648,-1.37293597393387,-3.0925793463124602,0.61699246658708,2016,1.69e-05,-0.185429603,-0.199194981,0.7964458804523424,-0.043618739903069415
659,0.0270804290107296,0.4041073091763,0.77646818740489,0.3227522122149,0.23004195927431,2019,1.06e-05,0.441362042,-0.259139215,0.48317307692307687,-0.42067307692307687
665,-0.0439443916326765,1.2097257820793499,1.59725006403577,0.38387066968732997,0.35263861933482,2016,5.22e-05,-0.288203868,-0.187279073,-0.6348949919224556,0.7673667205169628
665,0.002418618205817,0.9907443750912,0.8635543017959599,0.03136810028665,0.10141921758008,2017,2.2e-05,-0.060247014,-0.288203868,0.2150259067357514,0.06994818652849744
668,0.0029271203058625,0.9940493265998499,0.49900004344733995,-0.6610002490508,0.3347213659882,2017,1.4e-05,0.460466863,-0.354571179,0.2849740932642486,-0.23316062176165808
668,0.0479809288619164,1.05602735080886,0.55788065102575,-0.10239859845825,0.2846108723487,2018,1.4e-05,0.158201796,0.460466863,0.8333333333333333,-0.15441176470588236
672,-0.060058400998726,1.10104848678552,-0.14544017649385,-0.11336660141293,-0.017823172298959997,2016,2.61e-05,-0.0073813,0.510017992,-0.7738287560581583,0.3505654281098547
672,-0.0133977443110073,0.7397940295079399,-0.022526858267300002,-1.65662775156005,-0.69780390534774,2017,0.000114742,0.387605013,-0.0073813,-0.8678756476683938,0.955958549222798
672,-0.0345784874205596,1.91068985060583,1.8789307482399198,2.37345824773342,0.20507404677142,2018,4.79e-05,0.961340189,0.387605013,-0.7254901960784313,0.7303921568627452
672,-0.0009909733453369,1.19218939798209,0.4586155421987,1.0554207806801301,-0.11211952441632,2019,0.000133611,-0.240530007,0.961340189,0.03125,0.9855769230769231
677,-0.000147948774269,0.79760843904395,1.44715032621162,0.04016315771983,0.15593168316102,2017,1.65e-05,-0.165438365,-0.228563564,-0.1113989637305699,-0.1476683937823834
678,-0.0002699579937949,0.53275260953036,1.33852310805421,-1.4364645053851302,-0.22810615646371002,2017,1.76e-05,0.334515965,-0.360021673,-0.12694300518134716,-0.1113989637305699
680,0.0359949638397484,1.21667645308673,0.9850576980232401,0.0082773999548513,0.2513887317441,2016,8.54e-05,-0.378576991,0.089040159,0.47657512116316636,0.925686591276252
680,0.0210599165055256,1.4487887162381898,1.34300579959452,0.15835552911744,-0.31760707208389,2017,8.21e-05,0.185696597,-0.378576991,0.9352331606217616,0.8937823834196892
680,0.015116101110891,1.22579037532871,1.14796602373053,0.2799248973144,0.12161376901781,2018,9.18e-05,-0.180021536,0.185696597,0.3529411764705883,0.963235294117647
680,0.0941009707810447,1.23694171710521,1.19724068765959,0.61366284192749,-0.56089611872121,2019,9.58e-05,0.122673689,-0.180021536,0.9350961538461537,0.9639423076923077
681,-0.0064261371206372,0.94255844369085,1.16527408157478,-0.1742193048033,-0.31328905701095,2017,6e-05,-0.335204483,0.809556394,-0.6839378238341969,0.7901554404145077
681,0.017096596716288,1.13806613971194,-0.21978203252084003,-1.4993582414418,-0.5461584124390401,2018,4.01e-05,-0.051582489,-0.335204483,0.4068627450980393,0.6274509803921569
681,-0.0188514638719043,1.1791881348308,-0.30239252876775996,-1.24578638456496,0.5248296470917,2019,9.63e-06,-0.314221279,-0.051582489,-0.34134615384615385,-0.6057692307692308
685,-0.0005560776211135,1.10102491277804,0.21074297724898,0.08865877956446,0.08632674601387,2017,9.37e-06,0.086066799,-0.269729853,-0.17616580310880825,-0.8264248704663213
690,-0.0055746310272751,0.8967316160127401,0.36586926070851,0.06685356589043,0.12863353001084998,2019,9.51e-06,0.11869248,-0.248946015,-0.07211538461538458,-0.6370192307692308
700,0.0151065147322103,1.0789724871091,1.3197018546040802,-0.05924060557379,0.11283951531709,2019,1.04e-05,-0.257294498,1.017811339,0.31490384615384626,-0.46634615384615385
701,-0.0134920078314956,1.13779574997593,0.82333043613593,-0.6116957721377,-0.30526600562931,2016,8.63e-06,-0.448493952,-0.30187346,-0.24394184168012922,-0.9224555735056543
701,-0.0280639098319436,0.96041476031498,1.5903544768225202,-0.04034502894049,0.0312599642231,2018,7.34e-06,-0.249550077,-0.128712759,-0.6495098039215687,-0.9607843137254902
703,-0.0161894804085776,1.20859954181055,0.7191622955479401,0.26954270946974,-0.08545340302819,2016,1.08e-05,0.457012197,0.432433396,-0.2859450726978998,-0.6736672051696284
703,-0.0124765966177218,1.0141806257491601,-0.19681403384111001,-0.46582710564632995,-0.18161435472983,2017,5.3e-05,-0.074565351,0.457012197,-0.8575129533678756,0.7279792746113989
703,-0.0697861656078339,1.28213916448405,0.35824939273174,0.71556871091526,-0.08456670166006,2018,5.64e-05,-0.115338817,-0.074565351,-0.9411764705882353,0.8063725490196079
703,0.0630540627356942,1.16462687445848,-0.009296129229866501,0.28948175137267,-0.24811776091497,2019,6e-05,0.289104169,-0.115338817,0.8173076923076923,0.875
708,0.001700975472826,1.40158132949635,0.047240639218040004,-0.168856049902,0.55196965104631,2017,1.87e-05,0.458907843,-0.202693302,0.1295336787564767,-0.06994818652849744
708,-0.0570403299612692,1.08564905557134,0.7398400554376701,1.0859410153659,-0.1361613522697,2019,1.54e-05,0.234031823,1.33839116,-0.8245192307692308,-0.060096153846153855
709,-0.0138054552122104,1.0249680934841099,0.4213418757817,-1.4970168984780499,1.37156303266873,2016,2.25e-05,-0.283341963,0.533809538,-0.2536348949919225,0.18578352180936997
709,0.0020971192207769,1.30153733692549,-0.35587353347733997,-1.16004738080546,-0.06578022532313,2017,3.02e-05,-0.001571571,-0.283341963,0.18134715025906734,0.3652849740932642
709,-0.009732003739664,1.17582808451865,1.3496897685737899,1.28828110030864,-0.07678294433512,2018,5.36e-05,-0.304057467,-0.001571571,-0.31862745098039214,0.7794117647058822
709,0.0096059870452753,0.8353944106355199,0.44335263834016,0.6944876413953299,-0.23865436816529,2019,1.94e-05,0.187690261,-0.304057467,0.20673076923076916,0.14663461538461542
710,2.79246332310201e-05,1.33334299907434,0.41081485496355,-0.32894795798916,0.57899606984976,2019,1e-05,-0.505433316,0.651053236,0.05528846153846145,-0.5264423076923077
713,-0.0043456161507845,0.89973865034291,1.14890104791376,-0.40327672721,-0.10938380344819,2017,3.21e-05,1.159787502,-0.286828944,-0.5595854922279793,0.4093264248704662
713,-0.0065907139126516,0.029681011086019997,-0.48242332327481,-1.6167962290536,-0.04569331530115,2018,9.49e-06,-0.026957692,1.159787502,-0.24264705882352944,-0.7524509803921569
713,0.0301645687497605,0.60892858614486,2.02576179161479,0.13792169443195,-0.19642478569379998,2019,8.22e-06,0.234502787,-0.026957692,0.5288461538461537,-0.8461538461538461
719,0.0264581918529427,1.21157261852093,1.40546083206044,1.45821581390827,-0.37549276537896,2016,1.1e-05,-0.35353209,-0.007831195,0.36672051696284336,-0.6348949919224556
719,-0.0039966718794336,1.0099012651346801,0.37917827733947,-0.19129625897592,0.04916968042884,2017,1.08e-05,0.081019217,-0.35353209,-0.5233160621761659,-0.6528497409326425
719,-0.01200930481095,0.95678284689047,0.9829331056338699,0.17706446664239,0.20860861429917998,2018,1.23e-05,-0.034453346,0.081019217,-0.37745098039215685,-0.27941176470588236
719,0.0107610097479386,0.8200855855162,0.62387805824136,0.24776487349799,-0.18694011448542,2019,9.56e-06,0.014935884,-0.034453346,0.22836538461538458,-0.6225961538461539
721,0.0029245789629349,0.9307507398576,1.60030441477272,1.4261190149316,1.01654478364115,2017,1.29e-05,0.064020011,-0.515197119,0.28238341968911906,-0.33678756476683935
721,-0.0046991827216685,0.8202580280460401,1.63223093609469,0.26512098786006,-0.21650403851322,2018,1.31e-05,0.042166004,0.064020011,-0.1740196078431373,-0.2181372549019608
723,0.0262391361422571,1.46167418523293,1.97498231406614,2.1273080026945097,0.06627465348131001,2019,1.4e-05,0.18943578,-0.41039774,0.4735576923076923,-0.11538461538461542
735,-0.0291236610000596,0.9710609232993199,1.20396734136873,0.02791965474661,0.28227593390409,2016,1.11e-05,1.043528064,-0.04549528,-0.47657512116316636,-0.6187399030694669
735,-0.0016052995496954,0.94280042735741,0.5209120339575001,-0.04067966110123,0.01491662263814,2017,2.01e-05,-0.247791785,1.043528064,-0.3031088082901554,-0.02849740932642486
735,0.064044199028064,0.73807378430013,-0.22066906342735,-1.69430581857756,0.26023648297086,2018,1.05e-05,0.024151347,-0.247791785,0.9264705882352942,-0.5955882352941176
751,-0.0536211865825002,1.29300184248119,0.31514930763902,-0.84904428960455,0.35674519346323,2016,1.4e-05,-0.34630384,-0.125511473,-0.7512116316639741,-0.2116316639741519
751,-0.0038178762447842,1.32216491762678,-0.0711510738627,-0.85012111387804,-0.2154369230238,2017,1.32e-05,0.066693761,-0.34630384,-0.48963730569948183,-0.30569948186528495
751,0.0098998107373933,1.23036344709955,1.52081802577042,0.5303234821409599,-0.23959887408945002,2018,1.15e-05,-0.280373247,0.066693761,0.23039215686274517,-0.41666666666666663
751,0.0222853449377764,1.00095696224311,0.9285668038789101,0.32948942161173,-0.27169306144127997,2019,1.02e-05,0.232941982,-0.280373247,0.41826923076923084,-0.49759615384615385
753,0.067541957818805,1.1957307202883,1.26646769314104,-0.26793742946616,0.69822970497429,2016,1.08e-05,-0.375393827,0.031335634,0.7479806138933764,-0.6736672051696284
756,0.0422401721901981,0.7892448506081,1.41774093971397,0.0810019301369,-0.05438371839823,2018,1.1e-05,0.442194344,-0.108633229,0.7794117647058822,-0.5049019607843137
758,-0.0502722740164295,1.38946615628241,0.11717130369872,-0.62440390749819,0.37137825690274,2016,0.000122255,-0.367995445,-0.106572785,-0.7092084006462036,0.9741518578352182
758,0.0030478215857784,1.43987234100924,-0.14158000052432002,-1.19256222090259,-0.19920400326537002,2017,0.000139482,0.205982257,-0.367995445,0.30051813471502586,0.9792746113989637
758,0.0026220645345807,1.35227602557992,1.1496745068651,0.5001996662948099,-0.08769573895183,2018,8.12e-05,-0.248038631,0.205982257,0.022058823529411686,0.9338235294117647
758,-0.0161770475713673,1.21971760260281,0.76720686625799,-0.050083803753049994,0.17838340415909,2019,3.64e-05,0.119071919,-0.248038631,-0.29567307692307687,0.6514423076923077
759,0.0415127844003107,1.1518566025399402,0.9069632026010099,0.0187542141956,0.29027403340049,2016,2.61e-05,-0.185166704,0.263750991,0.5605815831987075,0.3505654281098547
759,0.0146945018348459,0.9269743987443201,0.27985600529572,-0.3364270898841,0.08466772888253,2018,1.29e-05,-0.089475836,-0.034915321,0.33823529411764697,-0.23039215686274506
761,0.0136225800535896,0.75801506914714,0.25730034311777,-0.6120975807585299,0.5925720399760901,2016,1.26e-05,-0.239338328,-0.269549594,0.14701130856219713,-0.37964458804523427
761,-0.0195547712526965,0.89484969635178,0.73080127528799,0.37557398511565,0.056454470067770005,2019,1.01e-05,0.42225771,-0.25851004,-0.3557692307692307,-0.5192307692307692
767,-0.0246932829037155,1.12253994675145,0.47028350150938003,-0.74670764244981,0.60116830897898,2016,4.36e-05,-0.267906237,-0.066676818,-0.42164781906300486,0.6930533117932149
767,0.0020771556713652,1.00678541120411,0.57947465133946,0.0521775320754,-0.05600297418341,2017,1.88e-05,0.108816453,-0.267906237,0.17616580310880825,-0.06476683937823835
768,0.0003675233828486,1.4755788685915099,-0.03221072180374,-1.33730386840637,-0.32433110245427,2017,1e-05,-0.001621673,-0.1595899,-0.04404145077720212,-0.7616580310880829
777,0.0034079662086524,1.05870855644279,0.85141568562405,0.04410176153094,-0.15362356733293,2019,9.98e-06,0.039864426,-0.184968454,0.12019230769230771,-0.53125
778,-0.0456682725923,0.9605656585818699,0.11475472720270999,-0.89856099607641,0.41256664877127996,2016,1.02e-05,-0.368162134,0.431516023,-0.6510500807754442,-0.7705977382875606
778,-0.0183306731067785,1.19499148670841,1.02653173902998,0.41150266379649,0.30967063315133997,2018,9.72e-06,-0.202708904,0.05973277,-0.5,-0.7156862745098039
778,0.0281246147258568,0.92601816040149,0.4082744118005,0.41078877574207,-0.06281503458573999,2019,1.86e-05,0.156651865,-0.202708904,0.49759615384615374,0.07211538461538458
779,-0.1869662826419157,1.08497024934068,1.7788830797688602,0.60112445996888,-0.54587931218904,2016,1.86e-05,-0.048049674,-0.386501117,-0.9967689822294022,0.02100161550888524
779,0.024853757827574,0.79424762098549,1.48689485886143,0.53232312348263,-0.1239773048344,2019,2.27e-05,-0.108768342,-0.041045115,0.45192307692307687,0.3389423076923077
785,-0.0401210912806725,1.08493774292702,1.00832962189204,-0.50033738739246,0.0358177823674,2016,1.24e-05,-0.308948756,-0.008838128,-0.6025848142164782,-0.43457189014539577
785,2.17570963818882e-05,1.23102304223602,0.89105175614957,0.10115059089143999,1.2288059754310199,2017,1.16e-05,0.298775005,-0.308948756,-0.08808290155440412,-0.5284974093264249
786,0.0391456791079815,1.20658124747256,-0.35010570769044996,-0.40488466711929,-0.17256220054363,2016,8.38e-06,0.171350969,0.740299391,0.5250403877221326,-0.9353796445880452
786,0.0003271101317157,1.30620823598328,1.04004846376145,0.53861281121499,-0.33928680504042,2017,7.97e-06,-0.011856055,0.171350969,-0.059585492227979264,-0.961139896373057
786,-0.0338077719292066,1.40695634347415,0.005665031582525,0.34559864097499,0.32682032420896,2019,5.89e-06,0.835137473,0.163334389,-0.5721153846153846,-0.9879807692307693
789,0.0042164861882163,1.25494836039175,0.79962277772681,-0.0522536938662,0.47204227451810005,2016,3.94e-05,0.562877424,0.161935198,-0.008077544426494332,0.6413570274636511
792,-0.0239680365405759,1.13132445882166,0.39279173042211,0.1313363483808,0.09767623873426999,2016,8.6e-06,0.019824261,-0.266443985,-0.4119547657512116,-0.925686591276252
792,0.003750899604318,1.26980352729174,0.27322209577455003,-0.27147420729915,-0.12237100464985999,2017,8.26e-06,-0.383660873,0.019824261,0.37305699481865284,-0.9507772020725389
793,-0.0231942467579471,1.18838109638792,0.24187563949232999,-0.86221215294033,-0.01316600266533,2016,8.32e-06,-0.174106227,0.009021453,-0.3925686591276252,-0.938610662358643
793,-0.024938499768626,0.5955003291176599,0.56862394757079,-0.10482886058631,-0.14459913892266,2017,8.05e-06,-0.605869699,-0.174106227,-0.9430051813471503,-0.9585492227979274
797,0.0933270177659536,1.12608845095125,0.3217332364325,-1.1469825369909301,0.19482426611242,2016,8.88e-05,-0.273567167,0.243951925,0.8513731825525039,0.9321486268174475
797,-0.0069328651909648,1.02678928485438,0.79808676335234,0.33566513870228,-0.26099559415537,2017,7.19e-05,-0.15085577,-0.273567167,-0.7020725388601037,0.8756476683937824
797,0.0212950610463009,1.37297658498457,0.70951503173071,0.23334835585779,0.56650669529222,2018,6.94e-05,0.005495058,-0.15085577,0.482843137254902,0.892156862745098
797,-0.0445536172406679,1.0771333989365601,0.76558058277823,0.06351596052402,0.29875386743209,2019,9.38e-05,-0.185568009,0.005495058,-0.6947115384615384,0.9591346153846154
798,0.0077378729982501,0.84950890677507,0.86834189691192,0.08594822127591,0.24949793673379,2018,3.75e-05,-0.055774291,-0.070381114,0.17156862745098045,0.5784313725490196
798,0.1198286311603302,0.9667618653188201,1.36628255620274,0.26539397050188,-0.21075876946154998,2019,2.33e-05,0.315783782,-0.055774291,0.9519230769230769,0.36778846153846145
800,0.0052712171228987,1.30685891068124,0.45421187923703,-0.06634424667478,0.24933114578836998,2017,1.31e-05,0.299652938,-0.2758111,0.5310880829015545,-0.3134715025906736
801,-8.20362109805223e-05,1.07888624743785,0.25968721064687,-1.51178399593554,0.35042404321817,2017,2.16e-05,0.337986501,-0.538703458,-0.10362694300518138,0.041450777202072464
801,0.048015354197016,1.23281275358253,0.37739231394392,-1.51471568001411,0.7148777038054,2018,1.04e-05,-0.04928779,0.337986501,0.8357843137254901,-0.6200980392156863
801,-0.0470647061204415,1.1211207008428399,0.71664995368702,-1.04364419734768,0.67240846629281,2019,9.95e-06,0.146702568,-0.04928779,-0.7235576923076923,-0.5408653846153846
806,0.0119581159594127,0.24985990982274,0.54354900124164,-0.6911643549158699,0.12631980128264,2017,1.13e-05,0.035488923,-0.682545954,0.8031088082901554,-0.5699481865284974
807,-0.0615159748153036,1.19335057590988,0.43406464855939003,-0.72217342525539,0.62930585376485,2016,2.21e-05,-0.286642085,0.085846702,-0.7802907915993538,0.1631663974151858
807,0.0008816440811928,1.63760592443268,-0.61955606594456,-1.18639440045642,-0.15157040588747,2017,3.29e-05,-0.108316252,-0.286642085,0.023316062176165886,0.43523316062176165
807,0.0398868866599078,1.90453074622207,0.99543240327325,0.33982136077794,0.52422658880626,2018,4.13e-06,-0.084425896,-0.108316252,0.7524509803921569,-0.9975490196078431
807,0.0316590836709898,1.6056349890647599,1.08833561269484,0.12951647843275,0.59966595059368,2019,1.49e-05,1.689884546,-0.084425896,0.5456730769230769,-0.08173076923076927
811,-0.0206347038112819,1.31712296453014,1.58043198639122,0.5914984068950799,-0.76444283559651,2017,1.4e-05,0.842572262,-0.590161366,-0.917098445595855,-0.23316062176165808
815,-0.0017766774111654,0.8911530097968501,0.41949236203569,-0.31071390252216,0.17180152202389,2017,1.75e-05,0.117638515,-0.38229005,-0.3212435233160622,-0.11398963730569944
815,-0.0095357730101029,1.35053529885851,0.6113396982775,-0.62101865548015,0.31116711549205,2018,1.72e-05,-0.283091076,0.117638515,-0.3088235294117647,-0.02941176470588236
815,0.2095272717356385,1.31723295829762,0.29314988437597,-1.20806976253756,1.02233083188883,2019,1.5e-05,-0.235862358,-0.283091076,0.9831730769230769,-0.07211538461538458
820,-0.0005212762386572,0.72526248924853,0.03260729531475,-0.55042591495525,0.42721960059441,2017,1.49e-05,-0.224247682,-0.780787261,-0.16839378238341973,-0.19430051813471505
825,-0.0007402406858655,1.32172316709895,-0.57388238066995,-0.72664098169805,0.033778293253539995,2017,2.12e-05,-0.28183433,0.362563217,-0.20207253886010368,0.033678756476683835
825,0.0205726139777203,1.0728176349830598,0.38989682799088,0.44614704413669,-0.07259566657322,2019,1.83e-05,1.276028292,-0.172361323,0.39182692307692313,0.05288461538461542
829,-0.0040128867891033,0.9934337733766899,0.32578863660692,-1.3730607782803799,-0.31504028276766,2017,1.12e-05,-0.218211455,-0.329958745,-0.5310880829015544,-0.5829015544041452
829,-0.0641708893726783,0.5952302353665501,0.87357655770301,-0.47533438471188,0.30302025406389,2018,1.84e-05,0.113366237,-0.218211455,-0.9362745098039216,0.007352941176470562
829,0.009224349284794,0.9842731566707501,0.62830673677981,-1.22507948437349,0.6579535333951699,2019,1.78e-05,0.248005345,0.113366237,0.19471153846153855,0.03125
830,-0.0074898876959425,1.62070261338461,0.79639266741929,1.02784563043773,0.09481668305394,2019,2.45e-05,1.555179421,-0.280033511,-0.13701923076923073,0.4014423076923077
833,0.0206265751834931,1.21455051331787,1.24274074731639,0.42927400562008994,0.3851227094373,2018,9.1e-06,-0.155362956,0.004509986,0.47058823529411775,-0.803921568627451
833,-0.0139770582378882,1.01248276015986,1.47660894178687,1.0434268515137801,-0.1577974527013,2019,8.94e-06,-0.012193786,-0.155362956,-0.25,-0.7451923076923077
836,-0.0641037437044991,0.9212978926079699,0.86238791232933,-0.39980947185668,0.17045215249741,2016,1.26e-05,-0.22268812,-0.034564647,-0.7996768982229402,-0.37964458804523427
836,0.0072038193694711,1.0410307814959399,1.44350878234211,-0.43752955022657997,-0.08918928518131,2018,1.44e-05,-0.269849895,-0.071449712,0.14950980392156854,-0.1299019607843137
837,0.0259681957676562,0.99291602557946,1.10667853743344,-0.33731034205614996,-0.33265825417753003,2016,2.01e-05,-0.324949616,-0.158505264,0.3634894991922455,0.0726978998384491
837,0.0007126578478663,0.84524470949682,0.85462816970872,-0.63865121374004,-0.09841654496232,2017,1.86e-05,-0.112621736,-0.324949616,-0.005181347150259086,-0.0803108808290155
837,0.0420525090802464,1.30266558971603,0.9309803657932301,-0.29697556424067,0.16770960873808,2018,2.91e-05,-0.191112582,-0.112621736,0.7769607843137254,0.4191176470588236
837,-0.0059282344024219,0.9619010125961,1.17175130280655,0.07981530649539,0.15868249753317,2019,1.86e-05,-0.161262445,-0.191112582,-0.08653846153846156,0.07211538461538458
851,-0.0079611724467276,1.13278148745305,1.3611384283944299,-0.08824733593897,-0.47271524300324,2016,7.63e-06,-0.183973328,-0.304084995,-0.1631663974151858,-0.9676898222940227
851,0.0103191895091277,1.19289783954979,1.23843327414487,-1.02261241636919,-0.16607720434447,2018,7.42e-06,0.385829741,0.076624627,0.2450980392156863,-0.9558823529411765
852,0.0179847404951441,1.06113120058145,0.0041379189627033,-1.0302552070497901,0.05700012944956,2016,3.87e-05,-0.542791574,0.31459052,0.22778675282714045,0.6316639741518579
852,-0.0255092811732459,0.85729559348411,0.15843125473073,-1.08262570994233,-0.04634881146602,2017,1.24e-05,0.250685057,-0.542791574,-0.9455958549222798,-0.39119170984455953
852,-0.083589842584617,1.26890627494771,1.3928030825253899,-0.06486469560789,0.35636961086331,2018,1.16e-05,-0.338746859,0.250685057,-0.9656862745098039,-0.3970588235294118
856,-0.0265843035835112,-1.44965104005233,5.17300959308159,4.0654782772460605,-3.52906153907016,2017,1.39e-05,-0.027426973,-0.646394265,-0.9533678756476685,-0.24870466321243523
856,0.0259674492705848,1.21839096453363,1.42333262706675,-0.48786831653925,-0.17570438056484,2018,2.21e-05,-0.372724258,-0.027426973,0.5735294117647058,0.14950980392156854
858,0.0695952739273661,1.13537207739214,0.41979401342856,0.79171995311882,0.37451799539514,2016,1.5e-05,0.345571663,0.760743397,0.7576736672051696,-0.13731825525040386
858,-0.0057087775309092,1.33474901098517,0.48725592612675,1.7204529700281999,-0.40034758166392004,2017,2.93e-05,0.584723048,0.345571663,-0.6476683937823835,0.33678756476683946
859,-0.0027623426954979,0.97098118794346,1.38003115933685,-0.01940356077123,0.30778100050317997,2017,2.95e-05,0.628955452,-0.414435561,-0.41709844559585496,0.34196891191709855
860,-0.0068158488349699,0.9501294040174101,0.85129644611871,0.70615738500188,-0.26056052309746003,2017,2.59e-05,0.598077679,0.856264126,-0.6994818652849741,0.23316062176165797
860,-0.003984207081436,1.09394290279728,0.07631054197549,-0.14217569641140998,-0.19979513522409997,2018,2.58e-05,0.206646265,0.598077679,-0.14460784313725494,0.32843137254901955
860,0.0246385326720725,1.38192591713555,-0.77672457533556,0.32653285381499997,-1.05105719177556,2019,2.86e-05,-0.269808464,0.206646265,0.44951923076923084,0.4951923076923077
863,0.0951697111580351,0.9011020707563899,-0.23452075429152,-0.68210987014212,-0.83740209438284,2016,5.38e-05,-0.389122893,-0.208146349,0.864297253634895,0.7932148626817448
863,0.0096738268751606,1.14904908843149,0.07044561373163001,0.19317209303041,0.10491625734325,2017,2.01e-05,0.227869621,-0.389122893,0.7357512953367875,-0.02849740932642486
863,-0.0427801926306915,0.7849950980350999,0.38186877411779,-0.14398734472203,0.40807866421314,2018,3.07e-05,-0.20627289,0.227869621,-0.8186274509803921,0.44852941176470584
863,-0.0155400488210844,0.5992831441011,0.6776040251730799,0.6944265514957401,0.24927615922962,2019,9.36e-06,-0.07506969,-0.20627289,-0.27403846153846156,-0.6634615384615384
868,0.0039427938047442,1.07251185717764,0.5869304972003899,-0.50087004029904,-0.07623082210881,2017,1.2e-05,-0.419878378,0.071849626,0.4015544041450778,-0.46113989637305697
869,0.0825090932799563,1.00495354699843,0.31510131708374,0.41380931032691,-0.43334384152383,2019,1.56e-05,0.092517738,0.067583211,0.9086538461538463,-0.043269230769230727
876,-0.0193623289030247,0.70175806407036,0.06789294964695,0.21332781044637,-0.22228447682072,2018,6.06e-06,0.699463507,1.768603547,-0.517156862745098,-0.9877450980392157
877,-0.0742819898120526,1.3048627128025,0.34829033994197,-0.63493362487053,0.64396473692543,2016,1.37e-05,-0.470918766,1.026164512,-0.8675282714054927,-0.24394184168012922
877,0.0102736414250363,0.57689886709405,2.07370491712437,-0.39623630768801005,-0.8177674829101,2017,2.47e-05,0.757842342,-0.470918766,0.7616580310880829,0.19430051813471505
877,0.0076649828640613,1.42402497221222,1.34456896222895,0.8528844945344101,0.13670488773823,2018,2.18e-05,0.331815729,0.757842342,0.16666666666666674,0.12745098039215685
877,0.0485994957833986,1.27666041637631,0.58464000542435,0.80030963165586,-0.24185728819409,2019,1.94e-05,-0.124049233,0.331815729,0.7259615384615385,0.14663461538461542
878,-0.0394491144657695,1.36983755523723,0.50857649351524,0.30271893719897,0.20799189249299,2019,6.06e-06,0.199359736,-0.016917354,-0.6322115384615384,-0.9855769230769231
880,0.0383470013138382,1.21927745401374,0.81260619646883,-0.39258566592849004,0.29386547828173,2016,1.59e-05,-0.38230784,-0.114002159,0.5153473344103392,-0.08885298869143776
881,-0.0158670120147258,1.15500309123041,0.35411722225984,0.11891669801959001,-0.6171156392831201,2016,1.91e-05,-0.48384773,-0.148594977,-0.27625201938610666,0.030694668820678617
881,-0.0092700074748753,0.69688344248859,-0.28888736885002997,-1.54445814682698,-0.12108659003236999,2017,9.05e-06,-0.207396896,-0.48384773,-0.7823834196891192,-0.8678756476683938
881,0.0151595212709966,1.0389849569309602,1.65872030304293,0.09532576910059,0.43341720166214004,2018,1.66e-05,-0.100575229,-0.207396896,0.35539215686274517,-0.04656862745098034
881,-0.0222571085458042,1.06442686122699,1.05242197308373,0.15788654085458,-0.35826931992656,2019,2.46e-05,0.400220839,-0.100575229,-0.4014423076923077,0.40625
883,0.0064623848300788,0.9529524651877499,-0.21967052967971998,-0.06473666826872,0.23442545952094002,2017,9.57e-06,0.064596916,-0.178331883,0.5932642487046633,-0.805699481865285
883,0.0166025403880311,0.72126165396544,0.46244593172607,0.29860860132861,-0.0036327191448034,2018,9.33e-06,-0.180730419,0.064596916,0.39460784313725483,-0.7720588235294118
885,0.027466671019047,1.11518561593937,1.15483271178796,0.8368103690696901,0.025216169879610003,2019,2.16e-05,0.040896959,-0.107515356,0.48798076923076916,0.29807692307692313
886,-0.0720894132341067,1.05690987078632,1.3381016933376901,0.18141715873645,0.42876463211454,2016,4.6e-05,-0.034862519,-0.240398141,-0.851373182552504,0.7221324717285944
886,-0.0013220201956655,0.7822264708661999,0.9891724215459,-0.2083631920375,-0.35080361998439,2017,4.62e-05,-0.178634206,-0.034862519,-0.2772020725388601,0.6580310880829014
886,0.0527313048731463,0.76275493432213,0.45381726208705997,-1.31683651026176,0.21774910898838,2018,3.01e-05,0.144181238,-0.178634206,0.8725490196078431,0.4362745098039216
893,0.0028274507841184,0.68780815091933,0.8729738811421601,-0.69575297293835,-0.28141988974478,2017,9.03e-06,0.286450638,-0.555112508,0.26943005181347157,-0.8704663212435233
898,-0.0061315513085824,1.51304999750079,-0.94117032041175,-0.69515111481943,0.09305842852579001,2017,2.06e-05,-0.089843771,0.009767059,-0.6683937823834196,-0.002590673575129543
898,0.005968170481174,1.50682908879771,0.9423939621130899,1.42447858716512,-0.26599261013029996,2018,2.54e-05,-0.348811741,-0.089843771,0.10539215686274517,0.30637254901960786
898,-0.0200295827769886,0.9825872553016901,0.13774301771313002,0.8270719493073101,-0.20536555075587,2019,2.98e-05,0.823951591,-0.348811741,-0.36057692307692313,0.53125
901,-0.0014984570570294,1.1721960168356,0.36165171606608,-1.09829517900569,0.52659987247233,2017,1.74e-05,0.230394714,-0.455278354,-0.28756476683937826,-0.12176165803108807
903,-0.0587171570073676,1.05508332800088,0.664900793914,-0.1296501808055,0.30921127071407,2016,2.41e-05,-0.446158971,0.129856653,-0.7705977382875606,0.2730210016155088
903,0.0017986658101158,0.9948352238442,1.61948647362525,1.0565914201825999,-0.25448006629612,2017,2.6e-05,0.125912743,-0.446158971,0.14248704663212441,0.23575129533678751
903,-0.0007910565619578,0.8326413924749599,0.9642631680978,0.16429717998197002,0.16972960588634,2018,2.91e-05,0.883964197,0.125912743,-0.06127450980392157,0.4191176470588236
903,-0.0348316257605878,0.93282022570961,1.15425508170213,0.37016060790435,-0.39005436125759,2019,2.66e-05,-0.2829627,0.883964197,-0.5769230769230769,0.45432692307692313
905,0.0131595225962407,1.26238707946786,0.80003078898391,-0.69875536366781,0.37449828594304,2016,2.3e-05,-0.4055291,0.240191114,0.14378029079159926,0.2245557350565428
905,0.0316585047317199,1.05846056693348,1.7689127924010901,0.43658011027146,-0.51280557432035,2017,3.26e-05,-0.042586833,-0.4055291,0.9740932642487046,0.427461139896373
905,-0.0238244096868116,1.14440971219321,2.0037153840885598,1.02271087590528,-0.07947013960428,2018,4.03e-05,-0.166631493,-0.042586833,-0.5784313725490196,0.6323529411764706
905,-0.0079761903403143,1.06821530551493,1.10438687779594,0.13669735490022,0.0593934104349,2019,3.43e-05,0.01947427,-0.166631493,-0.15384615384615385,0.6105769230769231
911,-0.0036917532720304,1.0777565051111,0.47202681875233005,-0.5037286261986099,0.03712764108574,2017,2.11e-05,0.230096037,-0.507465779,-0.4766839378238342,0.02849740932642497
917,-0.016824902260301,1.16709436848705,1.1106240368731,-0.71430721027707,0.057741363568,2019,2.02e-05,-0.233671207,-0.112295439,-0.31490384615384615,0.2139423076923077
920,0.0055770494679804,1.3576621945328,0.41995671693929004,-0.9674271463857499,-0.0328594104159,2017,1.2e-05,0.242763789,-0.508191374,0.5595854922279793,-0.46113989637305697
922,0.0546443897367708,0.9258645090459501,0.8789724145354101,-0.14760129760344,-0.5028928543464399,2019,1.08e-05,0.156245843,-0.293154204,0.7788461538461537,-0.3870192307692307
923,-0.007367207415702,1.4007926661185202,1.2686133085754,0.11988310302302001,0.59930679945149,2018,1.17e-05,-0.274928616,0.190377048,-0.25735294117647056,-0.375
925,-0.1112503649765372,0.9844973837102601,1.24449113351569,-0.50090625748961,-0.35002513499365,2016,1.03e-05,-0.588800926,0.06013813,-0.9547657512116317,-0.7415185783521809
925,0.0171020623039665,1.02564984691299,0.9940079157644299,-0.28776262328841,0.31338580405554,2018,1.82e-05,0.01135027,0.128151261,0.4093137254901962,0.0
926,-0.0323299591284204,1.1447856795754001,0.8063017370560701,0.48882504219487,0.13442700775410998,2016,1.02e-05,-0.405943588,0.046406789,-0.5121163166397416,-0.7705977382875606
926,-0.0008668487619116,0.79808105538982,0.38455531150697003,0.30860893084783,0.002789437439496,2017,9.34e-06,-0.051992283,-0.405943588,-0.21502590673575128,-0.8316062176165804
926,-0.0061229119935764,1.01605307548247,0.2967978495504,0.28412736017188,0.44511076843436004,2018,9.03e-06,-0.24204479,-0.051992283,-0.22549019607843135,-0.8137254901960784
927,0.0098540243512123,1.49108270361247,-0.08748254818123,-1.16390790562338,0.09745049971618,2017,4.48e-05,0.071211661,-0.27223254,0.7435233160621761,0.6476683937823835
928,0.0150050903523342,1.20735150311003,1.1226603636527202,0.47322012388234,-0.07701939253856001,2016,8.41e-05,-0.460247495,0.337674277,0.17932148626817446,0.9224555735056543
928,0.0239865687415234,1.1134940891785,2.3506776411027297,0.75234681558323,-0.80002276124157,2017,3.48e-05,0.152011808,-0.460247495,0.9533678756476685,0.4766839378238341
928,-0.026845241320839,1.40594845297132,1.9396656939566201,1.42642063264516,0.3034127982064,2018,2.24e-05,-0.312373326,0.152011808,-0.625,0.17647058823529416
928,0.1027364844899244,1.33830176297997,1.58058024606063,0.42168911368870005,0.3662577677379,2019,1.87e-05,1.417976933,-0.312373326,0.9399038461538463,0.08894230769230771
930,0.0608928819918276,0.9546633815341401,0.8095413241059499,-0.20360640071707,-0.25239740344658,2019,9.1e-06,0.311461882,-0.105508348,0.8100961538461537,-0.7163461538461539
932,0.1032692518049053,1.8441583643471802,0.7778506067966701,1.81738993715642,0.8543833807360599,2018,1.03e-05,-0.171157808,-0.226368838,0.9852941176470589,-0.6348039215686274
932,-0.0276804986771575,1.31868111556085,0.09641947772958,0.54678246499023,0.35829182733448,2019,1.9e-05,0.766723254,-0.171157808,-0.4879807692307693,0.11298076923076916
935,0.0487616598971385,1.10559523116333,0.85485459530673,0.29746469652605,0.07244376157976,2016,1.17e-05,-0.331504549,2.399738547,0.6381260096930532,-0.531502423263328
935,-0.0488048162061682,1.39733008025609,0.61563092442397,0.43939728733712,0.8485643411269599,2018,1.12e-05,-0.203563207,0.017496487,-0.8529411764705882,-0.4681372549019608
935,-0.0446582631602094,1.00868580583687,0.84560636659711,0.13765190395422,-0.32324212135623,2019,9.42e-06,0.063088229,-0.203563207,-0.6995192307692308,-0.6466346153846154
936,0.0004531735778216,1.1417778702014099,0.66691338845199,-0.47644906623099004,0.27433835681116997,2017,1.06e-05,0.452292647,-0.145653965,-0.033678756476683946,-0.689119170984456
948,-0.0048885008994227,1.3107112710971,1.12487646451776,-0.24951468945216002,0.63627527659814,2017,2.26e-05,0.288750327,-0.162598585,-0.6113989637305699,0.0854922279792747
949,0.0135033819873851,0.9296191435496599,1.47334598678048,0.78622931825646,0.0059588009912369,2017,1.48e-05,-0.025040886,-0.369586284,0.8290155440414508,-0.19948186528497414
949,0.0100301449234653,0.73531452912525,1.27885457935371,0.6715697123021199,0.26509153923568995,2018,1.54e-05,0.174648983,-0.025040886,0.23284313725490202,-0.08088235294117652
949,0.0146261939944881,0.8874960673730401,1.04752542670305,0.36996594827963,-0.16404592096263,2019,1.38e-05,1.417294799,0.174648983,0.29807692307692313,-0.1298076923076923
951,0.0098150779334758,1.21673763972258,0.82557205232584,0.42486370557429004,0.32919886360738,2016,1.47e-05,-0.100083177,0.606684826,0.08885298869143776,-0.1631663974151858
955,0.0135406887829158,1.0709369819062,0.07347034793848001,-1.52750638328199,-0.0229491325805,2017,1.18e-05,0.034012943,-0.285290162,0.8316062176165804,-0.5051813471502591
955,-0.0066294895437949,1.07786084443107,1.7952456894727398,0.32033463522697997,0.91784404116924,2019,9.96e-06,-0.405118752,0.961789138,-0.10336538461538458,-0.5336538461538461
957,0.0614915072801194,1.20023827639819,0.85881655278571,0.0506532721598,-0.01312423455156,2016,1.45e-05,-0.42457208,-0.485589876,0.7124394184168013,-0.17285945072697895
957,0.0082579863508893,1.04345889698194,1.04707589080924,-0.43324898853203997,-0.16038734418549,2017,1.42e-05,0.113825377,-0.42457208,0.689119170984456,-0.2227979274611399
957,-0.0340499244768125,1.23959932313814,0.5940667111071299,-0.64783522155645,-0.15229371883297999,2018,1.37e-05,-0.145208181,0.113825377,-0.7132352941176471,-0.17156862745098034
957,-0.0066298685744982,1.2112393967682,1.71357703174753,0.29547977194374997,-0.60148602929947,2019,2.44e-05,-0.080522033,-0.145208181,-0.10576923076923073,0.39903846153846145
959,0.0012437877885011,1.06349456842112,0.15595480475912002,-0.40766285336961,-0.05929165457229,2017,1.02e-05,-0.15651545,-0.421187201,0.06217616580310881,-0.7538860103626943
960,0.0185126872081443,1.08917551933886,0.23861637517642997,-1.7382046047512902,0.7944145155163,2016,9.11e-06,-0.130918592,0.159956779,0.2504038772213246,-0.877221324717286
960,0.0105916818189089,1.35611018178604,0.57912683071892,0.18098783231399002,0.25541280048417997,2019,7.92e-06,0.84522652,-0.245429948,0.22596153846153855,-0.8918269230769231
965,0.0123995509566012,1.2824315341658798,1.03245481387752,-0.03065363997163,0.38709252199217997,2016,1.7e-05,-0.446386964,0.443539203,0.1340872374798061,-0.037156704361874016
967,0.0819172382556718,0.97076575093444,1.64030975544139,-0.11824344849621,0.08251079283408999,2016,1.04e-05,-0.200471169,0.086570406,0.8093699515347335,-0.7318255250403878
967,-0.0017057965684079,0.84168278271543,0.62164837157799,-0.13483915624835002,-0.26625361502891,2017,1.04e-05,-0.161438726,-0.200471169,-0.31865284974093266,-0.7124352331606217
969,0.044903779055181,1.1606445880457201,0.77739312313464,-0.16732673550809998,-4.194289185122102e-05,2016,1.24e-05,-0.295104282,-0.387457016,0.5896607431340872,-0.43457189014539577
969,0.0052116906233563,1.39454964447318,0.29411581703982,-0.79176869652449,0.08280639614027001,2017,1.19e-05,0.337072586,-0.295104282,0.5207253886010363,-0.49222797927461137
969,-0.0017150191188472,1.1088694638874699,0.8400764687594899,-0.55627379296464,0.17791584812707,2018,2.17e-05,-0.230006459,0.337072586,-0.0980392156862745,0.11764705882352944
969,-0.0103090146857079,1.19115578720167,1.85841566920842,0.16769000761761,-0.16219477594433,2019,2.13e-05,0.286705823,-0.230006459,-0.18509615384615385,0.2860576923076923
975,-0.0004280171967359,0.42461411549196,0.84000234948146,0.15578393044748,0.018339169671250002,2017,1.01e-05,0.300940074,0.121485531,-0.14507772020725385,-0.7590673575129534
975,0.0081772652080629,0.6941849814054599,0.32179397083449995,-0.11655466446563001,0.07513257448028,2018,7.5e-06,0.185505656,0.300940074,0.19362745098039214,-0.9534313725490196
978,-0.0137736553826457,1.1473993419858801,0.52237394778902,0.01206278680553,0.37982063460231996,2017,1.11e-05,-0.051344328,-0.363012069,-0.8756476683937824,-0.6036269430051813
978,0.0080858502951731,0.829919262589,1.2132702915549,0.42256622065172994,0.02561104480345,2018,2.27e-05,-0.209522131,-0.051344328,0.19117647058823528,0.18627450980392157
978,0.0013160363365532,0.92652617423452,1.09096451618377,0.46634939736752995,0.01242500322344,2019,1.04e-05,0.326495869,-0.209522131,0.07451923076923084,-0.46634615384615385
998,-0.0217477157951433,1.17469059143745,1.40407126513907,0.94557490011052,0.1380165746325,2016,4.05e-05,-0.151126695,0.143081353,-0.37964458804523427,0.6542810985460421
998,0.0682294817907896,0.94476011876839,0.76785527170259,-0.0008418017737612,-0.05390266288711,2019,1.08e-05,-0.051466034,0.149319212,0.8509615384615385,-0.3870192307692307
1696,0.0228284782396008,1.07681610817922,-0.26988271910455996,-1.6252258476279602,-0.23364831824658003,2016,1.21e-05,-0.353815792,-0.294641262,0.31179321486268186,-0.47657512116316636
1965,-0.0013033476975016,0.74926276698037,0.42674158037616994,-0.12483514092735,0.38796125032554,2019,6.82e-06,0.124273493,-0.179658295,0.028846153846153744,-0.9663461538461539
1979,0.0037960755281205,1.7917873858644602,-0.17114307993639,0.82997852570286,0.41090235213563997,2017,2.86e-05,0.080854865,-0.075314129,0.37823834196891193,0.3160621761658031
1979,0.0321572051345096,1.6430642481264701,-0.54693033110092,0.72821321225698,0.46054274951985996,2018,3.58e-05,-0.195609705,0.080854865,0.6642156862745099,0.536764705882353
1979,-0.0278147362323943,1.26701458395921,-0.48055351595807994,0.40261157837387,0.56665464984172,2019,1.38e-05,-0.313169577,-0.195609705,-0.4951923076923077,-0.1298076923076923
2006,-0.0724824423693774,1.00636419823376,1.1444128724634701,-0.02625287781757,-0.1397104286487,2016,2.13e-05,-0.311055081,-0.422363743,-0.8546042003231018,0.1276252019386106
2006,-0.0087556981967526,0.9313303369708301,1.0192255386989302,0.13710141287168,0.78355833972265,2018,4.82e-05,-0.202360084,0.067613305,-0.29166666666666663,0.7377450980392157
2006,-0.0208697977441664,1.01924364293059,1.16473757490199,0.18496142577395,-0.62640399395595,2019,2.83e-05,0.725391148,-0.202360084,-0.3701923076923077,0.48076923076923084
2007,-0.0077905205322144,0.8533331852863001,0.85153774430725,0.97352490584199,0.20013577977169,2017,1.17e-05,0.415053348,-0.123955893,-0.7357512953367875,-0.5155440414507773
2010,-0.0278672099073622,0.99582492990052,0.45511523032191004,-0.29565411888422,0.43973332150388,2016,1.36e-05,-0.216132861,-0.231645858,-0.4604200323101777,-0.25040387722132473
2010,-0.0012051524148141,0.55097222955068,-0.01403832111178,-0.32163092103436,-0.26087657961513,2017,1.49e-05,-0.379676409,-0.216132861,-0.25647668393782386,-0.19430051813471505
2010,-0.0134420395109075,0.38530310125593004,-0.44137704594277,-0.49932162739495,0.30039612006737004,2018,7.58e-06,-0.275750657,-0.379676409,-0.41666666666666663,-0.9411764705882353
2010,0.0415676062729052,1.14533278473165,0.9913627885750099,0.5868386638729499,-0.39682731303211,2019,1.31e-05,0.412951476,-0.275750657,0.6730769230769231,-0.15625
2011,-0.0185146840246702,1.2124026727325699,1.38267506177096,0.27336137308149,-0.7850948689754601,2017,1.1e-05,-0.306767693,-0.443551989,-0.9015544041450777,-0.6217616580310881
2014,0.0015877712361594,1.1348280959546,0.35468572161042,-0.33353492916411004,0.45268669424621,2017,1.24e-05,0.264808697,-0.18914222,0.10621761658031081,-0.39119170984455953
2015,0.0224169441341154,0.38245513063509,0.9580371130280201,-0.28189377220747996,0.16020763240147,2018,4.27e-05,-0.087944599,0.067804078,0.5098039215686274,0.6666666666666667
2015,-0.044216535073836,0.81711577438084,0.87301626084855,0.17127918600814,-0.18429309219555,2019,5.14e-05,0.718890569,-0.087944599,-0.6923076923076923,0.8149038461538463
2016,0.0047796636165548,1.05229172690255,1.82937900868953,0.38855891309809,0.0089915900594826,2017,1.36e-05,-0.432220556,0.65029473,0.48445595854922274,-0.272020725388601
2017,0.0386572953452303,1.2109995520224701,1.47791418388838,0.015222668893480002,-0.13823444545677,2016,1.34e-05,-0.448602613,-0.236769573,0.5185783521809371,-0.2730210016155089
2019,-0.0076433587880895,1.11753456658415,0.42377965126729,0.16024442251649,0.08387041304102,2017,2.32e-05,-0.293533086,0.047641428,-0.7305699481865284,0.12435233160621761
2019,0.0279798718654556,1.25161444810208,0.33596328995656,-0.68290243403079,-0.11506476390282,2018,4.81e-05,0.85718497,-0.293533086,0.607843137254902,0.7352941176470589
2019,0.0411353345103462,1.21818823833012,0.57011990580017,-0.26223355211136,-0.42401988660074,2019,2.14e-05,-0.258898125,0.85718497,0.65625,0.2908653846153846
2023,0.0460887149307123,0.97118270399359,0.30667940514976,-1.38678240541363,0.24949240441270998,2016,1.12e-05,0.203060483,-0.410435025,0.6122778675282714,-0.6155088852988692
2027,-0.0027602945479617,0.93462056876937,-0.18313607542238,-0.31162464858478,-0.50834281314625,2017,2.19e-05,-0.45599487,0.197834802,-0.4145077720207254,0.059585492227979264
2027,-0.0064863039447138,1.4931499051091,-1.1659071318824,-0.88868989278741,-0.03804115539314,2018,2.1e-05,0.058240373,-0.45599487,-0.23529411764705888,0.09558823529411775
2027,0.0868103998710406,1.22908764797323,-0.27521263141708,0.46004290780460994,-1.0468588830603,2019,1.92e-05,0.684371498,0.058240373,0.9206730769230769,0.125
2031,-0.0227675419116985,1.0093037478024198,1.2333733395467599,-0.04367343787655,-0.32889339380647004,2019,9.55e-06,-0.057051653,-0.122569397,-0.40865384615384615,-0.625
2034,0.0025434576165634,0.8539027429672,0.10270503309014001,-1.09432330225359,-0.5586000709391801,2017,1.02e-05,-0.141494956,-0.21775678,0.22538860103626934,-0.7538860103626943
2035,-0.0041857006321926,0.83932191484623,1.3052661569284,1.7283133162917599,-0.69234128365573,2017,1.17e-05,-0.233892189,-0.005566209,-0.5466321243523315,-0.5155440414507773
2035,0.0332648748606535,1.30965515047135,-0.62842717181274,0.0536522580135,-0.15044951535041,2018,1.21e-05,-0.156995383,-0.233892189,0.6838235294117647,-0.31862745098039214
2037,-0.0017829572099321,1.25898133398247,0.48797178477750996,-0.8189077706979001,0.21026430412409,2017,1.23e-05,-0.072059932,-0.402960708,-0.3290155440414507,-0.4067357512953368
2037,-0.0440507137098943,1.1438540950133,-0.24981298706219998,-1.17343521803265,0.71442288239718,2018,2.08e-05,-0.149398947,-0.072059932,-0.8308823529411764,0.09068627450980382
2037,-0.0258556519435768,1.09439022074213,1.14021350524972,0.76571838721619,-0.38976450096364,2019,1.82e-05,-0.093867623,-0.149398947,-0.4567307692307693,0.04567307692307687
2040,0.0257189258687129,1.45253236003648,0.8760502752950501,-0.44385953370034,-0.21487637048489,2016,3.83e-05,-0.489722151,0.181731526,0.35379644588045234,0.6219709208400646
2040,0.0340352234158243,0.51410265388094,1.82528345669881,-0.61008679841091,-1.31083279051556,2017,2.49e-05,0.209493482,-0.489722151,0.9818652849740932,0.19948186528497414
2041,0.0008058368446581,0.8339819440193,0.17354161257599998,-0.68486686215203,-0.0061906820004906,2017,1.38e-05,0.580763225,-0.49057979,0.005181347150259086,-0.2538860103626943
2041,0.0105270963381209,0.50662875159042,-0.20945051792648,-0.8721050027216,0.006090390112576,2018,1.46e-05,0.14449732,0.580763225,0.25,-0.12009803921568629
2041,0.065227728131474,0.69940765322346,1.38661227507089,-0.48007784027156997,-0.09537152510985,2019,1.29e-05,0.178893983,0.14449732,0.8293269230769231,-0.17067307692307687
2042,-0.0010249901094804,1.2144638791617801,1.3279301348574,0.57083898094051,0.22390179106071,2016,4.48e-05,0.072037131,0.027024703,-0.08562197092084012,0.7027463651050081
2042,0.0002608265352598,1.14967850938187,0.8881992172597399,0.65198036427335,0.07830793351062,2017,3.29e-05,0.010858064,0.072037131,-0.07253886010362698,0.43523316062176165
2042,0.0247988775387004,0.95288896365266,0.7091902591337,0.0045054426521135,0.22407428964529003,2018,1.08e-05,-0.134046148,0.010858064,0.5514705882352942,-0.5441176470588236
2042,0.0121040756381105,0.6993828502060601,1.1676798653034601,0.5582677846927601,-0.02270719748628,2019,9.71e-06,-0.23708106,-0.134046148,0.25,-0.5865384615384616
2043,-0.0063354399290445,0.8707991832549399,1.0440912082574199,0.74922284078229,-0.02986496152348,2018,1.21e-05,0.391537214,-0.190359674,-0.2279411764705882,-0.31862745098039214
2045,0.0037495180651946,1.04164234586653,1.93248630336545,0.9506255637193101,-0.50544214927857,2017,1.1e-05,-0.241257245,-0.55374298,0.3704663212435233,-0.6217616580310881
2046,0.0093535883128663,1.1387702206401702,1.10890440786296,-1.1630969974049299,-0.8221396093559701,2017,1.09e-05,0.157518724,-0.40932369,0.7253886010362693,-0.6295336787564767
2047,0.0912755041984498,1.09590248629029,0.37331462124375,-0.46600600224541,0.38179420079195997,2016,0.000404733,-0.330567085,-0.144962402,0.8449111470113086,1.0
2047,0.0081595685909398,1.7266480135232802,0.18466122491399,-0.07466920131363,-0.21991128831492998,2017,0.000284434,-0.050501251,-0.330567085,0.6813471502590673,1.0
2047,-0.0101363311640535,0.47394398492058,0.83994210785197,-0.0403183702098,-0.28945732413026,2018,0.000143723,-0.107784134,-0.050501251,-0.3308823529411765,0.9926470588235294
2047,-0.0086398751962847,0.54624607316986,0.53025916873369,0.54045018798956,-0.5674712247318401,2019,0.000182636,-0.315137034,-0.107784134,-0.1610576923076923,0.9927884615384615
2051,0.0966476750426522,1.13765923733083,0.9860525916871201,0.35966618233568,0.54801816215024,2016,9.77e-05,-0.256132146,0.26376743,0.877221324717286,0.9450726978998385
2051,0.0258749875021934,1.3632683973033801,1.10884918228673,0.48532194630907,-0.9672963383573899,2017,0.000163301,-0.237813079,-0.256132146,0.9585492227979275,0.9844559585492227
2051,0.0171566086105957,1.33710734787425,1.34351502031316,0.9993477780225101,-0.19635827757316,2019,0.000221909,-0.12218531,-0.375202131,0.33653846153846145,0.9975961538461537
2053,-0.0013615566067488,0.30192651932267,0.38382300115408,-1.23881407207613,-0.03004380307674,2017,8.67e-06,-0.223944221,-0.198190966,-0.2849740932642487,-0.9222797927461139
2053,0.0364869471829056,0.8863923220816,1.52229977668804,0.53297429575999,-0.20076148617431,2019,6.58e-06,0.066841455,-0.107259779,0.6153846153846154,-0.9711538461538461
2057,0.0057149381039918,1.25068627607598,1.6113486330512399,-0.36070509792808003,-0.04075244905315,2017,1.04e-05,1.892337693,-0.197614368,0.572538860103627,-0.7124352331606217
2057,-0.0191685923651011,1.19165811349158,1.79660669919065,0.23767316131494,-0.07446464687656,2018,1.02e-05,-0.489283584,1.892337693,-0.5147058823529411,-0.6568627450980392
2057,-0.032608630564438,1.48931750923378,1.85068296873264,1.24645795411198,0.24045863488210997,2019,1.71e-05,0.004824405,-0.489283584,-0.5600961538461539,0.0024038461538462563
2060,-0.0051510579968228,1.09812018916365,1.1189704220555101,-0.49016210902518,0.5793144090485,2016,1.61e-05,-0.304920945,0.209262121,-0.13731825525040386,-0.07592891760904685
2060,0.0116388782031281,1.19764492447289,0.72472933076918,0.01487849166821,0.32742414607051,2017,3.12e-05,0.094284934,-0.304920945,0.7953367875647668,0.3886010362694301
2060,0.0410945670016423,1.0066543012921199,0.80028950641533,0.14368414403056,0.26888317110834997,2018,1.46e-05,-0.097642013,0.094284934,0.7745098039215685,-0.12009803921568629
2060,-0.029798387122026,0.9332644272462001,0.84186261969053,0.41841085961308994,-0.15565622735991,2019,1.43e-05,0.210322555,-0.097642013,-0.53125,-0.10817307692307687
2061,-0.004472463654042,1.36858471863275,1.01610685209895,0.46389389813297,0.061542936203130005,2018,5.22e-05,-0.127392519,-0.427040181,-0.17156862745098034,0.7696078431372548
2061,0.0183448056422966,1.13168464249064,1.09621420431904,0.43072006356426995,-0.08412417239537999,2019,3.3e-05,0.007530689,-0.127392519,0.35576923076923084,0.5817307692307692
2063,0.004460739644081,1.06883361116121,1.3807860920278,0.40765126241177,-0.66830346616676,2016,2.14e-05,-0.196555447,-0.335997481,0.001615508885298933,0.1340872374798061
2064,-0.011615950874092,1.16585480794182,1.23026594121671,0.71021429895366,0.22968322755079,2016,1.58e-05,-0.156093662,-0.006686405,-0.2180936995153473,-0.09208400646203552
2065,-0.0049192894490019,0.72779673326983,0.02833357225516,-0.80942855800457,0.05884574035103,2017,2.05e-05,-0.190354692,-0.216809652,-0.616580310880829,-0.012953367875647714
2065,0.0231734113097183,0.8753718340014001,0.2787797696717,-0.99443893243543,-0.14459539177005,2018,2.08e-05,0.792215693,-0.190354692,0.5269607843137254,0.09068627450980382
2067,-0.019740003659829,1.21897996088308,0.67659119153164,-0.12473180309757,0.10480264997925999,2017,1.15e-05,-0.130811017,-0.334943954,-0.9119170984455959,-0.544041450777202
2068,0.0361042727744994,1.07505522811169,1.11919247109665,0.69881473018486,-0.0277061003649,2019,3.65e-05,0.78760908,-0.163298095,0.6129807692307692,0.6538461538461537
2073,-0.0389001867944838,1.40565208133439,1.13350003130106,0.19880956347755,0.03003220213933,2018,2.37e-05,-0.344267932,0.000400569,-0.767156862745098,0.2279411764705883
2073,-9.82545917724486e-05,0.97008218138433,1.27655595900024,-0.74597887033432,0.02050911028127,2019,2.33e-05,0.228013546,-0.344267932,0.05288461538461542,0.36778846153846145
2075,0.0570921668514087,0.87102778719776,0.7967600746827799,0.28472482430271,-1.24393184134858,2019,1.13e-05,-0.132206167,0.583065377,0.7884615384615385,-0.27403846153846156
2077,-0.1787990236042044,0.9859225035668501,0.37921014709874,-1.1372195411572399,-0.21042081592484,2016,9.68e-06,-0.272610124,-0.507927802,-0.9870759289176091,-0.8222940226171244
2078,-0.0372262266176878,0.9611226118023299,1.1180494740673501,-0.46278215421728003,0.65421823340413,2016,8.87e-06,0.312059689,0.508038036,-0.5605815831987075,-0.8998384491114702
2078,-0.0025046580942982,1.2693454514990699,0.64138664365541,0.96839115065895,0.49067066456828,2017,8.36e-06,-0.297646433,0.312059689,-0.39119170984455953,-0.9430051813471503
2078,-0.0326882174965858,1.65827023905484,1.03855966897509,1.4602703729347501,-0.09854114892627,2018,5.55e-05,0.377507215,-0.297646433,-0.7058823529411764,0.7990196078431373
2078,0.0506655154895765,1.41319240502891,0.56032750833422,0.7566763343001,-0.16327200652411,2019,3.78e-05,0.394227297,0.377507215,0.7451923076923077,0.6706730769230769
2079,-0.0654132862433446,1.17113987018448,1.28728485888511,-0.28939667163515,-0.07197528924491,2016,1.14e-05,-0.156300968,-0.347741741,-0.8061389337641357,-0.592891760904685
2079,-0.0047500798130484,1.16653008185565,1.41676222534825,0.01831817227258,0.12626769820202,2017,2.29e-05,0.143220926,-0.156300968,-0.5906735751295337,0.10621761658031081
2079,0.0131297006950424,1.12691402051455,0.79513788941029,-1.52844503260475,-0.53157317625703,2018,2.15e-05,0.79211591,0.143220926,0.3112745098039216,0.10784313725490202
2079,-0.0563339398205291,1.03110086094097,0.87141625751235,-1.64952169082455,1.09291659885122,2019,1.96e-05,-0.05390702,0.79211591,-0.8173076923076923,0.16826923076923084
2080,-0.0250104169885654,1.68234319001393,1.0962882436195098,0.63209470550256,-0.20040975682444,2018,9.29e-06,0.723034209,0.394389339,-0.5931372549019608,-0.7818627450980392
2080,-0.0517289351905433,1.33321155199259,0.68608020294126,0.29941214324795,0.14797155837548,2019,8.33e-06,0.694672782,0.723034209,-0.7716346153846154,-0.8293269230769231
2081,-0.0286531690594719,1.36976514565683,0.55378403090042,0.70843789326394,-0.1500144362262,2016,1.99e-05,-0.082515716,0.095146192,-0.4733441033925686,0.06623586429725359
2081,-0.0004544274248143,1.5664171468720198,0.46564404457247,0.58475691606164,0.007413897871092901,2017,3.56e-05,0.026347042,-0.082515716,-0.15544041450777202,0.49222797927461137
2081,0.004942671332365,1.46997107015886,-0.33762655084729,-0.053173552585140005,-0.10737156604492999,2018,1.8e-05,-0.230724744,0.026347042,0.07843137254901955,-0.009803921568627416
2083,-0.0318423254747005,1.1432530663981901,1.19302874977408,0.75139538487065,-0.08753040299268,2016,3.46e-05,-0.225711813,0.227044056,-0.5088852988691438,0.5444264943457189
2084,-0.0045911321392183,1.13592196989869,1.5507170840309499,0.34061393359769,0.29880056350878,2017,1.06e-05,-0.021202698,-0.463271592,-0.5751295336787565,-0.689119170984456
2084,0.0808362184831474,1.02906264658359,0.82215754824124,-0.27212006505959,0.31966242724038,2019,8.6e-06,-0.355309362,1.074624965,0.8966346153846154,-0.8028846153846154
2085,0.0047707813314051,0.40739248568981995,-0.025824201629909997,-0.22201380318871,-0.04165250584482,2017,1.08e-05,-0.205867029,-0.511103224,0.4818652849740932,-0.6528497409326425
2085,-0.0705732136998973,0.70033752517025,0.06814026252913,-0.16959022788413,0.80040831226094,2018,9.98e-06,-0.123373799,-0.205867029,-0.946078431372549,-0.6813725490196079
2088,-0.0031986346730138,1.25971966115025,1.29592246889436,0.01083028562276,-0.028267592206660003,2017,1.27e-05,-0.167093731,0.28894721,-0.4378238341968912,-0.36010362694300513
2090,-0.00281423180125,0.6267468217294,1.47878851003345,0.28274799703949,-0.3324286887025,2017,1.08e-05,0.372539545,-0.395489318,-0.42227979274611394,-0.6528497409326425
2091,-0.0010714719387256,0.89472016603862,0.92719068535912,-0.16603565013977,-0.36523167052529,2017,8.81e-06,-0.083348318,-0.324689461,-0.23575129533678751,-0.8989637305699482
2092,0.002436637843857,1.1204339270500199,1.18704987316426,0.73773420771971,-0.28126473245265,2016,6.89e-06,-0.243449597,0.489644258,-0.030694668820678506,-0.9870759289176091
2092,0.0066228411737043,1.1798205373622999,0.97318157332579,0.29234335191795,-0.3628943205621,2017,3.17e-05,-0.169354107,-0.243449597,0.6062176165803108,0.39896373056994827
2092,-0.0143370175360356,1.26419835067112,1.36264729157276,0.91008461369945,-0.3942722744057,2018,1.81e-05,-0.439866347,-0.169354107,-0.428921568627451,-0.007352941176470562
2092,-0.0456402104171692,1.3214405966248,1.0977943289086098,0.81491143304749,-0.34223271190233,2019,5.77e-06,1.242797435,-0.439866347,-0.7091346153846154,-0.9903846153846154
2095,0.0023165310188727,1.16481026512985,0.72156915906854,-0.37237501823808,0.6203572605959601,2017,1.39e-05,-0.344654204,0.022957376,0.20725388601036276,-0.24870466321243523
2095,-0.0208154399953894,1.19436923490692,0.60768941689862,-1.3004758586103,-0.1648374585113,2018,8.27e-05,-0.164452644,-0.344654204,-0.5465686274509804,0.9436274509803921
2095,-0.010626409223056,1.3317070875306198,0.90827294419615,-0.52002239653442,-0.34855575862767,2019,3.63e-05,-0.32308804,-0.164452644,-0.1923076923076923,0.6490384615384615
2096,-0.0005284844359466,0.91262952208325,1.11700551484707,-0.5502999245235,0.08922850248712,2017,1.05e-05,-0.072357885,-0.370047345,-0.17098445595854928,-0.6994818652849741
2097,0.0103085124752208,1.0870033081486499,1.95551893594292,1.3199232557081502,-0.14766033578831,2016,5.31e-05,-0.261707388,-0.149128673,0.10500807754442643,0.7899838449111469
2097,0.0040459760257648,1.06135114884825,0.78432057687007,-0.26773535695753,-0.052992998725000004,2017,6.29e-05,-0.045314908,-0.261707388,0.42227979274611394,0.810880829015544
2097,0.0004974075255578,1.02419265621365,1.1510108848454,-0.08059983924316,-0.18354951143011,2018,1.16e-05,-0.042881105,-0.045314908,-0.039215686274509776,-0.3970588235294118
2097,-0.0064652782974337,1.0777038379556398,0.59133659021022,-0.02838086311983,0.028227829970529996,2019,1.87e-05,0.433177012,-0.042881105,-0.10096153846153844,0.08894230769230771
2099,-0.0232555549720625,1.10626876359475,1.1039365146904199,-0.05128602273672,0.034543837708559996,2016,1.31e-05,-0.226765138,-0.307977151,-0.39579967689822293,-0.308562197092084
2103,0.0115068365012392,1.08157650725489,2.45153389713019,1.13648847856859,-1.7662753705527199,2019,9.73e-06,-0.352386683,0.379472013,0.24038461538461542,-0.5817307692307692
2104,0.0405735947032198,1.2648838668026199,1.3588438576213901,0.21955162956705,-0.174538586179,2016,1.29e-05,-0.285876476,-0.437780542,0.554119547657512,-0.33117932148626816
2104,0.0135820626102882,1.07522361940037,1.3690326885153001,-0.15179545368955,0.34231756060286,2017,2.56e-05,0.040028697,-0.285876476,0.8341968911917099,0.22797927461139889
2104,-0.008702842567524,1.20095299625635,1.10991362845713,-0.77136806165777,0.07834423766134001,2018,3.41e-05,0.165970847,0.040028697,-0.2867647058823529,0.5049019607843137
2104,-0.0688388633668503,1.1822292007458801,0.46873240997401006,-1.36370630201812,0.75053948769153,2019,3.07e-05,-0.315390713,0.165970847,-0.8725961538461539,0.5480769230769231
2109,0.0041843933631003,0.76709748040203,-0.42475112325531,-1.44222252953683,-0.013516623579970001,2017,1.46e-05,-0.001971253,-0.305401259,0.4378238341968912,-0.2098445595854922
2109,-0.006358010328933,1.28853624978579,1.31383268767772,0.20433328218695002,-0.0099416521167642,2018,1.38e-05,-0.250646957,-0.001971253,-0.23039215686274506,-0.16666666666666663
2110,-0.1024256709483779,1.35992458235483,-0.43014263221827004,-0.81446326111944,0.82301367508846,2016,1.1e-05,0.368641339,1.092641547,-0.9418416801292407,-0.6348949919224556
2110,0.0042802244044883,1.22442791655525,1.15202883490621,0.7124795880001801,-0.31319512788214,2017,8.76e-06,-0.028591803,0.368641339,0.4507772020725389,-0.9093264248704663
2110,0.0490734789195077,2.03321899267905,2.0590629749199603,3.23881849077977,1.0443378402380301,2018,1.68e-05,-0.268445882,-0.028591803,0.8431372549019607,-0.04166666666666663
2110,0.015420528707727,1.3284037459181002,0.46844819203631993,1.47067014219197,-0.29406624117724,2019,7.12e-06,0.062743132,-0.268445882,0.31971153846153855,-0.9567307692307693
2111,0.1345979622893817,1.13796781026802,1.08177511565819,-0.23476544444762,0.15245227822735,2016,3.17e-05,-0.425902397,-0.321012278,0.9612277867528272,0.48303715670436187
2111,0.0008118572142877,1.12523220346721,0.73477209168897,-0.72042806782231,0.21485479585818998,2017,1.03e-05,0.193540697,-0.425902397,0.007772020725388629,-0.7305699481865284
2111,-0.0134408186754074,1.19767363736036,0.5342867064893,-0.8356608554975,0.77359019953944,2018,9.61e-06,0.172708998,0.193540697,-0.4142156862745098,-0.7352941176470589
2112,0.0377064196846567,0.9977321993222101,1.89378538275234,1.09739888539882,-0.02080926549556,2018,5.18e-05,0.10249541,0.081433177,0.7401960784313726,0.7622549019607843
2112,-0.0467324509525318,0.96722705908462,2.2855514698435697,0.52078552312815,-1.02657082884784,2019,1.44e-05,-0.1408367,0.10249541,-0.7163461538461539,-0.10336538461538458
2114,-0.0133107755375467,1.12556119842727,0.18006201372931,-1.64887982755328,0.18250601410432,2016,1.16e-05,-0.5973148,-0.285165772,-0.2374798061389337,-0.5508885298869144
2114,0.00390141732095,1.14840568152953,-0.26062939735062,-1.64196958679,-0.12245132015679999,2017,1.05e-05,-0.01511227,-0.5973148,0.39896373056994827,-0.6994818652849741
2116,0.0407444764348796,1.1314734030573002,0.44660805965771,-0.50827314264803,-0.09529674556267,2016,3.46e-05,-0.400378365,-0.158443936,0.5573505654281099,0.5444264943457189
2116,0.0133911496506072,0.9349223687967201,1.4050014159778201,0.52558406919719,0.0367571496891,2017,2.31e-05,0.442812339,-0.400378365,0.8238341968911918,0.11917098445595853
2116,0.0347743056430081,1.21278835730796,1.1306662906281102,0.19254265876639,0.32679671749496997,2018,3.47e-05,-0.328722174,0.442812339,0.7107843137254901,0.5122549019607843
2116,0.0394722351780488,1.0126669359691098,1.09273786750129,1.11805646726162,-0.24147649482132,2019,4.18e-05,-0.120840616,-0.328722174,0.6418269230769231,0.7331730769230769
2120,0.0211747145112539,0.5001471736776201,0.83003346685139,-0.24850090543498002,0.5744791743438,2017,8.63e-06,-0.015543265,0.218191446,0.9378238341968912,-0.927461139896373
2120,0.0544412858184052,0.63745004422533,-0.35961108303757,-0.8815663780930899,-0.16342206177839,2018,7.89e-06,0.022301512,-0.015543265,0.8897058823529411,-0.9191176470588235
2120,0.0032603852498283,0.7939937704242,-0.20468581430639998,-0.16201276581333002,-0.009152398925995099,2019,7.32e-06,-0.455541298,0.022301512,0.11298076923076916,-0.9447115384615384
2121,0.0219011510341462,0.9834419190588001,1.04087753445254,0.08379644733713,-0.32151619019743,2016,2.18e-05,-0.249402961,-0.27929179,0.29563812600969297,0.14701130856219713
2121,0.0053078738669282,0.8276644041368699,0.39159198731224004,-0.70456140222415,-0.19034246967805998,2017,6.78e-06,-0.255698196,-0.249402961,0.5336787564766838,-0.9896373056994818
2126,-0.007161106409511,0.9018569272827,1.30934694689403,0.42962781418682,-0.20268395827629,2017,8.75e-06,-0.182003854,-0.113244098,-0.7072538860103628,-0.9119170984455959
2131,-0.0070303893878941,0.9506418370671701,0.84973551090972,-0.76005939860621,0.44627532801993003,2019,1.69e-05,-0.400929141,0.995200511,-0.11778846153846156,-0.004807692307692291
2135,0.0608386255000596,0.9961144514283,1.26670375965683,-0.44403850238847,0.24615775296498002,2016,8.67e-05,-0.36938839,0.006226582,0.7059773828756057,0.9289176090468498
2135,-0.0214741691509808,1.0201889141561,0.58639048286985,-0.84260438970549,-0.30530576856458,2017,0.000107283,0.079468567,-0.36938839,-0.9248704663212435,0.9404145077720207
2135,0.0301592020921724,1.11174290458165,1.11416063468961,-0.06599166181004,0.23320870124437001,2018,8.54e-05,0.311097562,0.079468567,0.6397058823529411,0.946078431372549
2135,0.0082821176612939,0.8549572951313,0.36192635833236997,-0.19622436445164998,0.04911162984553,2019,5.45e-05,0.028851049,0.311097562,0.1826923076923077,0.8413461538461537
2140,-0.1028233315339702,1.1829514695393,0.55659412077951,0.29508117993271,-0.0110216563635,2016,5.24e-05,-0.431011352,-0.151309644,-0.9450726978998385,0.7770597738287561
2140,-0.0021420040845435,1.2732673193834099,0.70520619123172,-0.21744190659606003,-0.42566834959073,2017,8.82e-05,0.371685156,-0.431011352,-0.36010362694300513,0.9222797927461139
2140,0.0113095307786033,1.05200220600204,1.1793556857714,-0.30894054749627997,0.43700249356932996,2018,0.000120799,-0.248616298,0.371685156,0.267156862745098,0.9877450980392157
2140,0.3087676710335298,1.03687381191964,0.84157236798629,-0.76239280984807,0.48609632528478003,2019,0.000107126,0.124147065,-0.248616298,0.9975961538461537,0.9711538461538463
2146,0.0318341977133718,1.19227202672754,0.56909327231787,0.18131514041601,0.65503206055691,2016,2.31e-05,-0.128880551,0.505142214,0.4474959612277867,0.23101777059773831
2146,-0.0016121579018657,1.62200552263029,-0.22972523385651,-0.028502474704440003,0.02879222654472,2017,1.86e-05,0.117056992,-0.128880551,-0.30569948186528495,-0.0803108808290155
2146,0.0180117449413187,1.8141969141482899,-0.10860084961788999,0.90047228659993,0.80120515833243,2018,1.83e-05,-0.108723358,0.117056992,0.41666666666666674,0.002450980392156854
2149,-0.0394122428971536,1.03120101081808,1.49098351789135,-0.28328965220627,0.35889816056018997,2016,4.32e-05,-0.376900552,-0.294590198,-0.5864297253634895,0.6865912762520194
2149,0.0038931817070636,0.6582907596127601,0.23020816811873,-1.0144535360974098,-0.52255709390996,2017,2.4e-05,0.340292517,-0.376900552,0.39637305699481873,0.160621761658031
2149,0.0262441677941548,1.27849583973882,1.8463723585114,0.32330967432254,0.0294109935037,2018,2.34e-05,-0.292795001,0.340292517,0.5808823529411764,0.20343137254901955
2149,-0.0165701519575949,1.3146310396188698,1.50226288596476,0.76709437800346,0.30325368878501,2019,1.04e-05,1.349623653,-0.292795001,-0.30528846153846156,-0.46634615384615385
2150,-0.0019939185029357,0.9165224383918501,0.75984247296663,-0.23667118750104998,0.20790353793521,2019,1.31e-05,-0.150857635,0.280623802,0.007211538461538547,-0.15625
2151,0.0219524115871167,1.10738540756766,0.26033943763332,-0.41370098896980995,0.08345509258639,2016,9.2e-06,-0.091762256,-0.179716364,0.3021001615508885,-0.8707592891760905
2151,0.0032724848299121,1.1223765852285599,0.28588335519592,-1.45264434945278,0.27538324754140997,2017,8.57e-06,-0.107355396,-0.091762256,0.3212435233160622,-0.9326424870466321
2151,-0.0301144496678741,1.02748300587225,-0.81114742826442,-2.37589356081237,0.05444951436094,2018,9.22e-06,0.358575845,-0.107355396,-0.6691176470588236,-0.7916666666666666
2151,-0.0468282772978724,0.82942079928494,0.17895404588289002,-1.71552889079249,0.8123402518881899,2019,8.04e-06,0.324420561,0.358575845,-0.71875,-0.8701923076923077
2152,-0.0040676826232675,0.97502236843402,0.39073600961766,-1.06789915452595,-0.32681398095363,2018,9.06e-06,0.879984611,0.168400513,-0.1519607843137255,-0.8112745098039216
2152,-0.0646567993945921,1.15726445140632,-0.15533726680279,-0.9761257874243401,0.56449160139294,2019,1.09e-05,0.003800728,0.879984611,-0.8581730769230769,-0.35096153846153844
2155,-0.0258912112472609,1.04321957169837,0.21541005956249,-0.20776295072746997,0.46772163908465,2016,1.06e-05,-0.296224802,-0.280584844,-0.4378029079159935,-0.6898222940226171
2158,-0.0057876997283296,1.25232150942887,1.05147938565754,-0.42705298996307,0.69760806494706,2018,1.18e-05,0.661326246,-0.043640399,-0.2181372549019608,-0.3529411764705882
2161,-0.0418933671339503,0.0744309506674,0.74164239733231,-0.45674191247803003,0.12089662443783,2018,1.14e-05,0.09907217,-0.271523585,-0.8014705882352942,-0.43137254901960786
2163,0.0141922592380835,1.22088169499479,0.1378275372628,-1.73196853596231,0.44056467411893,2016,1.31e-05,-0.356029265,0.136537692,0.1631663974151858,-0.308562197092084
2163,0.087233385406635,0.79888160809709,1.0046964886876402,-0.37700985186764,0.57590695289035,2018,2.34e-05,0.720074619,-0.049904183,0.9705882352941178,0.20343137254901955
2163,-0.0922291625984633,0.99413312553907,0.6518443103821201,-0.6347004666703799,0.15781628224555,2019,2.27e-05,0.883418398,0.720074619,-0.9423076923076923,0.3389423076923077
2164,0.0038385344092168,0.94966537988488,1.40555656987789,-0.13542916785300002,0.0021369928008484,2017,3.24e-05,-0.271135209,-0.439535071,0.383419689119171,0.42227979274611394
2164,-0.0042971219380021,0.96272931758339,1.25290234269336,0.19813499637871,0.15046498993744,2018,6.48e-05,-0.28686289,-0.271135209,-0.16666666666666663,0.8676470588235294
2164,-0.0358353363622049,1.07127720037236,2.30480874954035,1.4400068814962501,-1.02846616734903,2019,2.06e-05,0.658747752,-0.28686289,-0.59375,0.24038461538461542
2165,0.0145603737065195,1.15100852424175,1.23457977388832,0.46991046199095005,0.062397955636649995,2016,2.44e-05,-0.343067482,-0.336404933,0.17285945072697895,0.2891760904684977
2165,0.0018213038147488,1.0655461122758498,0.77286960596458,-0.6679641767561,0.12245871436002999,2017,2.52e-05,0.191628529,-0.343067482,0.14507772020725396,0.20466321243523322
2165,0.0080621838804273,0.96108463966213,0.9800578767386201,-0.07730113914983,0.21854349443748,2018,2.41e-05,-0.10429498,0.191628529,0.18627450980392157,0.25245098039215685
2165,0.0287073946960859,0.8710663631965,1.41895735436089,1.0072325036792,-0.7012396969371201,2019,9.28e-06,0.040634544,-0.10429498,0.5072115384615385,-0.6754807692307692
2169,0.0237306902587661,0.89093485388045,0.97896969578375,-0.8873814770215699,0.20441770587031,2019,8.19e-06,0.22740733,0.858392222,0.4423076923076923,-0.8533653846153846
2170,0.0291912432968086,1.17706275977618,0.66789174705416,-0.71849595085912,0.08790498780077999,2016,1.15e-05,-0.541735322,-0.1281972,0.3925686591276252,-0.5767366720516962
2171,-0.040146194194213,1.0403975758071,1.2555923908628501,-0.28000648709798004,-0.2645667237572,2016,1.98e-05,-0.088223037,-0.152321255,-0.6058158319870759,0.05331179321486279
2174,-0.0255544907907654,1.09156601451604,0.81308586714472,-0.28626881416639,-0.04807051474072,2017,9.07e-06,-0.160509563,-0.381744457,-0.9481865284974094,-0.8626943005181347
2179,0.0015738588337833,0.91360579380123,0.2486056369628,-0.10237196018996,-0.02211179800228,2017,1.19e-05,0.102141646,0.23571929,0.10362694300518127,-0.49222797927461137
2179,0.0666519802302866,0.74932649548023,-0.47467568426567996,-1.30821360898645,0.56314339748361,2019,9.88e-06,0.909310914,0.212675929,0.8461538461538463,-0.5528846153846154
2181,-0.0039415129043458,0.73444160051234,0.83299392859246,-0.68451207054434,0.26233847379000996,2017,1.89e-05,0.145221809,-0.251951689,-0.5155440414507773,-0.06217616580310881
2183,-0.030334543229514,1.16345573075884,0.93213283302509,-0.45952956168127995,0.5994385773141,2018,6.66e-06,0.106946677,-0.284500584,-0.6740196078431373,-0.9803921568627451
2183,-0.0237630297473726,1.12805452638848,0.9222853459579701,-0.021554854093399998,-0.21704570356673997,2019,7.81e-06,0.058140131,0.106946677,-0.4254807692307693,-0.9086538461538461
2186,0.0094126917737952,0.9681831430413,0.76417950454434,0.25958081069384004,0.20400989671953002,2016,1.35e-05,-0.29001047,0.030508087,0.06623586429725359,-0.2600969305331179
2186,-0.0013569332416192,0.8632598958094,0.36642520771338,-0.31384648877962,0.2317034956435,2017,6.47e-05,-0.190283525,-0.29001047,-0.2823834196891192,0.8212435233160622
2186,-0.0232994128720532,0.89460192668457,0.52311307826603,0.19659699166744998,0.18687715338115998,2019,1.09e-05,-0.058611908,-0.068281821,-0.42307692307692313,-0.35096153846153844
2189,-0.0349537015115847,1.14497729632132,0.86620060508558,-0.66386144561895,0.03400783790912,2019,1.09e-05,-0.071016346,-0.249727541,-0.5817307692307692,-0.35096153846153844
2196,-0.0094484980805952,1.0131523108941,1.52870958948891,0.12635169048417,0.20709587765324,2018,1e-05,-0.22213086,-0.139202403,-0.30637254901960786,-0.678921568627451
2201,-0.0995857301468883,1.00834737517368,0.04652904166583,-1.7910667566393201,-0.031102632958,2016,1.52e-05,-0.299384584,-0.15090314,-0.9321486268174475,-0.11793214862681745
2201,-0.0086060978015207,1.0349401714096,0.5509307391819399,-1.73835170662135,-0.04527034428512,2017,1.23e-05,-0.006176712,-0.299384584,-0.7642487046632125,-0.4067357512953368
2201,-0.0528074877085665,0.98324007684626,1.08199450727167,-0.3191886497747,-0.17164323032999,2018,1.16e-05,0.953332195,-0.006176712,-0.8823529411764706,-0.3970588235294118
2202,-0.0008253915028846,1.36479506731816,-0.37719675765492,-0.043316329561609995,-0.21145033961602,2017,7.52e-06,0.079165452,0.060428537,-0.20725388601036265,-0.9792746113989638
2203,0.1055670853300972,0.68031229848476,0.23611266624181,0.01174675478529,0.29045866517436,2019,9.3e-06,0.206410971,-0.197099958,0.9447115384615385,-0.6706730769230769
2204,-0.0766939344424194,1.1573896455027899,1.11260460582363,0.26284171300629,0.23720223003478003,2016,3.76e-05,-0.027004919,-0.005230374,-0.877221324717286,0.6122778675282714
2204,-0.0007276300117177,1.15660294149151,0.17605925801581,-0.34577671488256,0.04023198034689,2017,3.31e-05,-0.100927672,-0.027004919,-0.1968911917098446,0.44041450777202074
2204,0.0241087234832162,0.75848712750656,0.93314643059196,0.29110351929528,0.28238304671343,2018,1.04e-05,0.173385908,-0.100927672,0.5441176470588236,-0.6200980392156863
2204,-0.0479683380921501,0.63678693515504,0.71849147179094,-0.80146874278024,0.2682542726939,2019,3.82e-05,-0.151571861,0.173385908,-0.7403846153846154,0.6826923076923077
2205,-0.0638346733328765,1.11632398421372,0.42805269282613,-0.7041226697051299,-0.39190266725107,2016,1.56e-05,-0.571836134,0.133989466,-0.7964458804523424,-0.09854604200323103
2205,-0.0194180271245714,1.25386133720953,1.57287678322715,0.22958202399748,0.3632365224868,2018,1.22e-05,-0.254804065,0.612928351,-0.5220588235294117,-0.30147058823529416
2209,-0.1723512437319167,1.16325190505251,0.5899627595914699,0.28962897423652,-0.53495423394184,2016,1.08e-05,-0.466485683,-0.42691303,-0.9838449111470113,-0.6736672051696284
2209,-0.0108028510117834,0.46340587585417997,1.14948616313912,-1.11680506410935,0.33808219434592,2017,1.14e-05,-0.033338393,-0.466485683,-0.8160621761658031,-0.5518134715025906
2209,0.0089303577438469,0.95408829380216,1.21135897061902,-0.10972407952628001,0.10632002834216,2018,1.17e-05,-0.162242391,-0.033338393,0.20833333333333326,-0.375
2212,-0.0058129304093413,0.8868627109248,0.38431605193366997,-1.02739080427631,0.12354956369683,2017,2.87e-05,0.139180045,-0.080467625,-0.655440414507772,0.32383419689119175
2212,0.0065172873136772,0.54366832846268,0.08649895785177,-1.31440941731873,0.24347720553177998,2018,2.83e-05,0.912434317,0.139180045,0.125,0.4019607843137254
2212,0.0003087265032065,0.82443920264468,0.45581682998666995,-0.10806145816795,-0.08442870960532,2019,2.48e-05,-0.267890085,0.912434317,0.0625,0.4158653846153846
2213,0.0009123253916744,0.72733493774395,-0.52132193526946,-1.19313076412752,0.41200164996168,2017,1.35e-05,-0.469719985,-0.371641861,0.033678756476683835,-0.2823834196891192
2213,0.0369869588546307,0.5118770242918,0.53726901018632,-0.36201251769966003,-0.0458542942924,2018,1.3e-05,1.341058883,-0.469719985,0.7279411764705883,-0.2230392156862745
2217,-0.0061702917465064,1.35203496644216,1.04328232082519,0.51316455544425,0.02402212200366,2019,3.15e-05,-0.326631405,-0.057133856,-0.09375,0.5625
2218,-0.016452870119864,1.02020620631306,1.48218371405596,0.39543528954136004,-0.21975191453728,2016,7.97e-05,-0.378194658,-0.055363922,-0.28917609046849757,0.8998384491114702
2218,0.0094623479885288,1.10254133426333,1.19142122351412,0.38401474416805,-0.08554317303845,2017,1.43e-05,0.067136076,-0.378194658,0.733160621761658,-0.22020725388601037
2218,-0.0576493140915169,1.06442561994699,1.2289103375814399,-0.15761419432421,-0.20502558896682999,2019,1.46e-05,0.637771775,0.096228702,-0.8293269230769231,-0.09855769230769229
2225,0.0044755962692093,0.70693017092732,0.9499886960671,-0.39294766857133,0.058191819186600005,2017,9.85e-06,-0.069372994,-0.109122013,0.4689119170984455,-0.7746113989637305
2225,0.0472210613337272,0.63013897445789,1.4090379961736998,0.32065453049618,-0.33047059738238,2018,9.89e-06,-0.077060229,-0.069372994,0.8284313725490196,-0.696078431372549
2225,-0.0171325811718421,0.8913048911465601,0.55469018942984,-0.19119441224056,0.17754671173635,2019,8.73e-06,0.000755519,-0.077060229,-0.31971153846153844,-0.7668269230769231
2226,0.0485486003501415,0.77015668829162,0.16033672718366998,-0.49064709931802997,-0.87398890986108,2016,9.14e-05,-0.23082731,-0.26781652,0.6348949919224556,0.938610662358643
2226,0.0003655717894797,1.03880799679201,0.85335653560994,-0.6108366268391799,0.09351026184153,2017,6.04e-05,-0.01727662,-0.23082731,-0.04922279792746109,0.7927461139896372
2226,-0.0252129137068703,0.9172958212628001,1.34851007165874,-0.37753593857622,-0.10797002966659999,2019,1.7e-05,0.242372111,0.056440567,-0.44471153846153844,0.0
2227,-0.0055916057172448,0.89296300060107,0.14501103054627,-1.35092642066028,-0.028988370632789997,2017,1.22e-05,-0.045022203,-0.322737111,-0.6424870466321244,-0.42227979274611394
2227,-0.0621311803495451,1.18023244617447,1.22739954082225,-0.35418114654780997,0.58248502711184,2019,1.08e-05,0.244579186,0.142948213,-0.8389423076923077,-0.3870192307692307
2230,-0.0622793266856137,1.18765653508278,-0.49842950299916,-2.303378218556,1.43685505640222,2019,7.87e-06,0.785227407,0.115667283,-0.8413461538461539,-0.8990384615384616
2231,0.033508836346436,1.31991378493459,0.63027542058027,-0.41945536805066996,0.20894899778077003,2017,1.23e-05,0.357923335,-0.466609397,0.9792746113989637,-0.4067357512953368
2246,0.0241579394748822,0.7819597793489501,0.88483265604658,-2.49627041759276,-1.7954629094101102,2017,9.05e-06,-0.085544906,-0.420990257,0.955958549222798,-0.8678756476683938
2246,0.0167898484716754,1.2209592189040501,0.59950542575922,-0.92765206961887,0.60964168168686,2018,2.01e-05,-0.057104515,-0.085544906,0.4019607843137254,0.06127450980392157
2246,-0.0145659360159142,1.18168395400632,0.97948993376206,-0.4890374308489,0.7856172908708501,2019,1.93e-05,-0.052219271,-0.057104515,-0.26442307692307687,0.13221153846153855
2247,0.0023681478797251,0.69974661249695,-0.48160510132822,-1.18441896471211,0.71247202921151,2018,2.26e-05,-0.476978538,-0.597640981,0.007352941176470562,0.18382352941176472
2248,-0.0609086414604548,1.13026721501136,1.7772074734044099,1.04754788056266,-0.19371007304474,2016,3.1e-05,-0.077071058,-0.089123823,-0.777059773828756,0.4668820678513732
2248,-0.0366216000530149,0.77402260233536,1.0714740371089901,-0.6466922544868801,0.97038883260696,2018,1.07e-05,-0.234390472,0.016784667,-0.75,-0.571078431372549
2248,0.0792121251408425,0.76913884905636,0.70586107985026,0.38905953749297,-0.07972644909391001,2019,1.15e-05,-0.168294352,-0.234390472,0.8918269230769231,-0.2620192307692307
2249,-0.0110402668246211,0.974583345123,1.4138266739371101,0.15340730350009,0.05202184617234999,2018,7.75e-06,-0.180908512,-0.008239621,-0.36274509803921573,-0.9313725490196079
2249,0.0208240464347755,1.1333890266903002,2.15455202209887,0.70863954312443,-0.61295994647231,2019,7.84e-06,0.432692587,-0.180908512,0.3966346153846154,-0.90625
2250,-0.0929342956227321,1.1042326018744502,1.21277516926407,1.53882473078669,-0.07997729459067,2016,1.15e-05,-0.388713551,-0.016296232,-0.925686591276252,-0.5767366720516962
2250,-0.0079806026377927,0.71217505422065,-0.11891028137395,-0.33627517918377003,-0.16173052225891,2017,1.05e-05,0.25413699,-0.388713551,-0.7409326424870466,-0.6994818652849741
2266,0.0033671573565012,1.20233621506152,0.58402674468135,-0.50711409737959,-0.01196234049827,2017,6.29e-05,0.251475017,-0.241701028,0.32901554404145084,0.810880829015544
2266,-0.0305680725009696,0.6793231897980401,0.68406025961592,0.18699232049375,0.28506910016695,2018,2.57e-05,-0.195957928,0.251475017,-0.6813725490196079,0.32352941176470584
2266,0.0154919797955381,0.56770241651744,0.51099972818034,-0.05541123737149,0.27797085193518,2019,2.11e-05,0.283103888,-0.195957928,0.3221153846153846,0.2764423076923077
2268,0.0325818228351098,1.1521213317604801,-0.83058729837479,-2.19336336715157,0.28731471046034,2018,1.13e-05,-0.139893992,0.10589671,0.6740196078431373,-0.446078431372549
2270,-0.0013371797718984,1.52000009091952,0.3237829958379,-0.86840117496468,0.70332695147904,2017,1.27e-05,-0.016450974,-0.187820421,-0.27979274611398963,-0.36010362694300513
2271,0.0154387988429736,1.1615450422106899,1.43947318372255,1.03796937105618,0.11277610887522,2016,8.81e-06,-0.228883491,1.132633569,0.1890145395799676,-0.9030694668820678
2274,0.0287626336719584,0.94313249348798,1.1048582373587,-0.34667854586131003,0.25947632428246004,2016,1.21e-05,-0.246809663,-0.248331388,0.38610662358642966,-0.47657512116316636
2274,0.0051969367134738,0.9884717932162701,0.71556114385549,-0.94329084412214,-0.39181690750058,2017,8.49e-05,0.659432079,-0.246809663,0.5155440414507773,0.9196891191709844
2274,0.0449878894609939,1.13347360291545,1.25690580752402,0.5094867333185901,0.19463744978887,2018,1.21e-05,-0.271705329,0.659432079,0.803921568627451,-0.31862745098039214
2276,0.0316244300074471,1.02041593515051,-0.33230396197403,-0.96767203624177,-0.94636893749279,2016,9.27e-05,-0.425784572,-0.49871377,0.4345718901453959,0.9418416801292406
2276,-0.000439032767521,1.13171603204708,0.40332526543224,-1.33397276267018,0.42739390498558,2017,4.95e-05,-0.077597053,-0.425784572,-0.15025906735751293,0.6917098445595855
2276,-0.0423759673824249,1.14921559652457,0.80101398322693,-0.8191850683972,0.41716951901228994,2018,7.25e-05,0.297015925,-0.077597053,-0.8112745098039216,0.9044117647058822
2276,-0.023042090664088,1.06808227024375,1.01893735673206,-0.11674115882882999,-0.06658718115395,2019,1.39e-05,-0.075293345,0.297015925,-0.4182692307692307,-0.12019230769230771
2277,-0.0137515528920008,1.27481077667627,1.17142512094388,0.77430520952337,-0.14316403937924999,2016,1.12e-05,-0.289092606,0.110554625,-0.25040387722132473,-0.6155088852988692
2278,-0.0488588018730555,0.32000120435827,-0.15447033637811,-0.68381099570073,0.36007744318568996,2018,1.34e-05,-0.283692433,0.052223767,-0.8553921568627451,-0.19362745098039214
2279,-0.0026336313167851,1.29670006944344,0.98275041070255,-0.36523225616862,0.16448921177734,2017,1.03e-05,-0.309398409,-0.222413376,-0.4067357512953368,-0.7305699481865284
2279,0.0351077903336702,1.00200240933568,0.5148590024266401,-1.68137088719529,-0.7597111778455701,2018,9.72e-06,0.030441685,-0.309398409,0.7156862745098038,-0.7156862745098039
2283,-0.0010091658478582,0.71352032744549,1.0606643894580299,0.6297174115534799,0.83067607948057,2017,2.52e-05,-0.00663666,-0.390844172,-0.23316062176165808,0.20466321243523322
2292,0.0271576097934073,1.42127898450083,0.56084823141979,-0.9697410198871701,0.38500749626617997,2018,1.88e-05,0.294168734,-0.29337942,0.5980392156862746,0.022058823529411686
2292,0.0018079261997916,1.25295414023152,1.2381396267341,-0.59821787113805,0.11701623975406,2019,1.74e-05,-0.242545183,0.294168734,0.08653846153846145,0.016826923076923128
2294,0.0348624820872516,1.0758031822596799,-0.31429827575505,-0.42147485418666003,0.05406371176643,2019,8.5e-06,0.092356427,0.33991376,0.5961538461538463,-0.8173076923076923
2296,-0.0004235619137408,1.0858317282943901,1.36902918251708,-0.93010702238902,0.40739616620455,2016,6.4e-05,-0.417416273,-0.414889071,-0.07592891760904685,0.8449111470113086
2296,0.003059795332145,1.07162659117294,0.6568020318990799,-0.5193247146555999,0.47194342751462,2017,1.14e-05,-0.008793639,-0.417416273,0.3031088082901554,-0.5518134715025906
2297,-0.0293063718642952,1.1566037373540001,1.22887215237437,-0.369585814416,0.39009993775218,2019,1.2e-05,0.209592046,-0.25709199,-0.5144230769230769,-0.23317307692307687
2298,-0.0683651219722949,0.9907572114100199,0.9801250055352401,-0.7313458130821799,-0.28336641602467,2016,1.04e-05,-0.358108694,-0.351383928,-0.8287560581583199,-0.7318255250403878
2298,0.002250731597515,1.22235292244924,0.42056119655449,-0.58477190591052,0.20682018413127,2017,1.29e-05,0.002290655,-0.358108694,0.1968911917098446,-0.33678756476683935
2300,-0.0201921066389209,1.10493522921524,1.0555373305749098,0.29895333558129,-0.03766085496382,2016,1.32e-05,-0.533394981,0.452830927,-0.3376413570274637,-0.28917609046849757
2300,0.011857886440045,0.8711439180165801,0.89007867072612,-1.32198395278313,-0.67946666290265,2017,2.53e-05,0.414816228,-0.533394981,0.8005181347150259,0.21243523316062185
2302,-0.0004518766883074,1.1345977864127899,0.77384076975989,-0.09874877361857001,0.06897906136317,2016,1.94e-05,-0.519520714,2.040065395,-0.07915993537964461,0.037156704361873905
2302,0.0210421211637926,0.49239676385975,2.0616278214387203,0.05194497847253,-0.95377781627382,2017,5.38e-05,0.02590005,-0.519520714,0.9326424870466321,0.7435233160621761
2302,-0.0264940420844046,1.24092552763645,1.71811341171068,1.10779780548549,0.12128144878102,2018,1.84e-05,-0.1440526,0.02590005,-0.6127450980392157,0.007352941176470562
2303,-0.0055862714334052,0.9595652707614301,0.7437016496519,-0.45489860666221,0.025863500295759997,2018,3.72e-05,-0.049734182,-0.065895555,-0.21078431372549022,0.5759803921568627
2303,0.0231968422739248,1.04767397340364,0.77922776945614,-0.013627102826309998,-0.18620168791842,2019,5.46e-05,-0.179693709,-0.049734182,0.4326923076923077,0.84375
2305,-0.0005688808448082,1.12270158519115,0.63394350885825,-0.5832990830899599,0.62717618021543,2016,3.75e-05,-0.450530526,-0.04388037,-0.08239095315024236,0.6090468497576738
2305,0.0040422052535749,1.15596449221645,0.5075123339548,0.84101841215787,-0.11513282128851,2017,3.41e-05,-0.137742473,-0.450530526,0.4196891191709844,0.4611398963730571
2305,-0.0509095977678971,0.92384765415546,0.75460414546028,-0.26692407524984,0.9800054002778299,2018,1.62e-05,0.050614445,-0.137742473,-0.8700980392156863,-0.06127450980392157
2307,-0.0220543037929006,1.15215629504842,0.96503291278765,-0.48930585936010007,0.58456810705217,2016,1.83e-05,-0.518443207,1.276550271,-0.3861066235864298,0.004846526655896577
2307,0.0318980191088896,1.12183161202202,2.88191594551522,1.25632598142057,-1.40555553646624,2017,3.65e-05,0.199376943,-0.518443207,0.9766839378238341,0.5077720207253886
2307,-0.0214277381585811,1.09306824517299,1.72402505732819,0.74802624197464,0.20945951217156,2018,9.66e-06,-0.126557851,0.199376943,-0.5563725490196079,-0.7230392156862745
2307,0.0558390206854198,1.18345469801887,1.90042317474335,0.9804163847984699,-1.00468518066555,2019,8.17e-06,-0.253517654,-0.126557851,0.7860576923076923,-0.8557692307692308
2312,-0.0473844914864792,1.1637121373346901,1.09659603811578,-0.75878008743994,0.61789359374067,2019,8.95e-06,0.849527093,0.318588175,-0.7307692307692308,-0.7403846153846154
2314,-0.0037380478766586,0.9950361729625099,0.7492305835034501,0.1784435300069,0.32487812174672004,2018,9.3e-06,0.234794799,-0.267042819,-0.13480392156862742,-0.7794117647058824
2314,0.0352218769073656,1.0753865481815899,1.34765896794219,0.24921663996332,-0.18219693250184002,2019,8.09e-06,-0.116831845,0.234794799,0.5985576923076923,-0.8629807692307692
2315,-0.0040087404298547,0.79889217564507,1.41084334608256,-0.29306848184327,0.10919175345985,2017,2.2e-05,0.175478671,-0.413974809,-0.5259067357512953,0.06994818652849744
2315,-0.0264492963684155,1.42821634701827,1.4002496836681,-0.69915034546197,-0.50990790281417,2018,1.2e-05,0.13159032,0.175478671,-0.6102941176470589,-0.3259803921568627
2315,0.115709771077409,1.12822572553341,0.4406392724594,-1.08500488110691,-0.01198541388827,2019,1.03e-05,0.2726539,0.13159032,0.9471153846153846,-0.4807692307692307
2316,-0.0053030162318884,0.7637620674743,0.66161784483746,-0.33296225596544,-0.11376898403067,2018,1.04e-05,-0.25747716,-0.166777083,-0.19852941176470584,-0.6200980392156863
2320,0.0546159552676331,1.09484974962139,2.80845817131366,0.22780860782144002,0.1712849896156,2016,2.44e-05,0.725726793,-0.099616071,0.6768982229402263,0.2891760904684977
2320,0.0128899024727304,1.1730352911420499,1.8560194026158001,0.44427818192773005,-0.39957321083678,2017,2.27e-05,-0.295647358,0.725726793,0.8186528497409327,0.09067357512953378
2321,-0.0046756696670363,1.05986497346561,1.03592870789378,1.17335233003407,0.33083917737308,2017,1.08e-05,0.054508336,-0.451362487,-0.5880829015544041,-0.6528497409326425
2321,0.1362280042909444,0.62361493716642,0.9649695954221801,-0.0294935692946,-0.9818234854276899,2019,1.12e-05,-0.229123323,-0.421530781,0.9711538461538463,-0.2932692307692307
2323,-0.0257081458507022,1.03753541392852,1.78616254540921,0.5591925376810201,0.24665432511859,2016,0.000124974,-0.51019286,-0.225651658,-0.43457189014539577,0.9806138933764135
2325,0.0060982813584709,1.2963633325575499,0.19841105358526,1.29097688409914,-1.2370857785165,2016,2.25e-05,-0.499592633,-0.217771182,0.02100161550888524,0.18578352180936997
2325,0.0134677707136223,1.33443502678706,0.86708252763757,-0.23390108323045,0.43850517535142997,2017,5.92e-05,-0.164964227,-0.499592633,0.8264248704663213,0.7849740932642486
2325,0.0498855943936336,0.96312503258281,1.18628953104606,-0.24743545166171,0.59436649872258,2018,7.33e-05,-0.027612917,-0.164964227,0.8480392156862746,0.9093137254901962
2325,0.0083856593844247,1.14729483351666,1.02602689419689,0.10268661632483,0.16883510463832,2019,1.6e-05,-0.193566156,-0.027612917,0.1875,-0.03125
2326,-0.0235279585670852,1.08249608892628,1.31306466078129,-0.4255103960724,-0.46868434002106,2016,1.24e-05,-0.499607083,-0.331057914,-0.3990306946688207,-0.43457189014539577
2326,0.0077418853799071,1.04624499810363,0.18597462718973,-1.33072125453581,-0.15280899610321,2017,1.1e-05,0.162417866,-0.499607083,0.6580310880829014,-0.6217616580310881
2326,0.0067738499653531,1.27536086749336,1.15117101075625,0.12951173089927,0.33953878145729,2018,1.07e-05,0.683185917,0.162417866,0.13480392156862742,-0.571078431372549
2329,0.0325458496141734,1.11085601945853,1.0826823849481901,-0.01303866163018,0.22621590639349998,2019,1.06e-05,-0.25471102,0.335088261,0.5721153846153846,-0.42067307692307687
2331,0.0039353888952316,1.31914312755486,1.39468509898348,-0.67507362871218,-0.13030609073128,2018,3.78e-05,0.091088761,0.364883564,0.056372549019607865,0.5906862745098038
2331,-0.0281753119324705,0.9413022697438499,0.5745751022260399,-0.9272055131844801,0.59971143397268,2019,2.2e-05,0.075873437,0.091088761,-0.5048076923076923,0.3125
2334,0.0039777989536639,0.80347088952442,0.95634311645037,-0.30013585740665,-0.15147117697483,2017,1.94e-05,-0.055050189,-0.188887219,0.40414507772020736,-0.03886010362694303
2334,-0.0238534414165257,0.97477791699653,0.43961840351347,-1.1375205679237,0.13268766855962,2018,1.02e-05,-0.245574066,-0.055050189,-0.5808823529411764,-0.6568627450980392
2335,0.0903597708470186,0.91884469234887,1.08424669081775,-0.61893115133346,0.18245869515121999,2019,1.72e-05,0.841490071,0.211910526,0.9278846153846154,0.007211538461538547
2337,-0.0028785896410486,1.07087736556671,0.7789629720978101,-0.49447972106788995,0.15778723325404,2017,4.84e-05,0.195967038,-0.423554119,-0.4248704663212435,0.6761658031088082
2337,-0.0029775672744146,1.08848589966959,1.26729732015829,0.28460422965945,-0.0090450284609524,2018,2.63e-05,-0.212632745,0.195967038,-0.11519607843137258,0.3480392156862746
2337,0.0116570619961566,0.86842040494285,1.8221367245354898,0.32994306125356,-0.87268338054952,2019,1.11e-05,-0.078267504,-0.212632745,0.24278846153846145,-0.31971153846153844
2340,0.0788022339372019,1.1691657819908399,0.65424992540342,0.42820918376965,-0.47790758300846997,2016,3.95e-05,-0.011265166,-0.115556096,0.7932148626817448,0.6445880452342487
2340,-0.079099843305942,1.4369603282496801,1.03835898152476,0.04707471025968,-0.35099632131576997,2018,7.75e-06,0.046358221,-0.228292107,-0.9607843137254902,-0.9313725490196079
2340,0.0033695718700053,1.1689032641936,0.8203711720055301,-0.054127794401339996,-0.0072090421652832,2019,7.14e-06,0.856789288,0.046358221,0.11778846153846145,-0.9519230769230769
2341,0.0184389271417777,0.9306888160336501,1.6858313355696801,-0.0019453191994970999,-0.38237541278643,2016,8.99e-06,0.408109695,-0.146334516,0.24717285945072698,-0.8901453957996769
2341,0.0322668003152051,1.1744240784644,0.14915211296697,-0.25122162962212,-0.33392149870187,2019,8.51e-06,-0.02551476,-0.171307772,0.5649038461538463,-0.8149038461538461
2342,-0.0391086538959137,0.85921965838933,1.37933553399472,0.78481022974179,-0.17929297132941,2016,5.71e-05,-0.629737947,0.711831276,-0.5831987075928917,0.8126009693053311
2342,0.0085594140947997,1.18423050371928,0.66772962025588,-0.93876166675128,-0.40249601402984,2017,0.000190456,-0.07150723,-0.629737947,0.7020725388601037,0.9870466321243523
2342,-0.0013556501305594,1.16446871990894,1.23455578562949,-0.1937278533634,0.33979675671549,2018,6.63e-05,-0.194548046,-0.07150723,-0.08578431372549022,0.875
2342,-0.0076239138733501,1.04713676138927,1.23813940975195,0.041741023557549994,0.05670601748924,2019,0.000121123,0.534972406,-0.194548046,-0.14182692307692313,0.9807692307692308
2344,0.0137761196985058,1.1218566677167898,0.76259124208056,0.17343895213728,-0.15483748694458999,2016,9.91e-06,-0.410019678,-0.151642192,0.15024232633279477,-0.7932148626817448
2344,-0.0039398918244911,1.24063128603989,0.41670990217002,-0.13679363670318,0.32873070565974,2017,9.69e-06,-0.051421788,-0.410019678,-0.5129533678756477,-0.8005181347150259
2344,-0.008632874166736,1.07687751365401,0.9597350159969801,-0.19024329656246,0.48696751955266,2018,9.48e-06,-0.110626737,-0.051421788,-0.27941176470588236,-0.7549019607843137
2347,0.0172228689017074,0.47322142030712994,0.62288169245008,-0.8544918811584901,-0.19172914865348,2017,2.83e-05,0.215838725,-0.47867086,0.8963730569948187,0.3134715025906736
2348,0.0014360955915607,0.8817644698265001,1.5700810858692598,0.09375512898576,-0.12009630508022001,2019,1.38e-05,-0.066183191,-0.2863219,0.07692307692307687,-0.1298076923076923
2352,0.031676892297712,1.10603221526919,1.22253811245816,-0.030829193097920003,0.02742494074943,2016,2.11e-05,-0.162489202,0.091183488,0.4378029079159935,0.1147011308562198
2352,0.0122373063604761,0.74282943729871,0.34310620445377,-0.65214377618081,0.020677666649250002,2017,6.25e-05,-0.252439261,-0.162489202,0.805699481865285,0.7979274611398963
2352,0.0224935823560076,0.74123942661443,-0.12634180781074,-0.49379290095861994,0.27671283069624997,2018,2.34e-05,0.596471035,-0.252439261,0.5122549019607843,0.20343137254901955
2352,-0.0304872225013061,0.8034185271143499,-0.0472812371424,0.26477417322274,-0.44696692444641994,2019,1.42e-05,0.225161239,0.596471035,-0.5408653846153846,-0.11057692307692313
2353,0.1666390481920702,0.88548298119317,0.49405875963315005,-0.27281390239274,-0.1977208946081,2016,2.33e-05,0.018886679,-0.19042547,0.987075928917609,0.23747980613893382
2353,-0.0088642174712684,0.97302839779091,0.54948155035772,-0.74224518280401,-0.09710392363255001,2017,2.93e-05,0.408692461,0.018886679,-0.7746113989637305,0.33678756476683946
2353,-0.0296001899711325,1.24271210837309,-0.18436297626613002,-1.15442778213271,-0.0718399384945,2018,1.84e-05,0.322030657,0.408692461,-0.6642156862745099,0.007352941176470562
2353,-0.012955626955964,0.99453112525023,0.18763012239622,-0.26779126412304,-0.17872546670511,2019,1.77e-05,0.433163608,0.322030657,-0.23557692307692313,0.024038461538461453
2354,-0.0112050048382062,0.99948153859971,1.1433508480179801,-0.39128208103513995,0.1307749499705,2017,8.08e-06,-0.628465939,-0.576214138,-0.8341968911917098,-0.9559585492227979
2354,-0.0304834055024675,1.2007744411243602,0.86918499986622,-0.5521242575909601,0.36673428511164,2018,8.42e-06,-0.502488971,-0.628465939,-0.6764705882352942,-0.8897058823529411
2354,-0.0422315141454483,1.31576754568257,1.7151867677348502,-0.21446389310306999,-0.36917455764761004,2019,1.58e-05,0.066634113,-0.502488971,-0.6682692307692308,-0.038461538461538436
2357,0.0249324899434339,1.2271389317542,1.04715197940779,-0.39160592225037993,0.18200379534139,2016,1.09e-05,-0.094692509,-0.321591253,0.3473344103392568,-0.654281098546042
2358,-0.0094837830585319,1.02514692555164,0.16511281322302002,-0.19050923982447,-0.43360082139277,2016,4.24e-05,-0.119127177,0.097737384,-0.18901453957996772,0.6704361873990308
2358,-0.0041123565022879,0.65718401598878,-0.01612209468161,-0.23290729723403,0.21282380967305997,2018,3.86e-05,-0.511292455,-0.336004012,-0.16176470588235292,0.6102941176470589
2360,-0.0086709987621773,0.8088703673786,1.38551452599471,-0.55096123405664,-0.23249677506872002,2016,1.44e-05,-0.332494722,-0.308049615,-0.1696284329563813,-0.18901453957996772
2360,0.0123519947983276,0.92833464419175,0.76715521726804,-0.08452359816341,-0.12098865106282,2019,1.05e-05,0.545160577,-0.059477824,0.25240384615384626,-0.43990384615384615
2361,0.0098989612862404,1.32597396932438,0.42905362496145005,-1.3415821457064099,-0.11454104406184999,2017,1.36e-05,-0.005603726,-0.455313619,0.7461139896373057,-0.272020725388601
2361,-0.0007170514769083,1.0899520483571001,0.65572043146146,-0.53246799983422,0.64916882768409,2018,2.45e-05,0.06435699,-0.005603726,-0.05882352941176472,0.267156862745098
2361,-0.0425300277857554,0.89601193330302,0.9914160142688999,-0.25052332000873,-0.07279482079419,2019,3.71e-05,0.139781147,0.06435699,-0.6706730769230769,0.6634615384615385
2362,-0.0060082480871653,1.21369124674495,1.8195538512640002,0.32402065429092003,0.051999159371489995,2017,1.21e-05,-0.26107552,-0.024214227,-0.6632124352331606,-0.44041450777202074
2362,0.001789034842547,1.05753411412715,0.412781531733,-1.48065583374438,0.7236609516836799,2019,1.99e-05,0.137803766,0.163274784,0.08413461538461542,0.19471153846153855
2366,0.1121570118312145,0.86244825880711,0.32144288448983,-0.30187930393398,-0.48147159673570994,2016,4.01e-05,-0.397472904,-0.132520111,0.938610662358643,0.6478190630048466
2366,-0.0038606252806674,0.50586979090006,0.45070844051304004,-0.25172775448969,0.21063197550446,2017,6.25e-05,-0.345377145,-0.397472904,-0.4948186528497409,0.7979274611398963
2366,0.0748820710374625,0.9562546378177401,0.017756669804759997,-0.74872368179158,-0.44930859913081,2018,1.22e-05,-0.553287741,-0.345377145,0.9534313725490196,-0.30147058823529416
2366,-0.0364301178288433,1.18634864965011,0.52715921095098,-0.30547650091305,-0.46804652890781995,2019,1.12e-05,-0.171692124,-0.553287741,-0.6009615384615384,-0.2932692307692307
2367,-0.0216415679596115,1.1302941493506902,-0.35105836663848,-0.63838618289049,-0.34108870654106,2016,3.63e-05,-0.483376074,-0.242938869,-0.369951534733441,0.5831987075928917
2367,-0.0009363744434933,0.7178688110254,0.29816397381085,-0.21445822874588003,0.0023755251567651,2017,3.89e-05,0.450566251,-0.483376074,-0.22538860103626945,0.572538860103627
2367,-0.0086376166731404,1.11340703699824,1.28280386170407,0.16314563753757,0.16053483059163,2018,2.12e-05,0.229459172,0.450566251,-0.2818627450980392,0.0980392156862746
2367,-0.0790153688089786,1.12962395276803,1.2121221986083401,-0.43598454537525,0.08150598206546,2019,4.19e-05,0.054152835,0.229459172,-0.9158653846153846,0.7355769230769231
2372,-0.0021110728661796,1.09056316534674,0.82815512515893,0.25053686337673,0.30340410032393,2016,3.09e-05,0.242061592,0.716544411,-0.10177705977382878,0.46365105008077534
2372,0.0026631265790821,1.0326767409576398,0.53672250454681,0.7823154861631101,0.31759003509487,2017,2.52e-05,0.201208866,0.242061592,0.23316062176165797,0.20466321243523322
2372,0.0337836684839707,1.04112534658387,-0.12984999681684,-0.07058244533345,0.25241701867193,2018,1.32e-05,-0.314588608,0.201208866,0.696078431372549,-0.21078431372549022
2372,0.0028396462960987,1.06435473592565,-0.18135365511784998,0.3751044958312,0.06441617350067999,2019,3.51e-05,0.788415012,-0.314588608,0.10576923076923084,0.6274038461538463
2373,0.0044453067339612,0.84961331562994,0.97198781675348,-0.86753521858817,0.01169217584967,2017,8.8e-06,0.295325491,-0.048946225,0.46632124352331616,-0.9015544041450777
2373,-0.0492570007241568,0.8979831330511899,2.07883477326532,-0.23991821602822,-0.30984556537852,2018,8.35e-06,0.382251942,0.295325491,-0.857843137254902,-0.8946078431372549
2375,-0.0468388225184856,1.3781730921909299,-0.042201893262770004,0.5913655198160099,-0.56972019207067,2016,4.24e-05,-0.407287282,-0.219565869,-0.6801292407108239,0.6704361873990308
2375,-0.0038738329991695,1.07484494331804,0.86681352844526,0.08942643325586,0.22279640582641,2017,0.000154338,0.098816252,-0.407287282,-0.49740932642487046,0.9818652849740932
2375,-0.0042307649926087,1.2414280975346,0.61678998178149,-0.29670830142550997,0.34037230667322,2018,3.23e-05,0.717401087,0.098816252,-0.16421568627450978,0.4852941176470589
2375,0.0303064224866583,1.2087947714898901,0.89063219783379,0.6004282132286299,0.08529205517696001,2019,1.68e-05,-0.234772827,0.717401087,0.53125,-0.009615384615384581
2376,-0.0423068663592643,0.9429197404217,0.53958030582909,-1.13431666785038,-0.64062335428561,2018,5.19e-05,-0.143652174,-0.277273801,-0.8088235294117647,0.7647058823529411
2376,-0.0076137199192614,1.11888396216492,-0.6663216144444,-1.60505947470048,0.30183276369011,2019,1.89e-05,-0.092573725,-0.143652174,-0.13942307692307687,0.10336538461538458
2378,0.0621873543614655,1.09551001819378,-0.5405601449117,-2.29260227336442,0.40637326616929,2016,1.31e-05,-0.279657398,-0.147090653,0.7189014539579968,-0.308562197092084
2378,0.0063518029332826,1.61850800023088,0.72199411241245,-0.05217580527663,0.64567727011395,2017,2.47e-05,0.10623188,-0.279657398,0.5854922279792747,0.19430051813471505
2380,0.0117366285271667,1.0167921911654398,1.85446696994983,0.05736637949152001,-0.07939622005546,2016,1.54e-05,-0.299277879,-0.468017643,0.12116316639741509,-0.10823909531502418
2381,0.007790132277154,0.69471791824356,1.21646320025384,-0.53405458583858,0.06287058183171,2017,5.34e-05,0.254340744,-0.272889534,0.6632124352331605,0.733160621761658
2383,-0.0412156294106045,1.03420702329255,0.48045035165190997,-1.35814155961238,0.24783678996289,2016,5.4e-05,0.0435101,0.297601058,-0.6187399030694669,0.7964458804523424
2383,0.0003396148066249,1.17151811920372,1.0694637880617202,-0.26500005178641,0.27715966373745,2017,6.86e-05,-0.324245631,0.0435101,-0.051813471502590636,0.854922279792746
2383,0.0048638664267457,0.6948930266519701,-0.36956640338592,-2.10965125165685,0.12950199608092,2018,4.13e-05,-0.159990985,-0.324245631,0.07352941176470584,0.6397058823529411
2383,-0.0574111105195203,0.97269044452091,0.03723984592464,-1.90482649157444,0.76835531027128,2019,1.3e-05,-0.198507227,-0.159990985,-0.8269230769230769,-0.16586538461538458
2386,-0.0411776479715277,1.44719819566815,1.73760644904098,0.37409562404216,0.44397975733253003,2018,1.08e-05,-0.190803733,-0.15605751,-0.7916666666666666,-0.5441176470588236
2386,0.0126643509744946,1.18509593250006,1.53166447501333,0.97145116275488,-0.22081997597887,2019,2e-05,1.075484198,-0.190803733,0.2548076923076923,0.20192307692307687
2389,-0.0212131467747611,0.84653271166392,-0.9547986099539,-2.51803164182981,0.58879928274728,2017,8.97e-06,-0.186101186,-0.365618636,-0.9222797927461139,-0.8808290155440415
2392,-0.0667162563047226,0.9338980605317101,1.05250221453533,-0.39632848409686006,0.22091714363797,2016,2.44e-05,-0.433318658,0.186467895,-0.8126009693053312,0.2891760904684977
2392,-0.0037259200526777,1.03998433770972,1.58866465826847,-0.19000871404491,-0.22647248215409999,2017,2.32e-05,0.022205957,-0.433318658,-0.4870466321243523,0.12435233160621761
2392,0.0267887780685166,1.0094173062163,2.11548997138701,0.47266053398999,0.0062105398273402,2018,2.34e-05,0.12587199,0.022205957,0.5906862745098038,0.20343137254901955
2394,0.0613315621166262,1.14628842045839,1.17518938644287,0.84744589711643,-0.12126863760371001,2016,2.06e-05,-0.27838036,-0.001592899,0.7092084006462036,0.08885298869143776
2394,-0.0017769515467731,1.17527073693047,0.9110024392236399,0.57915177208035,0.12923062331074,2017,1.03e-05,-0.000404997,-0.27838036,-0.32383419689119175,-0.7305699481865284
2394,-0.0056451124503542,0.8024898141700401,0.77370703312121,0.49758566466999,0.26715264875510003,2018,1.95e-05,-0.049459897,-0.000404997,-0.21323529411764708,0.04656862745098045
2394,-0.0058511603087354,0.60171994852188,0.39691859678859,0.10555603385789,0.04862488113431,2019,2.18e-05,-0.035015308,-0.049459897,-0.07692307692307687,0.30528846153846145
2398,0.030097238141333,1.09230226046777,0.9729902177160601,-0.21645314679664,0.042158490568630004,2016,1.87e-05,-0.210031625,-0.027394551,0.40872374798061384,0.024232633279483107
2398,0.0060312661395412,1.03873023005915,1.4108238880812,0.21435808213832003,-0.24389761325489998,2017,4.88e-05,0.267413589,-0.210031625,0.5829015544041452,0.6865284974093264
2398,-0.0270343685478864,0.79431363637098,1.61380704520646,0.75787059391144,-0.07333973432248,2018,2.76e-05,0.634814912,0.267413589,-0.6299019607843137,0.37745098039215685
2398,0.0158343522163179,1.17059258777237,1.12491651921797,0.53198141351144,-0.06559348347815,2019,2.3e-05,-0.328590933,0.634814912,0.32692307692307687,0.35576923076923084
2401,-0.0394284355449822,1.20529948941704,1.64306570192865,-0.01593672234202,-0.21698658277233998,2016,1.46e-05,-0.248958726,-0.290984122,-0.5896607431340872,-0.16639741518578355
2401,-0.0629528113483141,1.6179722900373599,1.92119122177172,-0.05973136569371,-0.0957314925147,2018,1.3e-05,0.354596438,0.148722602,-0.9264705882352942,-0.2230392156862745
2401,-0.0126380788590754,0.98050351109976,0.11156092231614,-1.1478195584892799,-0.0880798204598,2019,2.47e-05,-0.266698004,0.354596438,-0.23317307692307687,0.40865384615384626
2405,-0.2143464251257139,1.16778236072051,0.39778041551693,-1.25035453837169,-0.5334275923642,2016,1.09e-05,0.009484862,-0.207319807,-1.0,-0.654281098546042
2405,-0.0012432265526879,1.2405737406183301,0.75507605216386,-0.28149606188160997,-0.12509741473548,2017,3.66e-05,0.178064355,0.009484862,-0.2642487046632125,0.5155440414507773
2409,0.1297483855107196,1.31632861312202,-0.73361246635905,-3.32773251498206,0.20157283521820998,2018,1.08e-05,2.442106559,-0.239917212,0.9877450980392157,-0.5441176470588236
2409,0.027662273287126,1.13070070664319,0.22956077535596,-1.7754581375717602,1.07965972724556,2019,9.89e-06,0.533728645,2.442106559,0.4903846153846154,-0.5480769230769231
2410,-0.0735129009624189,1.2415861497749698,0.34138954435137,-0.29300069349089003,-0.06070971877963,2016,1.24e-05,0.467349367,0.321396641,-0.8610662358642973,-0.43457189014539577
2410,-0.0219220920953527,0.9950492910855001,1.40375804057284,0.90629389100139,-0.63143474481004,2017,1.19e-05,0.176871135,0.467349367,-0.927461139896373,-0.49222797927461137
2410,0.0473031317468251,0.78938482982712,-0.23717294357203997,-1.85746037648921,-0.62022369490092,2018,1.03e-05,1.093157654,0.176871135,0.8308823529411764,-0.6348039215686274
2416,0.0018644269953709,1.40401040599357,0.9133954203004601,-0.7957986915922,-0.10229426300443,2017,1.83e-05,0.088984167,-0.330444102,0.15025906735751304,-0.09585492227979275
2421,-0.0053373624433366,1.16605110328877,0.73412082534273,-0.1667637281705,0.50455493864351,2017,1.15e-05,-0.092920247,-0.344134393,-0.6347150259067358,-0.544041450777202
2424,-0.0154974107545013,1.0594209878988898,1.06196771605009,0.07311903119231,0.24455323381027003,2019,1.09e-05,-0.127008241,-0.150648995,-0.2716346153846154,-0.35096153846153844
2425,-0.0294560385244621,0.9869378294120801,1.14716488081067,0.35334679773502004,0.040156179031449996,2019,1.03e-05,-0.528778495,1.701966916,-0.5216346153846154,-0.4807692307692307
2430,0.0070572351269742,1.1853097477198,1.5712007818449398,0.58290031669341,0.23886948867977,2016,2.2e-05,0.614615904,-0.069047591,0.037156704361873905,0.15993537964458815
2434,-0.1051203368027111,1.0464849883103,1.61308963155259,0.5964127199435499,-0.29790349589939,2016,1.09e-05,-0.447423033,0.451588071,-0.9483037156704361,-0.654281098546042
2435,0.0229931168746545,0.9587503435193699,1.31247933568055,0.67495735311356,-0.36772033400266,2019,1.25e-05,0.521054616,-0.206640634,0.4278846153846154,-0.21153846153846156
2438,-0.0003502244365726,0.96040858368857,1.0235062718974401,0.73143956396688,-0.69446106579936,2016,9.78e-06,-0.298101695,-0.241067922,-0.0726978998384491,-0.8061389337641357
2443,-0.0662694939806178,1.18312098540371,0.58706131720409,-0.5841235756598,-0.41572533611184,2016,4.23e-05,-0.273360287,-0.367311863,-0.8093699515347335,0.6672051696284329
2443,0.0400355929361555,1.02196564052931,0.0037196385840104003,-2.57229159294948,0.27796164981969,2017,3.75e-05,0.062872962,-0.273360287,0.9948186528497409,0.5466321243523315
2443,-0.0213387047642942,0.63442787313905,0.84978968428104,0.07371557430728,-0.14108891530476,2018,3.81e-05,-0.040794376,0.062872962,-0.5514705882352942,0.5980392156862746
2443,-0.0300926902974021,0.95122027655834,0.86731755815275,-0.25161924517521,0.28378083394213,2019,4.9e-05,-0.049171266,-0.040794376,-0.5384615384615384,0.7908653846153846
2446,0.0824869269400958,1.15248965027956,1.32253112655462,0.57583274925586,-0.81014086713485,2016,1.28e-05,-0.443970908,-0.355056795,0.8126009693053311,-0.34087237479806143
2449,0.0019059337260137,1.1309237977348299,1.40610757880146,-0.19546029338504,0.24632431911693,2016,1.15e-05,-0.160946523,0.244004739,-0.037156704361874016,-0.5767366720516962
2449,0.0051984179698584,1.41533424236079,1.31391671118828,0.49988912573278,-0.30568238931506003,2017,3.6e-05,0.256220425,-0.160946523,0.5181347150259068,0.5
2449,-0.0341459192921008,0.9250974867438999,0.84112332610652,-0.78510092375786,-0.14338975832682,2018,1.12e-05,-0.116715593,0.256220425,-0.7181372549019608,-0.4681372549019608
2449,0.0146697372122231,1.11771793403231,-0.0014861792172684001,-0.70160331576302,0.23347359507615,2019,1.04e-05,-0.137566012,-0.116715593,0.30048076923076916,-0.46634615384615385
2451,0.0051709479769511,1.0003880851715399,1.20921906644429,-0.48295868564717004,0.03597082749531,2016,1.47e-05,-0.52009776,0.639514486,0.011308562197092087,-0.1631663974151858
2451,0.0283837990911883,0.95385826048937,1.09826078167017,-0.54598613202449,-1.7439352591942798,2019,1.06e-05,-0.118227494,-0.304059576,0.5024038461538463,-0.42067307692307687
2452,0.1312862405629818,0.93865140101217,2.5699980907028,1.2252095783832,-0.16610324542124,2016,3.45e-05,-0.4133199,-0.433301771,0.9547657512116317,0.5379644588045234
2452,-0.003207934635278,1.26270720726066,0.7196093592891399,-0.41099117588295997,0.30793732811744,2017,1.1e-05,-0.012531484,-0.4133199,-0.44041450777202074,-0.6217616580310881
2455,-0.0291827382786196,1.3352867642735,0.43414319224071,-0.65480146286362,0.10201002904585,2016,1.62e-05,-0.389515706,-0.012777419,-0.4798061389337641,-0.0726978998384491
2455,-0.0036396724035049,1.20111390347572,1.09935208209942,-0.3666333466667,0.49648585264089995,2018,1.46e-05,-0.22941396,0.046715421,-0.1299019607843137,-0.12009803921568629
2455,-0.0120113239856286,1.01601058796607,0.9240341418765501,-0.08722960167162,0.11856722129141001,2019,1.27e-05,0.633811407,-0.22941396,-0.21875,-0.18990384615384615
2457,0.0993533362122432,1.0967356011368,0.60968152773966,-0.8417865685976199,0.0631125511314,2016,1.04e-05,-0.554768401,0.709449012,0.8869143780290791,-0.7318255250403878
2457,-0.0044989957335047,1.35212315465119,1.03477464310864,-0.5465713953199199,-0.46435042800911003,2017,2.18e-05,0.056594822,-0.554768401,-0.5673575129533679,0.04922279792746109
2457,0.0626209768411489,1.26642192587502,0.36140337310345,-1.2923786349456101,0.4826552229358,2018,2.19e-05,-0.078448907,0.056594822,0.9191176470588236,0.13725490196078427
2457,0.0556128298903829,1.14051929330723,0.91577598977505,0.32902351744455,0.04637104927667,2019,1.86e-05,0.184433077,-0.078448907,0.7836538461538463,0.07211538461538458
2459,0.0062227426867928,0.9492844433791401,1.16312396126024,-0.11164982642464,0.24629944932182,2016,4.34e-05,-0.233376564,-0.054461765,0.024232633279483107,0.6898222940226171
2459,0.0064807869106361,0.7963163146010499,0.013193041783609999,-2.07007922156328,-0.39209158882719997,2017,4.21e-05,0.016092846,-0.233376564,0.5984455958549222,0.6243523316062176
2459,-0.0074278347117508,0.4343745626422,0.24562558637833998,-0.26934132053869997,0.31298087995621,2018,1.34e-05,0.463826575,0.016092846,-0.2598039215686274,-0.19362745098039214
2467,-0.0214891924546442,1.1554428205304799,1.65330318449279,0.14009184336249,-0.13934821976939,2016,4.37e-05,-0.326217458,-0.494160944,-0.36672051696284325,0.6962843295638126
2467,0.0022850069570535,1.10241585422269,1.04056873023787,-0.6212854327399401,0.47632615717258,2017,8.09e-05,0.912936298,-0.326217458,0.20207253886010368,0.8886010362694301
2467,-0.0394688267765035,1.16719942989896,1.56390805973297,-0.50913723148884,0.28844824602558,2018,5.42e-05,0.136242856,0.912936298,-0.7745098039215687,0.7843137254901962
2467,0.2595707209404269,1.05271926311942,0.64274377351482,-1.92496597024185,0.49687581235628997,2019,4.1e-05,-0.366149248,0.136242856,0.9927884615384615,0.7259615384615385
2468,-0.0459682396550616,0.76013644533739,1.32705610719921,-0.10443380112351999,0.20212826525205,2016,1.13e-05,-0.32976149,-0.122012565,-0.6639741518578353,-0.5993537964458804
2468,0.006753848976941,0.90712619716945,0.72975775052918,-0.1767699438493,0.36112926233132,2017,4.47e-05,0.462511361,-0.32976149,0.6113989637305699,0.645077720207254
2468,0.0535302301694576,0.5578346785996,-0.15043592711514,-0.36638404376633,0.48316983270725994,2018,1.08e-05,-0.348396281,0.462511361,0.8823529411764706,-0.5441176470588236
2468,-0.0086249378430138,1.15022834574226,0.24334223836358,0.71326118975016,-0.44593867175162,2019,1.07e-05,-0.543235252,-0.348396281,-0.15865384615384615,-0.40865384615384615
2469,0.0153931974576157,1.11598143750632,0.91009048579295,-0.41061687556396,0.47326599972327005,2018,1.34e-05,0.039847913,0.033195925,0.357843137254902,-0.19362745098039214
2469,-0.0093753103400368,1.0967680760641099,1.69403400166903,0.5695173963243699,-0.007412194084686001,2019,3.43e-05,0.239189576,0.039847913,-0.17307692307692313,0.6105769230769231
2471,-0.021707985296486,1.02142181051578,-0.60273041275795,-0.8370527745269399,-0.78365687619799,2016,2.52e-05,-0.377894686,-0.215356285,-0.3764135702746365,0.32471728594507265
2471,0.0050386331860744,0.9908231262270399,0.7709427419540701,-0.0809719134024,0.07923039970132001,2017,1.74e-05,-0.063046285,-0.377894686,0.5077720207253886,-0.12176165803108807
2474,-0.0708194114975479,1.15802448163871,0.32065491925493,-1.55502871120339,0.59859562133637,2019,1.03e-05,-0.110274996,-0.182634568,-0.8870192307692307,-0.4807692307692307
2476,-0.0235318240034139,1.12553348933879,0.61294135896198,-1.07881462050333,0.18290300411465,2016,1.21e-05,-0.45609541,-0.046937807,-0.40226171243941844,-0.47657512116316636
2476,-0.0088527996021892,1.3136460492532098,1.55725649766328,-0.40375359133110994,-0.17607795453603,2017,1.2e-05,0.430001534,-0.45609541,-0.7694300518134716,-0.46113989637305697
2478,-0.0079950191566705,1.12006118310773,1.11083959880595,-0.04237870553708,0.24789840106015001,2016,1.48e-05,-0.202201039,0.050534789,-0.16639741518578355,-0.15347334410339253
2480,-0.0203934140823194,0.94669933815663,1.26664308836797,-0.1891759403243,-0.02199981855129,2016,2.39e-05,-0.051003035,-0.279883512,-0.34087237479806143,0.25686591276252013
2480,-0.0020595022338262,0.9792502724649901,0.40680214478787,-0.53913441781758,0.09896991297498,2017,2.38e-05,-0.387656217,-0.051003035,-0.34974093264248707,0.15025906735751304
2483,0.0454738890430167,0.9477805775944801,0.9998743803904799,-0.53796854017239,0.21511546679088,2016,3.15e-05,-0.364621101,-0.091488624,0.6025848142164782,0.47657512116316636
2483,0.0027748157354293,1.1465521057852999,0.54639399820991,-0.77083780870026,0.23451660195632998,2017,3.1e-05,-0.019637401,-0.364621101,0.2538860103626943,0.37823834196891193
2483,0.0103043860142062,1.11895221318481,0.8997084394964199,-0.35546451905397,0.55512578946967,2018,6e-05,0.072577809,-0.019637401,0.24264705882352944,0.8406862745098038
2483,0.0287803311498294,0.84935287104541,1.37495352765038,0.59304597165495,-0.69668173061676,2019,5.83e-05,0.075594606,0.072577809,0.5096153846153846,0.8653846153846154
2486,-0.1022284898035804,1.03673779692889,1.2509687931012001,-0.30458845102526,0.23218389447989,2018,4.24e-05,0.067330585,-0.057164937,-0.9877450980392157,0.661764705882353
2486,0.0453254416501233,0.6896047471407399,1.6120140989985,0.49210312038254,-0.59659749054624,2019,2.41e-05,-0.26429182,0.067330585,0.7043269230769231,0.39182692307692313
2487,-0.1018419350433573,0.97750945612662,0.43791407734551,-1.13080727240748,-0.38918121387467003,2016,1.5e-05,-0.425360514,-0.301295101,-0.938610662358643,-0.13731825525040386
2487,-0.0172181053242852,1.1045463184467599,0.60817359352952,-0.51877306410748,0.23886985254181,2017,1.36e-05,0.149857267,-0.425360514,-0.8911917098445596,-0.272020725388601
2492,0.0156013574198628,1.7686423773873898,2.80004303106583,1.01449972293036,0.0044184291401359,2017,1.22e-05,-0.274404718,-0.232364965,0.8730569948186528,-0.42227979274611394
2497,0.0477984322039515,1.04382894066658,1.07237014473359,0.41689288616562004,-0.59979278358194,2016,2.12e-05,0.072298478,0.2469895,0.6284329563812601,0.12116316639741509
2497,-0.0110543963806255,0.9974259779610599,1.7208428432272,0.1952503988736,-0.5063247204222701,2017,1.86e-05,-0.347146402,0.072298478,-0.8264248704663213,-0.0803108808290155
2497,-0.0237700847243766,1.77192744415232,1.51183613387451,-0.07376312176966,0.23748877531412,2018,9.1e-06,0.304853862,-0.347146402,-0.5759803921568627,-0.803921568627451
2498,-0.0462471746934734,0.85746562526635,1.0311290061395801,-0.39555040582239,-0.21806114452665,2016,4.58e-05,-0.397438205,-0.161189757,-0.6704361873990308,0.7189014539579968
2498,-0.0005882763021703,0.85960355262129,0.0076743899799565,-0.79950839003528,0.12333344159439,2017,3.46e-05,0.336543362,-0.397438205,-0.18134715025906734,0.47150259067357503
2498,-0.001855795730245,0.75588441079251,0.8654017398178899,0.14586710672161,-0.0094399881447481,2018,3.47e-05,0.562321248,0.336543362,-0.1029411764705882,0.5122549019607843
2498,0.0367955801099574,1.00628476981487,1.8078123136716098,0.28874349882117,-0.72030591700211,2019,1.02e-05,-0.23619229,0.562321248,0.625,-0.49759615384615385
2505,0.1128897266608337,0.8827664054944,1.45015388548209,0.27265044389505,0.33331914216734,2016,8.45e-06,-0.396493772,-0.112792747,0.9418416801292406,-0.9289176090468497
2505,0.0043177136314539,-0.03781486142602,0.06738234269070001,-0.09560510702059999,-0.45404104040618,2018,1.17e-05,0.125143357,-0.093421059,0.06617647058823528,-0.375
2505,-0.0147063822877896,0.51491083500332,1.29679381708591,-0.12480838119284,-0.64171891734048,2019,9.62e-06,-0.019723831,0.125143357,-0.2692307692307693,-0.6081730769230769
2506,0.0068852127530308,0.93222178859555,0.40626604427928,-0.410030671728,0.16778124569105,2017,9.51e-06,0.406649663,0.004427123,0.6139896373056994,-0.8134715025906736
2506,-0.0022284821057594,0.36520983729975,0.16733193852205,-0.57497603984572,-0.02853248570606,2018,8.68e-06,-0.615730545,0.406649663,-0.10784313725490191,-0.8602941176470589
2506,0.0231541533049037,0.59558627846622,0.5276946041346801,0.02932685042919,0.29374149447591,2019,8.63e-06,0.313229523,-0.615730545,0.43028846153846145,-0.7884615384615384
2512,-0.1307979709919285,1.1016608611207002,0.64261881651356,0.65290774013564,0.12144311276531,2016,5.23e-05,-0.407399196,-0.215842731,-0.9644588045234249,0.7738287560581583
2512,-0.0016395025623937,0.73981751571164,0.57743965950823,0.17339229729542,-0.09879994692999,2017,0.000236613,-0.536872184,-0.407399196,-0.3082901554404145,0.9922279792746114
2512,-0.006945097582501,0.77967629925932,1.19102324444042,-1.94385190129758,-0.7256234155391801,2019,6.76e-05,-0.267197594,0.100537033,-0.11538461538461542,0.90625
2514,0.1121201077230786,0.48001966762679,0.98745186573812,-0.71902835404188,-0.57815656433394,2016,1.01e-05,-0.292315027,-0.349837196,0.9353796445880453,-0.789983844911147
2514,-0.0196351989059112,1.07241820955129,1.02768072382719,-0.02563689397963,-0.31391034154914,2017,2.1e-05,0.034328975,-0.292315027,-0.9041450777202072,0.020725388601036343
2514,0.023152181768456,0.81401850160775,0.65546036901588,0.18524510189566998,0.16813307882775,2018,2.23e-05,-0.353389264,0.034328975,0.5245098039215685,0.16176470588235303
2514,-0.0664497251220509,0.49651486979950005,0.66021380843209,0.16516848649605,-0.39874975789988,2019,5.21e-05,0.048705544,-0.353389264,-0.8677884615384616,0.8245192307692308
2520,0.1311516409828235,1.02107875278633,0.73476032988102,-0.54484652142833,-0.39078944371482,2018,4.5e-05,-0.094803923,0.00114475,0.9926470588235294,0.7058823529411764
2520,0.0003014398541891,0.9164400772806,0.19407364349678,-1.4277079660421002,0.65017387820118,2019,1.99e-05,0.14037774,-0.094803923,0.060096153846153744,0.19471153846153855
2523,-0.0463668215453305,1.13058026430409,1.2934402482190699,0.40013800277978,-0.01905997672665,2016,2.88e-05,-0.16387873,0.082250336,-0.6736672051696284,0.4345718901453959
2523,-0.0061821788773653,1.01967511066068,1.0550540587021,0.06101877064387,-0.10926922749038,2017,5.21e-05,0.077604217,-0.16387873,-0.6709844559585492,0.7072538860103628
2523,0.0103717916988357,0.21047711125119997,0.5680118210734301,-0.38861217752422,-0.19898898150009,2018,3.63e-05,-0.27112724,0.077604217,0.24754901960784315,0.5514705882352942
2524,0.0712123603125828,1.16595905046377,1.1158373281827,-0.72449812715648,0.6747787151305801,2016,5.43e-05,-0.478345906,0.165060005,0.7705977382875606,0.8061389337641358
2524,0.0287145783071503,1.1339941211526001,0.94762683014839,-1.0139287716746,0.47528744159132,2017,3.97e-05,0.061683805,-0.478345906,0.9689119170984455,0.5803108808290156
2526,0.0129404988416785,1.0118182098797701,0.6868746834685601,-0.6075411670680599,-0.10233111113888999,2016,2.8e-05,-0.271682036,-0.238381507,0.14054927302100162,0.4184168012924072
2527,-0.0398483509110415,0.97628205439246,1.2135627346233402,-0.5960319816063699,0.41123008838767006,2019,8.66e-06,0.51768298,-0.07837085,-0.6418269230769231,-0.78125
2529,-0.0304545329996935,0.8748708913076599,1.67315105706951,0.43756529219509,-0.74529596336767,2016,1.24e-05,-0.38066915,-0.158866281,-0.49273021001615513,-0.43457189014539577
2529,-4.46552358280261e-05,1.06012147087635,0.60956968081057,-0.57460053407788,-0.15700745214142,2017,1.23e-05,-0.278406471,-0.38066915,-0.09326424870466321,-0.4067357512953368
2529,0.0101587771521167,0.48681740728732,-0.14705341298698998,-1.08015297055918,0.03334975947812,2018,1.12e-05,-0.2563931,-0.278406471,0.23774509803921573,-0.4681372549019608
2529,-0.0245297042112375,1.3559910041326,1.83141730351092,0.26190416048501003,0.08397781538779,2019,1.08e-05,0.311831,-0.2563931,-0.4375,-0.3870192307692307
2530,-0.0108845463900458,0.19804805333067002,0.5419524822874601,-0.58018844101749,0.24745687789299,2017,2.07e-05,0.055123876,-0.511881076,-0.8212435233160622,0.0
2532,0.005501181163627,1.12733756039282,0.97222775743787,-0.79865496010798,0.01756938108635,2017,1.19e-05,0.374201368,-0.401832447,0.5466321243523315,-0.49222797927461137
2533,-0.0008878198510936,1.1422086888466698,0.99500791672677,-0.12904848020548,-0.057134627213959996,2018,1.02e-05,0.059544845,0.07229672,-0.06617647058823528,-0.6568627450980392
2534,-0.0019521269991103,1.21852172463133,0.5402799700833,-0.57132810142343,-0.33979652820454,2017,6.27e-05,0.01630046,-0.277062634,-0.34196891191709844,0.805699481865285
2534,0.0060765866716648,0.85432462026836,1.83105782493337,0.69552150051514,0.01540918385102,2018,3.76e-05,0.245699628,0.01630046,0.10784313725490202,0.5833333333333333
2534,0.0186878800848593,1.0441158607832002,1.60267460176464,0.83172862767447,-0.43231676255907003,2019,3.96e-05,0.852524499,0.245699628,0.36057692307692313,0.6995192307692308
2535,0.1110968683379416,0.77635570943224,-0.030886907668220002,-1.48792578517868,-0.30330910202523004,2016,1.05e-05,-0.298788402,-0.356655774,0.925686591276252,-0.7092084006462036
2537,0.0092902263977746,0.68837236257001,-0.50316614988955,-1.39686712455192,0.21111130849093002,2018,8.72e-06,-0.241439438,-0.207856914,0.21813725490196068,-0.8529411764705882
2537,-0.052776702571493,0.49317027126849,0.21232475468241,-0.09889349182389999,0.16618303097973,2019,8.63e-06,-0.074849023,-0.241439438,-0.78125,-0.7884615384615384
2539,-0.0046456416135079,0.95965629298335,0.64685522368104,-0.46735898153501,0.13134817296164,2017,2.68e-05,0.10636211,-0.500477537,-0.5854922279792747,0.26165803108808294
2539,-0.026698328859426,0.97702666820783,1.31018434201806,-0.04288519876079,0.44591152425325,2018,7.77e-06,0.494705586,0.10636211,-0.6200980392156863,-0.9264705882352942
2539,0.1241991236601454,1.01556630997926,1.0981472176315799,0.65330837550196,0.13401944628238,2019,2.32e-05,0.276041423,0.494705586,0.9591346153846154,0.36298076923076916
2540,-0.0095415920630693,1.12516138262346,1.4267654570477601,0.28409344139590004,0.22086275161959998,2016,1.34e-05,-0.266667153,-0.195496212,-0.19224555735056548,-0.2730210016155089
2540,0.0072549295722261,1.0205249747271798,0.49334573303217,-0.03296392385057,-0.0050473817016779,2017,3.13e-05,-0.042848539,-0.266667153,0.6321243523316062,0.39637305699481873
2540,-0.0187798622806007,0.55045831913014,0.63810475747354,-0.10537886967312,0.18371805495941,2018,2.06e-05,-0.052265264,-0.042848539,-0.5098039215686274,0.08333333333333326
2540,-0.0038919622855365,0.99993656802522,1.13711713407346,0.40733911692297,0.026504680923959998,2019,1.92e-05,0.163680809,-0.052265264,-0.033653846153846145,0.125
2542,0.0095078940980927,1.20328316875952,1.1949851136220702,-0.2144986947732,0.38557991133449,2016,5.22e-05,-0.564572575,0.571959193,0.07592891760904674,0.7673667205169628
2542,-0.015361353889073,1.13659587404032,1.17918003285714,-0.38278987967757,-0.49121658678331004,2017,6.87e-05,-0.16494041,-0.564572575,-0.8808290155440415,0.8575129533678756
2542,0.0331298318033278,1.1759006843433,0.8151612730504401,-0.18414863924755,0.45287266231881,2018,2.96e-05,-0.254157151,-0.16494041,0.6813725490196079,0.4240196078431373
2542,-0.001783446574925,1.03560848714957,0.99414715252661,0.21600923417616,0.18420601729435998,2019,1.87e-05,-0.120726673,-0.254157151,0.016826923076923128,0.08894230769230771
2543,0.0793804273314275,1.05082733396593,1.15817741340867,0.06883796469069,-0.0657151017557,2016,2.94e-05,-0.225677713,0.387026669,0.7996768982229403,0.44103392568659117
2543,-0.0197148582068463,1.05305692842993,0.26250356197621,0.16930658068984,-0.0022385564589812,2017,5.44e-05,-0.088065094,-0.225677713,-0.9093264248704663,0.7538860103626943
2543,0.0538502058384013,1.05400649884078,0.95042438486851,0.54629654729899,-0.02008139599889,2018,4.03e-05,-0.191257519,-0.088065094,0.8848039215686274,0.6323529411764706
2543,-0.0009231734281791,0.8436306893374,0.45697272243704,0.37717542481876,-0.68345313506729,2019,3.45e-05,-0.029512458,-0.191257519,0.033653846153846256,0.6201923076923077
2544,-0.0307442147910344,1.30939672853475,0.12109642436119002,-1.6426288009237198,0.39062851115052,2016,4.94e-05,-0.408981619,-0.298444847,-0.49919224555735053,0.7415185783521809
2544,0.0025986499374881,0.83365763398432,0.6196342123226599,-0.05798560978552,0.17108635024938001,2017,9.93e-06,-0.057074338,-0.408981619,0.22797927461139889,-0.766839378238342
2544,0.0054446877545152,1.06496923473817,0.14642714674666,-1.78584099374608,0.20048303446739002,2018,1.94e-05,-0.001220989,-0.057074338,0.09558823529411775,0.044117647058823595
2544,-0.1047218671320374,1.09705411698953,-0.14721730103808,-2.59019760862838,1.29242594668245,2019,8.88e-06,0.001157305,-0.001220989,-0.9639423076923077,-0.7572115384615384
2545,-0.0519872333070857,1.40488523904189,1.11138721700067,0.24336853197504,0.10926019332256999,2016,1.32e-05,-0.516085939,0.35330636,-0.7285945072697899,-0.28917609046849757
2545,-0.0038956325327799,1.17032765126099,0.23007026240676,-0.76791713590937,-0.43783710118408997,2017,1.2e-05,0.054596549,-0.516085939,-0.5025906735751295,-0.46113989637305697
2545,-0.0948290777628848,1.25528647967108,1.63487489020718,0.90891795966911,0.34346114365079,2018,6.34e-05,0.210696081,0.054596549,-0.9852941176470589,0.8627450980392157
2545,-0.0018981502498959,1.0089882384181,0.04791149159545,-0.6986791300535,0.72474438166433,2019,7.76e-05,-0.026696449,0.210696081,0.014423076923076872,0.9278846153846154
2551,0.0020265757621119,1.08246353329623,0.96647450724004,-0.11115270225602,0.1364898822921,2017,6.82e-06,-0.179807037,-0.433122375,0.1735751295336787,-0.9844559585492227
2551,0.0139935262617517,1.1353922438797202,1.6171803577689599,-0.11177101626841,0.36341961748943,2018,6.93e-06,0.684385254,-0.179807037,0.3161764705882353,-0.9754901960784313
2551,-0.0383117769103007,1.16534606918823,1.07564374524712,0.09496327427584,0.02498043281373,2019,6.4e-06,-0.38095446,0.684385254,-0.6177884615384616,-0.9759615384615384
2552,0.14748585363841,0.7814379376633601,1.0621907499577299,-0.83271016794184,0.17400639048507,2016,1.34e-05,-0.456517233,-0.197430322,0.9773828756058158,-0.2730210016155089
2552,0.0153235863692676,0.5222175203420001,1.89398186546938,-1.19657464966873,-0.01203835367467,2017,1.18e-05,0.04101779,-0.456517233,0.8652849740932642,-0.5051813471502591
2552,-0.1167672707721859,0.9385015208655499,0.57862082689713,-1.43726272556724,-1.05925096964848,2019,3.26e-05,-0.205111409,0.847699732,-0.9903846153846154,0.5769230769230769
2553,0.0091277089529601,1.13174097245109,0.63310646586856,-0.20997683913610002,0.5208869208304999,2018,1.54e-05,0.054068681,-0.048954354,0.21323529411764697,-0.08088235294117652
2553,0.050086612452774,1.04700479096317,1.72397791395362,0.5540157423898701,-0.03331490827921,2019,1.17e-05,0.651901753,0.054068681,0.7427884615384615,-0.24759615384615385
2554,0.0183727393414264,1.05655846016378,0.94575390391211,-0.23218802824904,0.15126399466655,2016,2.85e-05,-0.472269398,-0.193012167,0.24071082390953147,0.4248788368336025
2554,-0.0073728889104909,0.78004730262985,0.57766025266609,-1.59850312594437,-0.33031508901707,2017,8.34e-05,0.138964358,-0.472269398,-0.7279792746113989,0.9015544041450778
2554,-0.0267816762846518,1.1490900350471,1.32060111483092,0.43137919835390004,-0.024594631755130002,2018,3.58e-05,-0.324673501,0.138964358,-0.6225490196078431,0.536764705882353
2554,0.0829134408330898,1.2431654295913201,1.6864296534571201,-0.034552617526960004,0.12815502056903,2019,9.52e-05,0.130561697,-0.324673501,0.9110576923076923,0.9615384615384615
2556,0.0576668050937089,1.32683047070042,0.7358809887297,-0.14532601078492,0.52399170260129,2018,2.23e-05,0.495560028,0.114026634,0.9044117647058822,0.16176470588235303
2556,0.0608461416515675,1.075118005971,1.16258576023305,0.15594297453005,0.32051044223326997,2019,1.71e-05,0.293860597,0.495560028,0.8076923076923077,0.0024038461538462563
2557,-0.0011373850623717,1.03616935290568,0.39450892886008,0.48627160260649,0.09530843860944001,2017,2.38e-05,0.669217226,0.058738346,-0.24352331606217614,0.15025906735751304
2557,-0.0122202419830652,0.97867112330945,-0.13782680076373,-0.58590307825375,-0.20409812477869999,2018,1.16e-05,1.143529249,0.669217226,-0.38235294117647056,-0.3970588235294118
2559,0.0062080280983815,0.96846705027769,0.95565248269514,-0.20324518668454,0.08699257308396,2018,1.22e-05,0.083207151,0.175669141,0.11274509803921573,-0.30147058823529416
2563,-0.085894037597635,0.74209264254314,0.7800855758021901,0.33973167832446,-0.17542323339776,2018,9.87e-06,-0.33263754,-0.214125405,-0.9754901960784313,-0.7009803921568627
2565,0.0060868075119431,0.5481965021551101,1.11094935170138,0.70075431866956,0.10952376270673,2018,2.12e-05,-0.347162386,1.363141816,0.11029411764705888,0.0980392156862746
2571,-0.0790774011128109,1.51593125593804,1.35965197707634,2.36530224215571,-0.37318453763337,2018,1.06e-05,-0.018573241,-0.147063066,-0.9583333333333334,-0.5882352941176471
2573,0.0976407677247173,1.20402161977919,1.7536399371840299,1.14559112931494,0.10923045771696,2016,1.17e-05,-0.392578661,0.095772068,0.8804523424878836,-0.531502423263328
2573,-0.0011804350157317,0.9601010514088,0.7283952684545001,-0.38725268898159,-0.33547480122989,2017,1.04e-05,-0.295848336,-0.392578661,-0.24870466321243523,-0.7124352331606217
2573,0.0843173147716225,1.42346061496308,1.2628289372580699,-0.66545664380839,1.2029866085060898,2019,3.89e-05,-0.051627834,-0.313812338,0.9134615384615385,0.6899038461538463
2576,-0.0627727208584416,1.3425630245507298,2.11597297445678,0.2767133552021,0.5589355899167301,2018,1.45e-05,-0.093866516,0.310604983,-0.9240196078431373,-0.12254901960784315
2576,-0.0124541009876595,1.21595429399073,1.58385966182374,-0.060115289654370005,0.6696659747587099,2019,1.27e-05,0.033183618,-0.093866516,-0.2235576923076923,-0.18990384615384615
2578,-0.0374893840417672,1.07248003226566,0.5268486298447,-0.65795211845785,0.34842606806822,2016,4.24e-05,-0.121710098,-0.087745229,-0.5702746365105008,0.6704361873990308
2578,-0.0002445694702656,0.72646824098467,1.53643826685515,0.8643988177692901,-0.49162705562353004,2017,6.82e-05,-0.076414666,-0.121710098,-0.12176165803108807,0.849740932642487
2578,-0.0529692323026201,0.9323414065447001,-0.0082303950322796,-0.40250460172107994,0.08903686978738,2018,4.14e-05,-0.047806294,-0.076414666,-0.8848039215686274,0.642156862745098
2578,0.0487145875897576,0.5078628953351699,0.57901406481954,-0.06002740756127001,-0.13476235405179,2019,3.14e-05,-0.097564114,-0.047806294,0.7283653846153846,0.5600961538461537
2580,-0.0037118851854302,1.0881005976223,1.349103916506,-0.64198513871132,0.20534003359903003,2017,1.3e-05,-0.105198688,-0.228340088,-0.47927461139896377,-0.3212435233160622
2580,-0.0779958242106731,0.7986244831422599,1.8643931061668901,-0.3551276670085,0.32352887383704004,2018,2.56e-05,-0.042024477,-0.105198688,-0.9558823529411765,0.3088235294117647
2580,-0.0505281161588656,1.24886223086135,1.33175986598407,0.01817908394534,0.2528066309792,2019,1.12e-05,0.260040021,-0.042024477,-0.7644230769230769,-0.2932692307692307
2582,-0.0042680162565263,0.41533104163528,1.8217761500805,0.44175184075367,0.10569768802512002,2017,4.86e-05,-0.172857988,-0.105078644,-0.5569948186528497,0.6813471502590673
2583,0.0005387177723808,0.8906853465311501,0.07861766767749999,0.06177588055672,0.20626197647459998,2017,4.02e-05,-0.002964079,-0.4893029,-0.023316062176165775,0.5906735751295338
2583,-0.0010816233984347,1.04241713038061,-0.19682318854306,-1.2917191988938599,0.07309561226943,2018,3.78e-05,-0.109172634,-0.002964079,-0.07107843137254899,0.5906862745098038
2583,-0.0165779400048554,1.39493442870765,0.19860494912157,-0.8006806704575,0.25935462471875,2019,1.47e-05,-0.345070601,-0.109172634,-0.3076923076923077,-0.09134615384615385
2593,-0.0681760654069203,0.92948647937415,1.27873085807154,-0.74682414721431,-0.0608936184067,2016,2.24e-05,-0.361322131,-0.320344024,-0.8222940226171244,0.18255250403877232
2593,0.0038555768660085,1.1517928098332801,0.7357912834254801,-0.64003976267108,0.13931960107608998,2017,3.12e-05,0.14193648,-0.361322131,0.3886010362694301,0.3886010362694301
2593,0.0041437432330828,0.9696047726324301,1.04912892365141,-0.17416922369745,0.16374971322129,2018,4.19e-05,-0.102934034,0.14193648,0.05882352941176472,0.6495098039215685
2593,-0.1119169255391915,1.03127213288796,1.3106887519263901,0.26366412637036,0.34413435924879,2019,1.11e-05,0.083116543,-0.102934034,-0.9831730769230769,-0.31971153846153844
2596,0.0109041303875206,0.8726535803625399,1.07531419500319,0.012152517853279999,-0.38870112431934,2016,2.63e-05,0.224461164,-0.13702346,0.11147011308562194,0.36025848142164785
2596,0.1310028333708947,0.49156599607949003,1.1874900980817,-0.85924597054998,0.5085953568106,2018,8.57e-06,-0.188441319,-0.223813422,0.9901960784313726,-0.8725490196078431
2596,0.0327446685802393,1.1545358884894699,0.96953040623544,-0.32787489039062,0.20119379395491999,2019,8.34e-06,-0.284798942,-0.188441319,0.5769230769230769,-0.8245192307692308
2598,0.0067442022582337,1.11976810393122,1.02378927028467,-0.35378407600951,-0.29272961366781997,2017,1.39e-05,-0.042706362,-0.361125572,0.6088082901554404,-0.24870466321243523
2598,-0.0173608784325551,1.15944908896448,0.68701616026974,-0.1496381132581,0.22717403589007,2018,2.62e-05,-0.108570266,-0.042706362,-0.46568627450980393,0.3431372549019607
2603,0.0013917887853305,1.0224364042782401,0.43359820848744,0.28262553449253,0.0887569490707,2017,9.56e-06,-0.178387675,-0.211467904,0.07512953367875652,-0.8082901554404145
2603,-0.0408989469091488,0.9427467440167301,0.20829666501233002,-0.26489925812796,-0.32366865082892,2018,9.53e-06,1.698001181,-0.178387675,-0.7867647058823529,-0.75
2603,-0.0231826239541654,1.0684360195734601,0.78220318572475,0.4077459085972,0.27198256622460004,2019,8.74e-06,-0.079476316,1.698001181,-0.42067307692307687,-0.7644230769230769
2606,0.0160566253031362,1.1446243105785001,0.9237594476138,-0.5037496545594,0.05984900094303999,2016,4.21e-05,-0.766945633,1.124467186,0.198707592891761,0.6639741518578353
2606,-0.091030499370844,0.91544068886138,2.0747102084143,0.8029640644394801,0.0012933750662114,2018,3.57e-05,0.327857804,0.168003359,-0.9828431372549019,0.5294117647058822
2606,-0.0749329212737672,1.00836293924774,1.57108877806434,0.11205150100687,-0.48230977151114,2019,4.4e-05,-0.078949632,0.327857804,-0.90625,0.7620192307692308
2610,-0.054824030332201,1.06088178433281,1.13981047882769,-0.0089538604251993,-0.18848073248941,2016,3.3e-05,-0.151219753,-0.488236085,-0.7609046849757674,0.4959612277867529
2611,0.0028586558082386,0.96924154202964,0.67845672121128,-0.52647122138046,-0.36695366460447,2018,1.03e-05,0.179621125,-0.385055834,0.03431372549019618,-0.6348039215686274
2611,0.2209190892677487,1.10737827727464,1.15509076721364,-0.04916675278306,-0.28146656846972,2019,4.7e-05,-0.01106962,0.179621125,0.9855769230769231,0.7788461538461537
2613,0.0669923973232063,1.0082510321056801,1.32219833593186,0.17180814759962,-0.13743350803277,2016,1.28e-05,-0.383476539,-0.185927034,0.7447495961227786,-0.34087237479806143
2613,-0.0016870349242457,0.8381883297814999,1.45444740331184,-0.20572112207712,-0.23414939970715,2017,1.11e-05,-0.077605009,-0.383476539,-0.3134715025906736,-0.6036269430051813
2613,0.0082979847485422,1.00569179448681,1.40792290293943,0.14771257916606,0.25721207862812,2018,6.52e-05,0.495907276,-0.077605009,0.19852941176470584,0.8700980392156863
2613,0.020228626525658,1.08436661197014,1.26236789021034,0.47735152255025004,-0.32311356104510003,2019,5.08e-05,-0.185483321,0.495907276,0.38221153846153855,0.8125
2615,0.0063766331818046,1.11699080623451,0.80162746158102,0.0059918922181316,0.17548860536029,2017,2.69e-05,-0.091287722,-0.447036874,0.5880829015544042,0.26683937823834203
2615,-0.0202818344760751,0.84117517911773,0.71574980692405,-0.10058886121439999,0.40551019220328,2018,1.18e-05,-0.148656255,-0.091287722,-0.5416666666666667,-0.3529411764705882
2615,0.0236923406522301,1.02266610574847,1.47880643100552,0.3795621357971,-0.05519600270574,2019,9.32e-06,-0.048538111,-0.148656255,0.43990384615384626,-0.6658653846153846
2620,0.1999369585310069,0.95839555978086,0.3868242322942,-1.08499644645436,-0.49092911767672004,2016,1.19e-05,-0.570997559,0.070633741,0.9935379644588045,-0.49273021001615513
2620,-0.0550824916560435,1.14861138025091,1.86830249529403,0.45183197288548,0.18400010249248,2018,1.11e-05,-0.124579209,-0.134010163,-0.892156862745098,-0.4901960784313726
2622,0.0015699604388577,0.48142918224232994,-0.19510884380744,-2.01886512942944,0.44701351635239,2018,2.3e-05,-0.075743353,-0.339091987,-0.004901960784313708,0.19117647058823528
2622,0.0810512417577564,1.24029268353872,1.7969823576384498,-0.26718064619041,-1.0303476281239798,2019,1.03e-05,0.556093684,-0.075743353,0.8990384615384615,-0.4807692307692307
2623,-0.0684327521748313,1.1127111857123202,1.3703218430100002,-0.07299805976441,-0.18197668478425,2016,2.29e-05,-0.375478293,-0.255059888,-0.8319870759289176,0.22132471728594516
2628,0.0343334832442742,0.8308549958685499,0.77774801363642,-0.08361724957585001,0.5943778026527801,2018,2.17e-05,-0.273412909,0.159126746,0.7034313725490196,0.11764705882352944
2630,-0.0061123550191287,0.75096357326147,0.66605781573707,-0.23498120214145998,-0.40791402972952995,2017,0.000104566,-0.535450497,-0.10892086,-0.6658031088082901,0.9378238341968912
2630,-0.0268046487356075,1.01326197117444,1.5311143043748598,-0.83767195649885,-0.14611307189782,2019,6.58e-05,0.067108754,-0.351149361,-0.47115384615384615,0.9014423076923077
2632,0.0220602648435558,0.9684332065404601,1.26750286887304,-0.03932330484215,-0.46655603567433995,2018,1.28e-05,0.213413891,-0.205422043,0.5,-0.24019607843137258
2637,0.0064547499708448,0.88127740697952,1.08773243102077,0.71046649576134,-0.29776194304689,2019,1.81e-05,0.521954832,0.438411804,0.14903846153846145,0.03846153846153855
2639,-0.0247193097113549,0.89189240716151,2.16745472212483,0.31332405394101004,0.49439282831712,2016,1.29e-05,-0.301294694,-0.231037597,-0.4248788368336026,-0.33117932148626816
2639,0.0040541866533756,0.65275358308417,0.69037552793375,-1.38652174086359,-0.20203105186912,2017,1.37e-05,0.254442584,-0.301294694,0.4248704663212435,-0.2590673575129534
2639,-0.036460778232579,0.62671582672661,0.32065485534057997,-0.63846509127871,0.27844996244075,2018,1.26e-05,-0.170653323,0.254442584,-0.7475490196078431,-0.25735294117647056
2640,0.0026354918418195,0.53917881982547,0.59759205708846,-0.26833583175455,0.04568332432142,2017,6.24e-05,-0.452224997,-0.304069634,0.23056994818652843,0.7953367875647668
2640,-0.0175159164739514,1.16990636050966,0.25803050736521,-0.81659460351984,0.42743940036574996,2018,1.78e-05,-0.228629256,-0.452224997,-0.4779411764705882,-0.01225490196078427
2640,0.0100702073155381,0.97434210783225,0.08830161690574,-0.75766852445168,-0.23442166436418999,2019,9.04e-06,-0.466568423,-0.228629256,0.21875,-0.7259615384615384
2641,-0.0092538814655421,0.76339555562273,0.5005361506116299,-0.04572477899422,0.46037212721999,2018,2.22e-05,0.660204154,0.168836456,-0.2990196078431373,0.15931372549019618
2642,0.0010693864259768,0.9949107672631,0.85734692418101,-0.9473250058822401,-0.46871097129899,2016,1.05e-05,-0.638943072,-0.058275347,-0.04684975767366717,-0.7092084006462036
2644,0.0630723311789535,0.97696075872044,0.94774883091269,-0.70264864609866,0.17960509378092002,2016,1.59e-05,0.094615009,-0.181885069,0.7318255250403878,-0.08885298869143776
2644,-0.000609290622623,1.07273606124121,0.54722033787589,-0.19302437016146,0.25556092095385,2017,5.86e-05,-0.337677133,0.094615009,-0.18652849740932642,0.7797927461139897
2644,0.0052652426962639,1.08623547298165,0.43063324999042,-0.05959460778076,-0.08120554154482,2018,0.000102678,0.195926604,-0.337677133,0.08823529411764697,0.9754901960784315
2644,0.0044541858597425,0.8047284995741101,0.41758675048733,0.22146417703453,-0.20578576995120001,2019,3.48e-05,0.061443516,0.195926604,0.13461538461538458,0.6225961538461537
2645,-0.004619736793098,0.97673317241236,2.08377243667226,-0.29808009481381004,0.12210456018201,2017,2.9e-05,9.95e-06,0.081512629,-0.5777202072538861,0.32901554404145084
2649,-0.0072516065658756,0.9620248010653899,1.4038859537965198,0.0063853485586112,-0.0365150288287,2017,9.86e-06,-0.02820863,-0.17896377,-0.7124352331606217,-0.772020725388601
2649,-0.0289915307837304,1.35297970205625,0.92371916529056,-0.92694996092597,-0.41329078329598995,2018,3.16e-05,0.038238754,-0.02820863,-0.6617647058823529,0.4730392156862746
2649,-0.0056836298996639,1.08625167297653,0.48454580791398,-1.27838132182106,0.44504045148355,2019,4.94e-05,0.135490538,0.038238754,-0.07451923076923073,0.7980769230769231
2651,-0.0004866066245001,1.5089525642766701,0.57816189199867,-0.10312594030806001,0.42576842961557,2018,1.14e-05,-0.010995487,-0.056265849,-0.05392156862745101,-0.43137254901960786
2659,0.0147645772409584,0.9554762581477,0.9570424058999,-0.47830760878583,-0.54751012216321,2016,8.35e-05,-0.124275781,-0.148200145,0.1760904684975768,0.9192245557350565
2660,0.0302569835360079,0.65567713253185,0.93837225870596,-0.76827928002413,-0.86710456949871,2018,1.03e-05,0.204388324,-0.094286923,0.642156862745098,-0.6348039215686274
2664,-0.0058687112985171,0.8933578668219999,0.75856150393823,-0.49093291563121,-0.5522222253885201,2019,1.07e-05,0.17540182,-0.005262516,-0.07932692307692313,-0.40865384615384615
2665,-0.0373102938808648,0.84725763229704,0.9499944393555201,-0.48959465016452997,0.21662148617340998,2016,0.00010323,-0.204395652,-0.099366728,-0.5638126009693054,0.9579967689822293
2667,-0.056054340781875,0.77329000601239,1.7981272560526702,0.16365365457593,-0.73838645426283,2016,1.31e-05,-0.447521058,-0.398583851,-0.7641357027463651,-0.308562197092084
2667,-0.0009804951394198,0.91597688060192,0.17560158424431999,-1.10409946162177,0.57012094788671,2017,1.19e-05,0.294855151,-0.447521058,-0.227979274611399,-0.49222797927461137
2667,-0.0132716889283043,0.92292607425015,1.8698445185192598,0.54505532522435,-0.07093285605593999,2018,1.18e-05,-0.202202916,0.294855151,-0.40441176470588236,-0.3529411764705882
2667,-0.0157206199987974,1.04245257242968,0.55890952674898,-0.6499229286113499,0.18791165449082,2019,1.04e-05,1.122823708,-0.202202916,-0.27884615384615385,-0.46634615384615385
2669,-0.0623570882736285,1.1037526419700299,0.59691011825397,0.36937611508597,-0.70713577793416,2016,1.4e-05,-0.283056546,0.197987737,-0.789983844911147,-0.2116316639741519
2669,0.0162180175878827,0.5293353955964,0.79464624768203,-0.34306358504768997,0.8819176630040599,2018,3.01e-05,0.198170356,-0.429122522,0.3848039215686274,0.4362745098039216
2669,-0.0857812389475745,1.15179670225913,1.44841176175783,0.35468344897759,-0.28115937676203,2019,4.36e-05,-0.137436118,0.198170356,-0.9254807692307693,0.7548076923076923
2672,0.0463588452902443,0.93165220475604,0.5094025081192101,-0.19003562765759,0.09801195580638,2019,8.2e-06,-0.169140251,-0.207320443,0.7115384615384615,-0.8509615384615384
2678,-0.0737072124569331,1.17606594930704,1.40684519787567,0.0055511762121362,0.47822844259752995,2016,1.05e-05,-0.338424573,0.029380434,-0.864297253634895,-0.7092084006462036
2678,-0.0004485828437152,0.85060882676148,1.00940644492587,0.31056552493941997,0.61945488485421,2017,2.04e-05,0.160352522,-0.338424573,-0.15284974093264247,-0.015544041450777257
2678,-0.0024107571328377,0.85563016890768,0.61538385104703,-0.31777988151484,0.08239891901481,2018,9.56e-06,-0.053460677,0.160352522,-0.11029411764705888,-0.7426470588235294
2682,-0.0167092808011564,1.4602531408272499,0.86658651162907,0.02021199302805,-0.2807772415573,2017,1.16e-05,-0.040974819,-0.389676264,-0.8886010362694301,-0.5284974093264249
2682,0.0172658171695203,1.17477352731163,1.09735345185506,-0.14252222270515,0.47445307649245,2018,2.07e-05,-0.224087605,-0.040974819,0.41176470588235303,0.08578431372549011
2682,0.022662810637107,1.15759066457046,1.51175548363523,0.7250592136984101,-0.33390394449676,2019,9.82e-06,-0.154915153,-0.224087605,0.42548076923076916,-0.5697115384615384
2683,-0.0377818272144052,1.10331239818916,0.47835787976876,-0.07025161498376001,0.8704663376303301,2018,1.11e-05,1.941437315,0.309799197,-0.7598039215686274,-0.4901960784313726
2683,-0.0271288756575656,1.02465633028292,0.51737685211696,-0.43678242719908994,-0.13151936926249,2019,1e-05,-0.206383126,1.941437315,-0.4783653846153846,-0.5264423076923077
2685,-0.1118258449739357,1.97347585710673,1.17277524781972,0.76573662326338,0.9367076644348,2017,2.03e-05,-0.29635276,-0.1120307,-0.9870466321243523,-0.01813471502590669
2685,-0.019870191686216,1.28683579895054,0.7968044781428599,0.012218106146510001,0.44207206093874,2018,9.71e-06,0.00497825,-0.29635276,-0.5294117647058824,-0.7181372549019608
2688,0.0113319512252048,1.15632490137925,0.74882593424876,0.9616402450924599,-0.7106580331347401,2016,1.03e-05,-0.417008808,-0.207916937,0.1147011308562198,-0.7415185783521809
2692,0.0046481994173061,0.9445962289101699,0.9930150451156101,-0.06343588623818999,0.46572948102233,2017,1.25e-05,-0.071853947,-0.619268902,0.47150259067357503,-0.38601036269430056
2696,-0.0073285960215346,0.89094856221791,0.68259735795557,-0.78345618338051,0.45261843535393004,2019,2.03e-05,-0.197247355,-0.021746973,-0.13221153846153844,0.2235576923076923
2707,-0.0459201374116796,0.76391734683453,1.24878209318539,-0.36447867165456,-0.55127330563106,2016,2.19e-05,-0.277923463,-0.361880399,-0.6607431340872375,0.15347334410339264
2707,-0.0116226742141737,0.6433502792742001,0.9938722572447699,0.15057070451953,0.47191629188295997,2017,3.34e-05,-0.377653975,-0.277923463,-0.8471502590673575,0.4507772020725389
2707,-0.0236763725521765,1.24010987374262,0.72031144244877,-0.40958428493119997,0.22262070174764997,2018,2.86e-05,0.173070087,-0.377653975,-0.5735294117647058,0.4093137254901962
2707,-0.0479344278046489,1.34174953204862,0.81947406640584,0.07547968975004,-0.37850789706997,2019,2.83e-05,-0.156588736,0.173070087,-0.7379807692307692,0.48076923076923084
2715,0.0395559346099603,1.06977323613173,0.64696830382688,-0.7378367931094799,-0.01640867210175,2016,1.15e-05,-0.506754107,-0.117220362,0.5411954765751212,-0.5767366720516962
2715,0.0050206441622296,0.8848966027883299,0.9015665272613301,-0.02249821521881,-0.15921144842788998,2017,2.12e-05,0.117336222,-0.506754107,0.5051813471502591,0.033678756476683835
2715,0.0217033711160528,1.09426660069557,1.06630838419996,0.33563084816951,-0.0025775186289818,2018,2.4e-05,0.530363171,0.117336222,0.49264705882352944,0.23774509803921573
2715,0.0015924114376406,0.9716668891298901,0.9562013538802899,0.23388906522927,0.02551217004162,2019,1.15e-05,-0.217071793,0.530363171,0.07932692307692313,-0.2620192307692307
2722,0.0069664736554052,0.9654753799922601,2.7569038838230897,0.3113335685686,-0.26989004726699,2017,2.45e-05,-0.139150457,-0.503303546,0.6191709844559585,0.18134715025906734
2722,-0.0216972818548899,1.00621852952345,0.94066608609254,-0.46875609444096006,-0.32430993330777,2018,1.16e-05,-0.195754574,-0.139150457,-0.5588235294117647,-0.3970588235294118
2722,0.0534838565516147,0.96180435958262,1.14835153071889,0.42535454220203,-0.15659310686748001,2019,9.74e-06,0.045309355,-0.195754574,0.7716346153846154,-0.5769230769230769
2723,-0.0020325319242222,1.34390423509131,1.2973210023180601,-0.22977811038944002,-0.43756796421483,2017,1.61e-05,-0.30549588,-0.213755264,-0.3471502590673575,-0.15803108808290156
2723,0.0498217009675729,0.87791518647702,1.52532130252682,-0.29083101594172,-0.22363733076102002,2019,1.25e-05,-0.007192031,0.619332505,0.7403846153846154,-0.21153846153846156
2724,0.0450838316551355,1.0542672653184801,1.50893918920469,0.40588217529495,-0.16033907192987,2016,1.18e-05,-0.549678428,0.002967818,0.5928917609046849,-0.5185783521809371
2724,0.0023586197321567,1.2464288796440501,1.11151375184132,-0.01350137495167,0.21168177151902,2017,1.15e-05,0.046779884,-0.549678428,0.21243523316062185,-0.544041450777202
2730,0.0096954269079434,1.4773419512830799,-0.63493460270407,-1.5057850878398,0.13085830060996,2017,2.62e-05,0.013159602,-0.535027495,0.7383419689119171,0.24870466321243523
2731,0.0043013060708174,0.74807387106872,0.7423015228454599,0.0013806935346481,0.15518862426320998,2018,1.53e-05,-0.254122096,0.179703385,0.06372549019607843,-0.08578431372549022
2737,-0.0011513090501678,1.1499418497478,0.76850998758873,0.71336621414059,0.73861733989235,2017,2.22e-05,-0.258007324,0.418311,-0.24611398963730569,0.07512953367875652
2737,-0.0286178562489794,0.62365772746535,0.34148721698344,-0.44421518306819,-0.39715765243641,2018,1.05e-05,0.00584188,-0.258007324,-0.6593137254901961,-0.5955882352941176
2737,0.0113345276348681,0.99385174630264,-0.019074936398290002,-0.20902064537609003,-0.72325464580109,2019,1.97e-05,0.098585512,0.00584188,0.23798076923076916,0.17548076923076916
2738,0.0152846781527263,1.04845290093183,0.8417123117261701,0.22692339921038,-0.47242345069602004,2016,8.18e-05,0.068612231,-0.002746144,0.18255250403877232,0.9127625201938612
2738,0.0014320023177533,0.85226755570613,1.7347008227176102,0.0336288801646,-0.23165407605515,2017,6.56e-05,-0.200621169,0.068612231,0.08808290155440424,0.8316062176165804
2738,0.0752435559568998,1.64451195119261,1.8723382827703898,1.07859503720311,-0.2986005660085,2018,2.48e-05,-0.158136114,-0.200621169,0.9558823529411764,0.2769607843137254
2743,-0.0437236849032471,0.90611312441304,1.3057807520762699,-0.09450944760994,-0.20456879341202,2016,3.54e-05,-0.438282798,-0.150341852,-0.6284329563812601,0.5638126009693054
2743,-0.0331115965295251,1.6093215700046097,1.0237340282468599,-0.47465696083557996,0.24846948825186,2017,4.59e-05,-0.139415766,-0.438282798,-0.9585492227979274,0.6528497409326426
2743,0.0322432877138018,1.28550974794666,0.57246728321627,-0.86888232499828,1.07620670733099,2018,2.35e-05,0.02389833,-0.139415766,0.6666666666666667,0.21813725490196068
2743,-0.0020162858924635,1.1347035167906199,1.1992300673104601,0.45399563027844003,0.11617965283996999,2019,1.12e-05,-0.059781318,0.02389833,0.004807692307692291,-0.2932692307692307
2752,-0.0750801667308645,0.68601457754009,0.61648141382887,0.27397353070943997,-0.53307460100903,2019,9.12e-06,0.013869404,-0.161116545,-0.9086538461538461,-0.7115384615384616
2755,-0.0174783474066517,0.9813119088721499,1.42707786868996,1.14573615781695,-0.5500240533530101,2016,1.5e-05,-0.504001818,-0.157016098,-0.308562197092084,-0.13731825525040386
2755,-0.0201544630902122,1.5598288708029902,1.9921017515854698,-0.50710607002952,-0.18124419480909,2017,2.32e-05,0.208374363,-0.504001818,-0.9145077720207254,0.12435233160621761
2761,0.128140722538429,0.66535198785747,-0.16364765378675,-1.02948327575073,-0.62498679355272,2019,1.55e-05,-0.061463246,-0.111744028,0.9639423076923077,-0.04807692307692313
2762,0.0126736895675408,1.43043969266096,1.35848446016683,-0.18512517917794,0.59631148479731,2017,2.3e-05,-0.189991518,-0.476242575,0.8134715025906736,0.1113989637305699
2767,0.0334556795747882,1.10309582998088,1.9157341002568802,1.32154336919819,-0.52306554911671,2016,1.65e-05,-0.426657795,-0.285312624,0.4604200323101777,-0.05977382875605819
2767,0.0073425848300098,1.03309296311558,1.49090002636625,-0.48307935596746,0.31456564294607,2017,1.55e-05,0.093961376,-0.426657795,0.645077720207254,-0.1735751295336787
2767,-0.0064297015889845,1.36066694729911,1.18769286712992,-0.62496813634876,0.64979267045769,2018,1.36e-05,-0.214799523,0.093961376,-0.2328431372549019,-0.178921568627451
2769,0.1370970853728004,1.00422998720189,0.11256542064294,0.36640412826979,-1.8899533178323598,2016,7.99e-05,-0.185885859,-0.584159054,0.9644588045234248,0.9030694668820678
2769,-0.0006038538857395,1.1578357247386,1.63879617623662,-0.37415068426820003,0.49556937252111,2017,4.75e-05,-0.23386333,-0.185885859,-0.18393782383419688,0.6709844559585492
2769,0.0202937654226639,1.14767829170758,1.64044637905854,0.25317298737988997,-0.13192438806704,2018,4.61e-05,-0.258964935,-0.23386333,0.4656862745098038,0.7156862745098038
2769,0.0024140753790934,1.09190737101136,1.12057496657642,0.3050973071605,-0.59835455985323,2019,1.04e-05,-0.163442786,-0.258964935,0.09615384615384626,-0.46634615384615385
2772,0.026211564132801,0.87278478414592,0.18436079629973,-0.83949337034238,0.33941945499559,2018,1.46e-05,-0.012318295,0.016383084,0.5784313725490196,-0.12009803921568629
2772,0.0134195318453823,0.9126106647148,1.01116157634717,0.049757551042990004,0.02281548928637,2019,1.46e-05,0.873185289,-0.012318295,0.28125,-0.09855769230769229
2774,-0.0053144509184899,1.16857418906086,2.3732513339882297,0.63150233992084,0.11916447364134,2018,2.88e-05,-0.199044364,-0.130101608,-0.2009803921568627,0.4142156862745099
2774,0.0607668314776089,0.8373483508042601,1.05094117975762,-0.03288085453194,-0.23094103391528997,2019,6.03e-05,-0.050397057,-0.199044364,0.8052884615384615,0.8822115384615385
2781,-0.04733488631498,1.28400519352863,1.44456684828533,0.67328441661035,0.40954874718367995,2018,3.08e-05,-0.228920729,0.123502855,-0.8480392156862745,0.4558823529411764
2783,0.0485606820624868,1.2900124338555001,1.8429013623753099,1.12047767267624,-0.99270359801713,2019,7.9e-06,-0.074672989,-0.247689682,0.7235576923076923,-0.8966346153846154
2785,-0.01581772485684,1.24755442306321,1.87198549274437,-0.0027177677929302,0.20003670674978002,2017,6.78e-05,0.015278622,-0.55839486,-0.883419689119171,0.8445595854922279
2785,0.0036146797820647,1.10334968548525,1.56267209364608,0.38914935116754,0.67966421096744,2018,7.67e-05,0.498797561,0.015278622,0.04656862745098045,0.9215686274509804
2785,0.0078609234207937,0.85150197102273,1.3385014544876899,0.6802965235395,-0.0524782026949,2019,4.96e-05,0.191885607,0.498797561,0.18028846153846145,0.8028846153846154
2787,0.0632609022187932,1.62525404471895,1.9318987089258801,0.69953613527577,0.6767761065482201,2018,1.02e-05,-0.090116029,-0.286744381,0.9215686274509804,-0.6568627450980392
2789,0.0019426513655156,1.3748708580067799,2.57165267362248,1.6083964500658399,-0.23990395474756,2017,2.61e-05,-0.137121593,-0.334013493,0.160621761658031,0.2409326424870466
2791,-0.0003524899091009,0.99027466763214,1.95910402952018,-0.02928104764265,0.13934131638358,2017,7.13e-05,0.288305512,-0.47971475,-0.13730569948186533,0.8730569948186528
2791,-0.0155618599110874,1.0039120412795401,1.55377283332586,0.13290879026149,0.386652285144,2018,5.66e-05,4.87687935,0.288305512,-0.4509803921568627,0.8112745098039216
2791,-0.0026871041533322,0.9497081802524,0.9404506027377401,-0.30676736124152,0.13546543599427,2019,3.1e-05,1.038063644,4.87687935,-0.012019230769230727,0.5528846153846154
2793,0.117747791245102,0.79447437356337,0.53502711064777,0.44725633894852,0.44794301912132,2019,9.16e-06,-0.25711921,0.45017303,0.9495192307692308,-0.7043269230769231
2799,0.0076004630403796,1.6222470039357801,2.11033279090063,-0.18722919444942998,0.5394219997847399,2017,2.4e-05,-0.258568936,-0.090102382,0.6476683937823835,0.160621761658031
2799,0.0708641998319583,0.73042811422838,-0.15381332260947,-1.53052139894071,-0.544127697464,2018,1.2e-05,0.389230195,-0.258568936,0.9485294117647058,-0.3259803921568627
2801,0.0107207785622138,1.8608767565893298,1.77289848003379,0.37868404300472003,1.42982999434413,2017,0.000250535,0.008660759,-0.351066708,0.7720207253886011,0.9948186528497409
2801,0.0030555041366504,1.40570377536204,1.43245302012872,-0.05015091104444,0.22531283125749998,2018,0.000120592,0.543154221,0.008660759,0.03921568627450989,0.9852941176470589
2801,-0.0071065601414013,0.91504122753529,1.09699440848382,0.2588788488585,0.14445665159232,2019,0.00011505,0.246930693,0.543154221,-0.12740384615384615,0.9783653846153846
2802,-0.0227750871056098,1.58067801385584,1.99386279723609,0.5677965739586199,1.36433693596012,2017,1.2e-05,-0.182502269,-0.215349724,-0.9300518134715026,-0.46113989637305697
2802,0.0063018164449552,1.40149834213952,2.24906608950163,1.07408637887699,0.37622536173603,2018,1.24e-05,0.156673671,-0.182502269,0.12254901960784315,-0.2671568627450981
2802,-0.0460150552049256,0.96022195169403,0.55381364812114,-0.36319917075889,0.37315251013057,2019,1e-05,0.356476751,0.156673671,-0.7115384615384616,-0.5264423076923077
2803,0.0259952749635102,0.77892345334642,1.22482930401478,0.41496096806787003,-0.10102496464408998,2018,3.65e-05,1.096230254,0.008722591,0.5759803921568627,0.5563725490196079
2811,-0.0015226913997126,-0.058787407299990005,2.96086624395063,0.7341738581757801,0.08154199938217001,2017,0.000111464,-0.03857476,-0.379966339,-0.2901554404145078,0.9481865284974094
2811,-0.0431391461262393,1.35654111694073,0.91367377053501,-0.27189374768757,0.80007002656856,2018,7.24e-05,0.019440102,-0.03857476,-0.821078431372549,0.9019607843137254
2811,0.0366093473828773,1.00905179671153,1.39570366695904,0.29054742175959,-0.15285296846855,2019,6.09e-05,-0.136989142,0.019440102,0.6177884615384615,0.8846153846153846
2818,0.0077024595725043,0.93933954484591,0.45540664248376,-0.13506255258723,0.35870914683229,2019,2.06e-05,0.008116352,-0.027925296,0.17548076923076916,0.24038461538461542
2822,-0.0096405541808432,0.67637153127351,-1.12510432787934,-3.14585512149183,-0.6762827027895599,2017,1.21e-05,0.085889424,-0.559687815,-0.7901554404145078,-0.44041450777202074
2822,-0.0154131742091864,1.2278443641877599,2.11430365067444,0.74632754236442,0.39118244818086,2018,2.49e-05,0.349115298,0.085889424,-0.4411764705882353,0.28676470588235303
2822,-0.0293642384011733,1.02250075358573,0.9106249098862099,0.5040569588388101,-0.009082015548929701,2019,2.18e-05,-0.291637039,0.349115298,-0.5168269230769231,0.30528846153846145
2826,0.0374937481561967,1.40521094592667,0.73774669293963,-1.00527710935546,0.15595086502865,2018,1.2e-05,0.086409732,-0.377323845,0.7352941176470589,-0.3259803921568627
2828,-0.0182001295246212,1.04216670466918,0.87137014827326,-0.8060957204308901,-0.68088922831656,2018,1.22e-05,-0.350719882,-0.238541153,-0.4950980392156863,-0.30147058823529416
2828,-0.0021646540342731,1.13248284865881,1.35604220910766,-0.19524169584474,-0.07266090213116,2019,1.12e-05,-0.088429354,-0.350719882,0.0,-0.2932692307692307
2829,-0.0501130216276812,0.45188194026594003,1.32147109038037,-0.81632577982691,-0.06215404772212,2018,1.13e-05,0.65236896,-0.332250978,-0.8651960784313726,-0.446078431372549
2831,-0.0446596580104118,0.65010756206435,0.0469920944388,-0.56433641781412,0.62416595445506,2018,1.07e-05,0.428667899,-0.158592718,-0.8382352941176471,-0.571078431372549
2831,0.052831156878143,0.8293654528283799,0.0965031593837,-0.33968105436009,0.61665650128487,2019,1.02e-05,0.073231631,0.428667899,0.7620192307692308,-0.49759615384615385
2842,-0.012512254501049,1.25832450512855,1.57196733244454,0.2286100582896,-0.15589601387485,2018,2.38e-05,-0.46678193,0.406657585,-0.3897058823529411,0.23039215686274517
2842,-0.0539335514488142,1.18782650867376,0.24671848812883002,-0.5276897917754401,0.25155374451011003,2019,2.11e-05,-0.036499309,-0.46678193,-0.7956730769230769,0.2764423076923077
2843,-0.0134239188027198,1.51945757679451,1.1601402238304699,-0.52576313713711,0.60232955609674,2018,3.63e-05,-0.074869884,-0.083446327,-0.4117647058823529,0.5514705882352942
2843,-0.0064131130137998,0.98695159178792,0.8717529820345,0.08807657866339999,-0.13914889808884,2019,6.09e-05,0.018681714,-0.074869884,-0.09855769230769229,0.8846153846153846
2868,0.0319218870880771,1.10401360514322,1.7250659028664899,0.39235347764826,-0.19387710255268,2018,9.02e-05,-0.149407641,0.217383725,0.6593137254901962,0.9607843137254901
2868,0.0392476227713226,1.05593097368843,1.39394759115138,0.98960125462819,-0.25322507948170997,2019,8.43e-05,-0.264858072,-0.149407641,0.6394230769230769,0.9399038461538463
2869,0.0246003605489364,1.1733150658109501,2.11793450573671,-0.03573959144857,-0.01387778453331,2018,1.06e-05,0.680965837,0.515605101,0.5490196078431373,-0.5882352941176471
2869,0.00733945020389,1.04739026802545,0.6155892801728801,-1.03661245020707,0.49391347531083996,2019,1.72e-05,-0.453915044,0.680965837,0.16826923076923084,0.007211538461538547
2883,0.0092631804828219,1.39113357678246,2.42755939436009,0.47231414814972,0.12001865526891001,2018,2.44e-05,0.157685937,-0.253851752,0.21568627450980382,0.2647058823529411
2883,0.026019266096042,1.32522715748405,1.48215182846568,1.00122326628756,0.07262560665668,2019,3.52e-05,-0.307188049,0.157685937,0.46153846153846145,0.6298076923076923
2889,0.0160589487319329,1.9562456503517698,2.3882928372479,0.7456034729155,1.00466524424119,2018,8.26e-05,-0.059756179,-0.386335577,0.37745098039215685,0.9411764705882353
2889,-0.0500608112714997,1.168884554113,0.7988625043000199,-0.21162495937053,-0.16785008340574,2019,2.35e-05,0.081514112,-0.059756179,-0.7596153846153846,0.3798076923076923
2892,-0.0049026659211436,1.39695463837703,2.60568319251921,1.07222028556817,-0.7767914609197399,2018,1.27e-05,-0.251134792,0.610869718,-0.18382352941176472,-0.24754901960784315
2899,0.0594181364781346,1.6711334193248302,1.05220867651123,-0.05729878119603,1.79819525864411,2018,2.02e-05,-0.050358386,-0.341853811,0.9093137254901962,0.06617647058823528
2903,-0.0623183130057447,0.87238393818783,0.62441074986066,-1.22143746589262,-0.25334056853213,2019,1.25e-05,-0.008646606,-0.044513322,-0.84375,-0.21153846153846156
2912,0.0823427421050098,1.68839028001425,-0.09441172512014,-1.69486867732841,-0.19866940347628997,2018,1.17e-05,0.717485413,-0.008806687,0.9583333333333333,-0.375
2912,0.0203410397464575,0.9939011641307701,-0.67416079797323,-1.7425542326314498,0.69254891029597,2019,1.05e-05,-0.604279281,0.717485413,0.38701923076923084,-0.43990384615384615
2917,0.126340372235928,1.02063572449891,0.98308294166562,0.0028619965532461,-0.5512997739693399,2019,2.19e-05,-0.10283172,0.045399775,0.9615384615384615,0.31009615384615374
2918,0.0587317966767737,1.2513690613058701,0.6917733079267501,-0.35911835183369,0.46762244606658004,2019,9.73e-06,0.048557275,1.548143276,0.7956730769230769,-0.5817307692307692
2928,0.0529915513630049,1.30045721318373,0.8186766344820301,0.19859775428062998,0.64324211127972,2019,1.06e-05,0.489107138,0.326392734,0.7692307692307692,-0.42067307692307687
2929,-0.0396613098769173,1.1798185729880502,1.17705373814446,-0.55877872784743,0.16219700832397999,2019,1.77e-05,-0.115066511,-0.05898632,-0.6370192307692308,0.024038461538461453
2941,0.0173344918256907,1.0281352333937102,1.18272959439144,0.26419361660122004,-2.00444428966833,2019,4.97e-05,-0.253894277,-0.461183208,0.34375,0.8052884615384615
300001,0.0367885995080926,1.03432258583969,0.18213752330017,-0.8992504227066701,-0.8620421140296999,2016,9.82e-06,-0.329106608,-0.239087908,0.4959612277867529,-0.802907915993538
300001,0.0004668522987974,0.84858882305368,0.8852303426730099,-0.47430670180268,-0.17886713933605,2017,1.86e-05,0.563262208,-0.329106608,-0.031088082901554404,-0.0803108808290155
300004,0.0472198551761678,0.96537305538749,1.1940521478766701,-0.28383528395376,-0.46030035133166,2016,2.62e-05,-0.677697209,-0.395790443,0.6219709208400646,0.35702746365105
300004,0.0005833490040568,1.20160233162116,0.96991266159294,-0.12813602015504,0.08945356797088999,2017,7.19e-05,0.181116633,-0.677697209,-0.01813471502590669,0.8756476683937824
300004,-0.0155414712150986,0.31506731911452,1.49583143955818,-0.36401130077870997,-0.30279034425521,2018,4.46e-05,0.157035442,0.181116633,-0.44852941176470584,0.6936274509803921
300004,0.0678954570332128,1.33203331272759,1.9598530873003999,0.28770730473897,-0.18489165401202,2019,3.83e-05,0.020364416,0.157035442,0.8485576923076923,0.6850961538461537
300008,-0.1503745178157798,0.76444648932467,0.92070175455096,-1.2372690568861,0.033182677915899995,2016,1.12e-05,-0.425727316,-0.386136831,-0.9806138933764136,-0.6155088852988692
300008,-0.0175987917988358,0.79099007575035,1.0250852649226,-1.39845781138885,0.22438981410064,2017,2e-05,-0.20788243,-0.425727316,-0.8937823834196891,-0.031088082901554404
300008,0.0269870620924889,0.99563945357837,0.26160623398230004,-1.4761099722411999,0.74446082068755,2018,1.11e-05,-0.175591363,-0.20788243,0.5955882352941178,-0.4901960784313726
300008,-0.0368395010281928,1.12669669468867,0.67576842795681,-2.68453493353349,0.77767525155269,2019,1.1e-05,0.629588076,-0.175591363,-0.6105769230769231,-0.3317307692307693
300011,0.1198698132840146,1.2034820367313501,1.95649948699551,1.05193106495328,-0.11471303258839001,2016,2.26e-05,-0.607680918,-0.3276342,0.9450726978998385,0.19547657512116312
300011,0.0082195912252241,0.8252796131454601,0.64790197714719,-0.83939620407937,0.02287216751315,2017,4.03e-05,-0.035073148,-0.607680918,0.6865284974093264,0.5932642487046633
300011,-0.004096833650424,1.23122301620279,1.21735370456263,-0.33418082111224,0.3256298492617,2018,8.96e-06,-0.072000076,-0.035073148,-0.1568627450980392,-0.8333333333333334
300012,0.0041452305079792,0.95661808701554,0.9305321568168099,0.07502552862985999,0.19719911189625003,2017,7.94e-06,0.86201744,0.227588594,0.4326424870466321,-0.9689119170984456
300015,0.0004349998566371,0.6662832649200501,-0.28058079661717,-0.21523092496122,0.32603328789631003,2017,1.69e-05,0.235290867,1.065379302,-0.03626943005181349,-0.1424870466321243
300017,-0.0301609060937934,0.84766654840035,1.19340572235029,0.8674536985592399,-0.31787208329254,2016,9.66e-06,-0.123746565,-0.466869019,-0.4894991922455574,-0.8255250403877221
300017,0.0064884727500164,0.8200846533164999,1.93121329867454,0.81594910593228,0.7237748830562201,2017,2.53e-05,-0.006422776,-0.123746565,0.6010362694300517,0.21243523316062185
300017,-0.0563511869254625,1.08021029618366,0.42130707467054995,-1.37857786634378,-0.13381938766089,2018,8.6e-06,-0.221698128,-0.006422776,-0.9019607843137255,-0.8651960784313726
300017,-0.1085670092541886,0.91808809388317,-0.76380452541396,-2.37429195553741,0.16953032767551998,2019,1.62e-05,-0.320737766,-0.221698128,-0.9735576923076923,-0.028846153846153855
300018,-0.0490187795270454,1.16628207853086,0.72672566745291,-0.81060891659717,-0.76243540172049,2016,2.48e-05,-0.420586881,-0.315292954,-0.6995153473344103,0.308562197092084
300018,0.0572643410897516,1.18479059622641,2.45843115197513,-0.16029586071425,0.0095518561497054,2019,1.04e-05,-0.040932334,-0.23272284,0.7908653846153846,-0.46634615384615385
300019,0.0155232386590097,1.022673076167,1.02870103436767,-0.54655740265647,-0.18582364632275,2016,1.38e-05,-0.342607774,-0.437674925,0.19224555735056548,-0.23101777059773831
300019,0.0011784677587817,1.07232195007193,1.86042777097317,-0.72125397262724,0.38064841474505,2017,1.27e-05,-0.014972746,-0.342607774,0.059585492227979264,-0.36010362694300513
300019,-0.0847024996856429,1.1599762762775598,2.38683898158314,0.68008964050302,0.09642728906328,2018,1.4e-05,0.749130054,-0.014972746,-0.9705882352941176,-0.15441176470588236
300019,-0.021909746104851,1.18386730438828,1.2577896280755099,0.46491565970252996,-0.0057385579060045,2019,1.17e-05,0.491267288,0.749130054,-0.3966346153846154,-0.24759615384615385
300021,0.0187729605333429,1.08488110664559,0.8830636692964199,-0.67176398616775,0.20408073773206,2016,1.16e-05,-0.378856785,0.07752239,0.2536348949919225,-0.5508885298869144
300021,-0.0164620961692819,0.76157167740602,0.69088372426444,-0.56219296343475,0.39428895417275,2018,1.96e-05,-0.25248341,0.142067614,-0.45343137254901966,0.0490196078431373
300021,0.091103955192841,0.9245947615825,0.9707246692290301,-0.26367093089709004,-0.41133122431894,2019,2e-05,0.196589957,-0.25248341,0.9302884615384615,0.20192307692307687
300024,-0.0093447101066369,1.32879930403675,1.01158506757878,-0.54745110079746,-0.00043808052500780007,2018,1.98e-05,-0.116030032,-0.137974718,-0.30147058823529416,0.05882352941176472
300024,-0.020444154537172,0.95659607137689,0.43920527805693,-0.74039139925236,0.04581687543833,2019,8.45e-06,-0.231679448,-0.116030032,-0.3653846153846154,-0.8197115384615384
300027,-0.0187408287545336,1.03762155060356,0.38762595785311,-0.6657312759016,-0.13913268396733,2018,2.56e-05,-0.26408038,-0.215119843,-0.5073529411764706,0.3088235294117647
300031,-0.0008756609307339,0.7811244053464,0.77305525907918,-0.31726420136331,-0.31020394872696,2017,1.19e-05,-0.111465491,-0.259908657,-0.22020725388601037,-0.49222797927461137
300032,0.0142299990614844,0.9141199692723,0.69490322113449,-0.35029039945101,-0.67519252628226,2016,2.23e-05,-0.602119321,-0.311508618,0.16639741518578344,0.1760904684975768
300034,-0.0065727500233678,1.39516013749863,0.42618836549865996,-1.84601486939476,0.5033011122801501,2018,2.63e-05,0.245480561,0.576135047,-0.24019607843137258,0.3480392156862746
300034,0.0897197003539739,1.1172490238794,0.88915671721019,-0.15460945647763,-0.01686776953153,2019,2.1e-05,0.709503957,0.245480561,0.9254807692307692,0.26923076923076916
300035,-0.0046329708662602,1.4643438958822599,2.0539204644956803,0.9581216304382699,0.28827026359353997,2017,1.07e-05,0.033782628,-0.346719264,-0.5829015544041452,-0.6658031088082901
300035,0.0201896894915769,1.39343782801213,1.9393861792818001,-0.11803639787190999,-0.03440744085274,2018,9.65e-06,0.608722041,0.033782628,0.45833333333333326,-0.7279411764705883
300036,-0.0307043805767045,1.1813831606981902,1.1884127436309602,-0.65291019222057,-0.45742768583221005,2016,5.65e-05,0.234504377,-0.340638801,-0.4959612277867528,0.8093699515347335
300036,-0.0023336048228172,1.27904520492671,1.30502218777651,-0.12565799249509998,-0.25679909459845,2017,2.01e-05,-0.282856511,0.234504377,-0.3756476683937824,-0.02849740932642486
300036,-0.0041027993595743,1.0641950342959001,0.20886757426626998,-1.99379484775333,-0.49975056831912,2018,9.54e-06,0.682517367,-0.282856511,-0.15931372549019607,-0.7450980392156863
300039,-0.003673628230472,1.15889124872586,1.01192950033184,0.37485178893441,0.01204998473867,2017,1.26e-05,-0.227298116,-0.191997762,-0.47150259067357514,-0.38082901554404147
300040,-0.0012301708081671,1.34914779968755,0.6985516804585,-0.25262362804095,0.2850691790064,2017,3.97e-05,0.021902879,-0.42469297,-0.26165803108808294,0.5803108808290156
300040,-0.0348288757938491,1.0663816336245902,1.69087630457637,0.02892388328802,-0.05523353535384,2018,3.66e-05,0.02284402,0.021902879,-0.7279411764705883,0.5588235294117647
300040,-0.0068664956132131,1.21079952549325,1.86639647359872,0.50276699955135,-0.33490662060766,2019,4.37e-05,0.456025621,0.02284402,-0.11298076923076927,0.7572115384615385
300041,0.0168083982275251,0.97812766859068,1.4935403007539398,-0.16581624538285,-0.15145027245201,2016,1.22e-05,-0.257632333,-0.117280317,0.20840064620355414,-0.4604200323101777
300041,-0.0091575308768049,1.2057382696803298,0.95233221330002,0.16838643149121002,-0.75412023013064,2017,1.11e-05,0.051997137,-0.257632333,-0.7797927461139896,-0.6036269430051813
300041,-0.0513253190026208,1.08894091148412,1.1142915164761,-0.15144455963494002,0.39861055600913,2018,2.18e-05,0.576526794,0.051997137,-0.8774509803921569,0.12745098039215685
300041,-0.0190023865909949,0.54535620037184,0.74476509288565,0.16938294301678,-0.19154339803681,2019,2.76e-05,-0.062134502,0.576526794,-0.34615384615384615,0.47115384615384626
300043,-0.0029009961431344,1.17319190533775,0.58723757328492,-1.49086815746277,0.47306680398301,2018,9.65e-06,-0.171116548,0.196379227,-0.11274509803921573,-0.7279411764705883
300044,-0.0229516005874185,0.5838143552647801,2.4522798184002803,0.60192014023815,0.46079243574817996,2017,1.7e-05,0.008763218,-0.364245961,-0.9352331606217616,-0.13730569948186533
300044,-0.0393660726279926,1.30664390425548,1.21637068653133,-0.96415346422017,-0.6901244294239001,2018,8.59e-06,-0.083410167,0.008763218,-0.7720588235294118,-0.8700980392156863
300044,-0.0393114352105967,1.19885283544503,0.43597214585802,-1.18927064116149,0.19241632148316,2019,7.37e-06,-0.251906092,-0.083410167,-0.6274038461538461,-0.9399038461538461
300045,0.0140363172769213,0.9804399263346201,0.47266181065334,-0.99049774373036,-0.55436488352627,2016,1.1e-05,-0.103542897,-0.475342116,0.15993537964458815,-0.6348949919224556
300045,-0.0048663958509504,1.13525829594635,0.64229975986014,-1.2055162376381399,0.20680102975262998,2017,3.89e-05,-0.047975134,-0.103542897,-0.6062176165803108,0.572538860103627
300045,0.0109327277754975,0.86287771017803,-0.32928406932643,-2.62417032441912,0.21706342630464998,2018,2.04e-05,0.414128204,-0.047975134,0.25735294117647056,0.07107843137254899
300045,-0.0734710652079587,1.09760442797393,0.51344930599647,-1.6902357222886601,0.8885757808006499,2019,9.45e-06,-0.2466467,0.414128204,-0.8990384615384616,-0.6442307692307692
300048,0.0958694822226187,1.07542848450691,0.02502671512609,1.6628512832619302,-1.91951580884473,2016,1.64e-05,-0.424366915,-0.380694943,0.8707592891760905,-0.06623586429725359
300048,-0.0101069101300385,1.04550502302936,1.18390952755994,-0.92349460641889,-0.49713862084756,2017,4.63e-05,-0.082582681,-0.424366915,-0.8005181347150259,0.6632124352331605
300048,-0.0034576270706919,1.0786443676398,1.2995255310045,-0.41214527896668,0.037531266096480005,2018,5.16e-05,0.314835954,-0.082582681,-0.125,0.7598039215686274
300048,-0.0617317600160411,1.15779686086724,1.7309093906423898,0.41655919496533,-0.78011816162755,2019,5.68e-05,0.231823878,0.314835954,-0.8365384615384616,0.8557692307692308
300050,-0.0042581015706308,0.77129647916963,1.9086489516510903,0.27065659152436,0.24915161659049997,2017,8.54e-06,0.040794934,-0.411623304,-0.5544041450777202,-0.9378238341968912
300053,0.0034870052049453,1.28850885682689,1.34078089316556,-0.48273461847109,0.56485047412232,2017,3.72e-05,-0.151209699,-0.14946392,0.35492227979274604,0.5310880829015545
300053,0.0399850336651141,1.1991313185749501,-0.054520770727149996,-2.50581598324514,-0.2189836104971,2018,1.13e-05,0.071876116,-0.151209699,0.7549019607843137,-0.446078431372549
300055,-0.0044215718582037,1.11617037100946,1.4640597701903,0.39600389632474997,-0.31431008310435,2017,1.08e-05,-0.385430978,-0.385245356,-0.5621761658031088,-0.6528497409326425
300056,0.060313684979298,0.9805888612963001,2.84308441660552,0.76055675882277,0.09935483819113,2016,1.97e-05,-0.602509342,-0.173024446,0.7027463651050081,0.04684975767366728
300056,0.0204775470937213,1.27289353081887,1.27159790299407,0.31257366098882,0.34379207389509997,2017,1.89e-05,0.11396838,-0.602509342,0.9248704663212435,-0.06217616580310881
300056,-0.0393351370273143,0.87357563176381,-0.80027848866883,-2.36207718714833,1.51509088837164,2018,8.71e-06,-0.261897212,0.11396838,-0.7696078431372549,-0.8553921568627451
300058,-0.0261712920787982,1.0658897185083,0.33774606047362,-1.20578457874792,-0.19748391587281,2018,9e-06,0.812403618,-0.259408549,-0.607843137254902,-0.821078431372549
300058,0.1445135251776809,1.1314655479573,0.76804425652992,-0.95778213106213,0.20976057156818,2019,1.78e-05,-0.229160196,0.812403618,0.9735576923076923,0.03125
300065,-0.0236161380443576,0.9748537619019501,0.80111978965104,-0.98205622537178,-0.51145680432143,2016,2.26e-05,-0.457984633,-0.011688945,-0.4054927302100162,0.19547657512116312
300065,-0.0017080189799755,0.82052694942772,1.34263035043444,-1.32296277119975,0.61751665301214,2018,2.98e-05,-0.19386386,-0.157233342,-0.09558823529411764,0.428921568627451
300066,0.0396901759577712,1.10340658646428,1.7561753174739898,0.31826557188635,-0.09881730726320999,2016,1.2e-05,-0.34285292,-0.441197948,0.5508885298869144,-0.4862681744749596
300066,-0.0544603794118682,0.99820642635664,1.1947413830309002,-0.63414647439844,0.20511177936892003,2018,1.08e-05,-0.090140914,0.447351903,-0.8897058823529411,-0.5441176470588236
300067,0.007626229364518,1.43840704402595,0.79641447021551,0.31278742213748,0.8142780994426,2017,1.13e-05,0.043322564,-0.099965329,0.6528497409326426,-0.5699481865284974
300069,-0.0272662716112956,1.13915017121635,0.3193879754787,-0.46639983887491,-0.74723990781225,2016,4.93e-05,-0.64069695,0.002905237,-0.45072697899838454,0.7382875605815833
300069,0.0056146693254007,0.7664162483859001,0.24264368700746003,-0.72259298162614,0.52955456096266,2017,2.57e-05,0.302114712,-0.64069695,0.5647668393782384,0.23056994818652843
300069,0.0205291900992192,0.52222736019216,0.75854656978924,0.19696805229199,-0.37794777893356,2018,2.59e-05,0.07360684,0.302114712,0.4681372549019607,0.33333333333333326
300069,-0.1006746058952964,1.14189809703439,1.53311192609827,-0.04804106803153,0.22568422946764,2019,1.2e-05,0.074646064,0.07360684,-0.9591346153846154,-0.23317307692307687
300070,0.0188336816366701,1.3285439217608501,0.9362769110351299,0.25624120147622004,0.10749474981983001,2019,4.48e-05,-0.106920557,0.035224466,0.36298076923076916,0.7668269230769231
300072,-0.0048628817837178,0.80775221112446,1.5179342969722,1.6218566603984699,-0.21948098828547002,2017,8.74e-06,-0.562586023,-0.381409482,-0.6036269430051813,-0.9145077720207254
300074,-0.0016455519916836,1.36424452465999,1.57266838239487,0.012884780200520002,-0.07764306946054,2017,2.27e-05,0.074597867,-0.445264499,-0.31088082901554404,0.09067357512953378
300074,-0.046873446940712,0.89865784036728,1.28237534080154,-0.45028667138743,-0.87838243215707,2019,1.96e-05,-0.073337559,0.03649349,-0.7211538461538461,0.16826923076923084
300079,-0.011106697581962,1.10276374226263,1.4367956563446,-0.22457134673898,-0.21995254482499,2016,3.67e-05,-0.385770738,-0.324468213,-0.20840064620355414,0.5993537964458804
300079,-0.0045299611167659,0.96503197130602,0.76209055358916,-0.45949797774184004,0.06545869580203,2017,5.44e-05,0.540387148,-0.385770738,-0.5699481865284974,0.7538860103626943
300079,0.0076410437878361,1.18857391315485,1.16209904655595,-0.58911401953563,0.12058155212191,2018,8.19e-05,-0.176454636,0.540387148,0.1642156862745099,0.9387254901960784
300079,-0.1159420762403789,0.83173037771499,0.8313258135942401,-1.4129640431672599,0.11547476031734,2019,6.67e-05,0.599938813,-0.176454636,-0.9879807692307693,0.9038461538461537
300080,-0.0331109702439037,1.01037704322917,1.02151380324159,0.39164304736709,1.0501632874231999,2018,1.72e-05,-0.261578378,0.208003214,-0.7083333333333333,-0.02941176470588236
300082,-0.0227964541277864,1.16424379075181,1.11508883131452,-0.12893219073114,-0.10873593415833001,2017,4.62e-05,0.39743701,-0.28560967,-0.9326424870466321,0.6580310880829014
300082,-0.0098160906272779,1.1870779221107601,1.4154553768993,0.19682263387491,0.14797891959769,2018,5.21e-05,0.016788589,0.39743701,-0.32352941176470584,0.767156862745098
300082,0.0146805365127335,0.9830085658625899,1.0675527382474,0.45583978671954,-0.04390701469924,2019,2.99e-05,0.960322828,0.016788589,0.3028846153846154,0.5360576923076923
300087,0.007017924396799,0.91083447745137,0.09622387192051,0.0390000679503,-0.32111038444985,2016,9.61e-06,-0.046744585,0.223646735,0.03392568659127626,-0.8319870759289176
300087,-0.0043408032491921,0.28260494545646003,0.13069416305573,-0.28734430583404996,0.13821217992057,2018,8.04e-06,0.430140233,-0.128919585,-0.16911764705882348,-0.9142156862745098
300087,0.0126907273044742,0.44357615417625,0.8902996185202801,0.14714280891091,-0.70816613538978,2019,3.81e-05,0.673425733,0.430140233,0.2596153846153846,0.6802884615384615
300091,0.0855635684297305,0.9541068651954899,1.1483290925017,-0.34886077358632,-0.17170151713968002,2016,2.11e-05,0.014468045,-0.089991571,0.8287560581583198,0.1147011308562198
300091,0.0003088698912223,0.7643415657560301,0.58500401509527,0.04333948745769,-0.12623857254121998,2017,3.01e-05,-0.325366435,0.014468045,-0.06217616580310881,0.3575129533678756
300091,0.0519709853889048,0.83623512037907,-0.0079674803803447,-0.58082221836753,0.37138445902939,2018,8.78e-06,-0.300746214,-0.325366435,0.8651960784313726,-0.8480392156862745
300091,-0.086776354003498,1.32685524062349,1.44085571205659,0.80106632404718,-1.1271156835101,2019,8.03e-06,0.174858336,-0.300746214,-0.9375,-0.875
300092,-0.0016821638966351,1.06274958831225,1.14102629776864,-0.23331061402758,-0.42849426400025,2016,1.32e-05,-0.509182508,-0.18047026,-0.09208400646203552,-0.28917609046849757
300092,0.043898374834933,1.26757858417964,1.4475812692866101,0.14171339189951,-0.94973741585512,2018,1.32e-05,0.004522079,0.186325688,0.7916666666666667,-0.21078431372549022
300092,-0.0096476715559701,1.01798055732207,1.3534797560234,0.50666261663777,-0.52274992485989,2019,2.33e-05,0.134793298,0.004522079,-0.17788461538461542,0.36778846153846145
300093,-0.079149981435015,0.6068025173238101,1.24713601041966,0.02435980344862,-1.6273232746000201,2016,2.66e-05,-0.525405315,-0.404535795,-0.8804523424878836,0.3764135702746365
300095,0.1120945681134236,0.91569408759104,0.8735267800721499,-0.34862084453234,-0.60244517335001,2016,1.12e-05,-0.442217805,-0.192257905,0.9321486268174475,-0.6155088852988692
300099,0.0944772099791407,0.62901740989279,2.30321632009592,-0.55997191984324,-0.32953517377326,2016,3.39e-05,-0.497987284,0.086817468,0.8610662358642973,0.5218093699515347
300100,-0.0508702562081558,1.36886907597795,2.62855749661677,0.79705149683306,0.25142448151414,2018,1.86e-05,-0.29530012,-0.305568049,-0.8676470588235294,0.014705882352941124
300101,-0.0111068095558661,1.05737742943821,0.7313309484246401,-0.42104654079708004,-0.72521889885929,2016,2.39e-05,-0.005936641,-0.506692825,-0.2116316639741519,0.25686591276252013
300101,0.0008144648578939,1.1411717141642301,0.73125470789292,-1.47577167503953,0.64496369294081,2017,1.12e-05,-0.284502124,-0.005936641,0.010362694300518172,-0.5829015544041452
300101,-0.0654013850000309,0.8259044049211199,0.17162811292363,-2.49475450629093,1.2091814116094601,2019,8.7e-06,0.596924639,0.061898801,-0.8629807692307692,-0.7764423076923077
300102,0.0078587136758897,0.84954207140644,1.36346125729176,0.13215861386261998,-0.16820787173337,2017,9.8e-06,-0.124684216,-0.240899046,0.6658031088082901,-0.7797927461139896
300102,-0.0270530960291131,0.84542687827673,1.01085954127121,-0.9685933767715401,-0.42199045539689,2018,1.88e-05,-0.236574367,-0.124684216,-0.6323529411764706,0.022058823529411686
300103,0.0602644131267729,1.10009083617929,1.37338835271796,-0.21721681916344998,-0.32921286656834,2016,3.36e-05,-0.378388719,0.008573413,0.6995153473344102,0.5185783521809371
300103,0.0191698569598781,0.8024530493821701,0.99547806728631,0.0861810144182,-0.37502425056654004,2018,2.69e-05,-0.21835549,0.346548671,0.4338235294117647,0.3602941176470589
300105,0.0143029727244121,1.19148110940175,1.36969816754751,0.03440105635874,0.0037092920842334,2016,1.44e-05,-0.376921723,-0.202574979,0.1696284329563813,-0.18901453957996772
300110,0.0250002297497187,0.88432616334889,0.9728827423784799,0.79285162215185,-0.09834598458936,2018,3.2e-05,-0.110118404,-0.050477698,0.553921568627451,0.482843137254902
300114,-0.1103980819341081,1.26262959825232,-0.31328584591916003,-1.94046943840043,-0.05979999927911,2016,1.23e-05,-0.336638119,-0.330265767,-0.9515347334410339,-0.4474959612277868
300114,0.0052193743113081,1.05873750562007,0.0514917285718,-1.48510954160405,0.49846689013949996,2017,1.21e-05,0.019494386,-0.336638119,0.5233160621761659,-0.44041450777202074
300114,-0.0095965526833406,0.97296465735078,0.20531644865758003,-1.77334057065191,0.050399227887569994,2018,1.07e-05,0.207457453,0.019494386,-0.3112745098039216,-0.571078431372549
300114,0.0133665023872629,1.1233957103447,0.46036551080238997,-0.75533064270387,0.20910596442195,2019,1.02e-05,0.321314892,0.207457453,0.2764423076923077,-0.49759615384615385
300117,0.0214047089270941,1.09969935296164,1.13380824042597,-0.26407224955148,-0.06917857035866,2016,5.42e-05,-0.518232631,0.180502696,0.2794830371567043,0.802907915993538
300117,-0.0028115036334794,0.98447114693214,2.9268530544773,0.7505431623055601,-1.63596211146931,2017,2.46e-05,-0.065341343,-0.518232631,-0.4196891191709845,0.18911917098445596
300117,0.0316653700012397,1.17810624282825,1.3920137907078098,0.2846425840411,0.06716244767042,2019,8.01e-06,0.719351098,-0.265352629,0.5480769230769231,-0.8798076923076923
300118,0.0215967787473042,1.05786747914951,1.52275928221026,0.87699649548361,-0.73785089809025,2016,9.75e-06,-0.233435524,-0.266425654,0.2891760904684977,-0.8093699515347335
300118,0.0031700220725693,0.76644078625583,0.79001215281197,-0.33047079103246,-0.018479433773129997,2017,2.8e-05,-0.061018296,-0.233435524,0.3160621761658031,0.30051813471502586
300118,-0.0707865114105081,1.20402506011409,1.04722480835567,0.8645286326863901,0.01340036706007,2019,3.06e-05,0.289885308,0.460079917,-0.8846153846153846,0.5456730769230769
300123,-0.018141092609583,0.85871767433723,1.7676251873676299,0.50934491355081,-0.37108143356464,2016,1.04e-05,-0.043435027,-0.169531019,-0.31825525040387725,-0.7318255250403878
300130,-0.003610876112031,1.1451002456919,1.2234812092865799,-0.61417791470331,0.120889919709,2017,1.74e-05,0.185997004,0.273336432,-0.46632124352331605,-0.12176165803108807
300130,0.0846908339235184,1.06623637720117,-0.43493139755421,-1.94822022502498,0.05135444412459,2018,1.67e-05,-0.131603796,0.185997004,0.9681372549019607,-0.044117647058823484
300130,-0.0623484102699571,1.20000051233272,0.14370243313728998,-0.83142858687135,-0.02773517785836,2019,1.47e-05,-0.164054544,-0.131603796,-0.8461538461538461,-0.09134615384615385
300135,0.0498022917533944,0.96876626901934,0.98138690774209,-0.84399751595101,0.001159389303087,2016,4.56e-05,-0.506968587,-0.024265736,0.6445880452342487,0.7156704361873991
300135,0.0057245444019012,1.19376724077122,2.02937637774591,0.7517717732567499,-0.4427947487338,2017,2.91e-05,0.109804562,-0.506968587,0.5751295336787565,0.3316062176165804
300135,0.0334971982483743,1.19031276046333,1.38566702597908,0.13915023326434,0.30110092694025004,2018,3.84e-05,-0.253903685,0.109804562,0.6862745098039216,0.6029411764705883
300135,-0.0094891100506106,1.12750450072521,1.76172645793559,1.04696886235491,-0.22887221437173003,2019,3.18e-05,0.12269312,-0.253903685,-0.17548076923076927,0.5697115384615385
300139,0.0029950936785287,1.2249666869906302,1.2438836465207401,0.40981327395792,-0.37761552762240996,2016,1.35e-05,0.248413518,-0.297830518,-0.024232633279482996,-0.2600969305331179
300139,-0.0036528342220521,1.32182263379764,1.5425771148002299,0.11189085389784,0.17797483925914,2017,1.22e-05,-0.175631357,0.248413518,-0.4689119170984456,-0.42227979274611394
300139,0.0025907113773161,0.05339195204591,0.35644685673598997,-2.00982001978384,-0.42316224908633,2018,1.5e-05,-0.370580927,-0.175631357,0.017156862745097978,-0.10539215686274506
300140,-0.0518047045825801,1.22324349044729,0.38304187554373,-1.5083936782324,0.08023785914655,2016,2.78e-05,-0.534186722,-0.206047191,-0.7221324717285945,0.41518578352180935
300140,0.0084993447452354,1.25337258524941,1.10063195598823,-0.49209218582300995,-0.30000748904683,2017,9.08e-06,0.369142927,-0.534186722,0.6994818652849741,-0.8575129533678756
300140,-0.1394343241149954,1.42503810518789,-0.6766005750565001,-1.53721689571271,0.05850980393714,2018,2.71e-05,-0.239732,0.369142927,-1.0,0.3700980392156863
300140,-0.0396566601763898,1.1915077375737,1.53553935574187,-0.04778359201366,0.602561965538,2019,2.93e-05,-0.316243631,-0.239732,-0.6346153846153846,0.5144230769230769
300143,-0.0006138749686071,0.94682534782776,1.6380415724062898,1.15999382781147,-0.20833439027475997,2017,3.47e-05,-0.355643915,-0.154322791,-0.18911917098445596,0.47409326424870457
300147,-0.0031603235084829,0.9724795566300101,0.84712359196281,-0.1362940325257,0.22628701808539,2017,8.93e-06,-0.102520411,-0.305759362,-0.43523316062176165,-0.883419689119171
300147,0.0062317573964014,0.8577088345678,1.40999213264904,-0.02029697997212,0.21948859067316998,2018,1.83e-05,0.486653034,-0.102520411,0.11519607843137258,0.002450980392156854
300148,0.09427107023422,0.94627989218522,0.6513479335526,-0.55185213917579,0.18739287831911,2016,1.01e-05,-0.71538328,0.322582325,0.8546042003231018,-0.789983844911147
300148,-0.0039948748448586,0.89418570710294,2.55845167880598,1.21433083598194,-0.60506424237564,2018,2.2e-05,-0.029772512,-0.117049399,-0.1470588235294118,0.14460784313725483
300148,0.0465363033617525,1.0562347834362802,1.4972685857180699,-0.20362408433128998,-0.45605746477685993,2019,8.9e-06,-0.164759089,-0.029772512,0.7139423076923077,-0.7548076923076923
300151,-0.0450303622757667,1.00797282389184,1.25487213256409,-0.56898037247749,-0.5474575290664401,2016,1.05e-05,-0.501098018,-0.183614112,-0.6413570274636511,-0.7092084006462036
300152,-0.0085895653374962,1.03604698798006,1.71115813794523,-0.7263015567898901,0.74500623772799,2018,2.47e-05,-0.537787704,0.630617211,-0.2769607843137255,0.27450980392156854
300153,-0.0034433442679255,1.18221727648123,0.5859695053774,-0.6451637145635001,-0.8859459198565799,2016,1.25e-05,-0.438996379,-0.454382105,-0.11793214862681745,-0.40872374798061384
300153,0.0012515094835533,1.11862826012296,2.13088559470744,0.07986070824904,0.42047089793877,2017,0.000108254,-0.150679361,-0.438996379,0.06476683937823835,0.9455958549222798
300153,-0.0059271804886227,1.32197277770621,1.38086524621463,-0.98793736829225,0.03025287629335,2018,9.25e-05,-0.29044696,-0.150679361,-0.2230392156862745,0.9656862745098038
300153,-0.1025285317510786,1.16402331533808,1.1872938506230901,-0.024717925523200002,-0.31125902547287,2019,0.00010261,0.458695497,-0.29044696,-0.9615384615384616,0.96875
300157,-0.0362489812447933,0.7286410386712,0.8739549462753,-1.31158471266832,-0.8191633975899001,2017,8.64e-06,-0.22290636,-0.348384288,-0.966321243523316,-0.9248704663212435
300158,0.0186776441429372,0.98094344898416,1.5913151276903899,-0.0048419081527344,0.26012360218254,2018,9.95e-06,-0.027761125,0.042670465,0.4240196078431373,-0.6887254901960784
300159,0.0615472750672243,1.03658977567363,1.1941408793574,-0.52995457410908,-0.16643333350617,2016,1.07e-05,-0.47171019,-0.275953736,0.7156704361873991,-0.6768982229402262
300162,0.0122990259849597,1.25072842041755,1.5014197310248,-0.47834445811908,0.52685804886959,2017,1.15e-05,-0.041224021,-0.358570487,0.8082901554404145,-0.544041450777202
300164,0.023340130400054,0.9775662059112501,0.47224186453142,-0.77965520847077,0.28087634809421,2016,2.48e-05,0.040852173,-0.151448032,0.32471728594507265,0.308562197092084
300164,-0.0099355384019946,1.0998649917060999,-0.05301785231558,-1.85464187208115,-0.06637523426602,2017,1.11e-05,-0.101412702,0.040852173,-0.7979274611398963,-0.6036269430051813
300164,-0.010326335399391,1.19799337051637,0.7771913379895601,-0.61812421523253,-0.18272402571546,2018,1.07e-05,-0.396069309,-0.101412702,-0.34068627450980393,-0.571078431372549
300164,0.0488007445799426,1.17906072563602,1.06033808578581,0.39197931702096,-0.18609479363172,2019,9.98e-06,0.083964168,-0.396069309,0.7307692307692308,-0.53125
300166,0.0026819419501825,1.1027498901792898,0.88478268602609,-0.03140997789635,1.11216136311945,2017,2.95e-05,-0.178400163,0.080439876,0.23834196891191706,0.34196891191709855
300169,-0.0112716517265828,0.9669071255858099,1.15192305707366,-0.028494867429920002,0.51529497944737,2018,9.88e-06,0.32471687,0.331464021,-0.3651960784313726,-0.6985294117647058
300169,0.0218749229302089,0.9391176029521799,1.35147597687632,0.056165803986790004,-0.20760963386780998,2019,9e-06,-0.063212037,0.32471687,0.40865384615384626,-0.7307692307692308
300172,0.0467610989447756,1.15090575701904,1.2914058799950798,0.41354443529504004,-0.25653396282842,2016,1.26e-05,-0.46116552,0.113510404,0.6187399030694669,-0.37964458804523427
300172,-0.0022595651977478,0.9128157054389799,1.06576175902964,-0.18473435735093,0.37880919494159,2019,1.94e-05,0.257961656,-0.210348426,-0.0024038461538461453,0.14663461538461542
300176,-0.1377493065058472,0.80997924459768,0.1644659424264,-0.29026070786728,-0.16422268686646999,2019,2.09e-05,0.306977642,-0.644041967,-0.9951923076923077,0.2596153846153846
300177,0.0013098873263976,1.12846286483821,1.02819032585897,-0.39402795832292,0.18153936967675,2017,5.26e-05,-0.007543786,0.13063835,0.06994818652849744,0.7227979274611398
300177,0.0320475568582087,1.38588412304121,0.51949895806113,-0.57697185097332,-0.24441852843280001,2018,7.96e-05,0.099105953,-0.007543786,0.661764705882353,0.928921568627451
300177,-0.0350548638624889,0.9514339816395,-0.29673113224715,-2.5978768745534597,0.82823970512631,2019,5.9e-05,-0.000403917,0.099105953,-0.5841346153846154,0.8677884615384615
300179,-0.0707414490291337,1.12234009644425,1.5442262008448802,0.34174048705164,-0.08111524970296,2016,1.51e-05,-0.233255444,-0.150466342,-0.8384491114701131,-0.1211631663974152
300183,0.0018669856592092,1.1711847481437399,0.9967471415265401,0.29685322297505,0.29872343612683,2017,1.45e-05,0.017576963,-0.235250695,0.15284974093264259,-0.21243523316062174
300183,-0.0371625081367333,1.02904239252554,0.58894243417433,-1.7882434328803698,0.81020067879817,2019,7.7e-06,0.04557152,-0.00048016,-0.6129807692307692,-0.9158653846153846
300187,-0.0473185102435734,1.54386492302936,1.76213465966149,-0.24597944788027998,0.9679692608886801,2019,1.83e-05,0.522952108,-0.203885076,-0.7283653846153846,0.05288461538461542
300188,-0.0834128492070715,0.7509805413387101,1.1646476544864601,-0.49379055422189,-0.96189378999249,2016,7.76e-05,0.680543652,-0.359639882,-0.8901453957996769,0.8869143780290791
300188,-0.040666729475581,1.11299062904532,1.1361137054775299,-0.33585243788756003,0.20519908666446,2017,8.3e-05,-0.035849616,0.680543652,-0.9689119170984456,0.8989637305699483
300188,-0.0036620463738868,0.86049392681043,-0.22969352809555002,-2.55898048377644,-0.73301988090852,2018,5.4e-05,0.100444,-0.035849616,-0.13235294117647056,0.7818627450980393
300188,0.0018104438802181,1.0755025847436799,-0.16368161848513,-1.3955832469134601,-0.07376205768596,2019,1.58e-05,-0.129871952,0.100444,0.08894230769230771,-0.038461538461538436
300189,0.009456235880394,0.9891309420710801,0.38290737400666003,-0.01825421655139,-0.32671203114838,2016,1.98e-05,0.126458205,-0.427774734,0.0726978998384491,0.05331179321486279
300189,-0.0008279308226448,1.25295450868197,0.80696256750545,-0.51326094135885,-0.09522277895009,2017,1.06e-05,0.024775738,0.126458205,-0.2098445595854922,-0.689119170984456
300190,-0.0012874826549251,0.96084118952216,1.5802448634258999,0.68199733945996,0.027627356178869997,2017,1.08e-05,0.408412727,-0.339149867,-0.272020725388601,-0.6528497409326425
300191,0.0098696496053378,0.8630976678773901,0.11942134750945999,-1.94812250710764,-0.4676896074902,2016,3.64e-05,-0.342779406,-0.426797271,0.09208400646203563,0.5928917609046849
300191,-0.0414620777284344,1.22664663182246,1.00606774999644,-0.16924734931325,0.006307446335491901,2018,1.09e-05,0.002797366,0.017719862,-0.7941176470588236,-0.517156862745098
300191,0.0096169180599796,1.0050819093027101,1.03034624119995,0.01508545706908,0.22026360186622,2019,2.07e-05,0.215523135,0.002797366,0.20913461538461542,0.24759615384615374
300193,-0.000193803670345,1.17842207492063,1.2759462271872701,0.22482001688471998,0.55452807827365,2017,1.63e-05,0.430591093,-0.311528822,-0.11398963730569944,-0.15284974093264247
300193,-0.010426222474711,0.88441517754771,1.45815069961395,0.13235916261451,-0.07853773677805001,2018,1.36e-05,-0.078365568,0.430591093,-0.34558823529411764,-0.178921568627451
300193,-0.0447144002459923,0.78087731101026,0.0749705362943,-0.56332629536775,0.0064553202918167,2019,1.22e-05,1.280313561,-0.078365568,-0.7043269230769231,-0.2235576923076923
300195,-0.0192000835843301,0.78427000951912,0.79178770329841,-0.34487621073163,0.20412477192772,2019,7.95e-06,-0.005127584,-0.324609638,-0.35096153846153844,-0.8894230769230769
300196,0.0004641284714117,1.1888562438777501,1.19885989212448,1.60837520510805,-0.58794079189478,2016,1.37e-05,-0.319200749,-0.245399293,-0.056542810985460434,-0.24394184168012922
300197,0.0264909977549332,1.3844928936819,0.12416857351974,-0.14081964798486002,-1.15096673393515,2019,6.35e-06,0.190371718,-0.300266718,0.4783653846153846,-0.9783653846153846
300198,0.0339544190716807,1.05318572271957,0.7807659693664301,-0.9164307727561,0.07365820371144001,2016,2.26e-05,0.033877819,-0.222485368,0.46365105008077534,0.19547657512116312
300198,0.0723198795234657,0.8329461247141601,0.45147460987644006,-1.35673365055519,-0.20671503466584998,2019,1.88e-05,-0.035839277,-0.020096634,0.8653846153846154,0.09855769230769229
300208,0.0068953623585101,0.9525188641718499,-0.28185463496138996,-1.02963459149141,-0.31611677433761004,2017,0.000131785,-0.214115771,-0.395290649,0.616580310880829,0.9740932642487046
300208,-0.0444252006575447,1.56421588482526,0.36648475352644,-0.59617837859764,0.57776869476378,2018,0.000170089,-0.207330639,-0.214115771,-0.8357843137254902,0.9975490196078431
300208,-0.0225470620150867,1.29592436346728,1.45033468703866,0.24760213694723002,-0.05361017436505,2019,0.000121682,0.593425648,-0.207330639,-0.40384615384615385,0.9831730769230769
300212,-0.0171659504617748,1.01359547070949,1.0760746823462402,-0.2656735859189,-0.80906831576655,2016,1.98e-05,0.114550995,-0.157050264,-0.29886914378029084,0.05331179321486279
300212,-6.14270952996012e-05,1.61792101842328,1.36468460586973,-0.80118077672685,0.55975647966005,2017,1.76e-05,0.231412155,0.114550995,-0.09585492227979275,-0.1113989637305699
300212,-0.0119676148627064,0.75675928214715,1.30130172516365,-0.81490344681476,-1.02248089988592,2018,1.63e-05,1.253558225,0.231412155,-0.375,-0.05882352941176472
300212,0.0440818062470835,1.1062065765642302,-0.03301987612608,-1.10167234080331,0.18894460412407,2019,1.45e-05,-0.430518679,1.253558225,0.6971153846153846,-0.10096153846153844
300213,0.0043647710326755,1.03880502607949,1.2548667466357801,-0.30688108153109,-0.73637482923932,2016,0.000129086,-0.305529586,-0.368642309,-0.004846526655896577,0.987075928917609
300213,0.0087245424231116,1.48317348337241,1.28467411094549,-0.6974028024515999,0.70315174439251,2017,7.03e-05,0.048645375,-0.305529586,0.7124352331606219,0.8678756476683938
300213,-0.0593071122938722,1.36369901437912,0.70938812123341,-1.59282758795996,-0.22175739861747998,2018,6.28e-05,-0.038484173,0.048645375,-0.9142156862745098,0.8553921568627452
300213,-0.053345377485103,1.0422274175094302,1.2814302707202498,-0.90871010151142,0.47323387123025,2019,6.8e-05,-0.023956837,-0.038484173,-0.7860576923076923,0.9086538461538463
300215,-0.0049008791737997,1.138109437619,1.29506745403154,0.18028673085918,1.05017980521634,2017,1.05e-05,0.06293856,-0.418620219,-0.6139896373056994,-0.6994818652849741
300215,0.0380003144666009,1.31188662890807,1.32388246951423,-0.20055930882633,0.17943302807281,2018,2.05e-05,0.03197089,0.06293856,0.7475490196078431,0.0759803921568627
300215,0.0102166715166135,1.11923806871223,1.54513044451122,0.23450775377705999,0.01005481880306,2019,3.65e-05,0.355342523,0.03197089,0.2235576923076923,0.6538461538461537
300218,-0.0008164811432167,1.12635273359403,3.02994340146032,1.5873452153107301,-0.46074399969976004,2017,1.13e-05,0.073024727,-0.419766202,-0.2046632124352331,-0.5699481865284974
300218,-0.040263888469149,1.04000854957968,1.39134546402594,-0.04892038019884,0.32204562222158,2018,1.07e-05,0.026029723,0.073024727,-0.7818627450980392,-0.571078431372549
300218,0.0132548438882388,0.9875366336268201,1.41619074715126,0.13832916336489,0.31246206871723,2019,9.6e-06,1.057160679,0.026029723,0.27403846153846145,-0.6105769230769231
300226,0.0128970935431673,1.14903305236689,0.042908569849900005,-0.7408243335253301,0.18988958518993002,2019,2.9e-05,-0.252726407,0.241385052,0.26442307692307687,0.5048076923076923
300228,0.0069962273980272,1.25942810479997,1.40771032810519,-0.7042617417159199,-0.33837861116887,2017,3.44e-05,0.046036264,-0.498352858,0.6217616580310881,0.4689119170984455
300228,0.0505696857370992,1.4048519611783,0.80964468400768,-0.93712461053044,0.19450636706851002,2018,1.07e-05,-0.362080893,0.046036264,0.8529411764705883,-0.571078431372549
300232,0.0430845321837174,1.00295073817639,1.8840557784379202,0.4479307459756,-0.6026444836667899,2016,9.16e-06,-0.267152849,-0.002070146,0.5767366720516962,-0.8739903069466882
300240,0.0297749842971304,1.1738804697116,1.6945571938234898,0.20335691998886,-0.07509237065734,2016,1.09e-05,-0.356546152,-0.135951898,0.40226171243941833,-0.654281098546042
300240,0.0421164327423304,0.8356583602946,0.5367831110057799,-0.15906317273572,-0.80302877490456,2019,9.09e-06,0.158011858,-0.339165401,0.6826923076923077,-0.71875
300243,0.0028098468010962,1.40785128928883,1.90363789363775,-0.21915906260278,-0.06225188511269,2017,5.47e-05,0.109624277,-0.132144433,0.2642487046632125,0.7590673575129534
300254,0.0869558296158456,1.09871262227991,1.1647913163762,-0.6474422261256201,-0.23192725181408,2016,1.05e-05,-0.364672692,-0.336889787,0.8352180936995153,-0.7092084006462036
300257,-0.0058217313597594,0.9505516616374801,0.5237843157898799,-0.024473855181460002,-0.10451350575976001,2018,1.22e-05,0.162044807,-0.279767599,-0.22058823529411764,-0.30147058823529416
300259,0.0175823109723161,0.9314257782179499,0.40797820622127,-0.53829126870432,-0.038011204335439995,2017,1.91e-05,-0.049832972,-0.242410741,0.9067357512953367,-0.04922279792746109
300259,-0.0138680831890818,1.18890602484912,1.1529991387323701,-0.45738767871783004,-0.01787384554104,2019,8.71e-06,-0.208638175,0.618373389,-0.24759615384615385,-0.7740384615384616
300262,-0.0630485227385512,0.71477691648193,0.56841658443534,-0.70301288829915,-0.42251854854986,2016,3.35e-05,-0.496209259,-0.023314766,-0.7932148626817448,0.5121163166397416
300262,0.001502140927492,1.0780042791856201,1.74934758121452,1.07979963355715,0.27029791905684,2017,2.81e-05,0.280035177,-0.496209259,0.09585492227979264,0.3031088082901554
300263,-0.0045350899561428,1.27448334671237,1.8980650169277702,0.52078338982494,-0.04516053176328,2016,1.18e-05,-0.372888021,-0.273439365,-0.1276252019386107,-0.5185783521809371
300263,-0.0066304658008429,0.69010015134751,1.3923013961239499,-0.26608226461191997,-0.36903458680146,2017,2.05e-05,-0.111969556,-0.372888021,-0.6917098445595855,-0.012953367875647714
300263,0.0005408840803245,1.15544571188215,1.50013682586185,-0.40685827395419,-0.45864843291949,2018,9.35e-06,0.672186641,-0.111969556,-0.03676470588235292,-0.767156862745098
300263,-0.0533134676904511,1.13673947334804,0.46844843903793,-0.25048427247348004,-0.27183520801177,2019,9.23e-06,-0.14735532,0.672186641,-0.7836538461538461,-0.6826923076923077
300264,0.0064952976098329,1.3607955507862999,0.71377231516716,-0.85510667753871,0.48835025398277004,2017,9.07e-06,-0.007806906,-0.391987041,0.6036269430051813,-0.8626943005181347
300265,-0.0560997015687722,1.09178293228962,0.99666756465609,-1.01091454233618,0.07245239390074,2018,7.3e-05,0.191376087,0.552694669,-0.8995098039215687,0.9068627450980393
300265,0.0414886193784115,1.1388250695625801,1.85015772620728,-0.04791078197789,-0.005319824290257,2019,4.94e-05,-0.142639504,0.191376087,0.6658653846153846,0.7980769230769231
300266,0.0595943866046606,0.68727578992695,1.68726842752513,-0.4537503487502,0.34486138998538,2016,3.3e-05,-0.356128499,0.453822214,0.6930533117932149,0.4959612277867529
300267,-0.0301873507333457,1.06400213960478,-0.015662479449250002,-1.09917348356863,0.82208926326386,2018,2.96e-05,-0.291802671,0.210764065,-0.6715686274509804,0.4240196078431373
300267,0.1289069422751643,1.12587014272302,0.57448262613486,-0.11824422177837,-0.2441813463348,2019,3.79e-05,-0.03816845,-0.291802671,0.9663461538461537,0.6730769230769231
300274,0.0245026176315557,1.18740138104237,1.78719777525536,0.97151825503724,-0.27808382285742,2016,1.02e-05,-0.197407694,-0.187210627,0.3441033925686592,-0.7705977382875606
300274,0.0073109958961304,1.1230647368942799,0.64047397297685,-0.31224919237273,-0.28835923968465,2017,9.76e-06,0.03326646,-0.197407694,0.6424870466321244,-0.7901554404145078
300274,-0.0109437058909438,1.40425207618813,-0.1127048077444,-1.50516296425409,0.12239377511935,2018,1.88e-05,0.516586598,0.03326646,-0.3578431372549019,0.022058823529411686
300280,0.1117664448566399,0.95643663367374,1.5543112426634,0.29376863396007,-0.12770858532758,2016,1.54e-05,0.037416663,0.034062319,0.9289176090468498,-0.10823909531502418
300281,0.0028437241367969,1.12586714799106,1.1539546559371399,-0.02174493448238,-0.5174147512109201,2016,3.63e-05,-0.405625716,0.070704681,-0.02746365105008075,0.5831987075928917
300281,-0.0004296276460254,1.1191011731504699,1.0151148349094001,-0.27540937348148004,-0.2728227890441,2017,4.28e-05,-0.096792907,-0.405625716,-0.1476683937823834,0.6347150259067358
300281,0.0161609411250195,0.69189187970931,0.15417399771415,-1.09381227613312,0.25195690110691005,2018,2.65e-05,0.288163175,-0.096792907,0.38235294117647056,0.357843137254902
300281,-0.0311417864051219,1.08533627342178,1.45245285207453,-0.07913473306321,-0.6974297796011399,2019,2.57e-05,-0.2904434,0.288163175,-0.5432692307692308,0.43990384615384626
300284,0.0017857894887009,1.0326400239701,0.9106350617771999,0.4810155353498,-0.30293530074663,2017,4.64e-05,0.393632563,-0.438669059,0.13989637305699487,0.6658031088082901
300284,0.0305068511340623,0.8371963544845099,0.48174763416330996,-0.61939730638503,-0.0024582445904621,2018,0.000209976,-0.190992905,0.393632563,0.6544117647058822,1.0
300284,0.0245325062907414,1.14392751087846,0.84446282871983,0.78500597204622,0.05285489145775,2019,1.78e-05,-0.209533705,-0.190992905,0.44471153846153855,0.03125
300287,-0.0057152437151643,1.0961763032977598,1.12170401586586,2.0549370702165,-1.5538189664834798,2016,1.48e-05,-0.224437659,-0.325501546,-0.14701130856219713,-0.15347334410339253
300287,-0.0062366035395318,1.3481042943321702,0.62803228693462,-0.58422528537009,-0.05667318255213,2017,1.5e-05,-0.452001105,-0.224437659,-0.6787564766839378,-0.18652849740932642
300288,-0.0054594312489347,1.18096408364247,1.63514216623921,-0.50450729654632,-0.11496721968596,2018,1.08e-05,-0.137976749,-0.199811004,-0.20588235294117652,-0.5441176470588236
300288,-0.021339870967108,1.31435598058223,0.54542723463036,-1.10644070910411,0.31634505448759,2019,2.06e-05,-0.057230173,-0.137976749,-0.3846153846153846,0.24038461538461542
300293,0.0508356641818957,0.97782512331676,0.43788696715395997,-1.15750980546267,-0.5492624802778601,2016,2.66e-05,-0.324486624,-0.216697435,0.6542810985460421,0.3764135702746365
300293,0.0083419043762996,0.86091874447718,1.02909411366841,-0.53757861131819,0.42130989009105996,2017,1.18e-05,-0.128462432,-0.324486624,0.6917098445595855,-0.5051813471502591
300293,-0.0419280555636223,1.19073493457167,1.23211951734086,-0.81241655552362,-0.41294463050567,2018,1.23e-05,1.119618316,-0.128462432,-0.803921568627451,-0.27941176470588236
300293,0.0094041379976975,1.26426382981852,0.75962490872083,-1.28801692507576,0.25433539797785,2019,1.11e-05,-0.231367125,1.119618316,0.19951923076923084,-0.31971153846153844
300296,0.1071083530227318,1.07703610835798,1.34160525814993,1.07908446157883,-0.68803163528942,2016,6.71e-06,0.017091084,0.173941578,0.9030694668820678,-0.9935379644588045
300296,0.0072712476155205,0.36214025002044004,0.40707812850254,-0.21778147753296,-0.03434401868517,2017,6.87e-06,-0.396008937,0.017091084,0.6373056994818653,-0.9818652849740933
300296,0.0150818907815387,1.14767389675803,-0.7839084367245799,-2.05945585020426,0.3754821365385,2018,6.94e-06,-0.229097238,-0.396008937,0.3480392156862746,-0.9681372549019608
300297,-0.0462480284170977,0.9426867824938601,1.03240914430711,-0.5531357816539599,-0.15795136006146,2018,8.45e-06,-0.341697757,-0.264728621,-0.8431372549019608,-0.8823529411764706
300297,-0.0125326937863201,1.1276244212543,0.42147439537138,-1.44809624707656,0.10132156564129999,2019,7.41e-06,0.040940578,-0.341697757,-0.22836538461538458,-0.9375
300299,0.0148019108317575,1.35232496171279,2.98318673089446,0.68904753454276,0.10269139138169998,2017,5.41e-05,0.430663793,-0.527484062,0.8575129533678756,0.7487046632124352
300299,0.0532799397452516,0.9873512868052701,1.8637281037420999,-0.32738912728977,-0.43219378748653,2018,2.04e-05,0.317604398,0.430663793,0.8799019607843137,0.07107843137254899
300308,-0.0039668855244545,1.29659767328527,-0.47749869275051,-1.8038890710151598,0.43466000313617,2019,9.2e-06,-0.395699076,0.826870463,-0.03605769230769229,-0.6923076923076923
300311,0.0009388005879843,0.99151151367668,1.40120909173097,-0.7622723767613501,-0.26706171738099,2018,3.18e-05,-0.075482512,-0.005751795,-0.01715686274509809,0.47549019607843146
300311,0.0662475203596764,0.94600906607519,0.53425296013707,-1.87855826437873,0.0094824989307151,2019,3.56e-05,-0.174740495,-0.075482512,0.84375,0.6346153846153846
300317,-0.1389430316055714,0.9437475030045901,1.7690348057174399,0.59614186026643,-0.30822861057738,2016,1.77e-05,-0.193378848,-0.209732123,-0.9709208400646203,-0.021001615508885352
300317,0.0027338634168517,0.34097048008872,2.61134683956353,0.35998388630478,0.41368195181424006,2017,8.73e-06,-0.573149696,-0.193378848,0.24352331606217614,-0.917098445595855
300317,-0.0061291194208647,1.1321336707105298,2.50689351600677,1.13037240905056,-0.6990164526414601,2019,8.39e-06,1.514185889,-0.438133299,-0.09134615384615385,-0.8221153846153846
300320,0.0228595034150871,1.10569051608666,0.80710343401288,0.21109586320594,-0.54860817590936,2016,5.82e-05,-0.36924176,0.135474533,0.3150242326332795,0.8222940226171245
300320,-0.0964075770060195,1.00144523824373,0.04098899237366,-0.60554786241247,-0.08440382209194,2017,6.63e-05,-0.110670045,-0.36924176,-0.9844559585492227,0.8419689119170986
300320,-0.0101315832876,1.40397242521852,-0.0052280085315269,-0.64604206089947,0.63165690370737,2018,4.51e-05,0.100698857,-0.110670045,-0.32843137254901966,0.7107843137254901
300320,-0.003229013570869,1.2876370482875998,1.2015677784083099,0.39943415473214,-0.09638035689806,2019,4.05e-05,0.254106628,0.100698857,-0.02163461538461542,0.7163461538461537
300323,0.0050081214003092,1.22710059184267,1.8223613869076598,0.97634080663771,-0.8791810878583001,2017,1.02e-05,-0.526088581,-0.083255104,0.5025906735751295,-0.7538860103626943
300324,-0.0452966801996417,0.97580356102289,-0.13513895443501,-2.49389385807024,-0.11868932225850999,2019,1.54e-05,-0.3705881,0.141265113,-0.7067307692307692,-0.060096153846153855
300333,-0.0079884229529291,1.46743772945187,0.87290815399117,-0.47666289261017,0.23030955144265,2017,1.28e-05,0.053477095,-0.213725537,-0.7435233160621761,-0.3471502590673575
300342,-0.025746352741244,0.5708726338624001,0.45954329231694,-0.7123896887726401,0.27471839517869,2018,4.42e-05,0.739614311,-0.206525591,-0.6053921568627452,0.6911764705882353
300344,-0.0443440102525879,1.25623056615214,1.66524394769462,-0.55513868922802,0.43944968064921996,2018,2.48e-05,-0.179888427,-0.070278254,-0.8333333333333334,0.2769607843137254
300344,0.0300294637243752,1.11231505462655,0.59644328917763,-0.69799250205972,0.43835443500253995,2019,2.26e-05,0.419929201,-0.179888427,0.5264423076923077,0.3341346153846154
300348,0.1426393671691639,1.27188969701516,0.41357044687152,-0.76233639458837,-0.9859267354399299,2016,3.06e-05,0.293635114,-0.433291395,0.9709208400646203,0.4604200323101777
300348,0.0040283976531841,1.40658876087423,2.1256773939707,0.62917031753239,-0.50230233642998,2017,1.07e-05,-0.223681671,0.293635114,0.41709844559585485,-0.6658031088082901
300349,-0.0639783172070986,1.00995226519762,0.5707326096955201,-0.7392137399056901,0.14523798392668,2018,1.64e-05,-0.138300979,-0.063613238,-0.9338235294117647,-0.056372549019607865
300349,-0.0416631743495059,1.12295656805639,0.1329256796771,-0.58572742171466,0.69925307802686,2019,2.37e-05,-0.202721461,-0.138300979,-0.6634615384615384,0.38221153846153855
300351,0.0502891039998337,1.16753847617615,0.35861788584106,-0.9386071845707901,-0.27715971950828,2016,2.72e-05,-0.319123589,-0.469293664,0.6478190630048466,0.3925686591276252
300351,0.0028637707868494,0.69155175890688,0.6771651641333201,-0.76515826036859,0.48096099101218004,2017,1.23e-05,-0.225283208,-0.319123589,0.27461139896373066,-0.4067357512953368
300352,-0.0080863254436416,0.57043465963936,1.0376199043994099,-1.5524758753363699,-0.64485921607633,2018,1.23e-05,0.125988579,0.507424535,-0.2671568627450981,-0.27941176470588236
300352,-0.0517693445785477,0.92660793426135,-0.14230011459878,-2.3266088711269997,0.52412052816708,2019,9.4e-06,-0.027982641,0.125988579,-0.7740384615384616,-0.65625
300354,-0.052113077109913,1.04861057370238,1.31603233441269,-0.24873631559065001,-0.33571199492531,2016,1.26e-05,-0.384141132,-0.431381069,-0.7350565428109854,-0.37964458804523427
300354,-0.001533459835473,0.9873631930121199,1.7710259016299499,-0.93454140462897,0.44448053977057006,2017,1.31e-05,0.164113881,-0.384141132,-0.29274611398963735,-0.3134715025906736
300355,-0.0275331868728889,0.9522024504188801,1.65553976915424,0.31056953692324,-0.30424415857426,2016,1.77e-05,-0.449208281,1.392510652,-0.45718901453957994,-0.021001615508885352
300355,0.0029453784819428,0.83305682558222,2.60358461605126,1.00499623599809,-0.52533145896087,2017,7.92e-06,-0.318006416,-0.449208281,0.2901554404145077,-0.9715025906735751
300355,-0.0807660440839384,1.33041635816016,1.54601078228618,0.54134581772755,0.23627296502370002,2018,7.65e-06,-0.351085377,-0.318006416,-0.9632352941176471,-0.9338235294117647
300364,0.0369480375506509,1.08783195390239,1.51383758342112,-0.6840966183450701,-0.20083735776475,2019,9.67e-06,-0.14869443,0.517446215,0.6274038461538463,-0.6009615384615384
300365,0.0415773654267877,1.14694887225453,1.8150038626373801,0.4067040723235,-0.44235417388418996,2016,2.3e-05,0.144134709,-0.229986778,0.567043618739903,0.2245557350565428
300365,-0.0024088368779983,1.09697097285794,1.20081766328412,0.4073539998079,-0.24053501621304,2017,3.49e-05,0.164602385,0.144134709,-0.38601036269430056,0.47927461139896366
300365,-0.037815323097928,0.4644021726859,-0.25862780776755,-2.29393751903952,-0.25642711156521,2018,5.73e-05,-0.374629694,0.164602385,-0.7622549019607843,0.821078431372549
300365,-0.0547111958771522,1.13977744891306,-0.06463997131989,-1.4289710962556201,0.4876648416542,2019,3.31e-05,-0.208636893,-0.374629694,-0.7980769230769231,0.5841346153846154
300366,-0.0216578342755989,1.0564402717217,1.15895678032765,-0.32908389554065,-0.46713959909188,2016,3.18e-05,-0.469555262,-0.125138935,-0.37318255250403876,0.4862681744749595
300366,0.0015639414122818,0.97085360413293,1.20482983671078,-1.6700558700149502,0.6306062490229,2017,2.08e-05,0.109044811,-0.469555262,0.10103626943005173,0.002590673575129543
300370,-0.0167170697404934,1.03992705135004,0.8742391647155401,-0.46956606306499005,-0.73522642099319,2016,7.17e-06,-0.288859553,-0.323538837,-0.2924071082390953,-0.9806138933764136
300370,0.0020242373886907,1.1325529527565,1.66618969702311,-0.52713694207471,0.0013117705944359999,2017,2.19e-05,0.081703516,-0.288859553,0.17098445595854916,0.059585492227979264
300370,-0.0343240708377561,0.73741163079692,0.75761650814174,-1.23613438184979,0.08036165597559,2018,7.34e-06,-0.375464173,0.081703516,-0.7205882352941176,-0.9607843137254902
300370,-0.0418941309328909,0.91347912119248,1.79940776623382,-0.69016878622108,-0.15211116204181,2019,7.04e-06,-0.121492153,-0.375464173,-0.6658653846153846,-0.9591346153846154
300374,-0.0233399609955923,2.04242568657061,1.1476102565346802,-2.0144652807092,-1.20683487604499,2017,0.000120216,-0.130517915,-0.514719577,-0.9404145077720207,0.9637305699481866
300374,0.0830690223981244,1.52708790923856,1.65557663467948,-0.32369819105174,0.23835161726605997,2018,5.83e-05,0.745676411,-0.130517915,0.963235294117647,0.8235294117647058
300376,0.009315634880871,0.9698265215268,1.22810647784597,-0.14862623019114002,-0.75178712964578,2016,7.99e-06,-0.414249899,0.311764455,0.06300484652665594,-0.9547657512116317
300376,0.0084542507008595,0.40688452106341,1.19800650013936,-1.4359138602333401,-0.49958608009474,2017,3.41e-05,-0.089825495,-0.414249899,0.6968911917098446,0.4611398963730571
300376,0.0161243874608924,1.01601748016322,1.29841972920767,0.25291089298596,0.02229750319039,2018,1.46e-05,0.044628535,-0.089825495,0.3799019607843137,-0.12009803921568629
300376,-0.0046604338943571,1.10367080981256,0.69188856544328,-0.30371488860682,0.35712800783315,2019,2.23e-05,0.530767148,0.044628535,-0.04807692307692313,0.32451923076923084
300377,-0.0152595184785417,1.28020211250308,0.1704343657071,0.10042142978882,-1.59620128702034,2016,1.44e-05,0.189930922,-0.428096905,-0.26978998384491115,-0.18901453957996772
300378,-0.0176968621735437,1.32108305986806,0.83771207316101,-1.6127116691592998,-0.46377233270765,2018,1.06e-05,-0.007009662,0.066607932,-0.4828431372549019,-0.5882352941176471
300378,-0.1112196407954144,1.38938005290203,0.6291833882097699,-0.81048276252948,0.10344917144181999,2019,1.11e-05,0.573427521,-0.007009662,-0.9807692307692307,-0.31971153846153844
300382,-0.0006167305137858,0.93805346859797,1.56889365580615,0.23253405858559,-0.57047888026825,2017,2.63e-05,-0.134798203,-0.191190562,-0.1917098445595855,0.2538860103626943
300385,-0.0454740864233843,1.19544061062595,1.50356928349507,0.25358335184614,-0.0488367218061,2016,3.58e-05,-0.356583696,-0.209454919,-0.6478190630048466,0.5735056542810986
300387,-0.0019667096937113,1.37111038463814,1.65282112504568,0.0939398981208,0.29043547684354,2017,3.31e-05,0.470013529,-0.343261903,-0.344559585492228,0.44041450777202074
300387,0.0143020839726133,0.96936237107577,1.45572793778182,-0.20267146943157002,0.055038212422579995,2018,1.12e-05,-0.15859627,0.470013529,0.3259803921568627,-0.4681372549019608
300387,0.0508400983966,1.01808945803732,1.1893670756758399,0.28134981435170003,0.41928550876728,2019,1.08e-05,-0.223746208,-0.15859627,0.7475961538461537,-0.3870192307692307
300388,0.0027361158019239,1.45636350236561,1.77665746650214,0.32112748961884996,-0.06131405977565,2017,2.11e-05,-0.114922318,-0.102603206,0.24611398963730569,0.02849740932642497
300397,-0.0713527995899544,1.0190639711246599,0.7962533753837601,-0.8997757788277,-0.46511000827064,2016,3.8e-05,-0.517765109,-0.290191142,-0.8416801292407108,0.615508885298869
300397,0.0141444998209049,1.33322572402327,0.08039145499118,-2.4228986666462,0.2957731052223,2017,3.28e-05,0.663796896,-0.517765109,0.8419689119170986,0.4326424870466321
300397,-0.0566539796052102,1.26803668631399,0.69922956061544,-2.16512144483761,1.0974027367096,2019,1.05e-05,-0.215741226,1.139717375,-0.8221153846153846,-0.43990384615384615
300402,0.0086093492665829,0.66548941587623,1.58256396061889,-2.81547737113418,-1.0996746266486,2017,5.34e-05,-0.027893322,-0.497655619,0.7046632124352332,0.733160621761658
300402,0.0016763322694334,1.31490030354159,1.97091325384491,-0.07631548679037001,0.13722860208311,2018,6.93e-05,-0.132595287,-0.027893322,-0.002450980392156854,0.8897058823529411
300402,-0.0213018277727103,1.0877025225781,1.43569435770849,0.08841896982879,0.27904669691726,2019,5.56e-05,0.710595001,-0.132595287,-0.38221153846153844,0.8509615384615385
300405,0.0933022253082711,1.09519281038789,1.03664633086324,0.53932259652395,-0.58825650173788,2016,2.26e-05,-0.453701815,-0.328181934,0.8481421647819063,0.19547657512116312
300405,0.0009475897597197,0.95689692770576,2.39927855132468,0.47766151549134006,-0.02772333062047,2017,2.13e-05,0.381843601,-0.453701815,0.03886010362694292,0.03886010362694292
300405,-0.0182546445368314,1.25872242314287,1.7821725154698,-0.08557221368640999,0.008690453632914,2018,1.04e-05,-0.330684024,0.381843601,-0.49754901960784315,-0.6200980392156863
300405,0.0495971802331709,0.90232808244543,1.09136065350559,-0.37127522633501003,0.62206301699236,2019,9.31e-06,0.746311299,-0.330684024,0.7355769230769231,-0.6682692307692308
300406,0.0640672227365602,1.19877128667111,0.7832682521684601,-0.01849560251995,-0.13251858160062002,2019,9.7e-06,-0.151278341,0.515179318,0.8245192307692308,-0.59375
300407,0.1100669014694416,1.14865181893064,1.9180993295647601,0.68876393878693,0.03193409157424,2016,0.000160301,-0.630754432,-0.022920468,0.9159935379644588,0.9935379644588045
300407,0.0027155932193003,1.14764930432104,1.38334777301009,-0.76687234275581,-0.30423869918341,2017,0.000123193,0.085896351,-0.630754432,0.2409326424870466,0.9663212435233162
300407,0.0111460476077137,1.35698194410957,0.46358985531546,-1.3250703501932999,0.5772912986532499,2018,1.11e-05,-0.037780832,0.085896351,0.2647058823529411,-0.4901960784313726
300407,-0.0268949530306004,1.17182060766417,1.51839407604571,0.65374554474367,0.0049675068216799,2019,2.04e-05,-0.072982664,-0.037780832,-0.4735576923076923,0.23317307692307687
300412,0.0236326900149258,1.11718475757507,1.27751550536157,0.8992650062699101,-0.97615986957018,2016,1.14e-05,-0.263896307,-0.285735036,0.3279483037156705,-0.592891760904685
300412,0.0153670807039272,1.43785047682249,1.7519156663301199,0.29154986411371,0.12917374116188002,2017,3.03e-05,-0.293309929,-0.263896307,0.8678756476683938,0.36787564766839376
300412,-0.0394758985235759,1.61715201482069,2.54950524353614,0.80985279285772,-0.30261630257499,2018,3.12e-05,0.387047644,-0.293309929,-0.7769607843137255,0.45833333333333326
300412,0.0413117060544305,1.17285135979628,1.7017575048088402,0.23577591932313,0.12906239436919,2019,1.89e-05,0.053583936,0.387047644,0.6610576923076923,0.10336538461538458
300419,0.0170234818099268,1.0961524348148,1.9179783190283899,-0.95049502814124,0.36536823578,2017,2.46e-05,-0.072961864,-0.508784915,0.8886010362694301,0.18911917098445596
300419,-0.0519259028588349,1.1934754340213098,1.2312723664598,-0.9676743769392799,0.04148022464335,2018,2.21e-05,-0.029604945,-0.072961864,-0.8799019607843137,0.14950980392156854
300419,-0.0185042000179322,1.03762957972632,0.99755870218367,-0.8587047962823,0.54703823908421,2019,1.98e-05,0.169972045,-0.029604945,-0.3341346153846154,0.1875
300422,-0.0195976807560699,0.9839063615453101,1.29551499504806,0.26799594702205,-0.8177316672351701,2016,8.02e-06,-0.126031459,0.199041174,-0.32471728594507265,-0.9515347334410339
300422,-7.4942413844437e-05,1.09483059424643,2.74764812654196,1.26041502072717,-0.68560839199593,2017,8.4e-06,-0.232302204,-0.126031459,-0.10103626943005184,-0.9404145077720207
300422,0.0025185920593304,1.2845485312668201,1.1089522933770901,0.65514306045273,-0.060933370683970006,2019,1.1e-05,-0.233741056,-0.012516219,0.09855769230769229,-0.3317307692307693
300424,0.0006228841134056,1.11122264353353,0.36390790237158,-1.21296425099608,0.56448467277295,2017,2.6e-05,-0.232468803,-0.269691824,-0.015544041450777257,0.23575129533678751
300424,0.0049381979993747,0.41812214361543,0.54786033629968,-2.15284784466591,-0.25279437006751,2018,1.16e-05,-0.128299145,-0.232468803,0.0759803921568627,-0.3970588235294118
300424,-0.0163951367521004,0.9898638566594999,0.35638052694768,-1.28685151003735,0.71289665373488,2019,1.97e-05,0.168729258,-0.128299145,-0.3004807692307693,0.17548076923076916
300428,-0.009104034598141,1.08425402515546,1.23407581746839,-0.00020119834152369998,-0.22345829172474999,2019,8.67e-06,-0.140587313,0.383399274,-0.16586538461538458,-0.7788461538461539
300435,-0.0507557041716104,1.12710601331088,1.69685207651664,0.40946405656996,-0.31433053171612,2016,6.78e-05,-0.231474159,-0.340239088,-0.715670436187399,0.8610662358642973
300435,-0.0051172399602559,1.29924784301036,1.0623005570575,-0.02339833179797,-0.0017797096541563003,2018,5.44e-05,-0.312889249,0.317694246,-0.196078431372549,0.786764705882353
300435,0.0782112276248638,1.09380006360362,1.8149651504738,1.57458567891468,-0.85930898545157,2019,3.8e-05,0.220561244,-0.312889249,0.8798076923076923,0.6778846153846154
300440,0.0873964460631126,1.16667073393248,1.8719646756925001,0.91831764053685,-0.78761088049078,2016,1.37e-05,-0.509685014,-0.224038926,0.8384491114701131,-0.24394184168012922
300440,0.0330487963657879,1.10398396071836,1.34267190201392,-0.9459129479159201,0.06726023205718,2018,1.88e-05,0.233790384,0.231256042,0.678921568627451,0.022058823529411686
300440,-0.0029370717226942,0.96423678676752,0.89089036776809,-0.35403438203725,0.26179694191261,2019,1.94e-05,-0.229475038,0.233790384,-0.016826923076923128,0.14663461538461542
300444,-0.0004918650675147,1.28685765524303,1.63498380700206,0.78471051232298,-0.05381365713538,2017,1.07e-05,-0.150358668,-0.231126309,-0.1606217616580311,-0.6658031088082901
300447,-0.0004559616444466,0.19738556388073,3.29075120103436,1.07919773277601,1.11723187126887,2017,1.21e-05,-0.159844086,-0.412815848,-0.15803108808290156,-0.44041450777202074
300447,-0.0201536879315532,1.15561398405527,0.8391139710970601,-1.03685816218586,-0.054037213062900005,2018,1.22e-05,-0.104405469,-0.159844086,-0.5392156862745099,-0.30147058823529416
300450,0.0088376602119694,0.58322745535312,0.9851974636448599,-0.8905694180196599,-0.04380515080531,2017,9.79e-06,0.105518694,0.152919392,0.7176165803108809,-0.7823834196891192
300450,-0.0487320645314172,1.1798561610367,0.24806519476317002,-1.23158988684211,-0.06771888368871,2018,1.02e-05,0.354848376,0.105518694,-0.8504901960784313,-0.6568627450980392
300450,-0.0739560406863347,1.19506054038991,-0.16146629466825,-0.20946111441360998,0.52153632541279,2019,1.11e-05,1.065440579,0.354848376,-0.9014423076923077,-0.31971153846153844
300453,-0.0111166319054364,1.20681288448991,0.79609550995536,-0.2839977942423,0.27249848247653,2017,1.6e-05,0.009898059,-0.514731175,-0.8316062176165804,-0.1606217616580311
300454,-0.0279473827919751,1.1385422017823899,-0.87631851049622,-1.2626133808226299,0.59970398265576,2019,1.38e-05,0.241836459,1.322001564,-0.5,-0.1298076923076923
300455,0.0058921500735704,1.1358228054334,1.61462329081619,0.36512312312982,-0.29281693034775,2016,2.53e-05,-0.088132076,-0.251702006,0.017770597738287597,0.33117932148626816
300455,-0.0175103208027529,0.2713101729326,-0.35457267151037003,-2.59433484465071,0.04347275209762,2018,1.29e-05,0.868302281,-0.087750038,-0.47549019607843135,-0.23039215686274506
300456,-0.0024231424444652,1.31374384457719,0.8475770286743,-1.0469936059984,0.5518331979236399,2017,9.01e-06,0.190037095,-0.102022704,-0.3886010362694301,-0.8756476683937824
300464,-0.0857889496589883,0.8959001398341999,0.87442098551735,0.54729657801224,-1.03686985483115,2016,3.04e-05,-0.337496216,-0.39193226,-0.9095315024232633,0.4539579967689822
300464,0.0087476914796178,0.94169586207743,1.7718078235010999,-0.9783683638211299,-0.09312576490841,2017,1.44e-05,-0.05869311,-0.337496216,0.7150259067357514,-0.21761658031088082
300467,0.0117469558649901,0.8223358278177001,2.17101476101306,0.22669110693763003,-0.3097332299474,2017,8.83e-06,-0.435238169,-0.2344761,0.7979274611398963,-0.8911917098445596
300467,0.0335353090066987,1.3002127032925799,0.12703564868701,-1.30292525168075,-0.16993511172987,2018,8.04e-06,-0.068635782,-0.435238169,0.6887254901960784,-0.9142156862745098
300468,-0.0279766819325657,1.0451869691052,1.9287665317068399,0.9775031880409201,-1.00427292383037,2016,3.31e-05,-0.234126922,-0.416645877,-0.46365105008077545,0.5024232633279484
300468,0.0081055446848946,1.20560591644857,1.5869167083246298,-0.34295283667474996,-0.08093776741605,2017,4.37e-05,-0.161000744,-0.234126922,0.6787564766839378,0.6373056994818653
300468,-0.0993198631942765,1.22238585244165,0.48299785312018995,-1.3611214118483401,0.62160439530439,2019,3.85e-05,-0.206852522,1.182999795,-0.9543269230769231,0.6875
300469,-0.0643002384493164,1.0852190855716,2.80405131324853,1.43462913656125,-0.36740585717006996,2017,1.1e-05,0.068417089,-0.268935714,-0.9792746113989638,-0.6217616580310881
300470,0.0056275743175889,0.7327003753022701,1.361079317485,-0.50482664938917,-0.17638675671001,2017,2.22e-05,-0.05575374,0.36921675,0.5673575129533679,0.07512953367875652
300470,0.0038495647909701,0.8150318363508701,0.11618241772996,-0.76528568448878,-0.15979343297909,2018,1.1e-05,0.256944657,-0.05575374,0.05392156862745101,-0.5049019607843137
300470,0.0261038505323512,1.00751580964518,0.18238134364654998,-0.05328336491553,0.18707147929874,2019,2.07e-05,0.214004115,0.256944657,0.46875,0.24759615384615374
300471,0.0075173999752453,1.18258620252155,1.78151609958065,1.71103289812539,-0.96657367223613,2016,2.33e-05,-0.546516409,-0.210376129,0.043618739903069415,0.23747980613893382
300471,-0.0062236938109888,1.17711660283736,1.43924971565086,0.18278657189739,-0.44320925800331995,2017,1.13e-05,0.507913759,-0.546516409,-0.6761658031088082,-0.5699481865284974
300471,0.0163116341590003,1.3982546767191,0.77284610766595,-1.01406682827892,0.24903958114767,2018,1.07e-05,-0.23991401,0.507913759,0.38725490196078427,-0.571078431372549
300476,-0.0027196067351937,1.1269792194668,1.07448987582852,0.11439036428907,-0.41268038821065,2017,1.34e-05,-0.266474873,0.181168521,-0.4119170984455959,-0.2849740932642487
300476,-0.0256496997592236,0.9696937768699501,0.48386742023776,-1.18688620503303,0.08338004948694,2018,1.23e-05,1.098058094,-0.266474873,-0.6029411764705883,-0.27941176470588236
300477,0.1496359664741729,1.07123999366295,1.5192302773864699,0.8458576019523399,-0.68871055414487,2016,1.42e-05,0.012146592,-0.275912555,0.9806138933764135,-0.19870759289176088
300477,0.0112061562412063,0.6381068985423001,2.06889843494518,0.1192436056715,-0.39774906238482,2017,1.32e-05,-0.217229724,0.012146592,0.7772020725388602,-0.30569948186528495
300477,-0.1307542763780033,1.02730869825263,0.67084120629287,-0.31002940017583996,0.04919997633611001,2018,1.29e-05,0.147618996,-0.217229724,-0.9975490196078431,-0.23039215686274506
300477,-0.10650276806817,0.83435728722536,0.91579944694538,0.59288921770085,-0.60310219541642,2019,1.07e-05,-0.03430834,0.147618996,-0.9711538461538461,-0.40865384615384615
300481,0.2435787984741012,0.9188919165790901,0.37950793605268,0.93209732670747,-1.42040748898921,2016,1.63e-05,-0.40068339,-0.431832485,1.0,-0.06946688206785134
300481,0.0215546164158506,1.3117122428591799,2.44095716390936,0.56166645983368,-0.11128798292505,2017,1.55e-05,0.078193537,-0.40068339,0.9404145077720207,-0.1735751295336787
300481,0.0128172748433057,0.90396114167055,0.26518294327416,-2.03922935317232,0.12674809880408,2018,1.5e-05,0.507562523,0.078193537,0.2990196078431373,-0.10539215686274506
300481,-0.0951025901528743,1.0630773104567999,0.9766135181064,-0.12222857293657001,-0.09079056443939,2019,1.3e-05,0.185989752,0.507562523,-0.9495192307692307,-0.16586538461538458
300489,0.0125095753261739,0.7194775677817,0.7881224225289101,0.86434401428436,-1.7404648021943798,2016,1.56e-05,-0.403693926,-0.489170246,0.13731825525040398,-0.09854604200323103
300489,0.0035454252578803,1.0731877184432,1.29928828817212,-1.30379657574655,-0.035814587128960004,2017,3.65e-05,0.188438895,-0.403693926,0.3575129533678756,0.5077720207253886
300489,0.0082210383342164,1.1332352232305,2.0113829806459202,-0.03909121667023,-0.01404712411646,2018,2.64e-05,1.687680429,0.188438895,0.196078431372549,0.3529411764705883
300489,0.0385554798450507,1.17665624417488,1.85193158521484,0.40427385546175,0.01933040863754,2019,1.19e-05,-0.299768122,1.687680429,0.6346153846153846,-0.24038461538461542
300490,0.1128345879507646,0.99316262514483,2.55712444166925,-1.27971314055541,0.08991320799126,2017,2.99e-05,-0.444771995,-0.178553461,1.0,0.34974093264248696
300490,0.0468094864570423,0.76591839045583,2.09250703985052,-0.32916257231148,-0.73093829948839,2018,2.77e-05,-0.225025545,-0.444771995,0.8186274509803921,0.3848039215686274
300490,-0.0103604878561654,1.20278278833167,0.75786327713043,-0.2907926686595,-0.08202030906966999,2019,4.05e-05,0.987948372,-0.225025545,-0.1875,0.7163461538461537
300491,-0.0431013593967541,1.01793316539595,1.01701098084074,-0.5840208925692,-0.57505668197313,2019,1.15e-05,0.165174903,-0.193163778,-0.6802884615384616,-0.2620192307692307
300497,-0.0802862548674193,0.89406590792193,0.8397376159088701,0.41539629407722,-0.35788151988092,2019,9.26e-06,-0.366888254,1.070993996,-0.9182692307692307,-0.6778846153846154
300509,-0.004954076295599,0.8064165525575101,0.68788753575327,-0.11752236118697,0.01680893657199,2019,1.5e-05,-0.119529261,0.218921025,-0.050480769230769273,-0.07211538461538458
300510,0.065422017597624,1.64796970827179,1.11906712559249,0.77588604570386,0.44158402831681,2019,1.51e-05,0.343243665,-0.216693204,0.8341346153846154,-0.06730769230769229
300511,0.0006742109421721,1.49508130285399,2.15660986140387,0.6355369693865399,0.49061229186142,2017,1.03e-05,-0.09465948,-0.151078169,-0.012953367875647714,-0.7305699481865284
300511,0.0080329282332476,1.15604215367343,1.05717717093046,-0.45100436888434997,0.012274389692930002,2018,1.01e-05,0.587342812,-0.09465948,0.18382352941176472,-0.6715686274509804
300511,0.009591160689482,1.1930217830955598,1.295620841359,0.22469877670666,0.13524558049551,2019,1.01e-05,-0.349989249,0.587342812,0.20432692307692313,-0.5192307692307692
300512,0.0003658138476557,1.38721325085302,2.0443885817336,-0.04211452240881,0.36103698828541003,2017,2.82e-05,-0.22613668,-0.17880428,-0.04663212435233166,0.31088082901554404
300512,-0.0247363527349018,1.26805320150775,1.7088897108355399,0.44378950066710005,0.45470003121790004,2018,2.61e-05,-0.073593709,-0.22613668,-0.5906862745098039,0.3406862745098038
300512,-0.0577272566150148,0.8959303862709199,0.9433846175769599,-0.6752319517008001,0.26923182514238997,2019,2.14e-05,0.213442473,-0.073593709,-0.8317307692307692,0.2908653846153846
300515,0.010158913285224,1.98557946789179,2.46666239046993,1.07080597300524,1.5537861958760601,2017,2.72e-05,0.018293613,-0.427603282,0.7564766839378239,0.2772020725388602
300515,-0.0557153118661171,1.36963386204844,0.92635636029461,-0.75175706106215,0.74516686607072,2018,1.17e-05,0.035406848,0.018293613,-0.8946078431372549,-0.375
300516,0.0041311764733011,1.18474316727251,2.17633049239944,-0.12339748259446,-0.14106085296087,2017,1.35e-05,-0.013621474,-0.444708921,0.427461139896373,-0.2823834196891192
300517,-0.0007116832344582,1.17854142779585,2.46541548441804,0.43111449059302,1.8699067296923801,2017,1.26e-05,-0.280194164,-0.234554317,-0.19430051813471505,-0.38082901554404147
300517,-0.0410096875739382,0.77226054185269,1.47809887211079,-0.16330245582886002,0.33971127667478,2018,2.4e-05,0.056614355,-0.280194164,-0.7892156862745098,0.23774509803921573
300523,-0.0067786896103949,1.86967560603991,2.04264199941003,1.8018026115979702,2.11642713775223,2017,1.73e-05,-0.148303369,0.543394527,-0.6968911917098446,-0.12435233160621761
300523,0.0194197698267104,0.8868585589026401,-0.46663414293116,-2.2972996379690502,-1.01549692993248,2018,3.07e-05,0.2902849,-0.148303369,0.44362745098039214,0.44852941176470584
300523,-0.0214283406807432,0.84267210859288,-0.5204215134539699,-1.46886988454718,0.29352551475154,2019,1.23e-05,-0.487764716,0.2902849,-0.3870192307692307,-0.22115384615384615
300526,-0.3721865288620713,0.86986686413301,0.63354247924135,-2.96822972205377,-1.2896526154496,2017,1.22e-05,0.005009886,-0.547499417,-1.0,-0.42227979274611394
300526,0.0144754905022226,1.6041500208883002,1.82066611015182,-0.3521386106026,-0.17961275461267,2018,2.23e-05,7.414551541,0.005009886,0.3357843137254901,0.16176470588235303
300527,-0.0265667634411343,1.00065083686168,0.4383696189412,-0.91238664145795,-0.06889670114832,2018,4.32e-05,-0.149513517,0.081865026,-0.6151960784313726,0.6715686274509804
300527,-0.0446271929496493,1.2543746369723199,0.74680894641691,-0.56524058885456,-0.16670806609632,2019,4.03e-05,-0.002369429,-0.149513517,-0.6971153846153846,0.7115384615384615
300534,0.0360994996669155,0.74318936174261,4.003653829392291,0.34567067287771,-1.11759141528963,2017,2.61e-05,-0.276489714,-0.558847231,0.9870466321243523,0.2409326424870466
300534,0.0079974578429155,1.6732313268617498,1.05799117812016,-0.41599981959075,0.3014225697652,2018,1.26e-05,-0.005347867,-0.276489714,0.18137254901960786,-0.25735294117647056
300534,-0.0020479222128622,1.21008550599253,1.8914056753022501,0.50138804183258,-0.5657955980455199,2019,9.77e-06,0.083992673,-0.005347867,0.0024038461538462563,-0.5745192307692308
300535,-0.0297058165647245,1.28265851054519,1.56155740382929,-0.53365404300923,0.67907231825919,2018,1.42e-05,-0.147193459,-0.163669423,-0.6666666666666667,-0.1421568627450981
300540,0.0144308378260781,1.2865777626283599,2.24610468144896,0.32631234654462,1.55590220778808,2017,1.8e-05,0.1298124,-0.330953305,0.849740932642487,-0.10362694300518138
300541,-0.0103551851875856,1.2916610683571,1.3849688794468,-1.22360155235276,-0.10262239031786999,2018,1.39e-05,0.427337086,0.117165734,-0.3431372549019608,-0.16176470588235292
300542,-0.0076997018920119,1.1370949365927399,3.82079123688777,1.01586237876172,-0.18343050150579002,2017,2.43e-05,0.18655075,-0.025670045,-0.733160621761658,0.17616580310880825
300546,0.0028531578443234,1.15630868521432,1.6434697725807499,-0.65215835244973,0.43782418878668,2018,2.58e-05,-0.053552899,0.152115747,0.031862745098039325,0.32843137254901955
300546,0.0451132602964501,0.89250193473117,0.6333375613895,-0.63964488094258,-0.11264821842934,2019,2.17e-05,-0.273731341,-0.053552899,0.7019230769230769,0.3028846153846154
300552,-0.0502512787469886,1.08353150121984,0.8027100394999299,-0.9599364468628799,0.44684071642483,2019,2.09e-05,-0.215908576,1.680965575,-0.7620192307692308,0.2596153846153846
300556,0.018071120220782,1.23976426719943,0.9395192555106,-0.80140504754733,-0.11862921757544,2019,2.03e-05,0.104380513,-0.048090329,0.3485576923076923,0.2235576923076923
300558,-0.0002068316726822,1.2238504586494101,1.2921329815092701,0.65186128736645,1.44686226298786,2017,9.44e-06,-0.264094872,-0.078480408,-0.11658031088082899,-0.8186528497409327
300573,0.3810410854749547,0.84791454639804,0.7007387876450699,-0.87198578807114,0.012853287707339999,2019,2.3e-05,-0.040966794,1.837413302,1.0,0.35576923076923084
300579,-0.0863956700403636,1.3106974874172002,0.9284773254491899,-0.44885986005859,0.49567030581060995,2019,2.28e-05,0.15059221,0.436502039,-0.9350961538461539,0.3485576923076923
300587,0.0128592676362963,1.42487937616513,1.47101280835886,-0.02256054696075,0.37995134605036,2018,2.83e-05,0.301129723,0.217352981,0.30637254901960786,0.4019607843137254
300587,0.0099859224796734,0.82554547947112,0.52054233758123,0.20761140330944,-0.75152873584254,2019,2.98e-05,1.108664766,0.301129723,0.21634615384615374,0.53125
300589,0.0965175842294387,1.14083245095698,0.85464272385114,-1.50957904788353,-0.01886334241846,2018,6.54e-05,-0.128966262,-0.02577783,0.9779411764705883,0.8725490196078431
300589,0.0075574041842846,0.79004202137384,-0.13914014173146,-1.86679175527356,0.20644770023282,2019,3.12e-05,1.366949863,-0.128966262,0.17067307692307687,0.5576923076923077
300590,-0.0575668122985773,1.3974369222460399,1.3221775801,-1.54566642044499,-0.48148827708285,2018,1.22e-05,0.411346116,0.542259664,-0.9068627450980392,-0.30147058823529416
300597,-0.0497398339293542,1.17818195576741,1.5177620513293801,-1.03314907712084,-0.8558024399326699,2018,2.56e-05,-0.30828811,-0.034792997,-0.8602941176470589,0.3088235294117647
300597,-0.0547205680457976,1.14012134781009,0.41861000359614003,-1.45413803942965,0.31495274175057003,2019,2.32e-05,-0.180256792,-0.30828811,-0.8004807692307692,0.36298076923076916
300599,0.0742481465866963,1.26247472100972,1.3767585335064498,-0.5604683049374399,0.17027039750733,2018,3.29e-05,0.179720729,-0.01808877,0.9509803921568627,0.49264705882352944
300599,-0.0358222218133655,0.90504774011451,0.58100274055174,-0.16286259747636,0.045123325378600004,2019,4.93e-05,-0.152250914,0.179720729,-0.5913461538461539,0.7956730769230769
300600,-0.0318581757556737,0.85784155379133,0.6060770538973099,-1.02845317152474,-0.07772014115736,2018,1.42e-05,-0.091764618,-0.184446658,-0.6911764705882353,-0.1421568627450981
300601,0.0353914467117946,0.9146035246488999,-1.1027172109055599,-1.51646110242694,-0.8645465108425701,2019,1.08e-05,-0.094198649,2.059240039,0.6009615384615385,-0.3870192307692307
300606,-0.0281909712508568,1.34120782468851,1.91535952208133,-0.11302030620488002,0.4166567246212,2018,1.36e-05,0.007846555,-0.123131376,-0.6544117647058824,-0.178921568627451
300616,0.0538941559189471,0.80400680450496,-0.05442398483091,-0.69655434273758,-0.27001419463702997,2018,9.97e-06,-0.210523291,-0.311748147,0.8872549019607843,-0.6862745098039216
300617,-0.0272854543862009,0.99796954644726,2.09111920081289,-0.18360969845876,-0.06360760504655,2018,1.13e-05,0.888895055,-0.085520822,-0.6372549019607843,-0.446078431372549
300617,-0.0194338622615531,1.10544447300124,1.15327818205384,0.28437469642461,0.04178373568164,2019,1.94e-05,0.447236425,0.888895055,-0.3533653846153846,0.14663461538461542
300618,0.0039192817454813,1.2298826319318799,0.05720740056357,-0.10603096711122001,-0.92313673337696,2019,9.18e-06,0.251903496,0.448523034,0.125,-0.6971153846153846
300621,-0.0010639503045618,1.55603446828158,1.45653807283227,0.26933685258693,0.32760587356938997,2018,5.48e-05,-0.004021084,-0.218404001,-0.06862745098039214,0.7916666666666667
300621,-0.014125635426769,1.03169799173075,1.13253488900294,0.23791793653495003,0.02038252886398,2019,5.33e-05,-0.021430205,-0.004021084,-0.25721153846153844,0.8341346153846154
300623,-0.009423342434235,1.1923522346428,0.25076004948611,-1.96806703038433,0.10676786737218,2018,1.19e-05,1.106074037,0.053549656,-0.303921568627451,-0.33333333333333337
300627,-0.0564441808171909,1.36220404645024,0.90355938781813,-1.39336715229939,-0.1033938349758,2018,3.12e-05,0.43636451,-0.103674484,-0.9044117647058824,0.45833333333333326
300627,0.0076036978191638,1.09325429097416,0.42552623435826,-1.3995195299251,0.6761488198271399,2019,1.76e-05,0.665952118,0.43636451,0.17307692307692313,0.02163461538461542
300632,-0.073982488261267,1.00333678779889,0.6650455100231499,-0.50767544230582,0.27542073829155,2019,9.84e-06,-0.072468773,0.230759158,-0.9038461538461539,-0.5673076923076923
300635,0.0615147939680917,1.6553618255017801,2.49399218568496,0.42559526196381,-0.0024034312988312997,2018,2.31e-05,0.770987001,0.095254421,0.9142156862745099,0.19362745098039214
300635,0.0006346667102791,0.90447297298923,1.08284674477094,-0.03517786003606,-0.35512010570538,2019,1.86e-05,-0.342170647,0.770987001,0.06730769230769229,0.07211538461538458
300640,0.0050098580300426,0.7978333383738699,2.67946767652038,1.03392098866932,-1.0072268123741601,2018,5.58e-05,0.388014332,-0.095100506,0.08333333333333326,0.803921568627451
300640,0.0046589217810183,1.05261446166962,1.19244051162303,-0.33192154006957997,0.30169731057703997,2019,8.49e-05,-0.386705942,0.388014332,0.13701923076923084,0.9423076923076923
300643,0.027911568307979,1.32807967193542,1.58111161147698,0.22987350853461,0.20283499825551,2019,1.14e-05,-0.152941757,0.547698141,0.4951923076923077,-0.2692307692307693
300644,0.0524409702304853,0.90159290617824,2.1519925658853,0.21883529238635002,-0.31281822590149,2019,1.12e-05,0.076522376,0.131546773,0.7596153846153846,-0.2932692307692307
300647,-0.0040471737984012,0.7048048290148,3.7968816955319498,1.19547154339189,-1.0080788539498,2018,2.4e-05,-0.252818048,-0.431029041,-0.14950980392156865,0.23774509803921573
300647,-0.1089069939761295,0.7416399397082399,0.49154112266386996,-0.9902124108236601,-0.79633099046733,2019,1.86e-05,0.322985225,-0.252818048,-0.9759615384615384,0.07211538461538458
300662,-0.0372391117647601,1.0479425112312601,0.44653036296709,-0.94879980482771,0.37391765312025,2018,4.4e-05,0.242744401,0.621461269,-0.7549019607843137,0.6862745098039216
300662,0.082483757271385,0.94382940393779,0.48949147373811,-0.056100186901309995,-0.13996592714838,2019,3.92e-05,0.346619913,0.242744401,0.90625,0.6947115384615385
300665,0.0666425017129671,1.65017430402032,2.5986266503267,0.6879042376096499,-0.09139086398775,2018,4.83e-05,-0.119333682,-0.174322759,0.9362745098039216,0.7401960784313726
300668,-0.0102255258991605,1.23244833546296,2.5378260989105903,1.22492051481373,-0.16110640844260998,2018,6.17e-05,-0.218857142,-0.378323388,-0.3357843137254902,0.8455882352941178
300669,0.0223808759654356,1.29973681550198,2.31031481244205,0.28188232477770003,0.037591590044689996,2018,2.34e-05,0.951476346,-0.01989649,0.5073529411764706,0.20343137254901955
300673,0.0148509942798248,0.60384325747919,1.02641169144412,0.47145486076677995,-0.9357629540393301,2018,4.01e-05,0.439206178,-0.334053301,0.3406862745098038,0.6274509803921569
300673,-0.0059701028964038,1.2895656604494,0.04291137932201,-0.24135345038093,-0.30603436734764,2019,2.51e-05,-0.152115113,0.439206178,-0.08894230769230771,0.43028846153846145
300674,0.122802090609993,0.76275897553284,1.68735623249929,-1.83807796379876,-0.67216836978849,2019,8.6e-06,-0.311222874,0.524833593,0.9543269230769231,-0.8028846153846154
300676,-0.0625775331533469,1.4141241424511,0.12197985758421999,-0.52534201649672,0.9016281231732299,2019,5.65e-06,-0.250772455,1.695426039,-0.8485576923076923,-0.9927884615384616
300678,0.0188887027096166,1.03168899150813,-0.38113558900822,-2.66189913802855,1.28124433138324,2019,2.97e-05,0.061206173,-0.054467843,0.3653846153846154,0.5288461538461537
300689,0.0531227304835537,1.33095490309188,1.52520292677871,-1.33200679466872,0.80667062678719,2018,4.47e-05,0.018219903,-0.244466943,0.875,0.7009803921568627
300689,0.1017581071315623,1.06463947901897,0.94423160577422,-0.34581834911262,0.06824682697549,2019,3.89e-05,0.264002127,0.018219903,0.9375,0.6899038461538463
300703,0.0193070703671912,0.99532634841557,1.52865129579894,0.44201008416013,-0.2774146143697,2019,8.71e-06,-0.221441202,0.364850854,0.37259615384615374,-0.7740384615384616
300711,0.092804356428566,1.46847107544523,-0.06716215922171,-2.7094098957784,0.1712507175872,2018,1.12e-05,-0.22433267,-0.023060509,0.9730392156862746,-0.4681372549019608
300711,-0.0859821952967568,1.1216029632478202,0.52882373623175,-1.60042581809566,0.45851327089739996,2019,1.11e-05,0.304372835,-0.22433267,-0.9278846153846154,-0.31971153846153844
300712,-0.0446670134929699,1.5260825969546299,2.060346517033,-0.0029029587348571,-0.04456142804702,2018,5.72e-05,0.141334862,-0.201645989,-0.8406862745098039,0.8186274509803921
300712,-0.0006649758356572,1.0033028940418198,1.02166695211068,0.0007380609710831,-0.14852106620908,2019,4.07e-05,2.057802363,0.141334862,0.03846153846153855,0.7211538461538463
300716,-0.0277689091261892,1.07569556343619,1.19603498985801,0.17629783469265,-0.43858613959197,2019,8.91e-06,0.104112048,-0.345095101,-0.49278846153846156,-0.75
300718,0.0465942245567135,1.2866092427509,2.3230603116061803,0.10803716080244,-0.74425849374494,2018,1.18e-05,-0.11780018,-0.060774949,0.8161764705882353,-0.3529411764705882
300718,-0.0051851632761398,1.0711071889287,0.3890592013,0.13467596595553,-0.36653566323104003,2019,1.05e-05,0.530555726,-0.11780018,-0.05288461538461542,-0.43990384615384615
300722,-0.0420976414500496,0.35056843165046003,1.24189919437985,0.017350756503489998,-0.28838578014079,2018,1.31e-05,-0.092325552,-0.228165687,-0.8063725490196079,-0.2181372549019608
300722,-0.0256106268384007,1.0274081613758,0.76377761686026,-1.04086216604449,0.61602356194681,2019,2.42e-05,2.977264278,-0.092325552,-0.45192307692307687,0.39423076923076916
300729,0.0767115087020144,1.03651851537778,0.91072489132153,0.25371458206158,-0.01461943004794,2019,1.27e-05,-0.066724916,1.290147887,0.8774038461538463,-0.18990384615384615
300746,0.0647154650815616,1.2319354931917499,1.13833052978912,0.2190011374768,-0.76901884640115,2019,8.94e-06,0.100791529,-0.274295628,0.8269230769230769,-0.7451923076923077
300760,0.0148992362254946,0.8256133638693199,-0.74363205962567,-0.10993296321786,0.21480034500238,2019,1.54e-05,0.555105452,0.85706204,0.31009615384615374,-0.060096153846153855
600004,0.0102279754072821,1.09529680192043,0.91549948436142,1.0181645684704599,0.23488345831319002,2016,2.23e-05,0.031761778,0.520053734,0.10177705977382878,0.1760904684975768
600004,0.0030856878881031,1.16469063282245,0.42659796728181004,0.93221578128688,0.25918632091891,2017,2.25e-05,0.39307732,0.031761778,0.30569948186528495,0.08290155440414515
600004,0.0217450467589654,1.44969282024987,-0.83918106562209,-0.28579551316947,0.05330776557991,2018,1.16e-05,-0.167377602,0.39307732,0.4950980392156863,-0.3970588235294118
600004,0.0438304081759133,1.19444559380258,-0.74910649577792,-0.04762420766989,0.21772640011418998,2019,1.07e-05,-0.27054058,-0.167377602,0.6947115384615385,-0.40865384615384615
600007,0.0250181499605539,0.9807788711369401,0.1952077932234,-0.17828166531484,-0.10969759948030999,2016,1.37e-05,-0.299879931,0.029705104,0.3505654281098547,-0.24394184168012922
600009,0.0094257575777205,0.9200349841808799,0.8309635641879201,1.26139894269672,0.09070472463239,2016,1.47e-05,0.483023948,0.432962986,0.06946688206785145,-0.1631663974151858
600009,-0.0125784955197587,0.6404275218048501,-0.11594204689804001,0.6950488789743801,-0.18034764023422,2017,3.03e-05,0.503389226,0.483023948,-0.8601036269430051,0.36787564766839376
600010,-0.0323362882684572,1.32129111208402,-1.44835699918641,-1.05919869647597,0.35976546005,2016,3.56e-05,-0.303133487,0.056129038,-0.5153473344103392,0.567043618739903
600010,-0.0002080819865042,1.02015839744513,-0.66270195516036,-0.56885763225438,-0.0580023330327,2017,7.05e-05,0.077637286,-0.303133487,-0.11917098445595853,0.8704663212435233
600010,0.021431716140212,1.1153241403357,0.8976419215005801,0.58256060460947,-0.15576862322113,2018,4.32e-05,-0.368155757,0.077637286,0.48774509803921573,0.6715686274509804
600010,0.0191430904573234,0.94697330687986,0.50909407409114,0.23699612914663998,-0.30480075921356997,2019,1.62e-05,0.413797336,-0.368155757,0.36778846153846145,-0.028846153846153855
600011,-0.0037751577261476,1.20676007555735,-0.54865223275406,0.26945585339426,0.53438215903348,2016,1.59e-05,-0.133293894,0.065554606,-0.1211631663974152,-0.08885298869143776
600011,-0.0059497525242187,0.5353743496307201,-0.34077433598076,0.13851009584041,0.08229370317901,2017,2.18e-05,-0.019653309,-0.133293894,-0.6606217616580311,0.04922279792746109
600011,0.0218545388681796,0.31950807947052,0.32677513894362,-0.08162057352008,0.12953805664188,2018,6.31e-06,-0.333128659,-0.019653309,0.49754901960784315,-0.9852941176470589
600011,0.031748213019397,0.49364301996482,-0.0024310990953823,-0.09007052718609,-0.29036345569253996,2019,1.25e-05,0.013330811,-0.333128659,0.5504807692307692,-0.21153846153846156
600012,0.0040450731582184,1.09866484954609,0.17767858716637,-0.62824921390989,0.0074196329707083,2016,9.56e-06,-0.557967861,-0.054744748,-0.011308562197092087,-0.8384491114701131
600012,0.0030358526832152,0.97931740678277,0.16989402370486,-0.48836735205478,-0.04858482540127,2017,2.95e-05,0.087653018,-0.557967861,0.2979274611398963,0.34196891191709855
600012,-0.0148393794190205,1.12432014606952,0.44045527366474,-0.34961287251678,0.64101501997991,2018,9.63e-06,-0.159473906,0.087653018,-0.43137254901960786,-0.7303921568627452
600012,-0.0119184470170538,0.96098666030369,1.06892672864946,0.9274806222037401,-0.36509171931758,2019,2.04e-05,0.278813394,-0.159473906,-0.2139423076923077,0.23317307692307687
600017,-0.0140080416158474,1.19478020406382,0.7061743651221599,-0.28394108711209,0.28014702605086,2016,0.000103094,-0.293678742,0.097170587,-0.2600969305331179,0.9547657512116317
600017,0.0102238419476943,0.8056548771802501,0.33810328867145,-0.20473502049085998,-0.25147797577565,2017,9.59e-05,-0.026972413,-0.293678742,0.7590673575129534,0.9300518134715026
600017,0.0222138923365492,0.91788618761504,0.85608459123531,0.33502937662318,0.07640664687659,2018,5.55e-05,-0.213852602,-0.026972413,0.5024509803921569,0.7990196078431373
600017,0.0205060551922166,0.97697139961892,0.9083326219325499,0.5315229450118,0.13376486446375,2019,2.93e-05,0.069566574,-0.213852602,0.38942307692307687,0.5144230769230769
600018,-0.0408918878495803,0.95650347669583,-0.52368292052276,0.25958513135641004,0.029615499698919998,2016,2.25e-05,-0.02654833,0.261173003,-0.6155088852988692,0.18578352180936997
600018,-0.0022329957915186,0.57709882908551,-0.66453721858677,0.26646541977008,0.14218646316796,2017,4.58e-05,0.152847414,-0.02654833,-0.3652849740932642,0.650259067357513
600018,0.0115984603021861,0.48881282329957004,-0.28134774123984,-0.02872050341786,-0.18524365494736,2018,4.5e-05,-0.393810731,0.152847414,0.2769607843137254,0.7058823529411764
600018,0.0148392514267662,1.01680733235278,0.25069131734989003,0.26729413548354003,-0.019881101108760003,2019,4.14e-05,0.154511322,-0.393810731,0.30528846153846145,0.7283653846153846
600019,-0.0072541498339203,1.3148126060378,-1.7136734572527599,-1.45844376528223,-0.3827032011146,2017,8.1e-06,-0.112947271,0.20293322,-0.7150259067357513,-0.9533678756476685
600019,-0.0319383061648984,1.07437029834985,-0.10773341111354,0.94681137852405,-0.10132378527705,2019,1.53e-05,0.721657076,-0.267390249,-0.5480769230769231,-0.0625
600020,-0.0057200272477566,1.1606645642283,1.10481264979513,0.6310683409761499,0.3768947599941,2016,1.75e-05,-0.250466208,0.163810307,-0.15024232633279488,-0.024232633279482996
600020,0.0036611641860299,0.94785925511237,0.64850505918445,0.73853650842392,-0.23104967459606998,2017,9.08e-06,0.435244643,-0.250466208,0.3652849740932642,-0.8575129533678756
600020,0.0211624868505244,1.02400956348396,0.7351778072861,0.41460667099066995,-0.04830824839928,2018,8.44e-06,-0.32177277,0.435244643,0.4779411764705883,-0.8872549019607843
600020,-0.1056416879473362,0.88481885407271,1.35129444472739,0.13542158240311,-0.24018175105094,2019,8.23e-06,-0.082296432,-0.32177277,-0.9663461538461539,-0.84375
600021,0.0216516425687819,1.27909201200831,-0.039662604834600004,-0.57184299728678,0.15502274048084,2016,1.01e-05,-0.437632191,0.208227258,0.2924071082390953,-0.789983844911147
600021,-0.0073668814411408,0.40860388019851,-0.9576752050928301,-0.42192995773521,-0.24518721415503,2017,1.61e-05,0.319679114,-0.437632191,-0.7227979274611399,-0.15803108808290156
600021,0.0052499713135013,0.61947644574862,0.22962740007289997,-0.16184630332272,0.3725612818126,2018,7.23e-06,-0.145612125,0.319679114,0.08578431372549011,-0.9632352941176471
600021,0.014873230263411,0.75297281167273,0.41503387213831,0.13768858416898,-0.01692541198625,2019,1.36e-05,-0.066015263,-0.145612125,0.3076923076923077,-0.13221153846153844
600022,-0.0093421135194024,1.13569186049237,0.7417529960370101,-0.43860312589065,0.82009766625435,2016,9.59e-06,-0.030496947,0.113267988,-0.1825525040387722,-0.8352180936995154
600022,-0.0023633840909116,1.07022439178099,-0.05981555551151,-0.08178345315399001,-0.16092733872837,2017,2.1e-05,-0.184773582,-0.030496947,-0.38082901554404147,0.020725388601036343
600022,0.0032871833802551,0.95441607382847,0.72106014884872,0.6786437280332099,-0.23860860233867998,2019,1.93e-05,0.345079072,-0.239387302,0.11538461538461542,0.13221153846153855
600023,0.0050897524954106,1.33017863507642,-0.30109324156873,-0.3127460033601,0.61320804814885,2016,1.16e-05,-0.159399113,0.101449568,0.008077544426494443,-0.5508885298869144
600023,-0.003566074836752,0.73250178517611,-0.8000271966710999,-0.18569977929572,-0.0040811251486894,2017,1.16e-05,0.005953312,-0.159399113,-0.4637305699481865,-0.5284974093264249
600026,0.0021389656086506,1.3336235036788702,-0.34465354653241004,-0.16607382929069,-0.11179411818423,2017,2.79e-05,0.53173006,-0.351710138,0.18652849740932642,0.29274611398963724
600028,0.0240708373301117,0.81098244315904,-0.7823294877193,-0.10432092357865,0.04043897727585,2016,1.27e-05,0.1959927,0.258488611,0.3376413570274637,-0.3570274636510501
600028,-0.0022479638022658,0.81199225065764,-1.52863657946808,-0.6296584966062999,-0.14468388766309,2017,1.25e-05,-0.108205178,0.1959927,-0.3704663212435233,-0.38601036269430056
600029,0.0060306093828668,1.4214910202089899,-0.72273965675055,0.6092271594733699,0.36912733735034997,2017,4.22e-05,-0.088500238,-0.031312242,0.5803108808290156,0.6269430051813472
600029,-0.0698831070174332,1.19154071285203,-0.89512418535457,0.32698845634809004,-0.03854866555405,2018,2.7e-05,-0.3362689,-0.088500238,-0.9436274509803921,0.36764705882352944
600029,-0.0165937955011183,1.31499727633617,-0.56328224206109,0.07221335381855,0.23527720612148997,2019,4.25e-05,0.146775542,-0.3362689,-0.31009615384615385,0.7427884615384615
600031,-0.0025129932301731,1.23884330714455,0.012760542401669999,-0.053784445360380004,0.55629339962266,2016,6.19e-05,0.091078623,0.59922962,-0.11147011308562194,0.8319870759289176
600031,-0.002139036657393,1.30334311448788,-0.43556696018305996,-0.09979331867781001,0.06104812771591,2017,6.78e-05,0.462431791,0.091078623,-0.3575129533678757,0.8445595854922279
600031,-0.0166451229722713,1.1528456555908702,-0.08607315638648,0.67768893106147,-0.21032514773480998,2018,3.99e-05,0.440657925,0.462431791,-0.4607843137254902,0.6225490196078431
600031,-0.0140822127035248,1.1604823344878499,-0.34433955823793,0.32371760955638,0.0615237725649,2019,3.79e-05,0.590751809,0.440657925,-0.25240384615384615,0.6730769230769231
600033,0.0640191384127535,1.1212262094188,0.98389606892238,0.49700657466546,0.41241130700497997,2016,1.34e-05,-0.190695899,0.231048936,0.7350565428109854,-0.2730210016155089
600035,0.003657398077439,0.34214658925854,0.21350773972167997,-0.76637778951673,-0.17567721803423,2017,9.63e-06,0.116363882,-0.429519755,0.36269430051813467,-0.8031088082901554
600035,0.0401397228029046,0.64266763969062,0.36012007248456,-0.34919639161875,-0.03325940297099,2018,9.07e-06,-0.122966123,0.116363882,0.7622549019607843,-0.8063725490196079
600035,-0.0159134005493648,0.84204011478761,0.9981836615925801,0.38600493050185,-0.09675538778275,2019,8.27e-06,0.057003683,-0.122966123,-0.28365384615384615,-0.8413461538461539
600038,0.0164208583595661,1.22399103815053,-0.07208645814013,-1.26948601115236,0.42636149991737,2016,1.54e-05,-0.13949063,0.09882723,0.20193861066235863,-0.10823909531502418
600038,-0.0115049000796379,1.07739322134111,-0.33126713091135,-1.51735016452234,0.24525929445884997,2017,2.7e-05,0.016518592,-0.13949063,-0.844559585492228,0.2720207253886011
600038,0.0399978220109249,0.85309902507943,-0.62799866171274,-2.24634741207383,0.13526688891236,2018,5e-05,-0.007677712,0.016518592,0.7573529411764706,0.7475490196078431
600038,-0.0385277122273227,0.9224351472642399,-0.37736207228141,-1.35344943779916,0.59853739973402,2019,4.04e-05,0.280615073,-0.007677712,-0.6201923076923077,0.7139423076923077
600039,0.0054357719287103,1.21924061858141,1.05455783303542,0.99246790087518,0.16859259348597,2016,5.28e-05,-0.223519378,0.066109062,0.01453957996768973,0.7835218093699516
600039,0.001460949015654,1.32051110464833,0.09226713479401,-0.02400655769016,-0.21456376694131998,2017,5.09e-05,0.110702058,-0.223519378,0.09326424870466332,0.7020725388601037
600039,0.0024600691953214,0.7776267421373699,0.9398082888149599,0.4831170895926,0.04402164532559,2018,2.41e-05,0.04859585,0.110702058,0.01225490196078427,0.25245098039215685
600039,0.0234348233368212,0.78313808191291,0.6063639220956399,0.54178087983902,-0.41740638704626,2019,2.28e-05,0.644491765,0.04859585,0.43509615384615374,0.3485576923076923
600051,-0.0450976896880067,1.18773474353112,1.29817948152255,0.5344769330779,0.13332851928743,2016,1.25e-05,-0.355827926,-0.075827901,-0.6445880452342487,-0.40872374798061384
600051,0.0166441759670657,1.1536310810567,0.4728370874181,-0.34380447073466996,0.29498803306082,2018,1.18e-05,0.430632242,0.022708449,0.3970588235294117,-0.3529411764705882
600055,0.0834745682990559,1.10860382595868,0.98278567395186,-0.38547698149423,-0.10473151377084,2016,1.39e-05,-0.137066331,-0.000887006,0.8222940226171245,-0.2245557350565428
600056,0.0602392651754732,1.22264232587781,0.87280731221351,0.27596805361962,0.37230546927298,2016,8.7e-06,-0.293987068,0.6299801,0.6962843295638126,-0.9159935379644588
600056,-0.0166215649000719,1.02804802477383,0.44836053336417003,0.75148220101173,-0.6326328301491599,2017,9.15e-06,-0.249110485,-0.293987068,-0.8860103626943006,-0.8471502590673575
600056,0.0190533902432437,1.06749612939321,-0.22577753800377998,-0.27857120640285,0.13822251796453,2018,1.64e-05,0.053376405,-0.249110485,0.43137254901960786,-0.056372549019607865
600056,0.0320864542161077,1.25906120943117,0.39149656683332995,0.54316861390167,-0.24062144918148,2019,2.39e-05,-0.129453498,0.053376405,0.5576923076923077,0.3846153846153846
600057,0.0209520560029008,1.0773500303245098,1.33878434497083,0.04056214267449,0.3413694812057,2016,2.63e-05,-0.229464998,-0.02546605,0.27625201938610666,0.36025848142164785
600057,0.0020236361541454,0.72494727132076,0.42347381524009997,-0.33019245367536,-0.33946292706094,2017,1.76e-05,-0.097487887,-0.229464998,0.16839378238341962,-0.1113989637305699
600057,-0.020718606574936,1.12774614711079,0.22842143678274998,-0.33176749189617,0.31434218994857,2018,8.2e-06,0.299016715,-0.097487887,-0.5441176470588236,-0.9068627450980392
600057,0.0041641924850421,0.86787252981521,0.43603878821793,-0.05444270056084,0.15419107467931,2019,2.96e-05,0.179791909,0.299016715,0.12740384615384626,0.5264423076923077
600058,-0.0161076050233299,1.0780851562634202,1.27412990755393,-0.01210314349567,0.42040987886059,2019,8.02e-06,0.285009401,-0.296231511,-0.2932692307692307,-0.8774038461538461
600059,-0.0005603653833805,0.93356025977767,1.06433784643486,0.88460748377492,-0.27692087330234,2019,1.34e-05,0.374711066,0.047628395,0.04086538461538458,-0.14663461538461542
600063,-0.0135561594143694,1.12505473540829,0.94673099938676,-0.64546269447948,0.25540844490646003,2016,2.06e-05,-0.355442474,-0.081717923,-0.24717285945072698,0.08885298869143776
600063,0.007103423585291,1.17108117535226,1.08957332000632,0.17194219705448,0.19440021519418002,2018,9.43e-06,0.167647697,0.034313909,0.1470588235294117,-0.7573529411764706
600063,-0.021136421916725,1.25100324640795,1.30097996956635,0.45216126450412,-0.09431422910265999,2019,8.9e-06,0.583317564,0.167647697,-0.37740384615384615,-0.7548076923076923
600066,0.0038568368701037,1.01117303718707,0.59916208673008,0.6621521989914,-0.67747124158661,2019,1.11e-05,0.046715283,-0.001620307,0.12259615384615374,-0.31971153846153844
600072,0.0119756129221736,1.2699310918967,0.33899442407356,-1.19760213455981,0.16077476532954,2016,3.89e-05,-0.463962312,0.191385384,0.12439418416801296,0.6381260096930532
600072,0.0143746431762518,1.42602919932823,-0.82914704259574,-2.96810452883892,0.48417001280878996,2017,1.9e-05,0.394034537,-0.463962312,0.8471502590673574,-0.05699481865284972
600073,0.0281897990896692,1.05956434199011,0.63170500725069,0.23814773150549998,-0.27871549920493,2019,9.23e-06,-0.140272419,0.016043705,0.5,-0.6826923076923077
600075,0.0159937514804061,1.26717207543067,0.78092052854014,0.27968610178758,-0.06466652506637,2016,6.19e-05,-0.260782334,0.053526281,0.19547657512116312,0.8319870759289176
600075,0.0052449823027269,0.85494628511177,2.40622114911982,1.33528528917369,-0.41542673429368004,2017,3.83e-05,-0.179460891,-0.260782334,0.5259067357512954,0.5595854922279793
600075,-0.0098886995501671,1.18288913346485,1.7219604515445,1.0940348471658101,0.21095147552479998,2018,4.23e-05,-0.100442199,-0.179460891,-0.3259803921568627,0.6593137254901962
600075,-0.0116221009904689,1.09193035298788,1.40649509467051,0.38359756772035003,-0.03835345388034,2019,1.77e-05,0.400119046,-0.100442199,-0.20673076923076927,0.024038461538461453
600076,0.0328444818436976,1.07233049168788,1.5218049578914599,0.02941044909131,0.35799101153404,2016,1.16e-05,-0.458467587,-0.417177849,0.45072697899838454,-0.5508885298869144
600076,0.009218787803349,1.20906049830567,1.27540433659672,0.7344630054314399,0.16057757799718,2017,3.65e-05,-0.076628807,-0.458467587,0.7227979274611398,0.5077720207253886
600080,0.0055900776592934,0.8856299423586299,1.07472788967514,-0.013938702498169999,0.09056019268267,2017,1.26e-05,-0.340893473,-0.033722029,0.5621761658031088,-0.38082901554404147
600084,-0.0368737737560578,1.03729533299041,1.32999492359499,-0.4536528694119,0.40203627887907,2016,1.2e-05,-0.463546379,0.138187943,-0.554119547657512,-0.4862681744749596
600085,0.0355197428509425,1.234536167016,0.61805401662079,0.85031310653785,0.21599187646937001,2016,3.04e-05,0.001509823,0.16499793,0.47011308562197085,0.4539579967689822
600085,-0.0070016283695018,1.21435704018071,-0.48375748079312003,0.61785561829709,-0.022497511303929997,2017,3.22e-05,-0.183892344,0.001509823,-0.7046632124352332,0.41191709844559576
600085,0.005868798051384,0.61937005044135,-0.6387154313078199,-0.58040511607373,-0.34100723109895,2018,3.04e-05,-0.052138337,-0.183892344,0.10294117647058831,0.44362745098039214
600085,-0.0188372500369708,0.8518006561670001,-0.4172861628825,-0.19593066481930002,0.05247461680636,2019,9.66e-06,0.498146867,-0.052138337,-0.3389423076923077,-0.6033653846153846
600089,-0.0348552055169046,1.09229817830388,-0.11101316423072,-0.09431918781698,0.4193390718132,2016,2.41e-05,-0.339462157,0.289266343,-0.5347334410339257,0.2730210016155088
600089,0.0080832337511996,1.067151220281,0.54579695451345,0.79949688237729,-0.34447895178885,2017,3.66e-05,0.0638957,-0.339462157,0.6761658031088082,0.5155440414507773
600089,-0.0015346596740069,1.06821687421669,0.34827002761094,-0.03444782305304,0.04949847333961,2018,4.9e-05,-0.057036535,0.0638957,-0.09068627450980393,0.7426470588235294
600089,-0.0240876116259528,0.90505453842344,0.69099134850775,0.25987880209255,-0.02088012145984,2019,0.000108161,0.949390547,-0.057036535,-0.4278846153846154,0.9735576923076923
600096,-0.0238328113101697,1.20179635110821,0.94351103618871,-0.46924713330828,0.05187836007884,2016,9.35e-06,-0.329422294,-0.216412201,-0.40872374798061384,-0.8610662358642973
600096,-0.0023744965067876,0.9038935362276399,0.6849856634577,-0.30645496157141,-0.11802134954146,2017,2.27e-05,0.165111331,-0.329422294,-0.383419689119171,0.09067357512953378
600096,0.0054301163539077,1.1134414444915701,0.87563982297982,-0.05107047858002001,-0.26013512814589,2018,7.55e-06,-0.215216604,0.165111331,0.09313725490196068,-0.946078431372549
600096,0.0588158929318335,1.12136966020267,1.21953458740592,0.7774115375071899,0.19113659309247,2019,1.39e-05,1.914137404,-0.215216604,0.7980769230769231,-0.12019230769230771
600097,-0.182219548541491,0.9184624513591999,-1.33878519535342,-1.5260795566385699,-0.55081127198964,2016,1.44e-05,-0.410470915,0.177038552,-0.9935379644588045,-0.18901453957996772
600097,-0.0095656074607895,0.60357039878772,1.30231092489678,1.03016946430327,0.6340959684373401,2017,1.33e-05,-0.041192145,-0.410470915,-0.7875647668393783,-0.2953367875647669
600097,0.0493487087450248,0.66169876784063,0.80910047693496,0.06729352975387999,0.38812066068319,2018,5.31e-05,-0.116288626,-0.041192145,0.8455882352941178,0.7745098039215685
600097,0.0494844634450369,0.82682356279306,1.19237140804084,0.01584611257101,0.15097759695446,2019,7.45e-05,0.010177997,-0.116288626,0.7331730769230769,0.9254807692307692
600098,-0.0080728018773544,0.94816980385606,0.03936325673089,-0.4711881355466,0.025506783462479997,2017,9.09e-06,-0.028656822,-0.19692843,-0.7461139896373057,-0.8523316062176166
600098,-0.0209945387923463,0.8290866133162199,0.010515740806489999,-0.42401770608554,0.47265023807043,2018,8.87e-06,-0.12226986,-0.028656822,-0.5490196078431373,-0.8382352941176471
600100,0.0016114464486564,1.2364106842009999,1.02944072747928,-0.06998909873799,0.08941812076566,2016,1.84e-05,-0.374840134,-0.060063867,-0.04038772213247177,0.008077544426494443
600100,-0.0049234980551256,0.7921510586165,0.40966414981801,-1.01347998975419,0.061572599907620006,2018,8.79e-05,-0.206789362,0.017040242,-0.18627450980392157,0.9534313725490196
600100,-0.1100415488713972,0.8090303739354101,0.84741389245288,-0.7091461384665699,0.10324314359233,2019,1.48e-05,-0.169943554,-0.206789362,-0.9783653846153846,-0.08413461538461542
600101,0.0400711541528854,1.01680107259473,0.72089374803789,0.45755525263997,-0.15482702663977999,2019,9.84e-06,-0.09609147,-0.12780069,0.6466346153846154,-0.5673076923076923
600104,-0.0090154077485206,1.01187243239705,-0.61218943810444,0.69811797846476,0.11897779532144,2016,1.01e-05,0.110272584,0.703327266,-0.1760904684975767,-0.789983844911147
600104,0.0005288967616734,1.3644966411449,-0.60500384905405,1.30850342733949,0.27790002680778003,2017,9.21e-06,-0.242214876,0.110272584,-0.025906735751295318,-0.8393782383419689
600104,0.0106066595427295,0.59768900476023,-0.7806329668475099,0.05136529788766,-0.07973494808353,2018,9.32e-06,-0.273620108,-0.242214876,0.25245098039215685,-0.7745098039215687
600105,-0.028137836432878,1.12765928271837,1.510109995695,-0.45199174193746,0.13159609919063,2016,7.84e-05,-0.413131836,-0.141186809,-0.4668820678513732,0.890145395799677
600105,-0.007814898672018,1.08142839116518,0.32207189911419,-0.6683696299849601,0.31311154208081,2017,0.000127171,0.304705836,-0.413131836,-0.7383419689119171,0.9689119170984455
600105,0.0018250055593832,1.2290357012047801,0.82791266080401,-0.5634995895264899,0.18712564233061,2018,8.62e-05,-0.108294411,0.304705836,0.0,0.9485294117647058
600105,-0.0708786565936972,1.03802386044503,1.1141683923536099,-0.49981736771028995,-0.13295883121172,2019,7.04e-05,-0.098324714,-0.108294411,-0.8894230769230769,0.9158653846153846
600106,-0.0179310094987432,1.16687987317959,0.75145954533062,-0.56609831571406,0.44367282614055,2016,2.99e-05,-0.357475328,-0.194885783,-0.3150242326332795,0.45072697899838454
600106,0.0047132889317609,0.93769737736451,0.67128637915984,0.1539622942826,-0.28314676936072997,2017,2.79e-05,0.181591767,-0.357475328,0.47409326424870457,0.29274611398963724
600106,0.0469967254580433,0.9408320273855899,0.72071730485015,0.02561396359986,0.46510605689465007,2018,2.69e-05,-0.146678858,0.181591767,0.8259803921568627,0.3602941176470589
600106,0.0027583254849526,0.91027196312319,0.9766726449482699,0.42092748611024,-0.20611048007967,2019,2.45e-05,0.02116745,-0.146678858,0.10336538461538458,0.4014423076923077
600111,0.0015369352628847,1.07132233809398,-0.24519365415621,-0.74976437069107,-0.13445486166466,2017,1.01e-05,0.115728296,-0.007637727,0.09844559585492219,-0.7590673575129534
600111,0.0297831090796846,1.4848900213579799,0.39157193000683,-0.40910367496052,0.3036960494166,2018,9e-06,-0.285341986,0.115728296,0.6323529411764706,-0.821078431372549
600111,-0.0029731142349833,0.98979116321269,0.28194285599743,-0.56370713278471,0.29617871387961997,2019,8.62e-06,1.196416125,-0.285341986,-0.019230769230769273,-0.7932692307692308
600115,0.0390329665314728,1.27301658582497,0.32163879453398997,-0.33217851084601,0.93556633427782,2016,3.27e-05,-0.034073211,0.021268931,0.5218093699515347,0.492730210016155
600115,0.0034388725162921,1.23024541568732,-0.9106087367330999,-0.26424973211566,0.39755303932246,2017,3.78e-05,-0.059165848,-0.034073211,0.3523316062176165,0.5518134715025906
600115,-0.013598543499162,1.0031968449992201,-0.5259145741326999,0.24966693610298002,0.12442571558629,2018,3.92e-05,-0.337425302,-0.059165848,-0.42156862745098034,0.6176470588235294
600116,-0.020605867106272,1.1203410921639199,1.51543617038904,0.66854232205777,0.04495745589893,2016,1.02e-05,-0.413382162,0.428812349,-0.34410339256865907,-0.7705977382875606
600116,0.0027848244489651,0.52120673574106,0.94598157550995,-0.54983708890006,-0.7786726915485199,2017,1.04e-05,0.212276843,-0.413382162,0.2590673575129534,-0.7124352331606217
600118,0.0154066331551566,1.19438674704675,-0.07361004822793,-1.48211916989471,0.30801360560942,2016,1.33e-05,-0.324485636,-0.180637007,0.18578352180936997,-0.27625201938610666
600118,-0.0049419092104952,1.2274673030226602,-0.48527280285279,-1.01865320307139,0.31416290341881997,2017,3.55e-05,0.175335667,-0.324485636,-0.6191709844559585,0.4870466321243523
600125,0.0187709764482639,1.60725696449801,-0.40964740043456005,-0.9698595555351001,0.16701378357363,2017,2.73e-05,-0.227552962,-0.070981932,0.9145077720207253,0.27979274611398974
600125,-0.0047815340586515,1.40238909608767,0.89007796183693,0.42866747852517,0.40542660260330005,2018,1.27e-05,-0.130915773,-0.227552962,-0.18137254901960786,-0.24754901960784315
600126,0.011784081539325,1.1870249256135101,1.38418708129995,1.01997755253797,-0.19745348503652002,2018,2.32e-05,1.313812399,-0.021869653,0.27941176470588225,0.19852941176470584
600127,-0.0083618125413222,0.69675213182398,1.0342454216427999,0.21461531780341997,-0.013601237984250001,2018,1.15e-05,0.909841203,0.478220218,-0.27450980392156865,-0.41666666666666663
600128,0.0113190507459042,1.4168995122871,1.08065833500041,-0.26060858564152,-0.20788691156579,2017,4.08e-05,0.161010985,-0.402316089,0.7797927461139897,0.6010362694300517
600128,0.0003824345773084,0.88239135120013,1.28855989253356,0.17893300136482998,0.11813072208123,2018,0.00010791,-0.148024069,0.161010985,-0.04166666666666663,0.9779411764705883
600128,0.0016613723242008,0.9757499076434599,1.7904294788801602,-0.40629746020648005,-0.7241929302766,2019,3.03e-05,0.020093971,-0.148024069,0.08173076923076916,0.5432692307692308
600129,0.0051546156316104,1.20269381790959,0.39473260761893,0.03570124530833,1.30400353045939,2017,1.71e-05,-0.231063518,0.016484866,0.5129533678756477,-0.13471502590673579
600129,0.0124063371018133,1.13495145826416,0.18827885466059,-0.56991652044518,-0.16923988956428002,2018,1.65e-05,0.323102923,-0.231063518,0.29166666666666674,-0.0490196078431373
600129,0.0497755075214994,1.05267868814193,0.92674668679723,0.20555750925452,-0.15228906385265,2019,1.64e-05,0.447023867,0.323102923,0.7379807692307692,-0.019230769230769273
600133,0.0063581749293655,1.11326910379068,0.046278477707619996,-1.44078122177557,0.266313129342,2016,2.47e-05,-0.11559077,0.24992768,0.02746365105008075,0.3021001615508885
600133,0.0028226000678867,1.22756397238765,1.0471797941510101,0.7037984502637701,-0.11145502410997,2017,7.81e-06,-0.259176703,-0.11559077,0.26683937823834203,-0.9766839378238342
600133,-0.0170934713479422,0.8800119822214301,2.32786976927872,2.0410878132033,0.01489109806181,2018,1.54e-05,-0.114421028,-0.259176703,-0.4632352941176471,-0.08088235294117652
600133,0.0224885142693413,1.01748417363592,2.0239444393093002,0.41501171740575005,-0.21702084139443,2019,6.84e-06,0.056825666,-0.114421028,0.42307692307692313,-0.9639423076923077
600137,0.0074659573302656,1.08926833534132,0.62198461116991,0.15150672919722,0.58356837404301,2018,1.34e-05,0.020591852,-0.015676194,0.15931372549019618,-0.19362745098039214
600138,0.0095247343548743,1.14409298846421,0.9202753109335099,0.97783767865632,0.1322499035943,2016,1.49e-05,-0.063296641,0.079201221,0.07915993537964461,-0.14054927302100162
600138,-0.0015369809386641,0.85403032888477,0.28735571182997,0.2833143599711,0.22306781691153002,2017,1.39e-05,-0.362809129,-0.063296641,-0.2953367875647669,-0.24870466321243523
600138,-0.0441281072871672,1.15973183741118,0.32592056490137,0.03003840300234,-0.27421104384488,2019,3.37e-05,0.047565864,-0.231096788,-0.6899038461538461,0.59375
600148,0.0507382592241614,1.18358779386681,-0.07681052071166,-1.8975477749319802,0.26787109525115,2016,1.41e-05,-0.233559412,0.120106436,0.6510500807754442,-0.20193861066235863
600148,-0.0173149534315758,1.09095981163843,0.9747891906058299,-0.45754573241876,0.44013658392529,2019,1.29e-05,-0.049912657,-0.135766116,-0.3245192307692307,-0.17067307692307687
600151,-0.0715993308202615,1.19167833665957,0.34121215416593,-0.99608179879177,0.07345503279992,2016,1.81e-05,-0.511732148,-0.278457801,-0.8449111470113085,-0.004846526655896577
600153,-0.0012604383803854,1.05050392814442,-0.23045115136576,0.14477368445677,-0.2677913857256,2017,2.73e-05,0.053359975,-0.293966799,-0.26943005181347146,0.27979274611398974
600153,-0.0252831406629473,1.3143767861312798,0.39747466690516,0.74932197777354,0.52707605838806,2018,1.39e-05,-0.045421156,0.053359975,-0.5980392156862745,-0.16176470588235292
600153,0.039691198057209,0.98192132141565,-0.02960405429972,-0.04830429510788,0.51365385833483,2019,1.83e-05,-0.015329032,-0.045421156,0.6442307692307692,0.05288461538461542
600157,0.0238871027865439,1.1463769610878498,-0.45630116734457,-1.4488116461522,0.81402080735787,2016,1.73e-05,-0.505373423,-0.099183897,0.3344103392568658,-0.030694668820678506
600157,0.0011615831492654,0.9220226365497699,-0.30103749725739,-0.63935030878483,0.08614626801088,2017,8.33e-06,-0.065789819,-0.505373423,0.05440414507772018,-0.9481865284974094
600158,-0.0039349219567533,0.74964709976791,-0.46316242673794994,-2.69065417218139,0.35944040645503,2017,2.91e-05,-0.130339033,-0.327324227,-0.5103626943005182,0.3316062176165804
600158,-0.001649794288957,1.0722347362504,0.48497948078003,-0.75075142155082,0.54863572559412,2019,3.48e-05,0.373901051,-0.20927725,0.019230769230769162,0.6225961538461537
600160,-0.0753325192821555,1.6027817254899002,1.49738826675005,0.9575477533255199,0.11263587799061,2018,8.68e-06,-0.027834144,-0.023192012,-0.9534313725490196,-0.8602941176470589
600160,0.0056414967711858,1.2388325663608601,1.12726993474772,1.17883697277174,-0.34202531740622,2019,8e-06,0.278039086,-0.027834144,0.14663461538461542,-0.8822115384615384
600161,-0.0097105083820446,0.97100780434199,1.2637730308008501,1.64191292919614,0.2119388504754,2017,2.18e-05,0.546132935,-0.356227654,-0.7927461139896373,0.04922279792746109
600161,-0.0178099851595561,0.9808858868647401,0.19292917867792,-0.80627447699019,-0.05159775302388,2018,3.07e-05,0.769547357,0.546132935,-0.4852941176470589,0.44852941176470584
600161,0.0065793797599339,0.89451618631758,-0.20215105582086,0.23861081837700998,-0.06459401620152,2019,2.75e-05,-0.103681353,0.769547357,0.15625,0.4639423076923077
600163,-0.0052491084968449,1.03582423297623,0.73637429531549,0.26348502134094004,0.16375351691869,2016,2.26e-05,-0.288951376,-0.166116381,-0.14378029079159937,0.19547657512116312
600163,0.0002316557946753,0.78093813549457,0.7254802990932699,-0.31995897235625,-0.09903203052836002,2017,2.36e-05,0.215074616,-0.288951376,-0.07512953367875652,0.13730569948186533
600163,-0.0097493580843835,0.48566515371444,0.8934583276612,0.01303863741897,0.07697180879772,2018,3.66e-05,-0.199183304,0.215074616,-0.321078431372549,0.5588235294117647
600163,0.0460590878546765,1.17781232658551,1.6588353490227001,1.04302818848644,-0.60202236601141,2019,2.22e-05,0.41462915,-0.199183304,0.7091346153846154,0.3173076923076923
600165,-0.0857600646335533,0.6328261659016801,1.7198946564006299,-0.23010987151082998,-0.53643848745103,2016,1.31e-05,-0.029424677,0.25829389,-0.9063004846526656,-0.308562197092084
600166,-0.0024427825749654,1.21321872009027,0.53729372260221,0.40068131073986,0.40499226632371,2016,9.85e-06,-0.289757311,0.020085493,-0.10823909531502418,-0.7996768982229402
600166,-0.0073287796777993,1.13754984388433,-0.049755628584489994,-0.24917786149521,-0.10324390039384,2017,2.81e-05,0.153098168,-0.289757311,-0.7176165803108808,0.3031088082901554
600169,0.0393235801371347,1.20194723092245,0.56710932443135,-0.55860577774477,0.5055716664802501,2016,6.59e-05,-0.403191422,-0.025075184,0.5282714054927302,0.8546042003231018
600169,0.0021286877856078,1.2195938591553201,0.10769073903415,-0.49822592739740995,0.10497703894815,2017,3.39e-05,0.124134203,-0.403191422,0.18393782383419688,0.45854922279792754
600169,0.0006469700462525,1.02550086550216,0.77663798031671,0.04284553725319,0.39635473580609,2018,5.22e-05,-0.29568388,0.124134203,-0.031862745098039214,0.7696078431372548
600169,-0.0091102479674273,0.9609022998525699,0.74118517310317,-0.01145252251136,-0.16183407438143002,2019,2.27e-05,0.268654659,-0.29568388,-0.16826923076923073,0.3389423076923077
600170,0.0474519466990133,1.29675202414886,-0.0229526187424,0.01865635975134,0.46034968703400997,2016,2.48e-05,-0.183771966,0.20354113,0.6252019386106624,0.308562197092084
600170,0.0017730660587015,1.1536210647143301,-0.33606257109995996,-0.18357453816971,0.18644226265410999,2017,2.42e-05,0.218703021,-0.183771966,0.13471502590673579,0.17098445595854916
600170,0.0044307405851876,0.66907336435049,0.057046622738660006,0.12186319391053,0.08969313115325,2018,2.34e-05,-0.166836092,0.218703021,0.06862745098039214,0.20343137254901955
600170,-0.0159374603815468,0.80869978296462,0.88315205442165,0.7779821104060199,-0.11977933559702,2019,2.16e-05,-0.026948352,-0.166836092,-0.2860576923076923,0.29807692307692313
600171,-0.0247554323273289,0.87536102590548,-0.34285022249456,-2.56765480887118,0.6761144596094799,2019,9.06e-06,0.734726597,0.060503782,-0.43990384615384615,-0.7235576923076923
600172,-0.0521026137000269,1.20419351719732,0.71154353656001,-0.62812787926593,-0.03128368023297,2016,1.14e-05,-0.481029217,-0.205755083,-0.7318255250403878,-0.592891760904685
600172,0.0001349448345099,1.03917631887829,0.62845641724528,-0.29425159024726,-0.0873491187609,2017,2.27e-05,-0.269531506,-0.481029217,-0.08549222797927458,0.09067357512953378
600172,0.000255033259473,1.04450145224247,0.40939770063422,-0.99631825087985,0.61342323022069,2018,1.11e-05,-0.158978415,-0.269531506,-0.04656862745098034,-0.4901960784313726
600176,-0.0246860704257813,1.19431524085135,0.9268732342383399,0.07619429586875,0.18633468037032,2016,4.9e-05,0.120041066,0.386815349,-0.4184168012924071,0.7350565428109854
600176,-0.0055454201941255,1.25828296089072,0.78582192638482,1.13089614304733,-0.26523441308974,2017,3.74e-05,-0.060675228,0.120041066,-0.6398963730569949,0.5414507772020725
600178,0.011371242581138,1.25562098830391,0.72468998079756,-1.22356149060405,-0.16701694053245,2017,1.85e-05,0.024216801,-0.48217928,0.7875647668393781,-0.08808290155440412
600179,-7.49146630504065e-05,0.6432596898881401,-0.47635408571277,-0.70044991118162,0.28385089567659,2017,5.97e-05,-0.54978651,-0.19651819,-0.0984455958549223,0.7875647668393781
600180,0.0076990909499008,1.2793010971018801,0.53915118353195,-0.19910063214633,0.15268616663828,2017,9.47e-06,-0.200279161,-0.312957658,0.6554404145077721,-0.8160621761658031
600180,-0.0361673714217369,1.19970858555342,1.42060965639007,0.32039269818309,0.1063785024417,2018,2.4e-05,-0.197154147,-0.200279161,-0.7426470588235294,0.23774509803921573
600180,-0.0862033567371951,1.01626785528423,0.63140476139541,0.41363501697354,-0.54776806064151,2019,1.46e-05,-0.073074072,-0.197154147,-0.9326923076923077,-0.09855769230769229
600183,-0.0008702461866539,1.50255141130609,1.97730815737195,1.42040648887607,0.0444092699919,2017,1.15e-05,0.663471798,0.094917347,-0.21761658031088082,-0.544041450777202
600185,0.0072336267844152,1.35938369909418,0.42912151724590003,0.15309331644335,0.16943562520343,2017,1.06e-05,-0.05291659,-0.210021527,0.6295336787564767,-0.689119170984456
600185,0.0217020767306585,1.28798443872696,0.81273132015974,0.55008693498683,0.32208430998871,2018,1.07e-05,1.350177927,-0.05291659,0.4901960784313726,-0.571078431372549
600185,-0.0070427269453569,1.15778921534658,0.69219810824382,0.5230833019250201,0.03052113235019,2019,2.02e-05,-0.375363065,1.350177927,-0.12019230769230771,0.2139423076923077
600188,-0.0066757171025067,1.26112014222364,0.11307033168048002,0.85668753695791,-0.04394408609835,2019,1.35e-05,0.831999356,-0.119792581,-0.10817307692307687,-0.14182692307692313
600190,-0.0019487702857607,1.1802663211290298,0.50763808476099,-0.6009434006759801,0.43439787173878003,2016,1.27e-05,-0.283328702,0.04837797,-0.09531502423263327,-0.3570274636510501
600190,0.0207663215676077,0.64709073692164,0.60668891867778,-0.35129796365734,-0.3467683405575,2017,2.08e-05,0.106461097,-0.283328702,0.927461139896373,0.002590673575129543
600190,0.0198153492997972,0.93164051601389,0.56914593333094,-0.10814536779434,0.32476240074041,2018,9.57e-06,-0.140057422,0.106461097,0.44852941176470584,-0.7377450980392157
600190,-0.0283238694280941,0.93253081852072,1.66305821623544,1.51661728429635,-0.67386820691665,2019,1.84e-05,-0.074582819,-0.140057422,-0.5096153846153846,0.06490384615384626
600192,0.039669414215096,1.13178884973519,1.2916856561951902,0.043902738791340004,-0.12845963747888,2016,1.25e-05,-0.405845862,-0.289291702,0.5476575121163167,-0.40872374798061384
600192,0.0144527352879087,1.3743111403342299,1.71954225890488,0.29631267384176,0.23398384934970998,2018,1.33e-05,-0.240855643,0.297372185,0.33333333333333326,-0.19852941176470584
600192,-0.0398285659305808,1.38058197197537,2.56984931115945,1.80796778560589,-1.1395246576773999,2019,1.3e-05,-0.08218252,-0.240855643,-0.6394230769230769,-0.16586538461538458
600195,-0.0012537641650033,1.04407080177355,-0.14113714673059,-0.76665698217809,-0.0823129582223,2018,1.1e-05,0.642550351,-0.000703815,-0.08333333333333337,-0.5049019607843137
600195,0.0920685643702467,0.92244241461739,0.47387002326419,-0.01676481094935,-0.49593588434703,2019,1.08e-05,-0.125446961,0.642550351,0.9326923076923077,-0.3870192307692307
600200,-0.0845477704145467,0.9430302667569499,1.45520676869615,-0.14848322894155,0.04221342360284,2016,8.3e-06,-0.434184097,-0.327530484,-0.8998384491114702,-0.9418416801292407
600203,0.0649275915434093,1.11516315735546,0.97091670572102,-0.45194275754949004,0.24884331611629,2016,2.06e-05,0.164196009,-0.401503962,0.7415185783521809,0.08885298869143776
600203,0.0031529794550872,1.09662464541525,0.79924784495915,-0.91788261384783,0.21657466623563998,2017,1.98e-05,-0.3959863,0.164196009,0.3134715025906736,-0.03626943005181349
600203,0.0025460933889811,0.59989343057541,-0.42393115217709,-1.03577993231628,0.09207391777198,2018,1.69e-05,0.61555615,-0.3959863,0.014705882352941124,-0.03676470588235292
600203,-0.0053092618065941,1.20409519936965,1.77088416267888,-0.0868364249576,0.10669054884092,2019,1.81e-05,-0.012449666,0.61555615,-0.055288461538461564,0.03846153846153855
600213,-0.0091998703079843,1.16849934964724,1.75585978681334,0.4483844163521,0.09479559084322,2016,1.38e-05,-0.219339666,-0.165694878,-0.17932148626817446,-0.23101777059773831
600213,0.2819102088342329,1.08532765687146,1.33495227041196,0.11475782044505,-0.48209407333445,2019,1.25e-05,0.067837736,-0.348437596,0.9951923076923077,-0.21153846153846156
600218,0.0033869211801317,1.1509051412257,1.4649563758989201,0.25937908460986,0.0388856578596,2017,1.36e-05,1.850882973,-0.449159639,0.33678756476683946,-0.272020725388601
600219,-0.040314791390153,1.2758271067417,0.43665648679522007,0.47736271527497,0.04512515844656,2016,9.1e-06,-0.185688691,0.142843199,-0.6090468497576736,-0.8804523424878836
600219,0.0212898576605551,1.03737257536276,0.23258503790892998,0.26469599921113,0.18576756599758,2018,8.28e-06,-0.093441417,-0.086462432,0.48039215686274517,-0.9019607843137255
600219,-0.0187430678734455,0.85985670309849,0.62970765599573,0.15155903936907,-0.13721136959142,2019,7.85e-06,0.747338031,-0.093441417,-0.33653846153846156,-0.9038461538461539
600220,0.0019382495679828,1.02838113785474,0.44034958200759,-0.47312221900615,-0.02728497721676,2017,1.28e-05,0.133280209,-0.391504124,0.15803108808290145,-0.3471502590673575
600220,-0.0002090202329911,0.98558849930096,0.93830919187082,0.09753254668112,0.45103068304442,2018,1.28e-05,0.146241076,0.133280209,-0.0490196078431373,-0.24019607843137258
600220,-0.0098952198562436,0.9448930358808301,1.42514500429869,0.20584110095032,-0.07065988744858,2019,1.17e-05,-0.235281516,0.146241076,-0.18028846153846156,-0.24759615384615385
600221,0.0258249858286484,1.0680722477584998,0.28257354234293997,0.15667200123361,0.67589571959256,2016,1.93e-05,0.000381559,0.01664485,0.36025848142164785,0.03392568659127626
600221,0.0011244569515802,0.9989043686631,-0.39343680919725,0.20564104799050997,0.27355708320589,2017,8.79e-06,-0.381346646,0.000381559,0.051813471502590636,-0.9067357512953368
600221,-0.0061963103481071,0.7866431751301599,0.53176968637158,0.12426089126231,-0.68251357841551,2019,1.35e-05,0.010955672,-0.272466587,-0.09615384615384615,-0.14182692307692313
600227,0.0408502330310732,0.46371572416976,0.6548187029817499,-0.17009651867276,0.5841691939506599,2018,9.85e-06,-0.083273201,-0.243175173,0.7696078431372548,-0.7058823529411764
600229,0.0242895110126989,1.2219021338007598,0.80663438223097,-0.76435843151694,0.18178122184376,2016,3.44e-05,-0.139962229,-0.243691617,0.3408723747980613,0.5347334410339257
600229,0.0008688145760341,1.2585142195866,0.97228485403244,-0.10457426104605,0.28348373438297003,2017,1.19e-05,-0.067233807,-0.139962229,0.0181347150259068,-0.49222797927461137
600229,0.020008311558705,0.81670176233136,1.43405218403448,0.48352680479281,0.24987195412049,2018,4.46e-05,0.000270111,-0.067233807,0.4558823529411764,0.6936274509803921
600229,0.0319217795988772,1.02142707274493,1.04348200112956,0.057387442919520006,0.01967505175423,2019,1.05e-05,-0.174396894,0.000270111,0.5552884615384615,-0.43990384615384615
600231,-0.0002989717440598,1.35986843271279,0.21360480906642,0.010219790607,-0.38370927005187,2017,1.03e-05,-0.08958928,0.173110387,-0.1295336787564767,-0.7305699481865284
600233,0.1882462172190642,1.05914333813164,1.64878019203076,0.31124584166303,-0.25298416741842,2016,3.41e-05,-0.33194771,-0.001033606,0.9903069466882068,0.5250403877221326
600233,0.0055203533355233,1.64343345967258,0.10641594526638,-1.34098701779814,-0.51281509609553,2017,6.59e-05,-0.068477389,-0.33194771,0.5518134715025906,0.8341968911917099
600233,0.0532232932463821,0.98612572303839,0.7874115668919099,-0.10462435807486,0.08955759338132,2018,5.87e-05,0.175010221,-0.068477389,0.8774509803921569,0.8284313725490196
600233,0.0294276505635863,0.9801744026431201,0.53480228100175,0.22518395195856,-0.15217353116406,2019,6.02e-05,-0.313656247,0.175010221,0.5168269230769231,0.8798076923076923
600235,0.0180376372571482,1.09766162877715,1.35523090523682,0.18527978600236,0.40001833057937003,2018,1.35e-05,-0.106040275,0.153092346,0.4191176470588236,-0.18137254901960786
600236,0.0313315465119688,1.08011449663478,0.8597716124757401,-0.14305030545849,0.67514895965261,2016,9.85e-06,0.06765616,-0.164632718,0.42810985460420037,-0.7996768982229402
600239,0.042152893985584,1.14246377326649,0.8312312756825301,-0.45099803501388996,0.64331334944149,2016,3.33e-05,-0.137182998,0.695501548,0.5702746365105007,0.5088852988691437
600239,-0.0510267455122788,1.46644809589794,0.17666321331512,0.28402015857324003,0.98179326669573,2018,1.49e-05,0.340215205,-0.364225625,-0.8725490196078431,-0.10784313725490191
600243,-0.0915354739391562,1.0577489964220599,1.5695207253774501,-0.25110653628604,-0.12372004026997,2016,2.36e-05,-0.386158536,-0.1473969,-0.9224555735056543,0.2504038772213246
600243,0.0063940695064344,0.7987377727378799,1.36825714066359,0.0026779218127641,-0.39526329992766,2017,2.51e-05,-0.146136658,-0.386158536,0.5906735751295338,0.20207253886010368
600243,-0.0047032396840958,0.75113790250337,1.15114741354316,-0.16037934400633,0.31921090022167997,2018,2.4e-05,-0.342023563,-0.146136658,-0.17647058823529416,0.23774509803921573
600243,-0.0156601785125178,1.02312431392053,1.70658002981374,0.27582320740898003,-0.08863298169179,2019,1.11e-05,0.185363859,-0.342023563,-0.2764423076923077,-0.31971153846153844
600248,-0.0282429256111511,1.15950927331726,1.0421885287780999,-0.40182101291705,0.20980325698448,2016,6.49e-05,-0.253485793,-0.023138395,-0.47011308562197096,0.8481421647819063
600248,-0.001131087288265,1.18226732632603,0.87480134076668,0.24889793880601999,-0.34133756964720996,2017,5.21e-05,0.031160162,-0.253485793,-0.2409326424870466,0.7072538860103628
600248,-0.0102595755822494,1.05486039484332,1.33100731027238,0.40868883719954996,0.63562744799862,2018,2.24e-05,-0.138787722,0.031160162,-0.3382352941176471,0.17647058823529416
600248,0.152023131578332,0.96962449708612,1.40008306493011,0.5018246965175299,-0.19604153601964,2019,2.92e-05,0.07550594,-0.138787722,0.9783653846153846,0.5072115384615385
600250,0.0114063192631867,1.35029961309987,0.53301680625195,-0.67985807888177,0.4869190969744,2018,2.45e-05,-0.268064685,-0.006870215,0.27450980392156854,0.267156862745098
600251,-0.047790723510395,1.15454189256363,1.00967184625064,0.0020067810870725,0.29489689160651,2016,7.63e-06,-0.321059641,-0.016868808,-0.6865912762520194,-0.9676898222940227
600251,0.0128838986431683,0.78147693251814,0.75642221674841,-0.33930103420277996,0.01722820148039,2018,6.93e-06,-0.03368745,0.143938597,0.3088235294117647,-0.9754901960784313
600251,0.0787199170386009,0.89020199810558,1.22345652182692,0.3522099382837,0.1052346336513,2019,7.61e-06,0.404987027,-0.03368745,0.8870192307692308,-0.9302884615384616
600252,-0.0082851905186524,0.65379268972413,0.83053425811627,0.16609363345529998,-0.17849147832973,2018,8.65e-06,0.099442938,-0.091261829,-0.26960784313725494,-0.8627450980392157
600256,-0.0119737272043989,1.05744534624924,0.23065032625665,-0.47208034286774997,0.70903852589455,2016,2.02e-05,0.080637898,0.001967971,-0.2245557350565428,0.07915993537964461
600256,0.0041510506385494,1.0030196641846,-0.35593637870711,-0.38980258204653,0.38322154198110003,2017,2.63e-05,-0.117977997,0.080637898,0.43523316062176165,0.2538860103626943
600256,-0.0235198105841754,1.21304813702454,0.92930899142752,0.39748414346068,-0.01732726941403,2018,4.38e-05,-0.253221466,-0.117977997,-0.5686274509803921,0.6813725490196079
600256,-0.0146663706658651,1.01768164967358,0.64406432293644,0.55287189149407,-0.23071068400030997,2019,2e-05,0.214745999,-0.253221466,-0.26682692307692313,0.20192307692307687
600258,0.0740291558719795,1.51946382316251,-0.26010987861062,0.08706862435898,0.17108180314237,2019,7.95e-06,0.535232255,-0.158238782,0.8725961538461537,-0.8894230769230769
600259,0.0258216284071437,1.34653784086234,-0.46913274009204,-1.23457129962198,0.2173459857326,2016,1.02e-05,-0.261504702,-0.328755799,0.35702746365105,-0.7705977382875606
600259,0.0093986615631308,1.57866529307234,1.05846622939921,-0.24551725734992003,-0.06890311060807,2017,9.87e-06,0.3561614,-0.261504702,0.7279792746113989,-0.7694300518134716
600259,0.025676486188182,1.1821635755275,0.86026455100646,-0.23456550544742003,0.14398057294391,2018,9.14e-06,-0.267073801,0.3561614,0.5686274509803921,-0.7965686274509804
600262,-0.080825344586261,0.9874906380196801,1.0235144473598599,-0.24013516006042,0.23830625784557,2016,2.52e-05,-0.311010481,-0.003957302,-0.8836833602584814,0.32471728594507265
600262,0.0035729361372331,0.8138227150116201,-0.40518775649892,-1.1405822167935,-0.23884156940012,2017,2.53e-05,0.089365275,-0.311010481,0.36010362694300513,0.21243523316062185
600262,-0.0194629116543586,0.493491307192,-0.04660094409484,-0.75072243311967,0.17358299474111,2018,3.85e-05,-0.184818459,0.089365275,-0.5245098039215687,0.607843137254902
600262,0.0633766646747562,0.71994605847848,0.20806410648753,-1.27536319801303,0.8279510562966899,2019,1.08e-05,-0.168284176,-0.184818459,0.8197115384615385,-0.3870192307692307
600266,-0.0207550670483037,1.39043619137938,0.15537637465689,0.76715499595823,-0.21364116815460998,2017,8.81e-06,0.038781502,-0.331194366,-0.9196891191709845,-0.8989637305699482
600266,0.0231793006775922,1.12197370490192,-0.12894938335192,-0.25104193705593003,0.71908267491558,2018,8.59e-06,-0.22718131,0.038781502,0.5318627450980393,-0.8700980392156863
600266,-0.0403046635055463,1.15457005432665,0.80727098808665,0.53792886217746,0.45392054828066003,2019,7.97e-06,-0.079491313,-0.22718131,-0.6466346153846154,-0.8846153846153846
600268,0.0360141655799279,1.23164691414641,0.35059686166936,-0.89844974869112,0.08989145601226001,2016,1.8e-05,-0.323319389,-0.195868286,0.4798061389337642,-0.011308562197092087
600268,0.0027636654803418,1.08459649777433,0.13159721583011,-1.18353316849698,0.52625184993585,2017,8.35e-06,0.399712492,-0.323319389,0.24870466321243523,-0.9455958549222798
600269,0.0549407989424176,1.15621656107556,0.8003008978386199,0.52574384788657,0.29257753795789,2016,2.43e-05,-0.226901535,0.215065778,0.6801292407108239,0.2859450726978998
600269,-0.00158815975573,0.97069745435413,0.07873303960504,0.23637511981040002,0.10377650671349001,2017,1.22e-05,0.139490165,-0.226901535,-0.2979274611398963,-0.42227979274611394
600269,0.0159045155184941,0.81700939536636,0.38592205149495,0.29058304894706,0.18305595258613,2018,1.16e-05,-0.225997147,0.139490165,0.3700980392156863,-0.3970588235294118
600269,-0.0126066557379531,0.7880489789213799,0.58864156754307,0.405991922736,-0.010194458338219999,2019,2.09e-05,0.04426216,-0.225997147,-0.23076923076923073,0.2596153846153846
600271,0.0155771925485613,0.85574827784259,0.23634203614229998,-1.14821319321722,-0.7020914806137101,2018,2.69e-05,-0.306358274,-0.084665777,0.36274509803921573,0.3602941176470589
600271,-0.0059080224155902,0.99393852621045,-0.18773541887802,-1.44780660665805,0.3078542845185,2019,2.03e-05,-0.200197989,-0.306358274,-0.08413461538461542,0.2235576923076923
600272,-0.0189516488942941,1.1855043986848102,0.99892983429162,-0.68309396068965,0.22931592525383002,2016,1.36e-05,-0.427087261,-0.23255906,-0.321486268174475,-0.25040387722132473
600272,-0.0334031825510134,0.97971676632152,0.59542398442288,-0.5171956369847299,0.47718583113216995,2018,1.42e-05,-0.075346153,0.034712977,-0.7107843137254901,-0.1421568627450981
600273,-0.0269619182253698,1.0787511803518701,0.15235274115629,-0.9238683736563299,0.04984372162185,2016,2.92e-05,-0.020055716,0.056618576,-0.44426494345718903,0.4378029079159935
600273,-0.0009165524672434,0.79862292596306,0.52649254197514,-0.11111418726723,-0.06681473077045,2017,2.69e-05,0.28796562,-0.020055716,-0.2227979274611399,0.26683937823834203
600276,-0.0048884422392867,0.39698984262250997,-0.01560466666251,0.8622148406612999,0.08624305675596,2017,1.49e-05,0.03268298,0.92191642,-0.6088082901554404,-0.19430051813471505
600276,0.0075035622489851,0.9265516263125301,-0.8922315126579801,-1.12570992877244,-0.7525223821499499,2018,2.85e-05,0.657950344,0.03268298,0.16176470588235303,0.4068627450980393
600277,0.0998103057424163,0.81513497063013,0.77362816552325,-0.28845464566200996,0.06380961472185,2016,8.38e-06,-0.335699916,0.309336421,0.890145395799677,-0.9353796445880452
600279,0.0372298331138202,1.14088140595829,0.91641696892568,-0.27968867897186,-0.01951421944008,2016,2.74e-05,-0.321502418,-0.063227451,0.5024232633279484,0.40226171243941833
600279,0.0149989811869814,1.11474516040599,1.13908733007774,0.02026222509853,-0.4824460250561,2017,5.25e-05,0.052090466,-0.321502418,0.8601036269430051,0.7176165803108809
600279,0.029505170229125,0.88020324281913,0.84747065777804,-0.06987800316484,0.0010199816585167,2018,2.79e-05,-0.24257076,0.052090466,0.625,0.38725490196078427
600279,-0.0282370282552682,1.05995868334073,1.2566440236273,1.05259122028156,0.1031023933171,2019,2.04e-05,0.011230952,-0.24257076,-0.5072115384615384,0.23317307692307687
600282,-0.0212287240715294,1.16599616047943,0.67788568948802,-0.48414202744335,0.57921635923868,2016,1.03e-05,0.186283112,0.55599753,-0.35379644588045234,-0.7415185783521809
600282,0.0042126119875702,1.07074078026807,-0.11212542229361,-0.57271285791711,-0.20907082988456,2017,1.02e-05,-0.153317055,0.186283112,0.44041450777202074,-0.7538860103626943
600282,-0.0070050039156781,1.7465868810306402,1.95833313613034,2.12184181001569,-0.27155850059059,2018,9.28e-06,0.003026414,-0.153317055,-0.25,-0.7843137254901961
600285,0.0299188935083748,1.0074011149067899,1.40583463016551,0.5558420110909,0.16119121727708,2016,9.71e-06,-0.206328666,0.052243949,0.4054927302100162,-0.8190630048465266
600285,0.00294377596802,1.06726629962706,0.70506624242183,0.50876081774476,0.26026126930898,2017,1.06e-05,-0.050647196,-0.206328666,0.28756476683937815,-0.689119170984456
600287,-0.0335367280275993,1.08781071137659,0.92944221195477,-0.77095164650714,0.07546374810322,2016,5.01e-05,-0.317554938,-0.148554929,-0.5250403877221325,0.7512116316639741
600292,-0.0020863590917969,0.99581668038065,1.07624410646816,-0.26609325154735,-0.24718335749786,2017,1.21e-05,0.093764687,-0.458797712,-0.3523316062176166,-0.44041450777202074
600295,-0.0290445421598855,1.14234170924036,1.21868452554224,0.8202708428539399,0.26125231667832,2019,1.59e-05,1.600533279,-0.098664249,-0.5120192307692308,-0.033653846153846145
600298,-0.0026678255621113,1.08475822350393,1.6318957166614099,1.6951252302065198,-0.13906252117323,2016,1.19e-05,0.371827262,0.448179773,-0.11470113085621969,-0.49273021001615513
600298,0.0050139205288805,1.05561412573981,-0.7018612992811699,0.03146431186582,-0.41948048403557997,2019,1.23e-05,0.08327074,0.557065388,0.14423076923076916,-0.22115384615384615
600302,-0.0209908121834643,1.23690522702399,1.02916457141152,-0.32993830202476,-0.023134842791020002,2016,1.5e-05,-0.491279465,-0.02669,-0.3505654281098546,-0.13731825525040386
600302,0.0103855582436593,1.34246853039111,1.7827675013222002,0.30236109632502,0.029403231918159998,2017,3.08e-05,0.237943012,-0.491279465,0.766839378238342,0.37305699481865284
600302,-0.025177942674,0.8980057677974501,1.56549447330455,-0.07013418799955,0.04645125314122,2018,1.54e-05,-0.148631137,0.237943012,-0.5955882352941176,-0.08088235294117652
600302,-0.0331119594876867,0.87363160726867,1.52724799350014,0.68942713786331,-0.51611680191308,2019,1.35e-05,-0.085080729,-0.148631137,-0.5649038461538461,-0.14182692307692313
600305,-0.0044914657053594,0.8858010121156701,0.44346754892845996,0.42681443186516,-0.15507586830137,2017,1.32e-05,0.982428222,0.156748882,-0.5647668393782384,-0.30569948186528495
600305,0.0431859736569165,1.1479734173078702,-0.21294579469333,0.49811795297718,-0.32994604653369,2019,1.1e-05,0.014872967,0.290634662,0.6899038461538463,-0.3317307692307693
600310,0.1003174138527268,1.05848479844285,0.69392346059973,-0.6711968465843,0.38881164442416,2016,9.33e-06,-0.430326494,-0.167979331,0.8933764135702746,-0.864297253634895
600310,-0.0197035859276326,0.64466775863991,0.6177499280691899,-0.33059912815914,0.11359359699885,2017,9.55e-06,0.271144873,-0.430326494,-0.9067357512953368,-0.810880829015544
600310,0.0109794546046866,0.8036418808046499,0.42821917435962,-0.58861132666325,0.18967346152821998,2018,1.51e-05,-0.242573794,0.271144873,0.2598039215686274,-0.09558823529411764
600310,-0.0537510293425606,1.1103494066922202,0.46216449536827997,-0.6006745277178099,0.72433179114625,2019,8.6e-06,0.101114504,-0.242573794,-0.7908653846153846,-0.8028846153846154
600312,0.037252919744969,1.11664752401952,-0.23377505446914998,0.15839502574537,-0.46661268775326,2016,3.5e-05,-0.596108392,-0.095993542,0.505654281098546,0.5573505654281099
600312,0.0003302428030762,1.1312461703773,0.40456921880954005,0.29303055429487,0.041649250374260004,2017,8.48e-05,0.377958394,-0.596108392,-0.05440414507772018,0.9170984455958548
600312,0.006947875243469,1.12509845969721,1.25554343688671,0.22117989850411,0.13823398163401,2018,7e-05,-0.041645195,0.377958394,0.14215686274509798,0.8946078431372548
600312,-0.0436946377529398,0.9540803050475,0.4352052788219,-0.1363152899043,-0.36184571932156,2019,3.43e-05,-0.220294052,-0.041645195,-0.6826923076923077,0.6105769230769231
600316,0.0317996103625721,1.24523785738107,-0.09626651248196,-1.67396741175097,0.44856229853302,2016,1.27e-05,-0.428837387,-0.188424437,0.44103392568659117,-0.3570274636510501
600320,-0.0121570601730962,1.21742039474284,0.060829795711459994,-0.27649762539611,0.42960418110008,2016,7.76e-06,-0.187959059,0.200913562,-0.22778675282714056,-0.9612277867528272
600320,0.0209805363148798,1.21712087197986,0.30020789612564996,0.34450551881661,0.44693362923210994,2017,2.39e-05,0.073189996,-0.187959059,0.9300518134715026,0.15803108808290145
600320,0.0056984790138399,1.30414137173061,0.26707516029038003,0.05311661968834,0.37761296791978,2018,8.21e-06,-0.238381924,0.073189996,0.10049019607843146,-0.9044117647058824
600320,-0.0053341675858913,0.93951538118798,0.43913503316348995,-0.24059380157475,0.24165958645448,2019,7.5e-06,0.181817298,-0.238381924,-0.05769230769230771,-0.9350961538461539
600323,-0.0005802792792377,1.15845428972322,0.6740655141460999,0.27442085360087,-0.29992576921753,2017,1.33e-05,0.107010454,0.047885713,-0.1787564766839378,-0.2953367875647669
600325,-0.0036804173125572,1.61015138657656,-0.46815198107467,0.27821570648074,0.21301316027752,2017,1.48e-05,0.042320585,-0.088149774,-0.4740932642487047,-0.19948186528497414
600326,0.0164215076499307,1.18356508500426,2.3439282240965,0.91085394407097,-0.72356375050407,2017,1.72e-05,0.280164266,-0.302515423,0.8782383419689119,-0.13212435233160624
600326,-0.0096188102728296,1.33864481920803,1.5420583916005801,1.09348736863938,0.26511723612516996,2018,1.58e-05,-0.077319331,0.280164266,-0.3137254901960784,-0.06617647058823528
600326,0.0028664828762076,0.8860438367186099,0.63999383727161,0.32228113000851,-0.88560687357361,2019,1.47e-05,-0.059191621,-0.077319331,0.10817307692307687,-0.09134615384615385
600328,-0.0215663142903205,1.1767328389946,1.0317982905327099,0.74451310351402,0.03440160650901,2019,6.96e-06,1.01125769,-0.131856553,-0.38942307692307687,-0.9615384615384616
600329,0.0019768768501714,0.93496275930127,0.84460217084887,0.6286814751832199,-0.0437157356988,2017,9.73e-06,-0.252531813,0.042408762,0.16580310880829008,-0.7979274611398963
600330,-0.056318196280075,1.2964559697388098,1.11755766164506,-0.39255151079157996,0.36529939788304,2019,3.16e-05,-0.025628731,0.255779022,-0.8149038461538461,0.5673076923076923
600332,0.0300062592682989,1.19519908798625,-0.57414754478727,0.14643583261927,-0.06096957577864,2019,6.11e-06,0.06741888,-0.214731637,0.5240384615384615,-0.9831730769230769
600335,-0.0333675967100024,1.1537884726268999,0.50639791900371,0.11459392371428001,0.030528140058250004,2016,1.29e-05,-0.130681151,0.063979918,-0.5218093699515347,-0.33117932148626816
600335,0.0017491030118206,1.1915244324102099,1.2139835368658198,0.6471248936548001,0.22446364396773003,2017,6.33e-05,-0.328662542,-0.130681151,0.13212435233160624,0.8160621761658031
600335,0.0265052819570099,1.41185201653776,1.25276234436684,0.31951621737365,0.1063441267763,2019,1.98e-05,0.307459833,-0.342723231,0.48076923076923084,0.1875
600336,-0.0129048158920659,1.05113900424283,1.42351589554763,0.41778470412915,0.21927281486489003,2018,1.14e-05,0.361179188,0.129348242,-0.39950980392156865,-0.43137254901960786
600338,0.000256541620854,1.08252729816169,0.13063015719409998,-1.02140776792388,-0.35969955377127,2016,2.53e-05,-0.456255615,0.273680375,-0.06300484652665594,0.33117932148626816
600338,0.0152270795486036,1.44623115105151,0.02012321013642,-0.79957573190463,0.08426442955749999,2017,4.94e-05,0.201137883,-0.456255615,0.8626943005181347,0.689119170984456
600338,-0.0104263205066745,1.2226029890836199,1.4663711885417299,0.9146505491067001,0.14660501154613,2018,4.98e-05,-0.437007647,0.201137883,-0.3480392156862745,0.7450980392156863
600338,-0.0112364143573898,0.85976579762187,0.23467608186512,-0.52465008562966,0.23523058893692,2019,4.49e-05,0.439437929,-0.437007647,-0.19951923076923073,0.7716346153846154
600339,0.0230981943364514,1.01855530802228,0.8848777483342001,0.11216099572572,0.34159913162535,2018,2.86e-05,-0.463311681,-0.066533844,0.5220588235294117,0.4093137254901962
600339,-0.0218253089753095,0.94213903848509,1.22504946081168,0.9111862305737699,-0.36569429672943,2019,1.87e-05,0.253648648,-0.463311681,-0.39182692307692313,0.08894230769230771
600340,-0.0111461260108001,0.95878204995791,-0.53082362554356,-0.20636428933945,0.07136054955858,2016,3.58e-05,-0.220744966,0.383146451,-0.21486268174474965,0.5735056542810986
600340,0.0001365496625535,1.29257483437637,-0.007633931983680101,0.53966869689604,-0.09492695791783,2017,1.85e-05,0.246290232,-0.220744966,-0.08290155440414504,-0.08808290155440412
600340,-0.0018306677000082,1.3834651705689,-0.52878280377938,0.86162912983655,0.54897898646386,2018,3.92e-06,-0.281697978,0.246290232,-0.10049019607843135,-1.0
600343,0.0309076653210321,1.2115645749617998,-0.32263572020177,-1.9240203511050098,0.4601729396666,2016,3.13e-05,-0.478907577,-0.282019966,0.41518578352180935,0.4733441033925687
600343,-0.0032556222132098,1.3316739269450402,0.37978853445624,-0.53732834237908,0.65772485000821,2017,6.96e-05,0.09993594,-0.478907577,-0.4430051813471503,0.8652849740932642
600343,0.0456703041326134,0.75134683001348,-0.29694768619417,-1.65945661038953,0.21284356613221,2018,1.9e-05,-0.251068405,0.09993594,0.8137254901960784,0.03431372549019618
600343,-0.0427817146407833,1.08040927631769,0.8307334875939499,-1.07205163805729,1.18228987311663,2019,2.47e-05,0.255305537,-0.251068405,-0.6754807692307692,0.40865384615384626
600345,0.0077702030054658,1.15420098859959,1.35011803993399,-0.40334254652070994,-0.13723403288461,2017,1.39e-05,0.005623464,0.316931502,0.660621761658031,-0.24870466321243523
600345,0.0025989000841557,1.6246123903447498,0.92974797446023,-0.78355015664393,-0.18491616101549,2018,1.44e-05,-0.267713609,0.005623464,0.019607843137254832,-0.1299019607843137
600346,-0.0015913853313844,1.6892993321524798,0.10762633355179,-0.17582314143544,0.20827619780050002,2017,2.17e-05,0.182450109,0.762353102,-0.30051813471502586,0.04404145077720201
600346,0.0127084252053405,1.44992474826102,0.8963402718768001,0.76609306588596,-0.28183086788065,2018,9.01e-06,0.16756343,0.182450109,0.29656862745098045,-0.8161764705882353
600348,-0.0011965667056876,1.60064209906108,-0.23579641266058998,-0.27229801334654,0.12393500731493999,2017,9.01e-06,-0.173632271,0.038854664,-0.2538860103626943,-0.8756476683937824
600350,0.0123551362110283,1.1530737427551299,0.67961482415893,0.29231079229125,0.38635096403672,2016,3.35e-05,-0.309549174,0.190758494,0.13085621970920847,0.5121163166397416
600351,0.0370818793060117,1.06815700943687,1.43280764931654,1.00451879401961,-0.053712768970369994,2016,9.48e-06,-0.072760395,-0.230247335,0.49919224555735053,-0.8416801292407108
600351,-0.0073688043909897,0.9987022136487901,0.45601593899670995,0.036556292241900004,0.41141537448915,2017,9.94e-06,-0.131380014,-0.072760395,-0.7253886010362695,-0.7642487046632125
600353,0.0238725393260712,1.01499366338177,1.16362271203376,-0.57728757036348,0.2821389430604,2016,2.66e-05,-0.343218237,-0.09662018,0.33117932148626816,0.3764135702746365
600353,0.0056779642607897,1.11190046482271,1.77056209623669,0.20083000247274,0.6111706862724899,2018,2.5e-05,0.156386872,0.05693728,0.0980392156862746,0.29166666666666674
600353,-0.0407859999283862,1.04081754809057,1.01914290158466,-0.73318062878204,0.36521347925054,2019,2.25e-05,-0.125384123,0.156386872,-0.6586538461538461,0.33173076923076916
600354,-0.112763353702764,1.04488593938765,1.24668165346596,-0.45027416430697004,0.38954227872025005,2016,2.21e-05,-0.326980643,-0.081252413,-0.9579967689822294,0.1631663974151858
600354,0.0008661431832362,1.03739736104,1.51052445604683,0.2578962241889,-0.12840089238595,2017,1.09e-05,0.242913382,-0.326980643,0.015544041450777257,-0.6295336787564767
600362,-0.0087736382336097,1.32682469744873,-0.20792091936107,-0.56698850106894,0.68476198684018,2016,1.84e-05,-0.065884144,0.240519012,-0.17285945072697895,0.008077544426494443
600362,-0.0045599651065234,1.82002519516276,-0.67088253842023,-0.60670112574116,-0.01067311388612,2017,8.88e-06,-0.00923284,-0.065884144,-0.572538860103627,-0.8886010362694301
600362,-0.0270577617922922,1.15686043476705,0.16411403917012,0.75959178167095,-0.21257085649352003,2018,6.92e-06,-0.146512657,-0.00923284,-0.6348039215686274,-0.9779411764705882
600362,-0.0270019228251465,1.14892133609482,0.30375322671084,0.48400211098971,-0.03689400676536,2019,5.45e-06,0.648833254,-0.146512657,-0.47596153846153844,-0.9951923076923077
600363,0.0293996973700113,1.2687904492359399,1.31560763698079,0.07275144486791,-0.16475146479879,2016,2.27e-05,-0.349007467,-0.224113481,0.3990306946688207,0.21163166397415178
600363,0.0029135375499191,1.15919929494674,1.31280088665928,0.60851135845877,-0.0660497038406,2017,1.2e-05,0.438597924,-0.349007467,0.2772020725388602,-0.46113989637305697
600366,0.0979008502322029,1.0667349236841899,0.57853908238367,-0.12658928226117,-0.31936543748721,2016,1.28e-05,-0.374670016,-0.26383174,0.8836833602584815,-0.34087237479806143
600366,0.0070429796699159,1.0898015232672,0.45593234976694,-0.34640748144848,-0.09471778593144001,2017,1.26e-05,0.482964211,-0.374670016,0.6243523316062176,-0.38082901554404147
600366,0.033663190674907,1.22304677301289,0.96384423012054,-0.23083808724342,-0.07581321627047999,2018,1.11e-05,-0.381347811,0.482964211,0.6911764705882353,-0.4901960784313726
600368,0.0448432181566147,1.1085512612089,1.1445946911445701,0.17312207619363,0.15069891787406,2016,7.56e-06,-0.244427201,0.137071156,0.5864297253634896,-0.9741518578352181
600368,0.0227459245041727,0.8982059698091001,1.3478973321126,0.43547054732495,-0.39955968555383,2017,5.03e-05,0.475300551,-0.244427201,0.9455958549222798,0.6994818652849741
600368,-0.000600663517694,1.03906925968612,1.1249440153309098,0.31899476175507,0.02399456358878,2018,6.34e-05,-0.263640286,0.475300551,-0.056372549019607865,0.8627450980392157
600368,-0.0512615865430628,1.00907667545554,1.09800229205705,1.21794839494165,-0.04639361637339,2019,4.82e-05,0.037272951,-0.263640286,-0.7668269230769231,0.7836538461538463
600370,-0.008701896480425,0.69908565511181,1.01279174833328,0.17698358260625,0.39255384227732004,2018,2.89e-05,0.06731906,0.051697233,-0.28431372549019607,0.41666666666666674
600370,0.0419526723191439,0.8123259905117799,1.0829036611136,0.19287673536285999,0.07576650914515,2019,1.28e-05,-0.068465274,0.06731906,0.6778846153846154,-0.18028846153846156
600371,0.002919094305374,1.07073809292076,0.84953516575185,-0.55243232972331,-0.01378274718546,2017,1.39e-05,0.373862157,-0.31037149,0.27979274611398974,-0.24870466321243523
600372,-0.0319675441187832,0.78559102888652,0.21485814491189,-1.3383377083091799,0.06853792638052,2018,1.09e-05,-0.113084742,0.119408421,-0.6936274509803921,-0.517156862745098
600372,-0.0295127830687821,0.9566288189927399,0.36342894688967,-1.07432957551413,0.8388392844909001,2019,2e-05,0.227256628,-0.113084742,-0.5264423076923077,0.20192307692307687
600373,-0.0388268625506397,1.1912404382783,0.61662812551991,0.7874704637059299,-0.05782280575402,2016,2.77e-05,-0.447897758,0.122588659,-0.5799676898222941,0.40872374798061384
600373,-0.0123331612653232,0.9087664868871199,0.39928559021205995,0.43169968947042,0.38376280417631,2017,1.91e-05,0.001855904,-0.447897758,-0.8497409326424871,-0.04922279792746109
600373,-0.0038026755934267,1.09293333062542,1.04179563450102,-0.01495823448066,0.30371359392412,2018,1.87e-05,-0.037039061,0.001855904,-0.13725490196078427,0.017156862745097978
600373,-0.0102142445052389,1.05458450993802,0.7625088996088201,-0.06764712280737,0.25165587408199,2019,2.62e-05,-0.13194133,-0.037039061,-0.1826923076923077,0.44471153846153855
600375,0.0026859192925129,0.81997093303067,0.59964321432705,-0.23362338223566,0.13028694042466002,2018,2.2e-05,0.469504127,0.02859426,0.026960784313725394,0.14460784313725483
600375,-0.0694109283980011,0.71397900120921,0.43309669565948,-1.39144854461693,-0.29918105445276,2019,2.92e-05,0.523408521,0.469504127,-0.8774038461538461,0.5072115384615385
600378,0.0021517870294302,0.69865820073569,0.80974130456073,-1.57169755900007,0.07262782480779001,2017,5.22e-05,0.590999889,-0.227475845,0.18911917098445596,0.7124352331606219
600378,-0.050051346761091,0.9220600212769899,0.73358613576059,-0.27700394954192004,0.29112268214998,2018,5.03e-05,0.31681072,0.590999889,-0.8627450980392157,0.7524509803921569
600378,0.0863680076451034,1.0403052722624,0.8630839552821,0.2967157452189,0.32429504511949997,2019,2.49e-05,0.079460668,0.31681072,0.9182692307692308,0.42307692307692313
600379,0.0276524819489821,0.93694645514883,1.11501171481728,0.23545142745674,0.29737299733788,2016,1.3e-05,-0.452977756,-0.349572622,0.37318255250403887,-0.3150242326332795
600379,0.0027924959967821,1.01850551969912,1.81875059066655,0.70725340645756,0.54958516748575,2017,5.22e-05,0.180780279,-0.452977756,0.26165803108808294,0.7124352331606219
600381,-0.0306794867011454,1.2891209546217801,2.25302710034254,1.43836774002408,0.038450506008870004,2018,1.19e-05,-0.173711805,-0.276713864,-0.6838235294117647,-0.33333333333333337
600388,0.0182870911887932,1.09330759889399,0.93458097106863,0.09114051155611,0.10887613925343,2016,1.29e-05,-0.165236041,0.233853918,0.23747980613893382,-0.33117932148626816
600388,-0.0040324532863609,0.9768257682852299,1.73747856701083,1.1774567057288698,-0.65406732095029,2017,2.37e-05,-0.045092677,-0.165236041,-0.533678756476684,0.13989637305699487
600388,-0.0087190168659467,0.62441836715068,0.71532866217136,-0.11375627998476999,0.13900411940299,2018,2.16e-05,-0.290935547,-0.045092677,-0.2892156862745098,0.11029411764705888
600392,0.0146327812678328,1.40358663262676,0.30680265029483,-1.34418727990719,0.23120533264405002,2017,8.57e-06,-0.123686893,0.213744065,0.8523316062176165,-0.9326424870466321
600392,0.0262479087479471,1.7720590468365,-0.06648817135938,-0.9517009537465501,0.79183131315819,2018,8.16e-06,-0.372514433,-0.123686893,0.5833333333333333,-0.9093137254901961
600395,-0.032368191080517,1.04877106036861,0.10097876089608,-2.03710939103602,0.95641557087097,2016,2.14e-05,-0.161108047,-0.12499981,-0.5185783521809371,0.1340872374798061
600397,0.0021706813310062,1.19830122342936,0.52788637929104,-0.80704581518947,0.01651391321685,2017,1.03e-05,-0.069276164,-0.375567003,0.1917098445595855,-0.7305699481865284
600398,-0.0590113657394292,0.80805647418773,0.43197054024249,0.59406604460396,-0.61227511256651,2018,1.15e-05,-0.368313398,-0.269068587,-0.9117647058823529,-0.41666666666666663
600398,-0.0054337164128611,0.92499529051674,-0.22005194816337,0.10370461915111999,-0.29128299885437997,2019,9.88e-06,0.327286885,-0.368313398,-0.060096153846153855,-0.5528846153846154
600400,-0.0570929749934493,0.7795200686757,1.98525984834084,1.2828429282482399,0.07066908884839,2016,1.18e-05,-0.224175167,-0.163754251,-0.7673667205169629,-0.5185783521809371
600400,-0.0050870192757213,0.37825727452144,-0.39146829599920996,-0.69062539497947,0.50327420781391,2017,1.18e-05,-0.028196469,-0.224175167,-0.6269430051813472,-0.5051813471502591
600405,-0.0677141159530885,1.15340977781156,0.83083863944335,-0.66384856733032,-0.3120273963519,2016,1.2e-05,-0.37462615,-0.332520305,-0.8190630048465266,-0.4862681744749596
600406,0.0116653162687826,1.3198766572326799,0.12363023935428,-0.061750252493959996,0.39978937440794005,2016,9.29e-06,-0.098178874,0.332169531,0.11793214862681745,-0.8675282714054927
600406,-0.0444058877077688,0.8820465305849999,-0.02935631007142,0.61154862894909,0.26608072712946,2017,1.69e-05,0.162390361,-0.098178874,-0.9715025906735751,-0.1424870466321243
600409,0.0590236612185272,1.15085576168428,0.34421682978737,-0.68515061697485,0.37452007916663,2016,1.18e-05,-0.133858831,0.492557998,0.6898222940226171,-0.5185783521809371
600409,-0.0062586272628334,1.0506135516133301,0.27587237871555,-0.03748723724295,0.3007402042147,2017,3.1e-05,-0.326639987,-0.133858831,-0.6813471502590673,0.37823834196891193
600409,-0.0322439123917828,1.4697175262736502,1.81918044783682,1.19009184129608,-0.52312792541851,2018,1.01e-05,-0.189279965,-0.326639987,-0.6985294117647058,-0.6715686274509804
600409,-0.0460172565167521,1.35407636923888,1.0173226662619101,1.04414165586505,-0.37727440704244,2019,2.94e-05,1.258995148,-0.189279965,-0.7139423076923077,0.5216346153846154
600410,0.0426720397635565,1.2030710267706,0.33965296982656,-1.69542421430951,-0.5483535808804699,2018,1.72e-05,0.248784369,0.217203362,0.7818627450980393,-0.02941176470588236
600410,0.0210197421746793,1.14651654149303,1.01595200271879,-1.55220894782817,0.71094710279705,2019,8.2e-06,-0.437559491,0.248784369,0.39903846153846145,-0.8509615384615384
600415,-0.0357181921369547,1.08335223342516,0.59683237436865,-0.8156586120755699,0.60587741816383,2016,2.17e-05,-0.413950813,0.163716066,-0.5411954765751212,0.14378029079159926
600415,-0.0083598498781249,0.38314403460752,0.50696263852269,0.41172095352977006,-0.42163030358634,2017,5.36e-05,-0.02653363,-0.413950813,-0.7538860103626943,0.7383419689119171
600415,-0.0108613645339611,0.9999515303719999,0.47822992895646,0.17128586948909,0.22940017235578,2018,3.26e-05,0.164451138,-0.02653363,-0.35539215686274506,0.4901960784313726
600415,0.0110811140673482,0.94440781323926,0.46938853995383,-0.24989199553439,0.09719200559775,2019,3.11e-05,0.060905176,0.164451138,0.23076923076923084,0.5552884615384615
600416,-0.0486278338811104,1.0924557552121201,-0.06185655685722,-1.4330311168335501,0.04689199422688,2016,5.92e-05,-0.48157433,0.086423009,-0.6962843295638126,0.8255250403877221
600416,0.0053410210302595,1.12619101145527,0.20781588775558,-1.1345279991399,-0.0067840943817492,2017,5.87e-05,-0.17554309,-0.48157433,0.5388601036269429,0.7823834196891191
600416,0.0165799753841745,1.06480744049087,0.7867509323088501,-1.20265945366909,0.35391214857773,2018,2.16e-05,0.351777965,-0.17554309,0.392156862745098,0.11029411764705888
600419,0.0677746898187548,0.9629517843468599,0.17864634921354,0.35743789009421,-0.56405795148947,2016,1.21e-05,-0.248067888,-0.08387672,0.7512116316639741,-0.47657512116316636
600419,-0.0287985068204749,0.29453549051378003,1.77541853312261,0.9587603435773501,-0.04327500808695,2017,1.19e-05,-0.184774993,-0.248067888,-0.9559585492227979,-0.49222797927461137
600419,0.0482521720172143,1.32494739607116,0.5296169106642801,-0.033199488927260004,0.24595226411179,2018,1.17e-05,0.048582378,-0.184774993,0.838235294117647,-0.375
600419,0.0321528871229599,1.05072186074518,0.70088223629253,0.56216463945157,-0.20916999018777,2019,1.11e-05,-0.098021561,0.048582378,0.5625,-0.31971153846153844
600422,0.0567367345399857,1.26900102250108,1.00043934783661,1.11227699871896,-0.07430627696077,2016,8.12e-06,-0.327113116,-0.167732377,0.6865912762520194,-0.9483037156704361
600422,-0.0025994489348766,0.83019541707977,0.7846080980638199,0.34648957003871,0.18386024760449002,2017,7.95e-06,0.479906431,-0.327113116,-0.39896373056994816,-0.966321243523316
600422,-0.0363218913735199,1.00978494457736,0.22224819315888,-0.68783722654933,0.35086126842048,2018,7.94e-06,-0.149129372,0.479906431,-0.7450980392156863,-0.9166666666666666
600422,0.0002553894184226,1.14250272015506,1.96360142481198,1.07214452245901,-1.02098072693046,2019,1.49e-05,0.004104237,-0.149129372,0.05769230769230771,-0.08173076923076927
600425,0.0566725381979027,0.76491265717941,1.5594975894513001,0.04431059044207,0.98751932908866,2018,2.53e-05,-0.114989185,0.4832468,0.8995098039215685,0.2990196078431373
600425,-0.0208850926696048,1.09534536566253,0.55057247911856,0.0023823233123685,-0.5618734276423,2019,2.5e-05,-0.156273656,-0.114989185,-0.37259615384615385,0.4278846153846154
600428,0.0288969984973906,1.4875516694525601,0.09183560660685999,-1.1696793197836701,0.63727879440172,2016,7.88e-05,-0.438178149,0.094187419,0.38933764135702753,0.8966074313408723
600428,0.0172576063394778,1.7206686341053001,0.10026441542058001,-0.40551891398017,-0.25899093790824,2017,0.000119292,0.031960927,-0.438178149,0.8989637305699483,0.9611398963730571
600428,-0.0047496488875692,1.41373479677319,0.73433779180765,0.32293938922972004,0.19555354256113,2018,8.92e-05,-0.180249451,0.031960927,-0.178921568627451,0.9583333333333333
600428,-0.0447020023894175,1.19804984575663,1.24640422045349,0.74321968136518,0.24605216116505,2019,9.9e-05,0.836322375,-0.180249451,-0.7019230769230769,0.9663461538461537
600429,0.0215080930154546,1.2405547722424999,1.01299278788293,0.8943219725280499,-0.10921341394908,2016,9.46e-06,-0.07683151,-0.178662095,0.28271405492730217,-0.851373182552504
600429,0.0016661794771603,1.0258701347844301,0.75170165842599,0.44992322922454003,0.37524126196331997,2017,8.98e-06,-0.024741342,-0.07683151,0.12435233160621761,-0.8782383419689119
600433,0.0202899974187791,1.09058109156062,0.9039159849351099,-0.13031758851643002,1.07247291762868,2019,2.43e-05,0.774390813,-0.204410375,0.3846153846153846,0.3966346153846154
600435,-0.0487931881120516,0.94866170291843,0.35412023399726,-1.64760566203636,0.72561351047184,2019,1.08e-05,0.037473504,-0.171865326,-0.7475961538461539,-0.3870192307692307
600436,0.0783252533218306,1.1157210695869901,-0.6656412998887801,0.07772115639088,-0.40442420344405,2019,2.62e-05,1.60108974,0.463566504,0.8822115384615385,0.44471153846153855
600438,-0.0864284966535116,0.98768526833878,1.45106286493147,0.17503588516100999,0.41653023140288004,2016,7.04e-06,0.234331016,-0.123366104,-0.9127625201938611,-0.9838449111470113
600439,0.0076992278718783,0.22876690055589002,0.36175378738275,0.09406694632080001,0.09167996306978,2018,1.21e-05,-0.071491477,-0.167323643,0.1691176470588236,-0.31862745098039214
600439,0.0425616500266207,1.11941887967944,1.61792932643398,0.86604068746474,-0.41494033729676,2019,1.08e-05,0.006659372,-0.071491477,0.6850961538461537,-0.3870192307692307
600444,0.0003283319296261,1.03217745359989,0.70799839715311,-0.5697335832159199,0.26205591444473003,2017,2.41e-05,0.002144029,-0.399134816,-0.05699481865284972,0.16839378238341962
600444,0.0158609496103102,1.06024864924394,1.6898997426898,0.23500791501889,-0.2966612015122,2018,3.57e-05,-0.165504574,0.002144029,0.36764705882352944,0.5294117647058822
600444,0.0094552312067405,0.956475253012,1.38146852593337,0.70445565280879,-0.29713386652432,2019,1.01e-05,-0.006140174,-0.165504574,0.20192307692307687,-0.5192307692307692
600446,-0.0262645899706477,1.4500135252483,-0.13799656958929002,-1.73845747016559,-0.23451476004115002,2019,1.72e-05,-0.262640866,-0.027107105,-0.4639423076923077,0.007211538461538547
600448,-0.0020892732916346,1.02261384341577,1.1856094277681,0.0068604606086518,0.13386961671362999,2017,3.67e-05,0.173786629,-0.180441393,-0.35492227979274615,0.5207253886010363
600448,0.0079924161203719,0.6775549432136301,1.6763884136801102,0.23175097602973002,-0.12434867770955998,2018,3.7e-05,-0.210247955,0.173786629,0.178921568627451,0.5735294117647058
600452,0.0777557175925456,1.08727004990423,1.06462418574503,-0.26346960945714,0.28803883236741,2016,1.53e-05,-0.411322015,0.351827303,0.7835218093699516,-0.11470113085621969
600452,0.016989116421717,0.50766952815526,0.30331878148532,-0.75288423926845,0.17215066246793,2017,1.59e-05,0.261245293,-0.411322015,0.8860103626943006,-0.16321243523316065
600458,-0.0052039603335143,1.2798190033972,0.67329376686434,-0.07593489985571,0.024629416697919997,2016,1.25e-05,-0.362950288,-0.269797935,-0.14054927302100162,-0.40872374798061384
600458,0.0009237083734687,1.20745806604711,0.9203788665430699,-0.3698156337527,-0.18079328642577,2017,2.31e-05,0.397552464,-0.362950288,0.03626943005181338,0.11917098445595853
600458,0.0265951485733389,1.11071906680617,1.22543222496013,0.07318037652806,0.24897665106171,2018,1.73e-05,-0.383763064,0.397552464,0.588235294117647,-0.022058823529411797
600461,-0.0033907933274557,0.71348453324123,0.61249060321243,0.15574817097571,0.0044353116350187,2018,1.07e-05,0.024201164,-0.011806951,-0.12254901960784315,-0.571078431372549
600461,-0.0078846570346471,0.75033398744017,0.49681109384166,0.0089079217665455,0.26750958386693,2019,1.86e-05,0.16580986,0.024201164,-0.14903846153846156,0.07211538461538458
600468,-0.0068537729924279,1.15519288965226,0.47202358122942,-0.98926855078904,0.73289171509007,2016,1.18e-05,-0.154938049,-0.318657724,-0.15670436187399028,-0.5185783521809371
600468,-0.0329359328764262,1.10274190921377,1.1052894905575,0.12653671989981,0.15287771959239,2019,1.13e-05,-0.208824203,0.114217451,-0.5625,-0.27403846153846156
600469,0.0097594941130572,1.2384351281847301,1.19972796443176,0.38814537222412,0.02656056568328,2016,1.16e-05,-0.520394308,-0.293068653,0.08239095315024225,-0.5508885298869144
600469,-0.0112534277481516,0.53804751340168,0.69817561411375,-1.0803242268384499,0.27717567787343,2017,2.38e-05,0.319230743,-0.520394308,-0.8393782383419689,0.15025906735751304
600469,0.0134072649889512,0.8960494205664801,1.9255299364982,0.96923741391714,-0.63289801900454,2019,1.07e-05,0.075723806,-0.094590745,0.27884615384615374,-0.40865384615384615
600470,-0.0116935801701285,1.21534040451406,1.5713616883479602,0.51367969279944,-0.16084952943675,2018,1.06e-05,-0.354451816,0.131610384,-0.3700980392156863,-0.5882352941176471
600470,0.2379486302884502,1.24317283214845,1.46126169978342,0.35916943759521003,0.04423012913286,2019,9.7e-06,-0.065156331,-0.354451816,0.9879807692307692,-0.59375
600475,-0.0261969735537248,0.81176147304761,1.25246328270568,-0.7985497133748101,-1.0797087230878801,2017,4.13e-05,0.01407109,-0.46910626,-0.9507772020725389,0.6113989637305699
600475,0.0686258194355405,1.13508999052437,1.3967665845941601,0.58066040275538,0.21385137436572,2018,2.32e-05,0.07848544,0.01407109,0.9436274509803921,0.19852941176470584
600475,-0.0073510666609383,0.9778028443068,0.72109572765901,0.11840891457969001,0.11388149924369,2019,2.69e-05,0.178825319,0.07848544,-0.13461538461538458,0.4591346153846154
600477,-0.0172632065248331,1.07145508439216,0.9451414806897099,0.1163497724207,0.21374686888574,2016,1.94e-05,-0.464533311,1.206079506,-0.30533117932148623,0.037156704361873905
600477,-0.0358243310350216,1.58541950840075,0.72001068802209,0.18743653999905,-0.54024072003224,2017,1.91e-05,-0.170664817,-0.464533311,-0.9637305699481865,-0.04922279792746109
600477,-0.0321380285141644,1.27554249205954,0.9502842007057701,-0.09709793182323,0.28081889830809004,2018,9.7e-06,0.11787792,-0.170664817,-0.696078431372549,-0.7205882352941176
600477,-0.0299919044571579,1.10947353563171,1.05339548285112,0.24835571093685,0.22343924162238002,2019,8.22e-05,-0.003751235,0.11787792,-0.5336538461538461,0.9375
600479,-0.0041021606521965,0.73380791755127,1.02448979543099,0.48378195486542,-0.21210609568970998,2017,1.03e-05,-0.087690767,-0.125455112,-0.5414507772020725,-0.7305699481865284
600479,0.0230553434520945,0.8227856271183199,0.5284857669338999,-0.07484003570402,-0.11019636161214001,2018,1.04e-05,0.030447203,-0.087690767,0.5196078431372548,-0.6200980392156863
600479,0.0729819748376507,1.0657321002366,1.20016032157479,0.90746541798569,0.07656119675341,2019,9.67e-06,0.058343806,0.030447203,0.8701923076923077,-0.6009615384615384
600480,0.0308394870323973,1.27212002500749,0.5178832451362,-1.06662174218728,0.33810421048508,2016,1.22e-05,-0.551120712,0.502906284,0.4119547657512117,-0.4604200323101777
600480,0.0033180165371149,2.02559402942654,-1.8103656564649202,-3.65997815964927,-1.76963619166907,2017,2.05e-05,-0.079949873,-0.551120712,0.3264248704663213,-0.012953367875647714
600480,0.0317777468169859,1.13975889425076,0.92427285544993,-0.25494297336189004,0.6971624295597301,2018,9.36e-06,0.296389807,-0.079949873,0.6568627450980393,-0.7598039215686274
600480,-0.0319940681779871,1.13975198004478,0.8238272436166301,-0.50366513275982,0.70982625584051,2019,8.3e-06,0.127563481,0.296389807,-0.5528846153846154,-0.8389423076923077
600481,-0.0848766728901509,1.10134506458684,1.29739702294415,-0.22549238712233,0.37641420573462997,2016,1.23e-05,-0.414553432,-0.085030653,-0.9030694668820678,-0.4474959612277868
600481,-0.1756106663646693,0.71158825895359,2.3206114834914,1.01751432063445,-0.49821222389665,2017,2.4e-05,0.22903984,-0.414553432,-0.9948186528497409,0.160621761658031
600481,-0.0339788730585623,0.88548046174529,0.94670839886209,0.16736671095498,-0.22284773396162003,2019,1.16e-05,1.328176813,-0.193583448,-0.5745192307692308,-0.25240384615384615
600482,0.0963344041544979,0.84709497909499,0.8125049710935099,-0.10120486829358,-0.17261464609868,2016,3.45e-05,-0.320641024,-0.234019858,0.8739903069466881,0.5379644588045234
600482,-0.0026803411363932,0.9238800791964499,0.09928180943951999,-1.10825535772599,0.01174577861266,2017,6.44e-05,0.348952561,-0.320641024,-0.40932642487046633,0.8186528497409327
600482,0.0257985610843914,0.23621075341133999,-0.7512679671336899,-1.33349441616667,-0.15128300611002998,2018,2.82e-05,-0.345634624,0.348952561,0.571078431372549,0.39460784313725483
600482,-0.0142411397110696,0.76278576195667,0.21330702997398998,-0.30327178844856,0.17332708042811,2019,9.48e-06,0.092696877,-0.345634624,-0.2596153846153846,-0.6418269230769231
600483,-0.0374822330508985,1.08383968166331,1.37936643842123,0.30648330872375,0.08441048336865,2016,1.09e-05,-0.31857405,-0.100075937,-0.567043618739903,-0.654281098546042
600483,0.0049576628801023,1.00182871934414,0.44335007151814,-0.07600496598228,0.01308016100946,2017,1.06e-05,0.227711486,-0.31857405,0.49740932642487046,-0.689119170984456
600483,-0.0019201213230033,0.81513176221572,0.58146780827791,0.06998676555684,0.56965323144889,2018,1.05e-05,-0.115733958,0.227711486,-0.10539215686274506,-0.5955882352941176
600483,-0.0350959273962308,0.74688128770875,0.65010594332353,0.07196232947061999,0.19586946247115,2019,9.37e-06,0.423397852,-0.115733958,-0.5865384615384616,-0.6586538461538461
600487,-0.0685783428477823,1.04537606932917,1.5491352138505001,0.22356920420509002,0.03856541917727,2016,6.82e-05,0.089795498,1.208451533,-0.8352180936995154,0.864297253634895
600487,-0.0050159014341579,1.1405583244853599,0.91566762349287,1.0667590692094502,-0.01879278345092,2017,5.71e-05,-0.244880278,0.089795498,-0.6217616580310881,0.7720207253886011
600487,0.0068356294396469,1.83189713568011,-0.49337562323684,-1.2501172400138099,-0.01847486293253,2018,5.9e-05,-0.030884686,-0.244880278,0.13725490196078427,0.8333333333333333
600487,-0.0168028935871148,1.2579054106606,-0.41424427232023,-1.33851557317272,0.46021808229284,2019,3.68e-05,-0.316261109,-0.030884686,-0.3125,0.6586538461538463
600489,-0.004946508547433,0.95819602848645,-0.31638535252494,-0.58113790763363,0.48519356540274994,2016,1.02e-05,-0.328164074,-0.121127871,-0.1340872374798061,-0.7705977382875606
600489,0.0327032504281097,0.35479358282873,-0.10714564688046001,-0.62349817940647,0.013421707511709999,2018,9.72e-06,-0.121645285,0.490744633,0.6764705882352942,-0.7156862745098039
600489,-0.0364616966009736,0.24547420879887,-0.20225648504184,-0.60287386751006,-0.1748680346364,2019,8.64e-06,-0.069598818,-0.121645285,-0.6033653846153846,-0.7836538461538461
600490,0.1089012902211231,1.07966773770304,0.55189196456556,-0.86768501243397,-0.11799755652668,2016,1.15e-05,0.083911018,-0.019902347,0.9127625201938612,-0.5767366720516962
600490,-0.1120944235686371,1.1847986119499898,1.0599121995886,-0.22268277470199002,0.29033064150851,2019,7.68e-06,0.203611272,-0.372287272,-0.9855769230769231,-0.9182692307692307
600493,-0.0133203518828193,1.18147155218214,0.41399799190847003,-1.22460724722378,0.40722851568717,2016,1.26e-05,-0.414014909,-0.196805845,-0.24071082390953147,-0.37964458804523427
600493,0.0099919521469048,0.5733544296054,0.88966913980958,-0.8197523553942799,0.060765541625050004,2017,6.25e-05,-0.060331071,-0.414014909,0.7487046632124352,0.7979274611398963
600493,-0.0426722204303395,0.93815728836594,1.7552065009576199,0.60619124310485,0.3232613498373,2018,5.71e-05,-0.20965122,-0.060331071,-0.8161764705882353,0.8161764705882353
600493,0.0513916328017492,0.97482878098779,2.07426932857337,1.12825460580896,-0.12835283706618,2019,6.09e-05,-0.013989134,-0.20965122,0.7524038461538463,0.8846153846153846
600495,0.0178910045748553,1.2208395950484099,0.13043772834313,-1.43360985478417,0.56701473318374,2016,1.44e-05,-0.463850507,-0.052625715,0.2245557350565428,-0.18901453957996772
600495,0.0341407753761113,1.1365976635002801,0.8339375595548201,0.38011502835867,-0.27509657514751,2019,1.35e-05,-0.070026807,-0.202288535,0.5913461538461537,-0.14182692307692313
600496,-0.048604971059895,1.04561239958861,1.13501090071902,0.0042499578099598,0.50164211822458,2016,8.95e-05,-0.391274949,0.117061512,-0.6930533117932149,0.9353796445880453
600496,-0.0108247055436039,1.0658063018164698,0.9742146362799899,-0.09623305942617,-0.24596493224902,2017,2.19e-05,0.047937801,-0.391274949,-0.8186528497409327,0.059585492227979264
600496,0.0024220190749334,1.0166198755529,0.8290859720998901,-0.23801570542999,0.5716283721376,2018,3.05e-05,0.045465987,0.047937801,0.009803921568627416,0.446078431372549
600498,-0.0901050187811564,1.13978227205526,1.48249737288272,0.9778420265846299,0.05812859404292,2016,2.08e-05,-0.020587017,0.041827625,-0.9159935379644588,0.10500807754442643
600498,-0.0065545782660872,1.16582334898722,0.40438722077513,0.18873247367273,0.037689282503899996,2017,3.09e-05,0.117129345,-0.020587017,-0.6865284974093264,0.3756476683937824
600498,-0.069396768603936,0.9557122876645501,-0.56013339167981,-1.48752193736706,0.37031750975206,2019,9.49e-06,-0.358333353,0.035189711,-0.875,-0.6394230769230769
600499,0.0527522032056654,1.15755456740868,0.94902658134121,0.6458497584635801,-0.31924247717573,2016,6.87e-05,-0.143591474,-0.054159336,0.6639741518578353,0.8675282714054928
600499,-0.0032974330378455,0.88624948446351,0.51548251198448,-0.64199200827551,-0.27803283437255,2017,6.28e-05,-0.371506898,-0.143591474,-0.4455958549222798,0.8082901554404145
600499,0.0656788354396575,1.35116178392821,0.24288433844384,-0.79628038770148,0.03865145687658,2018,4.18e-05,-0.073587104,-0.371506898,0.9338235294117647,0.6470588235294117
600499,0.0139124363533207,1.03585525251725,1.1032156227487802,-0.12796795007299,0.35142763915463,2019,2.87e-05,2.473741498,-0.073587104,0.2908653846153846,0.49759615384615374
600500,-0.0406433896897515,1.30555136515743,0.77334392358687,-0.37202377574392,0.35644949960069,2016,7.27e-06,-0.287134325,0.064149816,-0.6122778675282714,-0.9773828756058158
600500,0.0007411355716673,1.41856382883517,-0.14423982413179,-1.01621361572844,-0.50127787532711,2017,1.56e-05,0.079047321,-0.287134325,-0.002590673575129543,-0.16839378238341973
600501,0.0008990350582842,1.32448667169115,-0.19073943000133,-1.61593275750245,0.30692126541052,2017,3.53e-05,0.216022292,-0.508246232,0.02590673575129543,0.4818652849740932
600501,0.0403011545465465,0.88312748736518,0.22269012685797002,-1.48519629273982,0.42413722647816,2018,1.09e-05,-0.028925397,0.216022292,0.767156862745098,-0.517156862745098
600502,-0.0034959625712312,1.35640119680171,1.12603453472445,0.21135093314196002,-0.56530997526902,2017,1.47e-05,0.175940469,-0.372062004,-0.4585492227979274,-0.2046632124352331
600502,0.0107478033556773,1.02364535106517,0.95836986267687,0.31614132008648,0.06211358926529,2018,7.84e-06,-0.182551623,0.175940469,0.2549019607843137,-0.9215686274509804
600509,0.0143216744104373,1.03572535837295,1.2635763769202901,0.55988353646783,0.07346105790105001,2018,2.5e-05,-0.417840313,0.194867982,0.32843137254901955,0.29166666666666674
600509,0.0222204782829005,1.2299058918130001,1.34875805810795,0.64246037216491,-0.67179727384791,2019,7.66e-06,1.386013361,-0.417840313,0.41346153846153855,-0.9206730769230769
600510,-0.0522278711412281,1.06143358505055,1.18096702708485,-0.30459631156067,0.22713430996159,2016,1.18e-05,-0.210242315,-0.126900979,-0.7382875605815832,-0.5185783521809371
600510,0.0016326920601614,0.86977840273568,0.65251806023463,-0.1321083089798,0.15179939035795,2017,2.32e-05,0.052518051,-0.210242315,0.11398963730569944,0.12435233160621761
600510,0.0518308507563218,0.79325138726188,0.9463070741132,0.33954600806652996,0.49457108936259,2018,2.17e-05,0.26550965,0.052518051,0.8627450980392157,0.11764705882352944
600512,0.0831367143701901,1.1247060762365,1.17335970081202,-0.09180997943858,0.5759594044029099,2016,1.17e-05,-0.543483327,0.19204187,0.815831987075929,-0.531502423263328
600512,-0.0137145715844953,0.74377650804353,0.02806247759012,-0.82893956032696,0.75219848759113,2018,1.18e-05,-0.046485384,0.256631643,-0.4240196078431373,-0.3529411764705882
600515,-0.0311854762919608,1.15629468651803,1.4064823429942501,-0.20649360739902,0.44267704004518005,2016,5.8e-05,0.077084396,-0.215982421,-0.5024232633279483,0.8190630048465266
600515,-0.004790461237571,1.01704902912726,0.6969401637103699,-0.40197801314278,0.05221599151389,2017,4.15e-05,-0.563176169,0.077084396,-0.5932642487046632,0.6139896373056994
600515,0.0729562958708016,1.2345649402802699,1.43637497037116,0.75499027559434,-0.6712367081806601,2019,6.27e-06,0.397537748,0.034738839,0.8677884615384615,-0.9807692307692307
600520,0.0009102689808981,1.32508373202763,-0.49507172555605,-1.6324920611847802,1.2309851969665502,2017,1.36e-05,-0.234811283,-0.116418958,0.031088082901554515,-0.272020725388601
600520,-0.0284611568662073,0.49296231023884,0.8938924257223001,-1.1663529796396799,-0.48579322973942,2018,1.19e-05,-0.388013241,-0.234811283,-0.6568627450980392,-0.33333333333333337
600520,-0.0403305339102107,0.6566105358762899,0.3076446417363,-1.7278876406958001,0.82384443520988,2019,3.59e-05,0.132177093,-0.388013241,-0.6490384615384616,0.6418269230769231
600521,0.0173060235233241,1.1366526266169998,0.73451639449333,0.10494983804454,-0.04171079627755,2019,1.01e-05,-0.388726107,1.626298042,0.3389423076923077,-0.5192307692307692
600522,-0.0518370697077651,1.08602047569549,1.03827809611306,0.860305698366,-0.35700793913259,2016,0.000261514,-0.273823641,0.211547964,-0.7253634894991923,0.9967689822294024
600522,-0.0051314665502108,1.14605581155004,-0.10135570312309,-0.02352610806772,0.12038433666598,2017,0.000116947,0.037235865,-0.273823641,-0.6295336787564767,0.9585492227979275
600522,0.0351509743801783,1.30511480391803,-0.08696917315811,-1.04946574585363,-0.26788430180284,2018,6.8e-05,0.243964944,0.037235865,0.7181372549019607,0.8823529411764706
600522,0.0182796476556101,1.16538535235276,0.20397560874120002,-0.6680612978010301,0.46446112777084003,2019,4.23e-05,-0.124224266,0.243964944,0.3533653846153846,0.7403846153846154
600525,0.0452571298975206,1.24021989290625,1.50146988558037,1.70929347997185,-0.6074363857175,2016,2.45e-05,-0.23417177,-0.024961472,0.5961227786752827,0.29886914378029084
600525,-0.0057975625440804,0.9891819252058099,-0.41991928883658003,-0.80620691343514,0.09226450191907,2017,2.45e-05,-0.406353916,-0.23417177,-0.6528497409326425,0.18134715025906734
600525,-0.0274177831273189,1.04875114215282,-0.5166385568909599,-1.6294363499082798,0.04020782702317,2018,1.57e-05,-0.244368972,-0.406353916,-0.6397058823529411,-0.06862745098039214
600525,0.0580405027752325,1.41233813857138,1.14477892947767,0.05733826956392,-0.35519546529392,2019,2.2e-05,0.313996065,-0.244368972,0.7932692307692308,0.3125
600526,0.0169779498182933,1.0501808520358802,0.9512124694675901,-0.27513586101307,-0.24146393326618001,2016,1.21e-05,-0.435912575,-0.206073419,0.21163166397415178,-0.47657512116316636
600526,-0.0103284459884991,1.15593049925496,1.37218047432959,0.46166830481923,-0.22567767470201,2017,1.06e-05,-0.152864006,-0.435912575,-0.805699481865285,-0.689119170984456
600526,-0.0174841785104695,1.27912315270912,0.8751882281491199,-0.30373055449393,0.54787199280524,2018,1.02e-05,-0.191029863,-0.152864006,-0.4730392156862745,-0.6568627450980392
600528,0.0780106675738551,1.42385502319334,-0.49472609228129,-0.9616712930852801,0.3729953710433,2016,6.94e-05,-0.294713983,0.212707253,0.7867528271405493,0.8707592891760905
600528,0.0157216948911283,2.10097378458046,-0.07589386788828001,-0.72167740372209,-0.9302342523362799,2017,7.44e-05,0.135165383,-0.294713983,0.8756476683937824,0.883419689119171
600528,0.0292909521606857,1.24537158745502,-0.13102003159791,-0.14163146491438,0.62817459759872,2018,9.68e-05,-0.240941089,0.135165383,0.6200980392156863,0.9705882352941178
600528,-0.0364867724014807,1.0717544957320402,0.23974150107307998,0.32832794522628,0.13326509070398998,2019,9.12e-05,-0.068000301,-0.240941089,-0.6057692307692308,0.9519230769230769
600533,0.0110896831051764,1.01558344346951,0.9124488897954801,-0.23070200624301998,-0.22846693011546,2017,1.16e-05,0.049745896,-0.416318881,0.7746113989637307,-0.5284974093264249
600535,-0.0156361051074416,1.00009906741312,0.09384941650504999,0.78307688850803,-0.03359951999821,2016,1.08e-05,-0.13449858,0.160563004,-0.2730210016155089,-0.6736672051696284
600538,-0.1426778605799403,1.05016858962474,1.06340771230573,-0.55326160768595,0.0017536544597587,2016,2.04e-05,-0.180004417,-0.480190315,-0.9773828756058158,0.08239095315024225
600538,-0.0050578148775276,0.38303569804384,0.34200979574470003,-0.98937580851383,0.38809932248992,2017,3.12e-05,-0.047518619,-0.180004417,-0.6243523316062176,0.3886010362694301
600545,0.0192347165017559,0.12424248924709,3.3603499299244604,0.7602107610679399,-0.96107992808583,2017,0.000114016,-0.116907958,-0.329720193,0.9170984455958548,0.9507772020725389
600545,0.0053132140198143,0.70892707588134,0.13035892585774,-0.50276075582501,0.21929226631072998,2018,8.14e-05,-0.332119435,-0.116907958,0.09068627450980382,0.9362745098039216
600545,-0.0132247517847958,0.46671355044275,0.37697351612732,0.32493413283957,-0.25279026772667,2019,1.89e-05,-0.344643801,-0.332119435,-0.23798076923076927,0.10336538461538458
600547,-0.0694957811016644,0.19437231922912998,-0.14256999339572002,-0.28101139776147,0.15908202794877002,2017,1.47e-05,0.696514811,-0.182114747,-0.9818652849740933,-0.2046632124352331
600547,0.0469163904487063,0.30072761000248,-0.83107210613995,-0.8357202430288301,-0.01079165570971,2018,2.71e-05,0.229206674,0.696514811,0.821078431372549,0.3700980392156863
600547,-0.0254915276785388,0.19601382452601002,-0.14979871154405,-0.48161614080707,-0.1090705388099,2019,9.14e-06,-0.27505895,0.229206674,-0.4471153846153846,-0.7067307692307692
600548,0.0480952869286642,0.8839713777544399,0.8240892672122999,0.48555057089022,0.024231963177909998,2016,8.69e-06,-0.113312663,0.172453027,0.6316639741518579,-0.9192245557350566
600550,-0.0271747847487606,1.1946232191577901,0.99436145510259,-0.15287925208221,0.30804079100890996,2016,3.42e-05,-0.627869009,0.800705321,-0.4474959612277868,0.5315024232633279
600550,0.0174168092631002,1.48450046922433,0.63652425504146,-0.92576242797589,-0.9599394451644001,2017,3.34e-05,-0.082877595,-0.627869009,0.9015544041450778,0.4507772020725389
600550,0.0250595664886492,1.27133143774661,0.7594647042661,-0.54838925462537,0.51309137039705,2018,2.23e-05,0.25555538,-0.082877595,0.5588235294117647,0.16176470588235303
600550,-0.0168786413311764,0.96877586487034,1.50840570997869,0.28345732645734,-0.040225489847509996,2019,1.07e-05,-0.152122685,0.25555538,-0.3173076923076923,-0.40865384615384615
600551,-0.0509082830400189,1.24663439283191,1.03020072450015,1.09901252283605,-0.45432042126674,2016,2.85e-05,-0.428215557,-0.216126264,-0.7189014539579968,0.4248788368336025
600551,-0.1307721581079846,0.8207181208859,1.46366254938129,0.27507150214219,-0.25671471247432,2017,9.26e-06,0.031553169,-0.428215557,-0.9922279792746114,-0.8367875647668394
600551,-0.0012283389281965,1.0529527050663199,1.25854063477105,0.46234446017625,0.13353216728723,2018,3.61e-05,-0.093301507,0.031553169,-0.08088235294117652,0.5490196078431373
600551,0.0009544151319601,1.01728365686062,1.193055590152,0.27572595526838,0.23620339898738998,2019,8.06e-06,-0.112655475,-0.093301507,0.07211538461538458,-0.8653846153846154
600552,-0.0121614639815471,1.21985466126311,1.0509811999163499,-0.06227016264048,-0.14504411502681,2018,1.54e-05,0.312354904,0.077723821,-0.3799019607843137,-0.08088235294117652
600557,-0.0038925340355858,0.92450038726603,0.81802301622304,0.47931208347053,-0.051472381109760004,2017,4.42e-05,0.192409492,-0.264325234,-0.5,0.6398963730569949
600558,-0.0007295210851222,0.9759784301342601,1.30588588635042,-0.1521406908109,-0.37245300660296,2017,2.18e-05,-0.152690135,-0.228380422,-0.19948186528497414,0.04922279792746109
600558,0.03599629671618,1.00871785520879,1.55752358360144,0.39540224747007,0.01758052612652,2018,1.13e-05,-0.208361049,-0.152690135,0.7205882352941178,-0.446078431372549
600558,-0.0407842917642374,1.08696865701435,1.31756877242588,0.24667022261688,0.12165472629287,2019,2.23e-05,0.101367277,-0.208361049,-0.65625,0.32451923076923084
600562,-0.0040088936090755,1.0186524936188899,0.04044585971594,-1.11580851959135,0.22720111063668,2017,1.28e-05,-0.117995452,-0.198957695,-0.5284974093264249,-0.3471502590673575
600562,0.050698309455702,0.47844743034076,0.29243826649454996,-1.93057083653293,0.15111394983357002,2018,1.21e-05,-0.047166511,-0.117995452,0.8553921568627452,-0.31862745098039214
600562,-0.1193051114162117,0.7655941240663701,0.06679102522597,-2.04818625058427,0.9440992724242999,2019,1.12e-05,0.001292878,-0.047166511,-0.9927884615384616,-0.2932692307692307
600565,-0.0019612276837987,0.85416974967194,1.65270680312058,0.33633950170824,-0.48909612238822997,2016,8.29e-06,-0.473023473,-0.146612405,-0.09854604200323103,-0.9450726978998385
600565,-0.0082087408167692,0.75906434156567,0.33757910987581,-0.56795139737043,0.23334450999969997,2017,7.95e-06,0.380578925,-0.473023473,-0.7512953367875648,-0.966321243523316
600565,-0.0011360850781875,1.0314817371572,0.7862072179904299,-0.01438295035191,0.3493372216951,2018,1.51e-05,-0.263524771,0.380578925,-0.0759803921568627,-0.09558823529411764
600566,0.0141850579221869,0.88226774310614,0.22046222088797,0.56992785069342,0.3570459145398,2017,2.26e-05,-0.361545502,0.2730888,0.8445595854922279,0.0854922279792747
600567,-0.0606384435067995,1.3584053207273499,1.4342664138878298,1.21436210873295,0.05021603479315,2018,1.64e-05,-0.137942668,-0.140159986,-0.9166666666666666,-0.056372549019607865
600569,-4.23384701783091e-05,1.26823805899977,0.06739048800515,-0.24915355007190002,-0.10963271764194998,2017,1.19e-05,-0.246771314,0.371703795,-0.09067357512953367,-0.49222797927461137
600569,0.0212912777514699,1.1168521229922699,0.25926161059767,0.6913893578752001,-0.17245250552286,2019,1.04e-05,0.51849091,-0.315559494,0.4014423076923077,-0.46634615384615385
600570,-0.0273583764489295,1.32317426475306,-0.66090953770556,-1.72932807372074,0.021125073890660002,2019,8.91e-06,-0.147597565,1.035108733,-0.48557692307692313,-0.75
600572,0.0037112249622335,0.69355924442192,0.55099561399009,0.35541577323942997,0.40789613856539003,2017,1.81e-05,-0.081129265,0.020736314,0.36787564766839376,-0.10103626943005184
600572,-0.0064965023392029,0.6544709530382801,0.25481044861526003,-0.26373879630637004,-0.10714446615874,2018,1.52e-05,-0.153698347,-0.081129265,-0.23774509803921573,-0.09068627450980393
600572,-0.0221694753241827,0.71623357920853,0.76405717910824,0.50158085548566,-1.48109518260188,2019,7.28e-06,-0.20531083,-0.153698347,-0.39903846153846156,-0.9495192307692307
600575,0.1471557181837636,0.92342923916027,1.7111299801391402,-1.4304998257598,1.12358757834468,2016,9.04e-06,-0.129967127,-0.044602462,0.9741518578352182,-0.8869143780290791
600577,0.0324373510074386,0.9599399561486701,0.8228142949333,-0.3396705428148,0.01233606462562,2018,2.16e-05,-0.075086328,-0.128553165,0.6715686274509804,0.11029411764705888
600577,-0.0427359012057225,0.90325609409853,1.23986017966779,0.6397829319334201,-0.29566179053102,2019,9.06e-06,1.308682671,-0.075086328,-0.6730769230769231,-0.7235576923076923
600578,0.0132081561388517,0.69796610697837,0.30352316524653,0.0032879077532737,0.36675783716074,2018,8.44e-06,-0.086346853,0.042616557,0.3137254901960784,-0.8872549019607843
600578,-0.0297051085002975,0.68938714348591,0.48643097137336,0.35745228203017,0.014186936943530001,2019,7.63e-06,0.039496855,-0.086346853,-0.5288461538461539,-0.9278846153846154
600580,0.0008448428534155,0.9670200012399601,0.17687367928251,-0.49126540314057,0.24844493386876,2017,9.26e-06,0.10571864,0.115569972,0.012953367875647714,-0.8367875647668394
600581,0.0278041247489669,0.01487132468214,2.3864711288141702,-0.59076673621787,-3.21396780235105,2017,1.33e-05,-0.297274668,0.01377504,0.9637305699481866,-0.2953367875647669
600581,0.0173308758584903,1.21440104746973,0.74750264081825,0.97760527072848,-0.40884149235672007,2019,2.72e-05,0.996816113,-0.186058989,0.34134615384615374,0.46153846153846145
600582,-0.0913721117726236,0.8540075851775399,1.18471419860699,0.1204879997475,0.20424856318584,2016,1.8e-05,-0.198652298,0.011081332,-0.9192245557350566,-0.011308562197092087
600582,0.0043656112143217,1.05420842801956,-0.13430552879516,-0.47388193638036,0.13601125447075,2017,9.19e-06,-0.06072459,-0.198652298,0.455958549222798,-0.844559585492228
600582,0.0237712427229024,1.2124244492246499,0.53641276170844,0.40671950054609995,0.2448840817993,2018,8.77e-06,-0.163641822,-0.06072459,0.5416666666666667,-0.8504901960784313
600582,-0.0261719468973347,0.90415830056676,0.43181359120296997,0.18008586897425,-0.24711387601912999,2019,1.73e-05,0.352688515,-0.163641822,-0.4591346153846154,0.014423076923076872
600583,0.0084141320760225,1.23756467900325,-0.44581969349613004,-1.07497679563831,0.90341803158746,2016,1.08e-05,-0.162532291,-0.096429436,0.050080775444264924,-0.6736672051696284
600583,-0.0119042266014462,1.2793391299502899,-0.03439019572805,-0.31175557423045996,0.14795065893315001,2018,1.02e-05,-0.189532761,0.058293872,-0.37254901960784315,-0.6568627450980392
600583,-0.0025585516833406,0.97926153409212,0.66152078480653,0.50093390367,0.020517392162730002,2019,3.98e-05,-0.010928714,-0.189532761,-0.009615384615384581,0.7043269230769231
600585,0.031417193164171,1.11582210578422,-0.50723653825452,0.47002351278969,0.17025619724516,2016,2.06e-05,0.502100189,0.57780668,0.431340872374798,0.08885298869143776
600585,-0.0177497370638795,1.2899543929175399,-1.1551760918867,0.13330117120763002,0.24444248139076,2017,1.98e-05,0.260340719,0.502100189,-0.8963730569948186,-0.03626943005181349
600585,-0.0181737603311138,1.431836653805,-0.19786443696206998,1.26848484030029,0.10781175229149,2018,8.83e-06,0.302239145,0.260340719,-0.49264705882352944,-0.8431372549019608
600585,0.0215411477583651,1.18046355938259,-0.16557140401794,1.26526712266094,-0.23795554636331,2019,2.66e-05,-0.199374898,0.302239145,0.40625,0.45432692307692313
600586,0.0007196149771766,1.03523665844745,1.08813943669047,0.51688404959848,-0.0099396619420319,2018,6.07e-05,0.15714057,-0.009141774,-0.026960784313725505,0.8431372549019607
600586,0.0099218950308619,0.9696018872069501,0.9820559543341101,0.48498270974162,-0.19660667591794,2019,2.84e-05,1.494363908,0.15714057,0.2139423076923077,0.4903846153846154
600588,-0.0369573504887677,1.16770056948239,0.37407322395304,-0.52919948721648,-0.30644692252585,2016,1.81e-05,0.842155551,-0.132541715,-0.5573505654281099,-0.004846526655896577
600590,0.085841297155507,1.00931051479827,0.7995327444687301,-0.84717240387238,0.10262760312489,2016,9.71e-06,-0.353318161,-0.038094194,0.8319870759289176,-0.8190630048465266
600590,-0.0524221213752846,0.25483125788652,1.4772784689935399,-0.1345225250062,-0.06806944069487,2017,6.83e-05,-0.011927411,-0.353318161,-0.9740932642487047,0.8523316062176165
600590,-0.0440029083258416,1.02570264383178,0.95217561113884,-0.59008107370875,0.11185229088967,2018,1.87e-05,-0.179613523,-0.011927411,-0.8284313725490196,0.017156862745097978
600590,0.0661553356317987,1.0149618808104799,1.22813786557946,-0.52778125250407,0.31010175742201,2019,9.21e-06,0.318739504,-0.179613523,0.8413461538461537,-0.6875
600592,0.0697119107901488,1.15221405751513,0.8761970788497799,-0.57111885256661,0.01920352246708,2016,1.01e-05,-0.407440192,-0.008752817,0.7609046849757675,-0.789983844911147
600592,-0.0231852211936148,0.97686198108226,-0.02436825662405,-1.1120749080747399,-0.14460649376110002,2017,3.97e-05,1.098855225,-0.407440192,-0.9378238341968912,0.5803108808290156
600593,-0.0140868422337858,0.7398657578465899,1.3684977330755699,0.14594973419274998,-0.19484435143705,2017,1.1e-05,0.484873047,0.288388985,-0.8782383419689119,-0.6217616580310881
600596,0.0395365135656807,1.06858319703464,1.4153499945721,0.01416801020179,0.29873112235472,2016,1.13e-05,0.909165446,0.156640082,0.5379644588045234,-0.5993537964458804
600596,0.0624564433515198,1.3820395363606601,0.30727458968583,0.6574113732548901,-0.35828100300328997,2019,8.96e-06,1.109055017,-0.212965961,0.8125,-0.7379807692307692
600597,-0.042964970328812,1.03481017808828,0.40245285079297005,0.32234975824015,0.20907866078336002,2016,1.18e-05,-0.227097007,0.003206442,-0.6252019386106624,-0.5185783521809371
600597,-0.0022458151406586,1.11857355705599,0.45348913262380003,0.7189216520407999,0.55143908201427,2017,1.14e-05,0.083294338,-0.227097007,-0.36787564766839376,-0.5518134715025906
600597,-0.0269752705342098,1.21585150717783,0.34920783535173,0.22481422699437997,-0.37556686250235,2018,1.15e-05,0.374019676,0.083294338,-0.6274509803921569,-0.41666666666666663
600597,0.0482430774544457,1.08039327915746,0.30668419172846,0.03298152701676,0.69126284372696,2019,1.05e-05,-0.035600669,0.374019676,0.7211538461538463,-0.43990384615384615
600600,0.0456975075965982,0.98478418640846,0.10029674193294,0.72843647844765,0.12929865590681,2016,1.25e-05,0.243393822,0.204910631,0.6058158319870759,-0.40872374798061384
600600,-0.0040628254195713,0.87807660476091,-0.0477733882646,0.42245141207979,0.053599073103040004,2017,8.69e-06,0.134289076,0.243393822,-0.5362694300518135,-0.9196891191709845
600600,-0.0275077705805206,1.20417368417013,-0.62708696210171,-0.7357973465449,-0.19232384156583998,2018,7.82e-06,0.538583602,0.134289076,-0.642156862745098,-0.9240196078431373
600600,0.0065152980236126,1.04990864713511,-0.21067297177048,0.6053163304871599,-0.68971490202385,2019,7.91e-06,0.489333212,0.538583602,0.15384615384615374,-0.8942307692307693
600603,-0.0029419578879852,0.30476215908963,0.26887523624484,-2.48247897692363,-0.8722974032131801,2017,3.68e-05,0.179869974,-0.343166633,-0.43005181347150256,0.5259067357512954
600603,0.0034781395747071,1.13802187078802,1.55124172531384,0.64136081098681,0.24541387249107,2018,3.55e-05,0.123932707,0.179869974,0.04166666666666674,0.5269607843137254
600603,0.0638428183407888,1.1153855534366799,0.6238358950338999,0.49446903427577,-0.62564868191124,2019,3.02e-05,-0.095168693,0.123932707,0.8221153846153846,0.5408653846153846
600606,-0.0023490840998034,1.4431763377876,-0.46326326483482,0.06241366359795,-0.1946732859399,2017,2.99e-05,0.070957157,-0.176344678,-0.37823834196891193,0.34974093264248696
600606,0.012608262103688,1.26540494728918,-0.2303975764044,0.41808585458851,0.58138636821501,2018,1.43e-05,-0.06802832,0.070957157,0.2941176470588236,-0.13480392156862742
600606,-0.0199520937410335,1.0349269280295101,0.24602166165251,0.42467562995535,0.37105777368005,2019,4.83e-06,-0.093444891,-0.06802832,-0.35817307692307687,-0.9975961538461539
600612,-0.0534867456307337,0.86267578220356,0.5926275410562,0.13834221048008,0.31670240868884997,2016,1.06e-05,-0.260458792,0.206383699,-0.7447495961227787,-0.6898222940226171
600618,0.0394662329542508,1.09908736042111,0.9137316976521801,-0.41515664107759,0.11174674536851999,2016,3.82e-05,-0.212224383,-0.198970843,0.5347334410339257,0.6187399030694669
600619,-0.0039184399191877,0.74183960525082,1.25085641976277,0.09939940385373001,0.34853818496413996,2017,1.11e-05,-0.196509662,0.044571679,-0.5051813471502591,-0.6036269430051813
600623,-0.0039487304895841,0.97301773236917,0.73923506182967,-0.88929717270571,0.10871154036659,2016,1.71e-05,-0.121387617,-0.436033853,-0.12439418416801296,-0.03392568659127626
600623,0.0076131544048157,0.9591548153293901,0.6871923660488299,-0.31233329106675,0.37374306768760995,2017,4.1e-05,-0.220999981,-0.121387617,0.650259067357513,0.6062176165803108
600623,-0.0417695491614957,1.13543831395008,0.9045284258873101,0.25594772644233,0.17098529769858,2018,1.6e-05,-0.335074807,-0.220999981,-0.7965686274509804,-0.06372549019607843
600623,0.0245661491845142,1.21369736111771,1.0137194142483799,0.98113744774203,-0.47997239091176,2019,2.92e-05,0.71226404,-0.335074807,0.4471153846153846,0.5072115384615385
600626,-0.0159547546218792,1.24585709827126,0.76284560577129,-0.69153035209881,0.27962799659654003,2016,1.14e-05,-0.462429617,-0.090505467,-0.2794830371567044,-0.592891760904685
600626,0.0079053966140268,0.9656533772510699,0.8803145875703,0.34577412927609,1.5149220065953701,2017,2.81e-05,0.345144792,-0.462429617,0.6709844559585492,0.3031088082901554
600626,-0.0186284556187793,1.3863380579820501,1.19343887244318,-0.04148914893043,0.45994534592598,2018,8.99e-06,-0.278852858,0.345144792,-0.5049019607843137,-0.8259803921568627
600628,0.0011717993116055,0.98139663063673,0.9100477498327,0.15120870874973,0.91121626333756,2017,2.73e-05,0.025840109,-0.382043978,0.05699481865284972,0.27979274611398974
600628,-0.0316157011715051,0.8151458356781299,0.9813842372346201,0.44329322151391,0.08141213308811,2019,7.8e-05,-0.335398099,0.620430955,-0.5456730769230769,0.9302884615384615
600629,0.166545890989119,1.08768643541823,0.54882361073636,-0.9667653337026599,0.23699088672635998,2016,6.09e-05,-0.446811056,0.110746141,0.9838449111470113,0.8287560581583198
600629,-0.0019419808248042,0.44745502363976997,1.8933925878377202,0.45715614463617005,-0.8959075090495899,2017,5.39e-05,-0.029388702,-0.446811056,-0.3393782383419689,0.7461139896373057
600629,-0.0128260088765406,0.7903637245105699,1.13858004981058,0.11547312467667,-0.0067100326581432,2018,4.33e-05,-0.123330999,-0.029388702,-0.39460784313725494,0.678921568627451
600629,-0.0266252939462211,0.8305202408797699,0.45638943071014,-0.07341341395059,-0.01561223865369,2019,1.9e-05,-0.159173393,-0.123330999,-0.46634615384615385,0.11298076923076916
600630,0.0138709286852716,1.04447724607579,0.5505394497684499,-0.60108687314744,1.13476546214923,2017,1.35e-05,0.07310285,-0.359793044,0.8367875647668395,-0.2823834196891192
600630,-0.0014968751152327,1.26332151842067,1.62096265712121,0.1358085635141,0.13071267561515,2018,3.69e-05,-0.182862701,0.07310285,-0.08823529411764708,0.5661764705882353
600635,0.0174909673182996,1.1502991161076301,1.2465631228832499,0.0087599618015481,0.16224964618902002,2016,1.02e-05,-0.32058031,-0.109787497,0.2180936995153473,-0.7705977382875606
600635,0.001332953869329,0.94481105473755,0.37004542333452,-0.13295809593914,0.20395815883180998,2017,9.73e-06,0.72800182,-0.32058031,0.07253886010362698,-0.7979274611398963
600635,-0.0358482331010113,1.0982256239561001,0.60551651316388,-0.28082870381253,0.37386729395368,2018,8.56e-06,-0.292184346,0.72800182,-0.7401960784313726,-0.875
600636,-0.0869656557261189,1.19197399040914,0.76113600951406,0.29959990351474,0.06220850465965,2019,4.26e-05,-0.183640682,0.104444773,-0.9399038461538461,0.7451923076923077
600637,0.006740408181433,1.07020442900549,0.65883471471164,-0.19169899585937,0.18178879260949998,2018,6.93e-06,-0.073677896,-0.080818444,0.13235294117647056,-0.9754901960784313
600642,-0.0160168555653377,1.21191327235592,0.29169702689233,0.28379233256934,0.6038758290525901,2016,1.27e-05,-0.187516009,0.118402227,-0.28271405492730206,-0.3570274636510501
600642,-0.0059078081022206,0.65618293718052,0.51504819984743,0.4646976712038,0.11233043064508999,2019,1.2e-05,0.062508251,-0.031419956,-0.08173076923076927,-0.23317307692307687
600648,0.0019132930293913,0.5757311157506101,0.52914047705197,0.03880103507696,-0.08919929032793,2018,8.93e-06,-0.329239508,0.142761008,0.004901960784313708,-0.8357843137254902
600648,-0.0228021377840846,1.00597479933714,0.77405278781883,0.121799059901,0.35966102401241,2019,3.41e-05,0.045204252,-0.329239508,-0.4110576923076923,0.6033653846153846
600650,-0.0070531119985714,1.22854476167894,1.33130173387581,0.23486654385961003,0.18880674885811,2018,1.32e-05,-0.227164273,0.161144625,-0.25245098039215685,-0.21078431372549022
600650,0.0140097017419375,1.02570462844804,1.2130110443126,0.61050951387869,-0.24375454093368,2019,1.08e-05,0.096837757,-0.227164273,0.29326923076923084,-0.3870192307692307
600651,-0.0003695328951641,1.04303740603824,0.44734479977168995,-1.0666695870587302,0.27014668777356,2017,4.46e-05,-0.061672372,-0.541527439,-0.13989637305699487,0.6424870466321244
600651,-0.0197839374373892,1.41830107991185,0.66629960498542,-0.3431595363835,0.23437422314848,2018,1.74e-05,-0.13286444,-0.061672372,-0.5269607843137255,-0.01715686274509809
600655,0.0341017528206702,1.0588416298782999,0.21786687161565,-0.4967340378664,0.16501765013473998,2018,5.81e-06,0.139623364,-0.146492556,0.6985294117647058,-0.9926470588235294
600658,-0.0621538771630877,1.11101610216616,1.35034254401439,-0.02013044822508,0.54228842331015,2016,3.46e-05,-0.436045894,0.262833013,-0.7867528271405493,0.5444264943457189
600658,-0.0039213576412,1.06349171512408,0.04717472924484,-0.058269519957629995,0.13371628494481,2017,2.37e-05,-0.011960816,-0.436045894,-0.5077720207253886,0.13989637305699487
600658,-0.0133443122700071,0.40496801413209005,0.75382129730018,0.029473894714190003,0.04565986883864,2018,2.19e-05,0.15089168,-0.011960816,-0.4068627450980392,0.13725490196078427
600668,-0.0449888529446529,1.14911996891042,1.53786400394351,0.62219711312333,0.32662495085714,2016,2.35e-05,-0.290762483,0.129928473,-0.6381260096930533,0.24717285945072698
600668,-0.0005315868094383,1.27691170575319,0.42800776071006996,0.02826393851608,-0.29557736247690997,2017,3.33e-05,0.042855195,-0.290762483,-0.1735751295336787,0.44818652849740936
600673,-0.1087900556189513,1.1565482693551101,-0.92603738321139,-1.18583996172431,0.70033422524257,2018,8.82e-06,-0.133160578,-0.245350713,-0.9901960784313726,-0.8455882352941176
600673,0.0206922256587403,0.80609703662919,0.01537633048247,-0.24301504549063,-0.14217957349379,2019,7.6e-06,-0.360530622,-0.133160578,0.39423076923076916,-0.9326923076923077
600676,-0.0351511261902499,1.1484888178699602,0.8014118289696399,0.16129483589403,0.13159036173293,2016,1.01e-05,-0.343165165,-0.167157355,-0.5379644588045234,-0.789983844911147
600676,-0.0003326505281309,1.03624873403876,0.21828080287079,-0.16974602999525998,0.83797035496102,2017,1.02e-05,0.048621511,-0.343165165,-0.13471502590673579,-0.7538860103626943
600679,0.0115326546422963,0.48381638134710997,1.2957497539404301,-0.70812936589415,0.5035897402523599,2017,2.68e-05,0.205364895,-0.545580584,0.7927461139896372,0.26165803108808294
600679,-0.0314969495491096,1.03909424042925,1.5537781441812801,0.13258689046306,-0.24286347246551002,2018,2.59e-05,-0.136521876,0.205364895,-0.6862745098039216,0.33333333333333326
600679,0.1616902777748462,0.99980690973359,1.47959919160829,0.33580571875756,-0.5145517813334,2019,3.42e-05,-0.03401894,-0.136521876,0.9807692307692308,0.6057692307692308
600685,-0.0274242505208667,1.3063479385741399,0.25039638323671,-0.57204208305531,0.21710691771006002,2016,7.58e-06,-0.517229767,0.064648411,-0.4539579967689822,-0.9709208400646203
600685,0.0176844494141116,1.4654628713232,-1.7547747159524798,-3.23122258709908,0.54596391117753,2017,6.78e-06,0.111964636,-0.517229767,0.9093264248704662,-0.9896373056994818
600685,-0.0367136602663213,1.19293802946981,0.8037951424371401,-0.8359069057345301,0.8288839382142701,2019,6.48e-06,0.211108895,0.106141009,-0.6081730769230769,-0.9735576923076923
600686,-0.0110077044352861,1.06504611023408,1.21681942246556,-0.08114048414682,0.22777950067018002,2016,4.02e-05,-0.075075015,-0.110728256,-0.20516962843295639,0.6510500807754442
600686,0.0048482497209704,1.1505524355116301,1.2413023418974,0.5843167779985,-0.09990153782510999,2017,2.08e-05,-0.400600773,-0.075075015,0.49222797927461137,0.002590673575129543
600686,-0.0905457117347566,0.85068232706669,0.25457255699036,-1.173187902727,0.03023952838881,2018,3.95e-05,-0.261525932,-0.400600773,-0.9803921568627451,0.6200980392156863
600686,-0.0211433221497491,1.15433971502104,1.2160301992023301,0.49775109969748,-0.08746267302321001,2019,2.65e-05,0.190559732,-0.261525932,-0.3798076923076923,0.45192307692307687
600688,-0.0041974286181896,1.09251074196064,-1.36669862855285,-0.89320690953732,0.02178709487345,2017,5.9e-06,-0.055290837,-0.119609101,-0.5518134715025906,-1.0
600690,0.0010065326726977,1.2972375188432,-0.04512268906722,1.61133645879932,-0.13161393639213,2017,9.78e-06,-0.115906372,0.305284451,0.04404145077720201,-0.7849740932642487
600690,0.0019107831441654,1.19588734697741,-0.9042891743976499,0.37211519787126,-0.48457121494210004,2018,1.73e-05,0.031724664,-0.115906372,0.002450980392156854,-0.022058823529411797
600693,0.0512572027673834,0.6217118642123299,0.39393672245884,-0.6115031117039901,0.71525355880267,2018,1.08e-05,-0.076040463,-0.149941366,0.8602941176470589,-0.5441176470588236
600693,-0.0014675985252649,0.62538872013454,0.6982430367833901,0.49814144557967,-0.04740261154454,2019,1.96e-05,-0.151518485,-0.076040463,0.02163461538461542,0.16826923076923084
600704,0.0219030140468746,1.05381586898527,0.9578797428108801,-0.68110291747841,0.04585379082072,2016,7.93e-06,-0.270336785,0.205327197,0.29886914378029084,-0.9579967689822294
600704,-0.0018093933021518,1.12583379903183,0.37808630415207,0.67489797390853,-0.29145795719929,2017,1.5e-05,0.067840135,-0.270336785,-0.33160621761658027,-0.18652849740932642
600704,-0.0241431879791896,1.08385512213812,0.49978144061580004,-0.13826283950144,0.10649351561942001,2018,1.44e-05,-0.190094827,0.067840135,-0.5833333333333333,-0.1299019607843137
600704,-0.0362217818827147,0.9554311002203599,0.6119363709233699,0.01914573932718,0.03179128712301,2019,1.95e-05,0.88906848,-0.190094827,-0.5985576923076923,0.16346153846153855
600706,-0.0047995650523655,0.9101638608620399,1.8613869303086,0.92539938515236,-0.49760472318312,2017,1.13e-05,0.023409831,-0.440496538,-0.5958549222797928,-0.5699481865284974
600706,0.0070069118233163,0.71733314558034,0.81592464164303,-0.0421182641679,-0.13215225625468,2018,1.08e-05,-0.271878666,0.023409831,0.14460784313725483,-0.5441176470588236
600706,0.0699640682757472,1.20640703108465,1.5932087826431602,1.01476824360469,0.02385872635707,2019,1.93e-05,-0.031779576,-0.271878666,0.8557692307692308,0.13221153846153855
600707,-0.017896177959476,1.17680588922466,0.52860726861341,-0.54649230478573,-0.26795933394437,2016,2.76e-05,-0.122015853,-0.339179432,-0.31179321486268174,0.4054927302100162
600707,0.0114596546356144,0.95350794274104,1.54609280620321,-0.47754624410691,-0.75851838788739,2017,1.29e-05,-0.301397806,-0.122015853,0.7901554404145077,-0.33678756476683935
600707,-0.0160485018143041,1.10819628190406,1.00641283571435,0.40159091124583,-0.52633044672739,2019,1.25e-05,1.033481966,-0.103691636,-0.2908653846153846,-0.21153846153846156
600710,0.0653445884752595,0.985264851399,1.42245011289942,0.46321958049531997,-0.48814857424513,2019,3.32e-05,0.457201827,-0.239772214,0.8317307692307692,0.5865384615384615
600711,-0.0012274629233701,1.3500273773853801,-0.22007868732371,-1.0365453074671098,0.54812864861195,2017,3.01e-05,-0.407666441,0.353274408,-0.2590673575129534,0.3575129533678756
600712,0.0642036259974856,1.1481690151114299,1.03697096888443,-0.40714184386418,0.29482918389615004,2016,2.81e-05,-0.394231762,-0.352389048,0.7382875605815833,0.42164781906300486
600712,-0.0066508125157691,0.93745429037184,-0.52117104595016,-1.62863569274407,0.6157357581667801,2017,1.5e-05,0.170578993,-0.394231762,-0.694300518134715,-0.18652849740932642
600712,0.0198984235838097,0.64435549241394,0.65334447836431,-0.38028774783272,0.22322208315395997,2018,2.76e-05,0.074907705,0.170578993,0.45343137254901955,0.37745098039215685
600712,0.0134544533991504,0.63476563687697,0.34045044265318,-0.35840192291401995,-0.39396585914381005,2019,2.49e-05,-0.249806076,0.074907705,0.28365384615384626,0.42307692307692313
600717,0.0312168874486294,1.26982315208363,-0.13038650126258,0.27752008693156,0.17899460402942,2016,7.34e-05,-0.396036767,0.441673967,0.42164781906300486,0.8804523424878836
600717,0.0170504007110331,1.21905357942263,0.0725113575725,-0.6276697515768099,0.08604626526191,2017,7.19e-05,0.021752108,-0.396036767,0.8911917098445596,0.8756476683937824
600717,0.0066450191763129,1.03616499551992,0.72241659393581,0.30972739606684,0.37443820659522,2018,6.29e-05,-0.172934486,0.021752108,0.1299019607843137,0.8602941176470589
600717,-0.0003462462122699,0.90080507277436,0.66926093324923,0.51647959133901,0.0059001029087282,2019,6.48e-05,0.067139485,-0.172934486,0.04567307692307687,0.8990384615384615
600718,-0.0106100558408227,1.0177697460808899,0.19606319918482,-0.41278347005168003,-0.38099607495324,2017,8.9e-06,-0.026229232,-0.17288416,-0.810880829015544,-0.8860103626943006
600718,0.0284121901044296,1.0494653767117,0.29935276380808,-1.7730129846087999,-0.49780743990574,2018,8.55e-06,-0.116614659,-0.026229232,0.6127450980392157,-0.8774509803921569
600718,-0.0712152686668144,0.97213957565428,-0.32174658416742,-2.0831849373113798,0.71394559533766,2019,2.33e-05,-0.162759304,-0.116614659,-0.8918269230769231,0.36778846153846145
600720,-0.1130522942337912,1.38322967779703,0.41847249924398006,0.00383014449138,0.38764730852102997,2016,1.12e-05,-0.146264774,0.16081313,-0.9612277867528272,-0.6155088852988692
600720,0.0175590038264598,1.1488808638185,1.1382383446072701,0.13291395134938,-0.37222418214117997,2017,2.37e-05,0.377556208,-0.146264774,0.9041450777202074,0.13989637305699487
600720,-0.0056915723970714,1.78423820284522,1.2836566797044,1.58876053586187,0.13439363052934,2018,1e-05,0.888448523,0.377556208,-0.21568627450980393,-0.678921568627451
600720,-0.0077783644632676,1.29583053748905,0.50939197832624,0.8764593627284,0.21648971643254,2019,9.41e-06,-0.327903553,0.888448523,-0.14663461538461542,-0.6538461538461539
600728,-0.0353277295165238,1.37674336733958,-0.6020564216257199,-2.1403559171070197,0.21527003826646998,2018,8.98e-06,-0.089121735,0.338696365,-0.732843137254902,-0.8308823529411764
600728,-0.0861388929375715,1.0949217416944599,0.64377637334382,-0.7619318566943301,-0.012695230392570001,2019,8.51e-06,-0.195799634,-0.089121735,-0.9302884615384616,-0.8149038461538461
600729,0.0101252800171773,1.27619572199933,1.8860963565231499,1.5154048173493,-0.24758448276971,2016,1.1e-05,0.255950162,0.078093502,0.09854604200323092,-0.6348949919224556
600729,0.0031714536695618,0.97351184110269,1.10135575567923,1.0294534377188,0.14232720691305,2017,1.08e-05,-0.075714712,0.255950162,0.31865284974093266,-0.6528497409326425
600729,-0.0165887707025587,1.02711289733686,0.83970506404059,0.29924962098394003,-0.11809857060511,2018,1.12e-05,0.016946443,-0.075714712,-0.45833333333333337,-0.4681372549019608
600729,0.0112747186771849,0.9684582253298201,0.09490420345796,-0.0024752713900576,0.352104718699,2019,1.03e-05,-0.001699907,0.016946443,0.23317307692307687,-0.4807692307692307
600731,-0.0456843833420379,1.17628416265236,1.33607753134348,0.029981831712789998,0.1317214261772,2016,2.12e-05,-0.432916706,-0.156243135,-0.654281098546042,0.12116316639741509
600735,0.1104242933249722,0.7247650277037699,-0.04477676252509,-0.88846637276027,-1.3456067255716802,2016,1.23e-05,-0.412616432,-0.203126788,0.9192245557350565,-0.4474959612277868
600735,-0.2932334089330565,0.00024368969047189998,1.9169247741103301,0.09261671554476,0.13697557032313,2017,1.07e-05,-0.08893683,-0.412616432,-0.9974093264248705,-0.6658031088082901
600735,0.0524048148870617,1.22384387594487,1.64290218467812,0.30390663681548,-1.0943095259694602,2019,1.06e-05,0.067847364,-0.094311948,0.7572115384615385,-0.42067307692307687
600738,0.0017741508862499,0.97031245137628,0.9750863596586201,0.08200408045831,-0.25004811991744,2017,1.54e-05,0.14278103,-0.063579205,0.13730569948186533,-0.17616580310880825
600738,-0.02293495844984,0.54459519646917,0.64162838225279,0.10087512146059,-0.051372389659720005,2018,1.5e-05,-0.257942753,0.14278103,-0.5661764705882353,-0.10539215686274506
600739,-0.0246160261898063,0.66942405348286,-0.05156834511219,-0.24167698242369,0.20879442855246,2018,1.9e-05,0.289511353,-0.045118852,-0.5882352941176471,0.03431372549019618
600739,0.0173794488165661,1.11455314994515,0.21386698209931998,-0.08473979010711,0.07772434099301,2019,9.41e-06,0.082520491,0.289511353,0.34615384615384626,-0.6538461538461539
600746,-0.0438744457034025,1.21219026772931,0.49903901494829994,-0.73769698455076,-0.02043068620865,2016,1.68e-05,-0.466731112,0.080321072,-0.6316639741518578,-0.04684975767366717
600746,0.0007921270463921,1.11397333941128,2.2523287998431196,0.34099677492037,0.21190929878528,2017,1.72e-05,0.14584874,-0.466731112,0.0,-0.13212435233160624
600746,0.0428179262029586,0.99746171117031,1.95685378089766,0.50651593526948,-0.10881882209127,2018,1.7e-05,-0.037379944,0.14584874,0.7843137254901962,-0.03431372549019607
600750,0.0073041730909399,0.74677957912589,0.63912879098643,1.07428758765034,-0.47446937210625,2016,2.87e-05,-0.281291644,0.089196777,0.04038772213247177,0.431340872374798
600750,-0.008508100790986,0.84107189531765,0.7594645844463099,0.6729398293961,-0.10209760610557,2017,1.37e-05,-0.075046716,-0.281291644,-0.7616580310880829,-0.2590673575129534
600751,0.0033930147681658,0.7898318608888399,0.31617901662123,0.13424536208236,1.5535915022470002,2017,4.09e-05,-0.516682596,0.130631444,0.34196891191709855,0.6036269430051813
600751,0.1349660687527535,0.86132525282295,0.46715106294121,-2.15251465748288,0.25693573791127,2019,1.93e-05,-0.125660926,-0.030523844,0.96875,0.13221153846153855
600753,-0.0112739538182704,0.8156067814313901,-0.01884809787946,-0.8020860671399401,0.3975657476637,2017,1.51e-05,-0.37782111,0.071700559,-0.8419689119170984,-0.1787564766839378
600753,0.0236111325908271,0.56164085544135,0.04516684716634,-0.18704334412318,-0.64271505351915,2019,4.08e-05,3.566778265,-0.236413543,0.4375,0.7235576923076923
600754,-0.0418593737328821,1.00372179687891,1.37149754494774,1.47453705622806,0.08023844028035,2016,2.9e-06,0.364899737,-0.187491261,-0.6219709208400646,-1.0
600754,0.0073727528184838,1.37119347559133,-0.057548951310400005,-0.23702427982246,-0.55950077920956,2018,7.62e-06,0.131945,-0.327014584,0.15441176470588225,-0.9387254901960784
600755,0.0700360870350506,1.34713586953319,0.62576182895831,0.19900047572537,0.15037523061085,2016,1.84e-05,-0.202110364,0.130237136,0.7641357027463651,0.008077544426494443
600755,0.0024290930255985,1.19723073375604,1.05939167583075,0.70700779810088,-0.17878156588699998,2017,1.63e-05,0.199755317,-0.202110364,0.22020725388601026,-0.15284974093264247
600755,-0.046903223510146,1.32129388014389,1.5987708939949798,1.22007162372387,0.15564014921867,2018,1.53e-05,-0.222074416,0.199755317,-0.8455882352941176,-0.08578431372549022
600755,-0.0547877479256329,1.13532535062863,0.74263634739745,0.3808707572926,0.06495969555379999,2019,4.42e-05,0.266963069,-0.222074416,-0.8028846153846154,0.7644230769230769
600757,-0.0535294533115801,1.2387260049812399,1.52352933999151,0.32648323486553,0.27625541613336996,2016,3.6e-05,-0.233373305,-0.119972035,-0.7479806138933764,0.5799676898222941
600757,-0.0025120775609117,1.22411069575439,0.69727614989713,0.24198503740528,0.10647589283957,2017,4.26e-05,0.205335785,-0.233373305,-0.3937823834196891,0.6321243523316062
600757,-0.013376489522583,1.04120401705461,0.99486192116606,0.35910647310023003,0.13248025548294,2018,3.13e-05,-0.235605227,0.205335785,-0.40931372549019607,0.4656862745098038
600757,0.0327595608568053,0.9431598345442,0.75125372667625,0.31613851275714,0.09551226459977,2019,7.34e-06,0.093131936,-0.235605227,0.5793269230769231,-0.9423076923076923
600761,0.0003932608906705,1.24816518636768,1.11623216892763,0.9764537710222599,0.08563600501539001,2016,1.25e-05,-0.117072857,0.27936,-0.05977382875605819,-0.40872374798061384
600761,-0.0126971118695658,0.9563710279376599,0.36947140599497996,0.09725955778,0.1879330053229,2018,1.96e-05,0.026531944,0.078942305,-0.3921568627450981,0.0490196078431373
600761,0.043218577012586,0.7979759352406101,-0.07933186289237999,-0.40799866680691,0.28722047143436,2019,8.57e-06,0.165744181,0.026531944,0.6923076923076923,-0.8076923076923077
600764,0.0050480251470129,0.9961570291106601,0.77040977878983,0.09086358126036001,0.8773281662127701,2017,2.61e-05,-0.130613602,-0.05646768,0.5103626943005182,0.2409326424870466
600765,-0.0078075473520633,1.18788559263399,-0.10778707157077,-1.6182275561594899,0.34079988402661,2016,1.97e-05,-0.467053403,-0.066423545,-0.15993537964458804,0.04684975767366728
600765,0.0100364591122579,1.36842456814756,0.55115605715229,-0.8685803457850101,-0.04081605410809,2017,1.9e-05,0.228126389,-0.467053403,0.7512953367875648,-0.05699481865284972
600765,0.0400688323610252,1.33721384536022,-0.60280556675695,-2.13999743579185,0.96849324596158,2018,2.07e-05,0.095929911,0.228126389,0.7598039215686274,0.08578431372549011
600765,-0.0389914277242754,1.05051555497857,0.80738115371603,-0.7791531035468601,0.64681706848691,2019,1.94e-05,1.190280487,0.095929911,-0.6225961538461539,0.14663461538461542
600771,0.0009862932205279,0.80292929531509,0.85670362301005,-0.67654749768089,-0.16008713525885002,2016,9.47e-06,0.355724712,0.351038606,-0.05331179321486268,-0.8449111470113085
600771,-0.0081535583680797,0.7356591340040299,0.81383636485153,0.16064988419699,-0.12688033026373,2017,9.11e-06,-0.51371817,0.355724712,-0.7487046632124352,-0.8497409326424871
600771,0.0265273215986138,0.73669125931584,0.09549310118246,-0.39151528559712,-0.4535436031976,2018,1e-05,-0.287985275,-0.51371817,0.5857843137254901,-0.678921568627451
600771,0.0783746305559777,0.99328157699463,-0.46100597133151,-0.85206019216169,-0.22530855446567,2019,2.83e-05,1.747244561,-0.287985275,0.8846153846153846,0.48076923076923084
600773,0.0106675171158666,1.16100575804663,1.4518974008073802,-0.003609150161717901,-0.8646042941354499,2017,1.13e-05,-0.040001875,-0.383701848,0.7694300518134716,-0.5699481865284974
600773,0.034866606072177,1.3975436540526,1.3720736382920902,0.17518239734779,0.33976928351524,2018,1.12e-05,-0.128643573,-0.040001875,0.713235294117647,-0.4681372549019608
600773,-0.0164759851307655,1.0262349058627,0.90258709254208,-0.39894465155420006,-0.07488240738646,2019,1.04e-05,1.354596811,-0.128643573,-0.3028846153846154,-0.46634615384615385
600775,-0.0292101862632724,1.15296228620126,0.5454472769709501,-0.98846615088292,-0.22160278055387,2016,1.69e-05,-0.450960778,-0.324226575,-0.48303715670436187,-0.043618739903069415
600775,0.000267107403286,0.9554725210314099,0.033989239628850004,-1.22925866702004,0.3398996022336,2017,2.53e-05,1.179030804,-0.450960778,-0.06994818652849744,0.21243523316062185
600775,-0.0050913080449508,1.15943989543531,1.02721696873177,-0.69918250145465,0.0687083523807,2018,7.5e-06,-0.343091707,1.179030804,-0.19117647058823528,-0.9534313725490196
600775,-0.0043814611736196,1.1658930304247301,0.58794412206852,-1.76368912723814,0.77287355821093,2019,5.16e-05,-0.13769896,-0.343091707,-0.04086538461538458,0.8173076923076923
600776,-0.0131207060685111,1.13895204824525,0.6922566842878399,-0.3296123077464,0.37408354681627,2017,1.27e-05,3.739070659,-0.290913431,-0.8652849740932642,-0.36010362694300513
600776,-0.0834016954629301,0.8765982331525399,-0.8519414321270701,-3.88211394177101,0.37729197408125,2019,1.04e-05,-0.18870274,-0.349945353,-0.9230769230769231,-0.46634615384615385
600777,-0.0458322705087846,1.24197539738786,2.72321025532742,0.9934371413268099,1.2390709948627798,2016,1.06e-05,-0.434988933,-0.1919061,-0.6575121163166397,-0.6898222940226171
600778,-0.0720508810467154,0.9691805271339701,2.14444213490609,0.51163460347123,0.5147305719073401,2016,1.85e-05,-0.362095426,-0.215247535,-0.8481421647819063,0.017770597738287597
600778,-0.0011852344442797,0.8611198198465699,1.50188817958947,0.11528300794714,-0.01784714964286,2017,9.42e-06,-0.165566459,-0.362095426,-0.25129533678756477,-0.8238341968911918
600780,-0.0013154270578401,0.8198368048812301,0.73333966237057,1.02256585644311,-0.26424595523009003,2017,1.21e-05,-0.049342072,-0.370093881,-0.27461139896373055,-0.44041450777202074
600787,0.0215101674132789,1.23387536055062,0.6945499433703101,-0.29151101927132,0.33891311156433,2016,2.04e-05,-0.029433543,0.053513526,0.2859450726978998,0.08239095315024225
600787,-0.0123383399256872,1.24808611395348,0.14824643522939998,-0.8257082948746299,0.04690855533436,2017,1.9e-05,-0.267958651,-0.029433543,-0.8523316062176166,-0.05699481865284972
600787,0.0553966328252521,0.9767454393634001,0.32277238969773003,-0.22180669591118,0.09275031250867999,2018,3.59e-05,-0.24561322,-0.267958651,0.8946078431372548,0.5441176470588236
600790,0.0087168034375627,0.9323264656605599,1.11211792560853,0.67706665194466,0.0670537640879,2018,1.4e-05,-0.113060547,0.047878186,0.2058823529411764,-0.15441176470588236
600792,-0.0147379150734719,1.14970802394094,1.04875205868592,0.39815693343735997,0.6149646859813,2016,1.79e-05,-0.252374872,-0.104422942,-0.26332794830371564,-0.014539579967689842
600795,-0.0003737805166062,0.63141295380173,0.31962246215247,0.08049609361263001,0.01278141089579,2019,7.7e-06,0.328296282,-0.282871947,0.04326923076923084,-0.9158653846153846
600796,-0.0499345299038374,0.89245413836935,2.37426893820811,0.9069004462552399,-0.30249992784798,2019,1.08e-05,-0.039773704,-0.06334202,-0.7572115384615384,-0.3870192307692307
600797,-0.0359015456004873,1.0224706249989999,1.31887530380919,-0.43763750232513005,0.13295322318939998,2016,9.73e-06,-0.198022818,0.090251175,-0.5444264943457189,-0.8126009693053312
600797,-0.0337512594780993,1.11391345966734,0.31873014896789,-1.8853153399135298,0.5194652620686,2019,9.01e-06,-0.199218283,-0.201032567,-0.5697115384615384,-0.7283653846153846
600798,-0.0505408464326235,1.2320432083198,0.3905837930796,-1.1588382681065001,0.6254651550896,2016,1.35e-05,-0.307424759,0.059465383,-0.7124394184168013,-0.2600969305331179
600798,0.0230836680628524,0.77145781798315,1.25493044851545,0.23848968648634,-0.73383655400886,2017,5.57e-05,0.012374632,-0.307424759,0.9481865284974094,0.766839378238342
600798,0.0611128290185564,1.15262248311304,0.18739286053902998,-0.77230408836774,0.37602109003406003,2018,1.09e-05,-0.202798563,0.012374632,0.911764705882353,-0.517156862745098
600801,0.0156445314968222,1.46320569898942,1.2621465853020102,1.9623404118481,-0.1377354251799,2018,1.12e-05,0.153397585,0.94144554,0.3651960784313726,-0.4681372549019608
600801,0.0475684542806669,1.39080429722661,-0.052043015939620005,1.4119426305587899,-0.42861828017248,2019,1.05e-05,-0.191947345,0.153397585,0.71875,-0.43990384615384615
600802,0.0627151532564316,1.21096208634093,0.49851396868917996,-0.82439657004891,0.24726585580595997,2016,1.24e-05,-0.195275672,0.065203243,0.7253634894991923,-0.43457189014539577
600803,-0.0222807716093878,1.19440132366883,0.90320532059282,0.76492152364692,-0.10218226593996999,2016,1.66e-05,-0.103319063,0.169367287,-0.3893376413570274,-0.056542810985460434
600808,0.0013407980579746,1.23315698765773,0.25838637479779997,-0.20409687046697,0.51825003680451,2016,1.15e-05,-0.001081269,0.447634132,-0.043618739903069415,-0.5767366720516962
600808,-0.0134936726060252,0.9699571203377101,0.08342005873862,0.71875882628581,-0.15018435744536,2019,1.4e-05,0.687057196,-0.178720934,-0.24278846153846156,-0.11538461538461542
600809,0.0118432149476838,1.14485000304115,-0.16139506620287,-0.08368026300372,-0.38886488854984,2018,2.56e-05,1.106448112,0.095187516,0.2818627450980393,0.3088235294117647
600809,0.0414455396662537,1.41085220927145,-0.70742287963938,0.36308486651027,-0.39857586023621,2019,2.79e-05,2.046188084,1.106448112,0.6634615384615385,0.4783653846153846
600811,-0.0336989104741644,1.48129662743067,0.72240006038433,0.79869825447797,0.44347065968859,2016,8.72e-06,-0.154557249,-0.035645324,-0.531502423263328,-0.9127625201938611
600811,0.0014606864636832,1.11020421890156,0.01201506826812,0.10740291998033,0.09341200883863,2017,8.55e-06,-0.141246711,-0.154557249,0.09067357512953378,-0.9352331606217616
600820,0.0629403542681723,1.17683012471101,0.73063290507667,-0.62373317129568,0.56503186890599,2016,1.94e-05,-0.414268761,0.186117703,0.7285945072697899,0.037156704361873905
600820,0.0127664405100541,1.0005720594206,0.6488087108816,0.15945146271484,0.18652740823602,2019,8.33e-06,-0.078122553,-0.085851709,0.26201923076923084,-0.8293269230769231
600825,-0.005378404183275,1.30188468194488,0.96956783456362,0.37418467799163,0.39930107495657,2017,1.02e-05,0.205101057,-0.41979429,-0.6373056994818653,-0.7538860103626943
600825,0.05721192099693,0.96521352787809,1.4553708510099799,0.29099725383616,0.14419716975347,2018,1.04e-05,0.201024409,0.205101057,0.9019607843137254,-0.6200980392156863
600826,-0.0618891032681666,1.24122665293267,1.0301190245335001,-0.31392072350698,0.49175608844602,2016,1.48e-05,-0.237343264,-0.319309731,-0.7835218093699515,-0.15347334410339253
600826,-0.0037244600152998,1.06898464506948,-0.24373934850329002,-0.92050045275385,0.8315975600694799,2017,0.000100876,-0.164668886,-0.237343264,-0.48445595854922274,0.9352331606217616
600826,0.0084671221485671,1.15039073796817,0.75528224345215,-0.55336864720025,0.57791198489023,2018,4.28e-05,-0.066885984,-0.164668886,0.20343137254901955,0.6691176470588236
600826,0.0849696101802563,0.95559546631838,0.40619722138601,-0.04496002553088,-0.6925959955801599,2019,3.76e-05,-0.240506997,-0.066885984,0.9158653846153846,0.6682692307692308
600830,0.0113504435788453,1.54839225713882,1.32513587475191,0.035687398485109996,0.45841591911269997,2017,9.34e-06,0.131866293,-0.458914913,0.7849740932642486,-0.8316062176165804
600830,0.0651346242596387,1.22318027156334,1.16449589816049,-0.17506641663527,0.74550376816859,2018,1.71e-05,0.114898415,0.131866293,0.9313725490196079,-0.031862745098039214
600831,-0.0017811790510835,1.35189209910926,-0.08518031476584,-1.10941557007987,0.53348424223606,2017,1.07e-05,0.769774337,-0.398976924,-0.3264248704663213,-0.6658031088082901
600831,0.0362382735457485,1.1532539926012502,0.91335185001837,-0.2867356215709,0.14683455720627,2018,2.03e-05,-0.296269254,0.769774337,0.7230392156862746,0.06862745098039214
600834,0.0362750285024914,1.09047248639642,1.03806752289797,0.05719640528035,0.24569847892671,2016,1.48e-05,-0.444354302,-0.049081598,0.48303715670436187,-0.15347334410339253
600834,-0.0603081799941446,0.81692908302732,0.50110071810085,-0.09457097862027,0.71311827211198,2017,2.86e-05,0.089794742,-0.444354302,-0.9766839378238342,0.3160621761658031
600834,-0.0200742338704842,0.8871765320244701,0.6513879468042301,-0.23554516949388,0.44789058691299,2018,2.79e-05,0.587143606,0.089794742,-0.5367647058823529,0.38725490196078427
600839,0.0458889176827254,1.1472103846826298,0.74364570970984,-0.73890246522338,0.26638258274128,2016,1.74e-05,-0.213112884,-0.193436408,0.6090468497576738,-0.02746365105008075
600841,0.0005285887502884,1.05165556538927,0.5676758432920801,-0.19993534699192997,0.40567814198024,2017,2.73e-05,-0.15079523,-0.392732161,-0.02849740932642486,0.27979274611398974
600841,0.0415608204038549,1.17521852573215,1.53622799461115,0.8677932597945199,-0.20967585424553997,2019,2.54e-05,0.294104261,-0.143465331,0.6706730769230769,0.4375
600843,0.008062606238243,1.02151392840141,1.28899576606956,0.17407195921005,0.23611702938905002,2018,2.24e-05,-0.134698803,-0.119617619,0.18872549019607843,0.17647058823529416
600843,-0.0430906597269694,1.06296743243813,1.6936386167531898,0.64981498503412,-0.011120488451859999,2019,9.57e-06,-0.072171859,-0.134698803,-0.6778846153846154,-0.6201923076923077
600846,-0.0005105383573576,1.17095706855113,0.96302626990035,-0.31910623356698,-0.01664589169649,2017,1.26e-05,0.180086998,-0.085167276,-0.1658031088082902,-0.38082901554404147
600846,-0.0701787332155993,1.39239712344765,1.96927269049306,0.85601438191033,-0.23266650316365,2019,1.12e-05,0.025990367,-0.037300937,-0.8822115384615384,-0.2932692307692307
600848,0.0052518421988895,0.73568586169436,0.85153304182189,-0.15501182716102,1.15051805703731,2017,3.2e-05,0.426000821,-0.004878945,0.528497409326425,0.40414507772020736
600848,0.0023531039561949,0.96923749498687,0.92655769381173,-0.14663457515018,0.04278121099025,2019,1.84e-05,-0.001460548,-0.313293097,0.09375,0.06490384615384626
600853,-0.0399370565900233,1.10822119223768,1.37274568636373,0.25248277851489004,0.37634004993703,2016,1.04e-05,-0.420770378,0.183051347,-0.5993537964458804,-0.7318255250403878
600853,0.0072583292742358,1.23363429514621,1.2846370599394201,0.60387420683949,-0.71794862690025,2017,1.02e-05,0.310844179,-0.420770378,0.6347150259067358,-0.7538860103626943
600853,0.0752826520411447,0.9172118306605,1.12188093011704,0.48046104898668995,-0.7547435093742,2019,8.85e-06,-0.085264807,-0.141409641,0.875,-0.7596153846153846
600855,-0.0935979476630541,1.0338363567126398,0.45353417862552,-1.6483460539590802,1.10876048380948,2019,1.82e-05,-0.173784599,0.127578018,-0.9447115384615384,0.04567307692307687
600857,-0.0653797723127365,0.97328876827235,1.62364958859215,0.10954789354910999,0.24998682733313,2016,1.53e-05,-0.241047492,-0.17059541,-0.802907915993538,-0.11470113085621969
600857,-0.0039456578982563,0.69437281529258,0.59244885525274,-1.38668808221121,0.19065661898163,2017,1.72e-05,-0.020214197,-0.241047492,-0.5181347150259068,-0.13212435233160624
600859,-0.0031173475010873,1.16366366141999,-0.04425676813545,-0.5774440560891,-0.39483530401549,2018,9.35e-06,1.956516274,-0.275100893,-0.12009803921568629,-0.767156862745098
600860,0.006255374934131,1.6596257934099,-0.03649779088421,-1.11217204139586,0.45965816240239,2018,9.35e-06,-0.360189428,0.394573894,0.11764705882352944,-0.767156862745098
600860,-0.0514245532589293,1.27755964232911,2.50638073772571,1.91779697728168,-0.61888675786458,2019,9.16e-06,-0.069843123,-0.360189428,-0.7692307692307692,-0.7043269230769231
600862,0.0896743807949689,1.22530562491948,0.58291030138201,-1.21604240604134,0.42317309999325997,2016,1.09e-05,-0.375172469,-0.3271759,0.8416801292407108,-0.654281098546042
600862,0.0279660808912088,1.1434892951419,0.41323080595399003,-0.91726757242664,0.5395846886993,2018,2.05e-05,0.876603731,0.440485341,0.6053921568627452,0.0759803921568627
600862,-0.1060511275966622,1.15434622141,1.02802443214744,-0.98625948118894,1.1455961869118099,2019,1.97e-05,0.804896446,0.876603731,-0.96875,0.17548076923076916
600863,-0.0003051064330029,0.98312786059363,-0.29927514174231,-0.42196192879051,0.16653870122337,2017,1.83e-05,0.380339929,-0.252081919,-0.13212435233160624,-0.09585492227979275
600863,0.020894189212007,0.74261594679929,0.5058589093921799,0.18249604701783,0.11360198582551001,2018,1.75e-05,-0.2050297,0.380339929,0.47549019607843146,-0.014705882352941124
600863,-0.000111880163055,0.7612123980857,0.41997504207013,0.02010049233181,0.16547535062184,2019,7.65e-06,0.032477235,-0.2050297,0.05048076923076916,-0.9254807692307693
600869,0.0543520274395708,0.80160054025536,0.20322295981573002,-0.73281398725456,-0.6717976161320001,2016,3.1e-05,-0.305380143,-0.35670048,0.6736672051696284,0.4668820678513732
600869,0.0008803769353882,0.9116977857544201,0.25838594347614996,-0.57834145477685,0.0022181560120851,2017,8.39e-05,-0.056717398,-0.305380143,0.020725388601036343,0.9067357512953367
600869,-0.0124026267286231,0.75076536807063,0.17366211862773,-0.02793661813305,-0.07667433170121,2018,7.37e-05,-0.12585777,-0.056717398,-0.3848039215686274,0.911764705882353
600869,-0.0119573279348739,0.5873942146359801,0.8266864026201001,0.21523486322385,-0.1989916650852,2019,5.48e-05,0.189273032,-0.12585777,-0.21634615384615385,0.8461538461538463
600871,-0.0839945233465275,1.07026560392191,-0.42249729412572,-1.7620460917494098,0.344378577443,2016,6.8e-06,-0.324490356,-0.143339143,-0.8966074313408724,-0.9903069466882067
600871,0.0043980162783663,0.78038681979857,-1.08850425496701,-2.2979725656218903,0.50028734581738,2017,6.68e-06,0.012325153,-0.324490356,0.45854922279792754,-0.9948186528497409
600873,0.0732456747542939,1.23554867074934,0.04967876065961,-1.06764194675826,0.5345993421650099,2016,2.07e-05,-0.27405859,-0.061036961,0.7770597738287561,0.10177705977382878
600873,-0.0066020130080951,0.99195475607629,0.41269856758495,0.6004851974143499,-0.32417586574189,2017,4.03e-05,0.218259235,-0.27405859,-0.689119170984456,0.5932642487046633
600875,-0.0219815686540417,1.31768294457094,0.29062387180259,-0.25815288739391,0.39166875610422,2016,2.77e-05,-0.238283284,-0.030931833,-0.382875605815832,0.40872374798061384
600875,0.0020881384634825,0.90385121998124,0.13706292289042,-0.45881745368003,0.3575790619548,2017,2.1e-05,0.412369188,-0.238283284,0.1787564766839378,0.020725388601036343
600875,-0.0698222648999467,1.13906811077196,1.20008146341692,0.55635033279559,-0.16630824005896,2019,7.86e-06,0.246064988,-0.169559496,-0.8798076923076923,-0.9014423076923077
600879,-0.0398598412152763,1.00711885358817,0.015535672625999999,-0.6522752446730901,0.02783461226105,2016,4.25e-05,-0.212371965,0.111673563,-0.5961227786752827,0.6801292407108239
600879,-0.0048341846332694,1.32005378995529,0.24189599996919997,-0.61526540837189,0.26045875431869997,2017,1.02e-05,-0.137019117,-0.212371965,-0.6010362694300518,-0.7538860103626943
600879,-0.0002694263988086,0.90008976016929,0.03769197982755,-1.38068709355438,0.36383099461337004,2018,1.01e-05,0.029791647,-0.137019117,-0.05147058823529416,-0.6715686274509804
600885,0.0100929175875754,1.17679404722682,0.34456849955546004,0.73232618466958,-0.32578434279711,2019,1.43e-05,0.561146206,0.627091938,0.22115384615384626,-0.10817307692307687
600887,0.0234461322798711,1.07969127737069,-0.55901639108557,0.40051109361468,-0.76209897878348,2018,3.13e-05,-0.056965632,0.208693626,0.536764705882353,0.4656862745098038
600893,0.0364589115981625,1.19049727722769,-0.84403246258772,-2.19199781010055,0.64965069026438,2016,8.93e-06,-0.190338623,-0.217800445,0.4862681744749595,-0.8966074313408724
600894,-0.0540265411312999,1.3180941110525601,1.24526691199635,0.78002646228333,0.29131810723259,2016,2.67e-05,-0.495225922,-0.096689982,-0.7576736672051696,0.38610662358642966
600894,0.000541555558902,0.9086690221723599,0.5073438516071399,-0.11714062525382,0.13801882253097,2017,3.73e-05,0.310255212,-0.495225922,-0.020725388601036232,0.5362694300518134
600894,0.0065523766925269,0.91397363183294,0.7778771609895301,-0.1192510145874,0.47420582794319,2018,3.69e-05,-0.120221785,0.310255212,0.12745098039215685,0.5661764705882353
600894,-0.001979901674699,1.03768680057822,1.3429048168072701,0.6917267929616601,-0.18730568349848,2019,3.53e-05,0.022028781,-0.120221785,0.009615384615384581,0.6322115384615385
600897,0.0103726210022885,1.0374788163349,0.8893591141456899,0.16393431174827,0.1958935877276,2016,4.44e-05,-0.166814951,0.19310283,0.10823909531502429,0.6995153473344102
600897,0.0040092331497013,1.0358466503320098,0.68537273137628,0.51522529242892,-0.17360476580792,2017,5.37e-05,0.276989934,-0.166814951,0.4093264248704662,0.7409326424870466
600897,-0.0222541295405927,1.02600018897979,1.14899445637482,0.92872512012128,0.08163681179674,2018,5.33e-05,-0.2685826,0.276989934,-0.5637254901960784,0.7769607843137254
600897,-0.02084104515264,0.72230962510307,0.15617916921099,-0.031258506405799996,0.47539838839312,2019,4.77e-05,-0.059429256,-0.2685826,-0.36778846153846156,0.78125
600900,0.0521374457958788,0.52743589334194,-0.41843776630025,0.01528131999679,0.30080516045416,2016,1.04e-05,0.127953888,0.246997147,0.6607431340872374,-0.7318255250403878
600900,-0.0033084257878431,0.37226096046209,-0.24929624290715002,0.68647785569111,0.04791465074384,2017,1.12e-05,0.092655935,0.127953888,-0.44818652849740936,-0.5829015544041452
600900,0.0252661924304383,0.21387632829173,-0.43315092837191,0.14840504834021,0.04878643607573,2018,1.08e-05,0.082338647,0.092655935,0.5637254901960784,-0.5441176470588236
600900,-0.0055039182745588,0.33579506375220003,-0.30210013795433,0.20799365688225,0.15953372855203998,2019,9.95e-06,0.112458589,0.082338647,-0.06730769230769229,-0.5408653846153846
600917,-0.0467447583804175,1.2045095877558,1.3381572403145299,1.4697034262331499,-0.46799471353395006,2016,1.23e-05,-0.27525797,-0.053769125,-0.6768982229402262,-0.4474959612277868
600917,0.0064790658037385,1.0913137474926802,1.09056669693137,-0.40561693595192,0.35914553265476,2017,1.26e-05,0.018266819,-0.27525797,0.5958549222797926,-0.38082901554404147
600917,0.0008037721296774,1.1987266250345499,0.47115954658519005,0.2566833761772,0.12468877543032,2018,1.25e-05,0.022346017,0.018266819,-0.022058823529411797,-0.2647058823529411
600929,-0.0240934767998197,0.97336886573536,1.24289985145556,-0.13191580130240999,0.08356714442494001,2019,1.69e-05,0.038947291,-0.24730732,-0.43028846153846156,-0.004807692307692291
600936,0.0038500850369716,2.36352894593008,-0.23581558369444,-0.9164869983958801,1.09006824619363,2017,2.05e-05,0.014360485,-0.419335361,0.38601036269430056,-0.012953367875647714
600936,0.0113895932300379,0.9981226410423699,0.92631725301991,0.03101759685798,0.29607591494150004,2018,3.01e-05,-0.218334112,0.014360485,0.2720588235294117,0.4362745098039216
600936,0.0529857436642057,1.0162782721772101,1.14704783934037,-0.20271580668237998,-0.12395856289825001,2019,9.85e-06,-0.23944473,-0.218334112,0.7668269230769231,-0.5600961538461539
600939,0.001000192087298,1.4088712512839001,1.60336916396198,0.5099821076998601,0.4998953175229,2018,9.53e-06,-0.267311672,-0.015357109,-0.014705882352941124,-0.75
600939,0.0800929871012076,0.99165347321656,0.8908893869617099,0.33760918592583,-0.40190494275456995,2019,1.83e-05,-0.040713203,-0.267311672,0.8942307692307692,0.05288461538461542
600959,-0.0046149821044635,1.05173059499316,0.80787224546201,-0.46403799077662,0.24182373967136997,2019,1.01e-05,-0.195420871,-0.167908617,-0.04567307692307687,-0.5192307692307692
600962,0.0022869992866684,1.1195889328492,2.23898895318018,0.82982811777993,-0.24619810320977,2017,1.41e-05,0.03013533,-0.36830249,0.20466321243523322,-0.22538860103626945
600965,0.1326852654434746,0.92355180402846,1.6013677004902998,-0.0079080236953544,0.1629282927032,2016,1.3e-05,-0.120679966,-0.131053878,0.9579967689822293,-0.3150242326332795
600967,0.0346590556712476,0.92908485173966,0.15123802746805998,-2.06762466152025,0.7543797280913099,2016,2.22e-05,-0.079346497,0.266209706,0.4668820678513732,0.1696284329563813
600967,-0.0315758416983572,0.61619098666929,-0.08063500504134,-1.4679811484559,0.17931187488542,2018,2.05e-05,-0.083668315,-0.132111342,-0.6887254901960784,0.0759803921568627
600967,-0.0089082711415494,0.8241460207519801,0.03410028368905,-0.97883056207717,-0.21533170038100002,2019,1.94e-05,-0.035366857,-0.083668315,-0.16346153846153844,0.14663461538461542
600969,0.0713017219461802,1.14671035821116,1.24546561709752,0.35868492918157,0.23137182325011002,2016,1.17e-05,-0.415107201,-0.057427065,0.7738287560581583,-0.531502423263328
600969,0.0022306886265052,0.76258309155765,0.74128344121505,-0.08331011733891,0.11283440193099,2017,1.17e-05,0.179003333,-0.415107201,0.19430051813471505,-0.5155440414507773
600969,0.0074569485198129,0.8660559890654699,0.87931541085212,-0.21437205310409999,0.33990461508078,2018,1.16e-05,-0.147591313,0.179003333,0.15686274509803932,-0.3970588235294118
600969,-0.0141153276249724,1.04442378217484,1.26833534193593,0.76447069994526,-0.33930964860128,2019,1.07e-05,0.06271038,-0.147591313,-0.2548076923076923,-0.40865384615384615
600970,-0.024768942839609,1.24121739304261,0.71496461180474,-0.26918717297341,0.36929073375261,2016,0.000113595,-0.225330977,0.372575503,-0.42810985460420037,0.9676898222940227
600970,0.0372628917263585,1.30821937346339,1.39984137577817,0.23834368488761998,-0.8704046509848099,2017,3.75e-05,-0.013650003,-0.225330977,0.9896373056994818,0.5466321243523315
600970,-0.0200506061065448,1.74244645193385,0.517640277167,0.44574140146133995,0.18131667071301,2018,4.4e-05,-0.146335123,-0.013650003,-0.5343137254901961,0.6862745098039216
600970,0.0541583005785997,1.39188694729619,0.8118913355858299,0.64788280231954,0.18542630745898,2019,5.59e-05,0.75173928,-0.146335123,0.7764423076923077,0.8533653846153846
600973,-0.0731542442543294,1.18980935373117,1.02607745269006,-0.42520324102798,0.14402201856102,2016,5.24e-05,-0.354969198,-0.041547897,-0.8578352180936994,0.7770597738287561
600973,0.0010279164073652,1.1679570399327601,0.6152290649249,-0.20239291162772,0.11778679873411,2017,2.24e-05,0.047048112,-0.354969198,0.04663212435233155,0.08031088082901561
600973,-0.0106574606502725,0.8915566812323399,1.2360503096094801,0.41728702513126,0.17462697700534,2018,3.5e-05,0.014081681,0.047048112,-0.3529411764705882,0.5245098039215685
600973,-0.0272667584226243,0.8935353591313601,1.04969832081037,0.31601133804006,-0.48052729037354996,2019,2.08e-05,0.044403534,0.014081681,-0.4807692307692307,0.2548076923076923
600976,0.0026647695133799,0.87949760014989,0.21836429648076,-0.38449705491748,-0.13308771970684,2017,1.11e-05,-0.216530486,-0.228689293,0.23575129533678751,-0.6036269430051813
600976,-0.0040848085691064,0.89191213766296,0.0018163758272441,-0.54477568472784,0.16904486119039,2018,9.83e-06,0.073481971,-0.216530486,-0.15441176470588236,-0.7083333333333333
600976,0.0813348612560463,1.00755264748648,1.1684119235689299,0.9401193335964999,-0.19152877853064001,2019,9.11e-06,2.248062432,0.073481971,0.9014423076923077,-0.7139423076923077
600977,0.0276815614505906,0.7564531676428999,0.64271561774035,-0.16156637629394,-0.16587470446882002,2018,8.38e-06,-0.157900424,-0.017567233,0.6029411764705883,-0.892156862745098
600977,0.0359844102877765,1.10462104492451,0.31493615245404,-0.0028555277023902,0.0045258862904522,2019,4.42e-06,-0.039671962,-0.157900424,0.6105769230769231,-1.0
600979,0.0090080641236257,1.25715155578348,0.99131082194274,-0.08288470163730001,0.7687698648343401,2016,8.72e-06,-0.216779753,-0.040268474,0.056542810985460434,-0.9127625201938611
600979,0.0016561603000342,1.0916910088674898,1.14898661512188,-0.5263247399104599,0.51304810539259,2017,9.2e-06,-0.004943133,-0.216779753,0.12176165803108807,-0.8419689119170984
600979,-0.0272962633722658,0.7837289543859901,0.73488127560587,0.08602020861953,0.24883425628935998,2019,2.6e-05,-0.021968085,-0.099697858,-0.48317307692307687,0.4423076923076923
600980,0.1383249755603763,1.0280859206091701,0.029366808216800003,-1.53338995422195,0.37768056340199,2016,1.31e-05,-0.317984984,-0.40969203,0.9676898222940227,-0.308562197092084
600980,0.0047860077193396,1.34851641457352,0.79837397113889,-1.26219362317399,-0.10154762207278,2017,3.88e-05,0.496811694,-0.317984984,0.4870466321243523,0.5699481865284974
600980,0.0195079018074019,1.4804547297222,1.33458685719718,-0.06471626804158001,0.26436750634114003,2018,3.76e-05,-0.31012489,0.496811694,0.446078431372549,0.5833333333333333
600980,-0.0037665002669243,1.18491094549056,0.9128066430668399,-0.009459935492198701,0.14807168762311002,2019,5.48e-05,0.189014548,-0.31012489,-0.03125,0.8461538461538463
600981,0.0016728977857769,1.02625786473664,0.47921075698202,-0.12377414161155,0.15440735450928,2017,3.01e-05,0.095108365,-0.396640614,0.12694300518134716,0.3575129533678756
600981,0.0198520373238704,0.77778068460429,0.99155231272291,0.22432344712847,-0.2277825820529,2018,2.14e-05,-0.331582638,0.095108365,0.4509803921568627,0.10539215686274517
600981,-0.0990282084660853,1.12873601378687,1.7602473839469401,0.37298553078774,0.039268628243719995,2019,2.07e-05,-0.042230844,-0.331582638,-0.9519230769230769,0.24759615384615374
600983,-0.0105267161635,1.24484784402002,1.11763313327589,1.11813553452989,0.58124373101625,2018,2.39e-05,-0.216357259,-0.175155922,-0.35049019607843135,0.23529411764705888
600984,0.0146696496521306,1.08753647430339,1.29533413879706,-0.61326459970736,-0.07079257240593,2017,8.29e-05,0.162791305,-0.059926098,0.854922279792746,0.8963730569948187
600984,0.010043820828187,0.8343205956719499,0.75826041248493,0.2411837295596,0.37017158094077,2018,2.76e-05,2.735044406,0.162791305,0.23529411764705888,0.37745098039215685
600984,0.0262633777797041,0.64616871017649,0.38272532940122,-0.025486469770339998,-0.20861292910996998,2019,1.86e-05,-0.575287553,2.735044406,0.47596153846153855,0.07211538461538458
600985,-0.0212624394028905,1.1896511611495302,0.8334453494753501,-0.44183422287217,0.27422735343363,2016,3.15e-05,-0.202830798,0.155980758,-0.3570274636510501,0.47657512116316636
600985,0.0028593545587535,1.29629762443665,-0.003376561990587,-0.61121669812609,0.04848186439264,2017,3.11e-05,0.143366057,-0.202830798,0.2720207253886011,0.38601036269430056
600988,0.039356624237873,0.89778344781419,1.12072746202155,0.04529147227584,0.97040937596854,2016,2.13e-05,-0.247751348,-0.326899424,0.5315024232633279,0.1276252019386106
600988,-0.0136760792898157,0.50396682434566,-0.50721491638506,-1.2589182718894598,0.58523960588598,2017,1.93e-05,0.238158993,-0.247751348,-0.8730569948186528,-0.041450777202072575
600988,0.0193238408748309,-0.02199275787329,-0.22592200819834,-1.0030322608567401,-0.022332267530390002,2018,1.68e-05,0.91648406,0.238158993,0.4362745098039216,-0.04166666666666663
600988,-0.056649069992139,0.28284157771644003,-0.07749612061066,-1.0196993061889899,-0.07459078175794999,2019,8.3e-06,0.240538696,0.91648406,-0.8197115384615384,-0.8389423076923077
600992,0.0203652302955649,1.08659980767148,0.95604863619867,-0.7209042364967799,0.29347617123711,2016,3.87e-05,-0.454757009,0.267875276,0.26978998384491115,0.6316639741518579
600992,0.0031298939798907,1.04716325557424,-0.48067154826271,-1.40670627488927,-0.11755296251844999,2017,3.6e-05,-0.073657536,-0.454757009,0.31088082901554404,0.5
600992,0.0669303590937821,1.29673438054329,0.77450900695836,-0.041232365666689995,0.47623409343142004,2018,3.13e-05,-0.25791924,-0.073657536,0.9387254901960784,0.4656862745098038
600992,0.0411831192757923,0.8757901402603,0.93903817243,0.01157143319022,-0.01576731430572,2019,2.75e-05,0.356304327,-0.25791924,0.6586538461538463,0.4639423076923077
600995,0.0047177637053623,1.01819190013469,0.73144601821263,-0.82537475507056,0.11864428100239,2017,1.32e-05,0.077969114,-0.229467144,0.4766839378238341,-0.30569948186528495
600995,-0.0279059500575757,1.01285567656974,1.00249993675728,0.56410810305876,-0.16457584165334,2019,1.25e-05,-0.058499701,-0.051880579,-0.49759615384615385,-0.21153846153846156
601000,0.0787556384893467,1.10013051292864,0.75344617217411,-0.23882743726004,0.25800330914191,2016,3.31e-05,-0.413539824,0.349691049,0.7899838449111469,0.5024232633279484
601000,0.0155868331621499,1.10037935390381,0.04022142678885,-1.1065635869294699,-0.16927657513595998,2017,3.26e-05,0.182428401,-0.413539824,0.8704663212435233,0.427461139896373
601000,-0.0193932281558778,1.0916145525680498,0.60701942366428,-0.03023998071874,0.73042541553456,2018,3.32e-05,-0.16861654,0.182428401,-0.5196078431372548,0.49754901960784315
601000,-0.0281406332113101,1.0693508088758,0.90067655101155,0.51427312096471,0.09067261539687001,2019,8.54e-06,0.144689264,-0.16861654,-0.5024038461538461,-0.8100961538461539
601002,0.0415533463317904,1.18757721162617,0.519771890027,-0.87445677770219,0.24219502246818997,2016,2.72e-05,-0.29408903,-0.020638553,0.5638126009693054,0.3925686591276252
601002,0.0164646474301555,1.2821139503699799,1.24787280876048,0.01080849515709,-0.76870834469152,2017,1.31e-05,0.138354324,-0.29408903,0.8808290155440415,-0.3134715025906736
601003,0.0378438926581233,1.8713289135305702,1.32843940323663,1.86971555472204,-0.35527606852051,2018,1.39e-05,-0.170359097,-0.207880941,0.7450980392156863,-0.16176470588235292
601003,-0.0719802877507387,1.21520434010019,0.26180818427022,0.8613178065556301,-0.054090435594589995,2019,5.3e-05,0.367554033,-0.170359097,-0.8942307692307693,0.8317307692307692
601006,-0.0109638513479267,0.8970933521873,-0.76915248807234,0.1985918362682,-0.10473049836397001,2017,1.29e-05,0.02790872,0.020006626,-0.8238341968911918,-0.33678756476683935
601006,0.0181414234464132,0.64020172694166,-0.06553284534798999,0.40905682787508,0.11183487934870999,2019,1.1e-05,-0.012704975,-0.143009953,0.35096153846153855,-0.3317307692307693
601007,0.015937223855904,0.8497407252695899,0.57032616658653,0.20550288710876,0.08925869818752,2019,2.31e-05,0.056572382,-0.304778622,0.32932692307692313,0.36057692307692313
601008,0.0427222645751428,1.04705989769981,0.57829113351261,-0.76434304282697,0.17341332499451,2016,0.000105819,-0.523423563,0.463643757,0.5735056542810986,0.9612277867528272
601008,0.0378909744921202,0.7857923497756899,2.0095321023008,0.22492406419546002,-1.5264261000332502,2017,4.95e-05,0.385328242,-0.523423563,0.9922279792746114,0.6917098445595855
601008,0.045081165747127,1.09259884159699,1.0582907640754802,-0.0046272811255785,0.22923328240196,2018,9.84e-05,-0.306047559,0.385328242,0.8063725490196079,0.9730392156862746
601008,0.031914359517895,0.9638916422926601,1.57571754814788,0.8282916244656701,0.09983806928431001,2019,7.38e-05,0.078369976,-0.306047559,0.5528846153846154,0.9206730769230769
601016,-0.0530187053573684,1.0235728018564,0.39864428207133995,-0.40569061953273,0.09202941407319,2016,3.18e-05,-0.221087793,-0.266703338,-0.7415185783521809,0.4862681744749595
601016,0.0027777623044252,0.73077957604601,0.51541097629552,-0.9352669409609099,-0.03174696733399,2017,3.86e-05,-0.071376482,-0.221087793,0.25647668393782386,0.5673575129533679
601016,0.0179072532164319,0.85068460778512,0.26395346111367,-0.17243870972979,0.825800079264,2018,3.79e-05,-0.196293047,-0.071376482,0.4142156862745099,0.5955882352941178
601016,-0.0077006481682591,1.05116868671334,1.36734249163838,0.5757208395486401,-0.17000976755237,2019,3.39e-05,0.756636391,-0.196293047,-0.14423076923076927,0.5985576923076923
601018,0.049223769795791,1.46772023155861,0.13144367932766998,-0.13149662883127,0.6185154392277,2016,2.73e-05,-0.25504688,0.138582647,0.6413570274636511,0.3990306946688207
601018,0.0084507874909747,0.64437628336329,-0.41559455125021,-0.10284492515949,-0.13733298829234,2017,4.1e-05,0.048222047,-0.25504688,0.694300518134715,0.6062176165803108
601018,0.0388082443301653,0.39405797929888997,0.22492191789661,0.05697222680248999,0.04723342729616,2018,7.63e-06,-0.199203557,0.048222047,0.75,-0.9362745098039216
601018,0.0445723511446055,0.8674424223376701,0.64182586726075,0.24053006968194,-0.25375512959700003,2019,4.32e-05,0.139965809,-0.199203557,0.6995192307692308,0.7524038461538463
601019,0.0830069975214256,1.34956879332692,1.23278329093856,0.42691027567434,0.90209956028874,2018,8.87e-05,-0.167445115,-0.007317021,0.9607843137254901,0.9558823529411764
601019,-0.0035219923640516,0.96288850653597,0.57442665164373,0.01733433056035,0.29884118820967004,2019,5.03e-05,-0.045802118,-0.167445115,-0.028846153846153855,0.8100961538461537
601020,-0.0089322195758247,1.27555268945641,1.37811244048054,-0.62283394231516,0.12569215724226002,2017,2.01e-05,-0.148479823,-0.383743562,-0.7772020725388601,-0.02849740932642486
601020,-0.0010875274743908,1.31077205155691,1.6051025106595802,0.18425190311012002,0.33853529210108,2018,9.6e-05,-0.344816546,-0.148479823,-0.07352941176470584,0.9681372549019607
601020,0.0069258169617913,1.30735250744457,0.92557947407935,-0.01309174166912,0.18156442062565,2019,4.69e-05,0.05289089,-0.344816546,0.15865384615384626,0.7764423076923077
601021,-0.0118946331241076,0.87842227061245,0.60097466862326,1.02044901497993,-0.49776077670058,2016,3.56e-05,0.031246476,-0.305917369,-0.22132471728594505,0.567043618739903
601021,-0.0088547307060796,0.9017651367872,-0.29693723342459,0.28851373527983,0.22745232439803,2017,3.23e-05,0.271838736,0.031246476,-0.772020725388601,0.4196891191709844
601021,0.014156078137861,1.14718953015982,0.06462439788934,0.10694900249378,-0.00508656288287,2018,6.28e-05,-0.228904368,0.271838736,0.32352941176470584,0.8553921568627452
601021,0.001873760174631,0.9992250763729701,-0.23818392430984,0.21966096175879998,0.08436214512711,2019,3.98e-05,0.598950226,-0.228904368,0.09134615384615374,0.7043269230769231
601038,0.0077476670271449,1.2343858372377499,0.8508543165247601,-0.82941655740641,0.41201206510246,2016,1.59e-05,-0.432322246,-0.035894741,0.04684975767366728,-0.08885298869143776
601038,-0.000265534350316,1.05398957679688,0.8101706933860701,-0.1635315821684,-0.12511751109963,2017,4.18e-05,0.684064586,-0.432322246,-0.12435233160621761,0.6191709844559585
601038,0.033780971404,1.04362150426688,1.14161209706778,0.37674920807028,0.39611106025228005,2018,2.99e-05,0.006707441,0.684064586,0.6936274509803921,0.43137254901960786
601038,0.0338870372569903,1.13954301359455,1.53451846504955,0.50814478231849,-0.09562941090507,2019,8.03e-06,0.759389917,0.006707441,0.5889423076923077,-0.875
601058,0.0038218372158424,0.8798674996570799,0.34293347368779,-0.3030725326926,0.06579385533332,2017,3.22e-05,0.224733829,-0.287770204,0.38082901554404147,0.41191709844559576
601058,0.0222687133664147,0.85309346955659,0.77543839552375,0.39637642879084,0.26211873515834,2018,1.97e-05,0.203153494,0.224733829,0.5049019607843137,0.05392156862745101
601068,0.0043586878443632,1.1329790296898399,1.73653287794527,-0.030197489413590003,0.031182347448529997,2019,1.64e-05,-0.130584904,-0.439605854,0.13221153846153855,-0.019230769230769273
601069,-0.1014344003471338,0.81108720572922,-0.012100363008380001,-1.11747353867191,0.60986646209948,2016,2.39e-05,-0.368348993,0.119992257,-0.9353796445880452,0.25686591276252013
601069,0.0950779002193678,-0.37176446521220996,-0.14482938117258,-1.50959487798427,-0.13784990755305002,2018,4.32e-05,-0.114293261,-0.096010165,0.9754901960784315,0.6715686274509804
601069,0.0069351408995422,0.13050028416266,-0.39956075773724,-1.08822232533933,-0.44915601362031005,2019,2.94e-05,-0.106803155,-0.114293261,0.1610576923076923,0.5216346153846154
601088,-0.0147547979959809,1.14146073785445,-1.2039690732338,-0.31554283444651,0.42562273023522,2016,2.18e-05,0.007007659,0.596512654,-0.2665589660743134,0.14701130856219713
601088,0.0015109960665404,0.99734747178469,-0.18866726161056,1.2554911114517,-0.28416006487321,2018,1.38e-05,-0.211532026,0.056250892,-0.007352941176470562,-0.16666666666666663
601088,0.0136589026883245,0.93825945468167,-0.01549564537348,0.9983163256315399,-0.08680927352333,2019,2.87e-05,0.339002264,-0.211532026,0.28846153846153855,0.49759615384615374
601098,-0.0132681635045664,1.1431982632364,0.77507215402135,1.23727836893895,-0.10280679388533,2016,1.02e-05,-0.332323402,0.042750583,-0.23424878836833607,-0.7705977382875606
601098,0.0049107286551,0.8285566107751,0.26381427318536,0.68405032777055,-0.04508934711338,2017,3.99e-05,0.088609058,-0.332323402,0.4948186528497409,0.5880829015544042
601098,-0.0354185892874751,0.64647642662117,0.63912239224576,0.38994421263807,-0.06525598508984,2018,1.92e-05,-0.127809741,0.088609058,-0.7377450980392157,0.03921568627450989
601100,-0.0172268847801841,0.80379533687764,0.33351970294396,-1.08895380996801,0.38285387791953,2016,2.55e-05,0.782299793,0.38276312,-0.3021001615508885,0.3376413570274637
601106,0.0047257366790958,1.38754151376197,-0.03194734901308,-0.8111483484015201,0.21444431603338,2016,2.15e-05,-0.176875701,-0.19940025,0.004846526655896577,0.14054927302100162
601106,-0.0189934463585176,0.89356960028645,0.04495022364351,-0.75202383925073,-0.01610077916347,2019,2.87e-05,0.188178421,-0.118648607,-0.34375,0.49759615384615374
601107,0.0944103453471462,1.2026845649675,0.96642760671055,0.37981246429801996,0.30562483306216,2016,2.19e-05,-0.263707235,-0.028431659,0.8578352180936994,0.15347334410339264
601107,-0.001836751624563,1.02180789522062,0.31894616941212,-0.04134985702276,-0.07415600041117,2017,5.57e-05,0.191440387,-0.263707235,-0.3341968911917098,0.766839378238342
601107,0.0121790030366553,0.82489041603068,0.5755180446677101,0.33280161823033,0.20197528256395,2018,3.4e-05,-0.14949923,0.191440387,0.28676470588235303,0.5024509803921569
601107,-0.0277353485580875,0.79930702916738,1.1332896749386498,0.52393558506528,0.02250106249176,2019,2.02e-05,-0.088825822,-0.14949923,-0.4903846153846154,0.2139423076923077
601111,0.018889686263346,1.22419776235373,-0.25885505068003,-0.66785635668115,0.82194889402941,2016,3.66e-05,-0.091807186,0.421388357,0.25686591276252013,0.5961227786752827
601111,0.0053216990825775,1.32516740999887,-1.00596397385308,0.49370255788861994,0.5229191425042901,2017,3.55e-05,0.075535594,-0.091807186,0.5362694300518134,0.4870466321243523
601111,-0.0079108138248462,1.40041292825063,-0.74836790025816,0.10784767235226,0.024289658877009998,2019,4.3e-05,0.166480969,-0.312314126,-0.1514423076923077,0.75
601113,0.065124914051759,0.85052267108207,-0.09863134461867999,-0.21419952008688,0.9898079191316401,2018,8.52e-06,-0.311264038,0.068991158,0.928921568627451,-0.8799019607843137
601117,-0.0196170470001984,1.34242282176245,-0.49826374706479,-0.015492901156979998,0.43838960197361,2016,0.000110217,-0.023587165,0.264471078,-0.3279483037156704,0.9644588045234248
601117,0.0182601415429189,1.19271570536002,-0.15608973677043,-0.23401311817433998,-0.28295145376227,2017,8.41e-05,-0.10170529,-0.023587165,0.9119170984455958,0.9093264248704662
601117,-0.0617771603180517,1.04385016112868,0.40346268760984,0.68243516259122,0.25491348203467,2018,5.83e-05,-0.103501125,-0.10170529,-0.9191176470588235,0.8235294117647058
601117,0.0093666869522613,1.01245664412153,0.52518907509,0.44111346558214004,0.10415603377228,2019,0.000110674,0.679535627,-0.103501125,0.19711538461538458,0.9759615384615385
601118,-0.0001277003625339,1.57785582949909,-0.03684314222612,-0.38720889332026,-0.29269948091409004,2017,1.02e-05,-0.228392734,0.149704076,-0.10621761658031093,-0.7538860103626943
601118,-0.054901049954486,0.82499359710766,0.49663999345573,-0.08057818881973,-0.08731283919912,2019,1.49e-05,0.032414529,-0.069913544,-0.8052884615384616,-0.08173076923076927
601126,0.0287623037446075,1.08962649816889,0.97466010188098,0.60758196586005,-0.16594117001133998,2016,1.16e-05,-0.454337352,-0.101360584,0.382875605815832,-0.5508885298869144
601126,-0.0097385885469569,1.04004552544166,0.58467487202042,-0.12418064394790002,-0.12651926600697,2017,2.62e-05,0.193198929,-0.454337352,-0.7953367875647668,0.24870466321243523
601126,0.0049961954159324,1.06786584666992,1.0947362975095,-0.17382384827779,0.24039331760358998,2018,2.42e-05,-0.003498818,0.193198929,0.0808823529411764,0.2598039215686274
601126,-0.0664411206255676,1.00041240463894,1.46805954680818,0.6530794434328,-0.30174234333746996,2019,1.05e-05,0.69769886,-0.003498818,-0.8653846153846154,-0.43990384615384615
601127,-0.0266646207089022,0.76858225843034,0.61969419701189,-0.62810034561087,0.30710485947319,2018,1.11e-05,-0.375564442,-0.249111147,-0.6176470588235294,-0.4901960784313726
601127,-0.025522563226748,0.4620055370551,0.28400791213025,0.23316890580948,-0.44908649374754,2019,9.95e-06,6.950413228,-0.375564442,-0.4495192307692307,-0.5408653846153846
601139,0.0195048889474239,0.62664913188783,0.38159068330873,0.19467090488302,-0.10140618909725,2017,1.28e-05,0.036732314,-0.161439201,0.9196891191709844,-0.3471502590673575
601139,0.0069031133167694,0.74287057230831,0.50118507453892,0.07792540972971,-0.08871308335323,2018,1.15e-05,0.156226373,0.036732314,0.13970588235294112,-0.41666666666666663
601139,-0.0359133081164368,0.7569806063212601,0.69507713536307,0.56098900535875,0.02737096131428,2019,9.84e-06,0.025415895,0.156226373,-0.5961538461538461,-0.5673076923076923
601163,0.0026794124854733,1.1140660150730402,1.1336821096237,0.17349825518951,0.38305742775441,2018,2.17e-05,0.056069138,-0.056461557,0.02450980392156854,0.11764705882352944
601168,0.0062717611594151,1.5678403300253299,1.27874612492994,0.6612606032139801,-0.16770890875,2018,9.62e-06,-0.088319355,0.000747279,0.12009803921568629,-0.732843137254902
601177,-0.0837329637954372,1.10865403453167,1.46501778045816,0.42134609995349,0.20279264137174,2016,1.1e-05,-0.275334039,-0.14716598,-0.8933764135702746,-0.6348949919224556
601177,-0.0008411490727546,1.11125671932441,1.25521408087711,-0.1638132549665,-0.11186029334882999,2017,3.38e-05,0.443489243,-0.275334039,-0.21243523316062174,0.455958549222798
601177,-0.0165626728877069,0.83479488932034,0.83944747044103,-0.42976902945484,0.0487854341492,2018,2.35e-05,-0.136303769,0.443489243,-0.4558823529411765,0.21813725490196068
601179,0.0465886628708338,1.30558767481174,-0.27330469780119,-0.50568819863594,0.73331493844715,2016,7.5e-05,-0.38580947,0.100498877,0.615508885298869,0.8836833602584815
601179,0.0014110861001455,1.15169223176041,-0.0298615287995,-0.11531300154381001,-0.16257856804601,2017,0.000108068,0.065799943,-0.38580947,0.08290155440414515,0.9430051813471503
601179,0.0148785051452546,0.9344422880611201,0.5584034429636701,0.10949187615168,0.27587620649211,2018,7.38e-05,0.313400007,0.065799943,0.3431372549019607,0.9142156862745099
601179,-0.0401192889261622,1.01287106295481,0.81338440010148,0.35142288552081,-0.17474761927357,2019,1.54e-05,-0.155689446,0.313400007,-0.6442307692307692,-0.060096153846153855
601186,-0.0016063892700175,1.30470150614164,-1.32700267523277,-0.55840568854267,0.44685098337036,2016,4.89e-05,-0.285962225,0.209584932,-0.08885298869143776,0.7318255250403878
601186,0.0103733244844251,1.55951970382377,-1.14294100559247,-0.1981080609749,-0.38499721519317,2017,3.72e-05,0.162119056,-0.285962225,0.7642487046632125,0.5310880829015545
601186,0.0094369233968438,1.07128567598139,-0.15823858200607,0.43244766674581997,0.27430238867333,2018,3.99e-05,-0.153168879,0.162119056,0.2230392156862746,0.6225490196078431
601186,0.0419961818401525,1.1665371091180499,-0.15844104817544,0.60514610765687,-0.23852396863563,2019,2.83e-05,-0.105947933,-0.153168879,0.6802884615384615,0.48076923076923084
601188,0.1083015340241583,1.18897641965264,1.09010556534965,0.34524192308071,0.385680835454,2016,1.39e-05,-0.3205078,0.190129406,0.9095315024232633,-0.2245557350565428
601208,0.038174579133183,1.27633056148092,1.17476800317079,0.75416997804726,0.07005685478263,2016,1.22e-05,-0.407748668,-0.187191747,0.5121163166397416,-0.4604200323101777
601208,0.0019445410732869,1.05493116892891,1.27311689357157,0.20814951762553,-0.01676957430971,2017,3.73e-05,0.068542881,-0.407748668,0.16321243523316054,0.5362694300518134
601208,0.0006616559396285,0.89956911871061,1.16252815852348,0.07655282817999,0.14051141353399998,2018,2.5e-05,0.450039321,0.068542881,-0.02941176470588236,0.29166666666666674
601208,-0.0536760714443398,1.13531667039585,1.5741667608307,0.58170696895211,-0.55815813469841,2019,1.09e-05,1.448616528,0.450039321,-0.7884615384615384,-0.35096153846153844
601212,0.0682409734756343,0.9930315285453,0.31543063447875996,-0.7297776325745601,0.39855864575009003,2018,3.77e-05,-0.428257935,0.060255414,0.9411764705882353,0.588235294117647
601212,-0.0124610923829928,0.54196514741647,0.54474874514382,-1.24313314093006,-0.46495322836645003,2019,3.61e-05,0.008639193,-0.428257935,-0.22596153846153844,0.6466346153846154
601216,0.0230591386193237,1.23282452386555,0.37571352256205004,-1.04838641600479,0.56808140241061,2016,1.9e-05,-0.316409938,0.293338512,0.321486268174475,0.02746365105008075
601216,0.0100479472585857,1.03792340878476,-0.39155013360251,-0.1850312153044,0.43126209367426,2017,2.79e-05,0.02651387,-0.316409938,0.7538860103626943,0.29274611398963724
601216,0.0345017169267877,1.1841667014762298,-0.09054602976128,-0.28471639237994,0.50933283273996,2018,8.99e-06,-0.135352098,0.02651387,0.7083333333333333,-0.8259803921568627
601216,-0.0392541907497068,1.2111015513963,1.30649172176097,0.55766549460043,0.02042244462566,2019,7.65e-06,1.081195072,-0.135352098,-0.625,-0.9254807692307693
601222,0.016983988696981,1.03467225665458,1.00591180713085,0.11291471342923999,0.06019108305777,2016,8.78e-06,-0.340111356,-0.378096433,0.21486268174474965,-0.9063004846526656
601222,-0.0034249167382399,0.61945404988219,1.40067586879207,0.47828965310258,-0.26278425814731,2017,3.54e-05,-0.064509176,-0.340111356,-0.45336787564766834,0.48445595854922274
601222,-0.0173724541189564,1.3136924925238098,-0.16981482706422002,-1.09660105654736,-0.09997199073917,2018,2.71e-05,0.192173234,-0.064509176,-0.4681372549019608,0.3700980392156863
601222,-0.0325177393690544,1.13785740359413,0.9295432184796599,0.029029895322059997,0.18197334738167,2019,2.53e-05,0.507135478,0.192173234,-0.5552884615384616,0.4326923076923077
601226,-0.0139522001031447,1.24102711673209,0.5278069733092,0.61426935813656,0.12010304270553,2016,5.19e-05,-0.454435777,-0.259284057,-0.25686591276252024,0.7641357027463651
601226,0.0042759123003602,1.12481453955527,0.24744370712062003,-0.61653013366309,0.1163481868225,2017,5.01e-05,0.181052924,-0.454435777,0.44818652849740936,0.6968911917098446
601226,-0.0011811585408499,1.22270276335783,0.96602883230966,-0.14307379621333,0.56198689138867,2018,5.01e-05,-0.188910408,0.181052924,-0.07843137254901966,0.75
601226,-0.0262123072158901,0.8025328893425899,0.8031630293787599,-0.40883992495696,-0.14159969146873,2019,5.41e-05,0.074720485,-0.188910408,-0.46153846153846156,0.8389423076923077
601228,0.0202582434725029,1.2619419783343,1.10286518666565,0.24003132422433,0.50112020235113,2018,1.81e-05,-0.274028503,-0.280851911,0.46323529411764697,-0.007352941176470562
601228,0.0083582722499054,0.87778610482839,0.7257552009760699,0.20447118629253,-0.16049715254766,2019,1.91e-05,0.04417087,-0.274028503,0.18509615384615374,0.12019230769230771
601233,-0.1400222768933347,1.2558428973078,0.6137334465842901,-0.34668079894488,0.29963365029315,2016,1.08e-05,0.72393079,0.291234958,-0.9741518578352181,-0.6736672051696284
601233,0.0018753484742996,1.28407298456982,0.38079230386275,-0.20045839988723,0.05759891766015,2017,1.06e-05,-0.106525446,0.72393079,0.15544041450777213,-0.689119170984456
601238,0.0009014879770126,0.38414061207216,0.70747918710568,0.28628850281369,-0.21745859326607,2017,9.43e-06,0.001607912,-0.395132087,0.02849740932642497,-0.8212435233160622
601238,-0.0579281033148376,0.80447906138282,0.7294370045389,0.68185323923429,0.45961726281322995,2018,2.49e-05,-0.172437326,0.001607912,-0.9093137254901961,0.28676470588235303
601238,-0.0172977427301474,0.90542914875382,-0.07528799269845,0.08421683932917999,-0.05910215852518,2019,8.05e-06,0.440133622,-0.172437326,-0.3221153846153846,-0.8677884615384616
601311,-0.0054427604065988,0.89959832118527,0.75542883553669,-0.49577461118624,-0.57777579030951,2019,1.92e-05,0.665381247,-0.164256508,-0.0625,0.125
601326,-0.0077302773421961,1.48953254579851,0.6316505923896,-1.06452632557238,1.24067433811224,2018,3.68e-05,-0.279533733,-0.105179174,-0.2647058823529411,0.5637254901960784
601326,0.0003575145702042,0.93223041652721,0.9168983343517499,-0.18048260183413,0.16726708040139,2019,3.27e-05,0.051465998,-0.279533733,0.06490384615384626,0.5793269230769231
601333,-0.0046239028599855,1.06963413489015,-0.9806942159551499,-0.92414411332764,0.24356055003406002,2017,1.38e-05,-0.237015859,-0.059185684,-0.5803108808290156,-0.2538860103626943
601333,0.0260919231530598,0.88444561416768,0.55722409450775,0.32862588156948996,0.10694941989992,2019,1.33e-05,-0.050330458,-0.300493423,0.46634615384615374,-0.14903846153846156
601339,0.0003028932134439,0.7969667274429401,0.54199047388911,0.19230443234898,-0.10170269217512,2017,2.43e-05,-0.194574164,-0.027071077,-0.06476683937823835,0.17616580310880825
601339,0.0026864247499449,0.57634136545564,0.80301724682507,0.49897255831278,0.26724315114068,2018,2.41e-05,-0.255456543,-0.194574164,0.02941176470588225,0.25245098039215685
601339,0.0078605926547229,0.75080366238667,0.57068786739601,0.44207909175276,-0.0063235009844668,2019,1.01e-05,0.635783047,-0.255456543,0.17788461538461542,-0.5192307692307692
601360,-0.0334078993589511,1.14998253380835,-0.08373936304493,-1.67145969629467,0.8276051643795501,2019,9.18e-06,-0.343716289,-0.151926836,-0.5673076923076923,-0.6971153846153846
601368,0.0951749512439855,1.08513727535507,1.5657226149150199,1.14119020448225,-0.40217955319967996,2016,2.47e-05,-0.301191579,-0.25777556,0.8675282714054928,0.3021001615508885
601368,0.0027741650996117,1.01908225015054,0.8428990195618401,-0.051943741757429995,0.17743098312601,2017,2.34e-05,-0.074023669,-0.301191579,0.25129533678756477,0.13471502590673579
601368,0.0083897549142353,0.85149645293369,1.15424029243211,0.29321719673675,0.19352557904886,2018,1.12e-05,-0.149546332,-0.074023669,0.2009803921568627,-0.4681372549019608
601368,-0.011869107397086,0.71877046925031,0.88048820002412,0.15930466629308,0.18553210749575,2019,1.02e-05,-0.06483542,-0.149546332,-0.21153846153846156,-0.49759615384615385
601369,-0.0360280344930855,1.26944175410179,1.0296092522086802,1.01073474653912,-0.06352604150675001,2016,4.51e-05,-0.021627439,0.045373681,-0.5476575121163166,0.7124394184168013
601369,-0.0039491032804858,0.8868601616147,0.82713243418302,-0.10580784156458999,-0.06441453901309,2017,6.54e-05,0.020453376,-0.021627439,-0.5207253886010363,0.8238341968911918
601369,-0.0179831241710832,1.17208045603528,1.05961180078059,0.16130337014043,-0.1157352972682,2018,8.65e-05,0.000298162,0.020453376,-0.4901960784313726,0.9509803921568627
601369,-0.003395429494317,0.93921616922178,0.7764318566780299,-0.05464938627989,0.18194519161058,2019,9.37e-05,0.314284519,0.000298162,-0.02644230769230771,0.9567307692307692
601390,0.0092896019387655,1.38064904828569,-1.27038689637108,-0.6423993442921401,0.4373201843765,2016,0.000116738,-0.141700242,0.240789136,0.05977382875605808,0.9709208400646203
601390,0.0044169883173795,1.36050299003403,-0.9488489877692999,-0.10761014980512999,-0.22467832271218002,2017,0.000281452,-0.125253705,-0.141700242,0.4611398963730571,0.9974093264248705
601390,0.0386798440376154,0.74835054839611,-0.0195559391508,0.37081182761191,-0.48810749447728996,2019,5.72e-05,0.059693771,-0.22660473,0.6370192307692308,0.8581730769230769
601500,0.0043404757519203,0.74006847138958,3.3821547487131802,0.99302063272353,-0.23461525582205,2017,4.04e-05,-0.303103406,-0.29421061,0.45336787564766845,0.5984455958549222
601500,0.0508873259153418,1.05856987610582,1.78034851814475,0.2805006399997,0.2254959945051,2018,3.75e-05,-0.179782346,-0.303103406,0.857843137254902,0.5784313725490196
601500,0.0293232806978371,0.90254755730752,0.65199404700357,-0.61923922369097,0.04295827664599,2019,5.25e-05,-0.04553441,-0.179782346,0.5144230769230769,0.8293269230769231
601515,0.0707628208320736,0.95126967697784,2.05554579990154,1.29221007206749,-0.66065210637043,2019,9.9e-06,0.056691971,-0.201992502,0.8581730769230769,-0.5456730769230769
601567,0.0004170109771568,0.76067671912873,0.20627054241306003,-0.24807232427588,0.07994479526118,2017,1.11e-05,-0.172708624,-0.266040873,-0.03886010362694303,-0.6036269430051813
601567,-0.0353602379872377,0.56554407046668,0.17332034242833,0.049021892275750004,0.15743556199564,2018,1.07e-05,0.199543289,-0.172708624,-0.7352941176470589,-0.571078431372549
601567,0.0359621718943789,0.78656160171645,1.01265889840632,0.44814359591497005,-0.4189413069616,2019,2.93e-05,2.133216574,0.199543289,0.6081730769230769,0.5144230769230769
601588,0.08383035056418,1.2262494038520901,0.406672231379,0.04682816107563,0.43696145639267,2016,1.14e-05,-0.423232237,0.444768819,0.8255250403877221,-0.592891760904685
601588,0.0023414438247081,1.40585346905369,0.15510661515979002,0.45838267646683,0.13475266015496,2017,6.88e-05,0.082746697,-0.423232237,0.2098445595854923,0.8601036269430051
601588,0.0150864634357583,0.96258676266205,0.66055150797586,0.29870654908142,0.32727071487832,2018,3.18e-05,-0.262187869,0.082746697,0.35049019607843146,0.47549019607843146
601588,0.0514463459110976,1.02553212794228,1.01434769463255,0.26020908982779,0.60090282546677,2019,2.14e-05,-0.136544065,-0.262187869,0.7548076923076923,0.2908653846153846
601599,0.0003727557912771,0.6690393479914599,0.1365028414567,-1.37296283822447,0.34049098061858,2017,2.08e-05,-0.218705205,-0.359918812,-0.041450777202072575,0.002590673575129543
601599,-0.0874199180628425,1.0961146188279198,0.66179345140484,-0.52688336349771,0.03864976496314,2018,2.19e-05,-0.111600711,-0.218705205,-0.9779411764705882,0.13725490196078427
601599,0.0278204340295419,1.0670278176543,1.32781486773402,0.31933744285941,-0.49116040416510004,2019,1.99e-05,0.135521182,-0.111600711,0.49278846153846145,0.19471153846153855
601600,-0.0025369597561418,1.44589072972097,-1.19053385910182,-0.72755695273361,0.018904928512049998,2017,1.67e-05,0.005597904,-0.159109026,-0.3963730569948186,-0.14507772020725385
601606,-0.0785490669548663,0.84106280974588,0.42896824753196,-2.30410437605454,1.03849489869198,2019,1.08e-05,-0.243248211,-0.108277651,-0.9134615384615384,-0.3870192307692307
601607,-0.032589855892611,0.77005873027419,-0.58615525554981,-0.26343405547637,-0.07537476878815,2018,6.63e-06,0.021134746,-0.240774856,-0.7009803921568627,-0.9828431372549019
601607,0.0043009315964165,0.89679702764915,-0.1108600410254,-0.05268611680662,-0.29268962917697,2019,8.62e-06,0.158200343,0.021134746,0.1298076923076923,-0.7932692307692308
601608,0.0625748987156058,1.14017074041367,0.34561756852374,-1.23563925969228,0.43870556368064,2016,4.94e-05,-0.538126684,0.023106942,0.7221324717285944,0.7415185783521809
601608,0.0343198788726141,1.20161772119311,0.53567926352899,-0.35939044418361,0.49543337832247003,2018,2.64e-05,-0.219856686,0.641218843,0.7009803921568627,0.3529411764705883
601608,-0.0493766786970406,0.9447168979949899,-0.035965923176669995,-1.90823542500235,-0.07405162982874,2019,2.75e-05,0.078840822,-0.219856686,-0.75,0.4639423076923077
601611,0.0203402964249605,1.5348278547876701,-0.29205297854229,-0.9929738188838,-0.17860928405717,2017,3.85e-05,-0.023692352,-0.346284521,0.9222797927461139,0.5621761658031088
601611,0.0193969300509355,0.76491327563445,-0.18780351118478,-0.79378429908623,0.5102830446553299,2018,5.9e-05,-0.212017881,-0.023692352,0.4411764705882353,0.8333333333333333
601611,0.0157850883650432,1.03664455661263,0.8594785356333601,-0.02120176112877,0.0085879466929736,2019,2.26e-05,0.159772912,-0.212017881,0.32451923076923084,0.3341346153846154
601616,0.0811067321414106,1.07279885162275,0.42606232476713,-0.76786364129076,0.31290393175361,2016,1.26e-05,-0.365411162,-0.180399134,0.802907915993538,-0.37964458804523427
601618,0.0711628248568006,1.51780807039246,-1.26272379055479,-1.61771716994149,0.53108889608291,2016,0.000100337,-0.338043007,0.337909449,0.7673667205169628,0.951534733441034
601618,0.0086206566416037,1.62566355315906,-0.65233416515997,0.0059143098968035,-0.24114338515833,2017,5.29e-05,-0.081844492,-0.338043007,0.7072538860103628,0.7253886010362693
601618,0.025624857019244,0.8708383808490001,-0.11926617125977,0.17658560703342,0.39698342198087,2018,3.83e-05,-0.167807849,-0.081844492,0.5661764705882353,0.6004901960784315
601618,-0.0019787449838692,0.89835961859782,0.27991680449225,0.22966474109253002,0.07406208868531,2019,5.2e-05,0.200187579,-0.167807849,0.012019230769230838,0.8221153846153846
601633,-0.0130869736429372,1.39168909507992,-0.060850006622299994,1.23764964478559,0.06550974472054,2017,1.82e-05,-0.141586577,-0.260893654,-0.8626943005181347,-0.0984455958549223
601636,-0.0383466117431457,0.75442464450536,1.2937745774842901,0.05478142230204999,-0.49529461338601,2016,2.22e-05,0.028249355,0.444904732,-0.5767366720516962,0.1696284329563813
601636,-0.0018983455745794,1.11009517166667,0.52952069091207,-0.18015338917190998,0.04512538915212,2017,1.06e-05,-0.065795695,0.028249355,-0.33678756476683935,-0.689119170984456
601636,-0.0141345145014611,2.07136637715407,0.65055559327827,1.6624365383564,0.05893097319911,2018,1.04e-05,0.578299075,-0.065795695,-0.42647058823529416,-0.6200980392156863
601636,-0.0033760940145014,1.27173794316383,0.70288809518375,0.31006384332436,0.28182559149509,2019,1.83e-05,2.156665869,0.578299075,-0.024038461538461564,0.05288461538461542
601668,0.017569841535872,1.20624759293586,-1.05409407153624,-0.3981199839545,0.62558804052723,2016,8.19e-05,-0.200426309,0.83544358,0.22132471728594516,0.9159935379644588
601668,0.0056791175033603,1.6747888606541999,-0.98538921865451,0.33079008020969003,-0.1149926966272,2017,8.35e-05,0.06791609,-0.200426309,0.5699481865284974,0.9041450777202074
601668,-0.0255729442935697,0.8625250801015301,-0.42492166668204,0.58099837235992,0.35166210845545,2018,6.23e-05,-0.15181342,0.06791609,-0.6004901960784313,0.8529411764705883
601668,-0.0070995547035328,1.0865260466214202,-0.04458185692629,0.8082142166865499,0.31363401185413003,2019,6.87e-05,0.004264422,-0.15181342,-0.12259615384615385,0.9110576923076923
601669,0.0317996552961881,1.44872685578053,-1.05275091849913,-0.81439039161155,0.8154420692025601,2016,0.000123288,-0.315038733,0.384688278,0.44426494345718903,0.9773828756058158
601669,0.0040025589362932,1.56413518760266,-0.3279509341604,0.6140065279256001,-0.61859693309018,2017,0.000130573,-0.0278354,-0.315038733,0.4067357512953367,0.971502590673575
601669,-0.0015432862903411,0.48580982908757003,0.01812299083417,0.27301084555693,0.19415830243953,2018,0.000121763,-0.343472837,-0.0278354,-0.09313725490196079,0.9901960784313726
601669,0.0132357191379534,0.9446264199490699,0.23480458601946,0.36248900454053,-0.08019359057718001,2019,7.41e-05,0.111663677,-0.343472837,0.2716346153846154,0.9230769230769231
601678,0.0008017879005308,0.90527817808901,1.0766059381522501,0.3736107755701,-0.013251167697820001,2017,2.37e-05,0.097113591,0.16807877,0.002590673575129543,0.13989637305699487
601717,-0.0178744140761088,0.8902078628185499,1.35878125119579,0.34621356340424003,0.32772594262902,2018,9.34e-06,0.041658501,-0.022912253,-0.48774509803921573,-0.7696078431372549
601718,0.0097740939989041,1.27750064171801,-0.66265058444427,-1.6477982807803,0.01213329794184,2016,9.38e-06,-0.547362265,0.139934561,0.08562197092084012,-0.8578352180936994
601718,-0.0218664578952948,0.9105628616471,0.6452587707237,-0.48147761392148997,0.6688223292145,2019,7.29e-06,-0.157122542,-0.161607442,-0.3942307692307693,-0.9471153846153846
601727,-0.0317727950824817,1.36501725821517,-0.12301802078595,-0.49697802081079995,0.45658357678278005,2016,2.34e-05,-0.175164428,-0.003824682,-0.505654281098546,0.24394184168012933
601727,0.0031216282335655,0.78411365610539,1.7584997376913498,1.6645572449353299,-0.28270124668618,2017,6.59e-05,-0.147863877,-0.175164428,0.3082901554404145,0.8341968911917099
601727,-0.0474860802815185,0.79890718922587,0.83246563655833,0.36847062826109,-0.37207521528584,2019,3.34e-05,-0.171805007,-0.065763534,-0.7331730769230769,0.5913461538461537
601766,-0.0375767495538425,1.18383507067619,-0.76839767294625,-0.24709325473072,0.26096316523394,2016,4.18e-05,-0.234679168,0.105520936,-0.5735056542810986,0.6607431340872374
601766,0.0016428487891576,1.16045545043054,-0.8328513753098,-0.08209497515894,-0.05829370886063,2017,7.45e-05,0.055989411,-0.234679168,0.11658031088082899,0.8860103626943006
601766,0.0443641274937153,0.94975760884532,-0.41181143274859006,-0.07621139454675,0.2939275428401,2018,6.89e-05,-0.308199893,0.055989411,0.7990196078431373,0.8872549019607843
601766,0.0048815245911191,0.8749763061057301,-0.060226558726050004,0.14669991699999002,0.17498370959198,2019,5.01e-05,0.102229567,-0.308199893,0.13942307692307687,0.8076923076923077
601777,-0.0090494097371183,0.98876034583846,1.15905813775185,0.038289440875799996,0.22656504440075,2018,9.06e-06,0.030849334,-0.192400413,-0.29656862745098034,-0.8112745098039216
601789,0.0035529521953713,1.17302211900762,0.9031901594987599,-0.0098193197640599,-0.16414175556408,2016,4.5e-05,-0.270063982,-0.156207062,-0.021001615508885352,0.7092084006462036
601789,0.0078811753179,0.72147934257838,1.0125849709619401,-0.59347172384309,-0.7851662763755399,2017,5.51e-05,0.171751888,-0.270063982,0.6683937823834196,0.7616580310880829
601789,0.0371185570400857,0.88507979315043,0.9156226501275001,0.07808597425760999,0.19777264332368003,2018,4.15e-05,0.155639978,0.171751888,0.7303921568627452,0.6446078431372548
601789,0.0629201830501342,0.89892535375496,0.26871380810395,-1.21686316215317,1.13017010866766,2019,1.98e-05,-0.218879181,0.155639978,0.8149038461538463,0.1875
601798,-0.0459697403522224,1.2170574364770501,0.9048087395264199,0.31099104028533003,0.18910127292847,2016,1.26e-05,-0.235397258,-0.107252308,-0.6672051696284329,-0.37964458804523427
601800,0.0221330480370832,1.4059146656311101,-1.23242398698458,-0.51170710829897,0.6020058365404101,2016,4.48e-05,-0.294189382,0.505393034,0.308562197092084,0.7027463651050081
601800,0.0126756973696846,1.57841258446214,-0.31696394345406,0.61169285484503,-0.66880319372103,2017,5.25e-05,0.000729863,-0.294189382,0.8160621761658031,0.7176165803108809
601800,-0.0277128700513274,0.7707706573568001,-0.06950098800162,0.60274674881282,0.12621161625264002,2018,2.99e-05,-0.32832488,0.000729863,-0.6446078431372548,0.43137254901960786
601800,0.0338239320324717,1.1444766957646,0.18601247620524,0.84122161947608,-0.35342189489013,2019,6.01e-05,-0.106714505,-0.32832488,0.5841346153846154,0.8774038461538463
601858,0.045264379576669,1.4996879310502,1.00226597802335,-0.5414451630651,0.23234895354868998,2018,1.25e-05,-0.318886888,0.364117415,0.8088235294117647,-0.2647058823529411
601866,0.0567128535934349,1.47973955000697,0.10535060975824,-1.14748478652523,0.64638897281838,2016,2.42e-05,-0.318953528,-0.104592728,0.6833602584814216,0.28271405492730217
601866,0.0037707914681697,1.08558232535124,0.06572876237687,-0.33266625991746,0.07553183542561,2017,1.85e-05,0.0761022,-0.318953528,0.3756476683937824,-0.08808290155440412
601869,-0.0241906262015969,1.49637677779073,0.30537820492254,-1.1070977244854598,1.21998905735594,2019,3.09e-05,-0.213673011,-0.185163915,-0.4326923076923077,0.5504807692307692
601872,-7.00969250187313e-05,1.22386476392272,0.44201364839501,-0.69553968228667,0.46953000232943,2016,1.02e-05,-0.29654252,0.08896125,-0.06946688206785134,-0.7705977382875606
601872,0.0035671363217025,1.10188119799514,0.20777412384943,-0.09078802690078,0.39326374744015996,2018,1.52e-05,0.359076454,0.202156002,0.044117647058823595,-0.09068627450980393
601872,-0.0138275592039275,0.8105532891066201,0.44041114068425,0.15684749776732002,-0.030369316083609998,2019,3.7e-05,-0.042771644,0.359076454,-0.2451923076923077,0.6610576923076923
601877,0.1032927705715418,0.99695196831932,-0.36375289884939,-0.14033465712298,-0.6077789510692799,2016,2.67e-05,0.128459907,0.080672152,0.8966074313408723,0.38610662358642966
601877,-0.0107328509130171,1.16733926762839,0.7524920812679401,1.03891469390612,-0.27959353898948,2017,3.32e-05,0.028070618,0.128459907,-0.8134715025906736,0.4455958549222798
601877,-0.085181497241638,0.93854350910592,0.19057372177379,-0.34455373973445,-0.76741436040261,2018,3.88e-05,0.175303258,0.028070618,-0.9730392156862745,0.6151960784313726
601877,-0.0044953749509497,0.99595293350179,0.2625884469612,0.43866747263761,0.2158307732771,2019,1.54e-05,0.247710928,0.175303258,-0.043269230769230727,-0.060096153846153855
601880,0.0359597684441779,1.1670802733159,0.47633745851289,-0.24060207912509,0.07955758075568001,2016,4.09e-05,-0.351455198,0.149815248,0.4733441033925687,0.6575121163166397
601880,0.0170622745286046,0.63243330968564,0.32605157581007,-0.78185297768348,-0.30372524667332,2017,4.66e-05,0.094147641,-0.351455198,0.8937823834196892,0.6683937823834196
601880,0.0122733188675138,0.80341220617164,0.46818886172294,-0.08360472916456,0.16359105186152,2018,2.01e-05,-0.197477251,0.094147641,0.2892156862745099,0.06127450980392157
601880,-0.0144923666114429,0.76135579759229,0.66120859911284,0.30420186085255,-0.14039564125234,2019,2.84e-05,-0.011203332,-0.197477251,-0.2620192307692307,0.4903846153846154
601886,-0.0212660393921343,1.08826809533732,0.8698683970566701,-0.49978571818475004,0.29043611288231,2016,8.93e-06,-0.181919842,-0.008194904,-0.36025848142164785,-0.8966074313408724
601888,-0.0041915710234405,0.5766870525055,0.09625395253025,0.70196937766311,-0.27125875597314,2017,1.26e-05,0.364905473,1.123426322,-0.5492227979274611,-0.38082901554404147
601888,-0.0343726269876316,0.99386232125829,-0.37433669869156,-0.01289489458269,-0.39920617485179005,2018,6.19e-05,0.712272388,0.364905473,-0.7230392156862745,0.8480392156862746
601899,0.0139167235388823,1.0524609166808099,0.05205042867672,0.10949884743216001,0.43257740365445,2016,6.54e-06,0.079566256,0.019559896,0.15670436187399028,-0.9967689822294022
601899,-0.0021444926241616,0.6744104936368299,-0.8812752668805801,-0.9037767399362099,0.12963337956548002,2017,6.7e-06,0.028722768,0.079566256,-0.36269430051813467,-0.9922279792746114
601899,-0.0072837149297697,0.72597626882138,-0.7832734220273,-0.0251672582305,-0.16387346283838,2018,5.35e-06,0.181889253,0.028722768,-0.2549019607843137,-0.9950980392156863
601899,-0.0325734879511093,0.8451748767174101,-0.27521411318416,-0.1071556851059,0.1593208042452,2019,1.51e-05,1.210868215,0.181889253,-0.5576923076923077,-0.06730769230769229
601900,-0.0026266692395652,0.98461297189477,1.22243259633725,0.71141414819308,1.4339301507967301,2017,3.67e-05,0.013210767,-0.252722488,-0.40414507772020725,0.5207253886010363
601900,0.0233171012948834,1.05856938105762,0.8079896719920999,-0.18054125011553998,0.23004969385145,2018,4.21e-05,-0.038848025,0.013210767,0.5343137254901962,0.6544117647058822
601900,0.0064598949021842,0.9423045003493,1.17817629315174,0.64428169030795,-0.21994137040892,2019,2.33e-05,-0.127195436,-0.038848025,0.1514423076923077,0.36778846153846145
601919,0.0831928117220176,1.44974949885524,-0.34562679988027,-1.74423525136372,0.76749039839822,2016,7.31e-05,-0.094219339,0.038710583,0.8190630048465266,0.877221324717286
601919,-0.0135096326415264,1.30007819219443,-0.27154654104035997,-0.25808712635665,0.06989675344580999,2018,7.59e-05,-0.319493986,0.005028107,-0.4191176470588235,0.9191176470588236
601919,-0.0177723443258756,1.21874437339805,0.52924061145629,0.3785360820538,-0.04711360979793,2019,4.82e-05,7.687796763,-0.319493986,-0.3317307692307693,0.7836538461538463
601928,-0.0199777317417832,1.22617699717063,0.99728421470675,0.6760294842749099,-0.04444920682282,2016,1.82e-05,-0.360892574,-0.079600027,-0.3344103392568659,0.001615508885298933
601928,-0.0009905969368401,0.81561283044418,-0.04441025158156,0.08786149939198,-0.025169359724220002,2017,9.74e-06,0.307960433,-0.360892574,-0.23056994818652854,-0.7927461139896373
601928,0.0012039415727283,0.74732340523134,0.76980751398035,0.04530863001043,0.2959424282083,2018,1.02e-05,-0.138082827,0.307960433,-0.01225490196078427,-0.6568627450980392
601949,-0.1170793652510741,1.6581926958215,1.05874817846395,-0.2992564521103,0.31987041435317,2018,1.97e-05,-0.189723184,0.351234303,-0.9950980392156863,0.05392156862745101
601949,0.0427102385544954,1.16079321483465,1.33191524262256,-0.18533985726333999,-0.25735793859197004,2019,8.51e-05,0.213898422,-0.189723184,0.6875,0.9447115384615385
601952,0.0193794606658872,0.8311628468854301,0.7556004507573799,0.46424124545810996,-0.26532456677690996,2019,9.59e-06,0.099682818,0.242935945,0.375,-0.6153846153846154
601958,-0.0245068715539964,1.25566457193862,-0.43018625636441,-0.80674646925277,0.14209136535526,2016,1.27e-05,-0.138708763,-0.133527077,-0.41518578352180935,-0.3570274636510501
601958,0.0032862810111136,1.4243712362494,-0.01989069511912,-0.65158138826144,0.013360353040650001,2017,1.33e-05,0.059600714,-0.138708763,0.32383419689119175,-0.2953367875647669
601965,-0.0048962634670576,1.2216994291131,1.15235947888576,0.9062039606780801,-0.16661973970299,2016,2.41e-05,-0.08559772,-0.037504276,-0.13085621970920835,0.2730210016155088
601965,0.012853363184775,0.8301969746419601,0.81888060023427,0.06998686409597,-0.009124572298016501,2018,1.1e-05,0.231601967,-0.12674717,0.303921568627451,-0.5049019607843137
601966,-0.0083668378587341,1.63662795541137,1.0053836206689801,0.63932212561527,0.57788333070527,2017,2.45e-05,0.081099895,-0.296680991,-0.7564766839378239,0.18134715025906734
601985,-0.0100927433159031,1.15333464590381,1.00266378308037,0.28497769280984,0.45088981010611,2016,9.46e-06,-0.277681024,0.141077724,-0.20193861066235863,-0.851373182552504
601985,-0.000143661154009,0.83044988051668,-0.28718160913081997,0.17379780640101,-0.1214403404183,2017,2.86e-05,-0.011090978,-0.277681024,-0.10880829015544047,0.3160621761658031
601985,0.0268311072846518,0.68061604408804,-0.0022799371346591997,0.28699989970643,0.2489953425816,2018,4.71e-05,-0.259827104,-0.011090978,0.5931372549019607,0.7279411764705883
601985,-0.0013522897264002,0.77789011939346,0.14552507093986,0.04792891350206,0.04555220830237,2019,4.91e-05,0.253084321,-0.259827104,0.024038461538461453,0.7932692307692308
601989,-0.0475008827388657,1.3032026243169599,-0.25004639947692,-1.08200713963125,0.69034322523879,2016,2.57e-05,-0.356203918,-0.032463593,-0.6833602584814216,0.3408723747980613
601989,0.0324217947933417,1.0816384616102201,0.1494913402612,-0.54054060758946,0.25775574444125,2018,1.4e-05,-0.29059477,0.359857946,0.6691176470588236,-0.15441176470588236
601989,-0.0406274408864401,0.92148104876081,0.19001953450498002,-0.47521568633073,0.41126961490451,2019,1.28e-05,0.014262613,-0.29059477,-0.6538461538461539,-0.18028846153846156
601991,0.0280726709609821,0.85183789536295,0.37912496308121996,0.05944511203616,0.1615881658911,2018,7.56e-06,-0.303431056,0.03418296,0.6102941176470589,-0.9436274509803921
601991,-0.0134863001569875,0.7152963344627801,0.28647135778326,0.13066606311515,0.10331012530981999,2019,1.57e-05,0.26429012,-0.303431056,-0.24038461538461542,-0.04086538461538458
601992,-0.0099245219712864,1.3162944556941498,-0.23031718455013,-0.027912983804900003,0.58739602855254,2016,1.4e-05,-0.49746382,0.6514527,-0.19870759289176088,-0.2116316639741519
601992,-0.0012530669533041,1.33040167637715,0.91845543798235,0.46490825399613,-0.5600902408965001,2017,2.17e-05,0.14560279,-0.49746382,-0.2668393782383419,0.04404145077720201
601996,0.0006838866859859,1.1947248341665,2.29716542334699,0.6364604067547299,-0.06264505884351,2017,2.55e-05,-0.162848546,-0.143114375,-0.010362694300518172,0.22538860103626934
601996,-0.0176681949225743,1.43190949516311,0.7433084470314799,0.07492148069297,0.5532765383408901,2018,3.48e-05,-0.174125032,-0.162848546,-0.48039215686274506,0.5196078431372548
601996,0.0252374166773827,1.00111308027378,0.76817444468496,0.04569945738729,-0.09492187476087001,2019,1.85e-05,0.319579377,-0.174125032,0.45432692307692313,0.06971153846153855
603000,-0.0011028172229703,1.06950335938815,0.54115037156606,-0.2807774147831,0.17561603214672,2017,3.69e-05,1.128834231,-0.377516469,-0.23834196891191706,0.528497409326425
603002,0.0283685995366084,1.25085132245114,1.39943059226376,0.45862973144488,-0.16415046420798,2016,1.39e-05,-0.199647565,-0.317838242,0.3764135702746365,-0.2245557350565428
603011,-0.0407293745683013,1.53721182421973,0.36937926182262,0.34564184951913,-0.031005058114009998,2018,9.9e-06,-0.091630566,-0.031635325,-0.7843137254901961,-0.6936274509803921
603011,0.0258066217060226,0.8343047515882499,1.22353638514639,-0.8278268083083301,-0.33446084828281003,2019,8.81e-06,0.002931992,-0.091630566,0.4591346153846154,-0.7620192307692308
603012,0.0121570507530342,1.07375876764631,1.37821479757139,0.87209337735317,-0.55179517195765,2016,1.18e-05,-0.194001295,-0.392604656,0.1276252019386106,-0.5185783521809371
603015,-0.0326689700678397,1.37713219933452,1.2254684572713999,-0.27340521999229,0.21219724407662002,2018,3.3e-05,-0.153123685,-0.020242404,-0.7034313725490196,0.4950980392156863
603015,0.0375337255506351,1.04467232695605,0.75470685834753,-0.45740304269603005,0.02164394132489,2019,1.01e-05,0.119721504,-0.153123685,0.6298076923076923,-0.5192307692307692
603017,-0.0668896174860922,0.95369122194144,1.72702947984772,0.55442719587467,-0.006294705344084,2016,1.15e-05,-0.456854236,-0.080153161,-0.815831987075929,-0.5767366720516962
603017,0.0030083635071835,0.87497285640369,0.96690478425873,-0.38803002221884997,-0.10310025912826999,2017,5.56e-05,0.356385368,-0.456854236,0.29274611398963724,0.7642487046632125
603017,0.0093375692191423,0.82467127757604,0.6127541867839801,-0.06355438010618,-0.31044881476992,2018,6.64e-05,-0.180841814,0.356385368,0.22058823529411775,0.8774509803921569
603017,0.0186430450200899,1.04129514475603,1.42787970853405,0.46212393614857,-0.43311867907634,2019,7.94e-05,0.080973889,-0.180841814,0.35817307692307687,0.9326923076923077
603018,0.004422785078717,0.99761220778452,1.29896039727766,0.08382857917766,-0.14386878408644,2016,5.41e-05,-0.275963579,0.115627388,-0.001615508885298822,0.7996768982229403
603018,0.0036587350143816,0.7075402510129001,0.47079726755896,-0.18608006986667,0.11821637769422,2018,1.08e-05,-0.058518249,0.169213586,0.0490196078431373,-0.5441176470588236
603018,-0.0562647334740511,0.6989737901705501,0.47827521952350005,0.02097630050632,-0.01017076210246,2019,1.82e-05,-0.01051534,-0.058518249,-0.8125,0.04567307692307687
603019,0.0230378855840429,1.0001067514744701,1.62719572922536,0.09087401240993,-0.43211932770034,2016,5.29e-05,0.609663278,-0.301879101,0.31825525040387714,0.7867528271405493
603019,-0.0180990952547197,1.19151924316901,0.74610271790279,-0.50754128697611,0.6070289863375701,2017,5.41e-05,0.057864108,0.609663278,-0.8989637305699482,0.7487046632124352
603021,0.0019086951301332,1.0215260737009502,1.21526250099753,0.89868759615197,-0.66242105958259,2016,3.83e-05,-0.398667601,-0.342093198,-0.03392568659127626,0.6219709208400646
603021,0.0033730120537081,0.9641558235968101,1.68700350990972,0.15589486129113,0.58859810696241,2017,1.17e-05,-0.156162373,-0.398667601,0.3316062176165804,-0.5155440414507773
603021,-0.043857488007049,1.18175686648577,0.05947921296982,-1.10217561648784,0.17469887493753,2018,1.17e-05,0.282286312,-0.156162373,-0.8259803921568627,-0.375
603025,0.0141243889500812,1.235512494391,1.18198786294941,0.12463971437197,0.32527942522057,2017,4.16e-05,-0.221966915,0.041925389,0.839378238341969,0.616580310880829
603025,-0.0177451606151044,0.94520925197233,0.64255545267375,0.34617166782914,-0.48031944137663,2019,1.26e-05,4.242434719,-0.279923308,-0.32932692307692313,-0.1923076923076923
603029,0.0086883505993927,1.6950153590257502,1.9181684990849102,0.41559636181054,0.11382736968236001,2017,4.86e-05,-0.100790688,-0.446035115,0.7098445595854923,0.6813471502590673
603029,0.0999358227891345,1.0001452963202402,2.30829970394102,0.72163090173481,-0.86056869128157,2018,2.56e-05,0.03336532,-0.100790688,0.982843137254902,0.3088235294117647
603029,0.0199578793076822,1.11998317912323,1.53102815688262,0.6344175505213999,-0.34887359962246,2019,1.14e-05,-0.155994824,0.03336532,0.3798076923076923,-0.2692307692307693
603032,-0.0191486182356856,1.0292222496683099,1.5718760006761499,1.39853866570476,-0.0201109697518,2018,5.64e-05,-0.34361582,0.783064841,-0.5122549019607843,0.8063725490196079
603032,0.0593910274834967,1.02424134265939,-0.21750481458730997,-1.54063445315047,0.08799609950543,2019,5.99e-05,-0.238237477,-0.34361582,0.8004807692307692,0.8701923076923077
603033,-0.037596494859313,1.02342751567411,2.065653655446,0.44860158184848004,0.15866693934855,2018,7.23e-05,0.749486006,0.410462728,-0.7573529411764706,0.8995098039215685
603033,0.079094382871557,0.8492304252116899,1.05851081527204,0.86138190178859,0.09638472567807,2019,0.00015716,0.148625245,0.749486006,0.8894230769230769,0.9903846153846154
603050,0.0170320693509982,1.49588117393536,2.18227695331724,0.3951108514212,0.72087289787813,2018,2.62e-05,-0.005311427,-0.156611031,0.40441176470588225,0.3431372549019607
603050,0.0194657925836152,1.15141187567228,1.13715084903483,0.03992461463438,-0.4539791419285,2019,2.22e-05,0.163055306,-0.005311427,0.37740384615384626,0.3173076923076923
603056,0.0299361646719123,0.9551024406763999,0.19279462105775,-0.0025664573024646,-0.24625132679728998,2019,1.07e-05,-0.198726382,-0.05358774,0.5216346153846154,-0.40865384615384615
603060,-0.0033386926911675,1.9211878981039099,0.07024479682101001,-1.8328765329857302,0.65292466788949,2017,2.3e-05,0.780895561,-0.32899979,-0.4507772020725389,0.1113989637305699
603060,0.0188191417912451,1.0683862272242601,1.6865705820606602,0.40188370934446,-0.09692181104361,2018,1.06e-05,0.302711117,0.780895561,0.42647058823529416,-0.5882352941176471
603060,-0.0408287242892212,0.9685729164251801,0.56690920441595,0.48760941561015,0.6617943041305401,2019,1.74e-05,0.18433721,0.302711117,-0.6610576923076923,0.016826923076923128
603066,0.106434577799128,1.0693863040351,1.6951915786813698,1.1857099704975,-0.72121916313962,2016,1.39e-05,-0.344978585,-0.117560846,0.8998384491114702,-0.2245557350565428
603066,0.0082029882118333,0.9456031040495799,2.59890118259614,0.85662954778426,-0.24557523181892998,2017,1.19e-05,-0.21553375,-0.344978585,0.6839378238341969,-0.49222797927461137
603066,0.0295262899631125,1.11798416884783,2.62160815316279,1.7299547055967701,0.11910339129337999,2018,2.31e-05,0.241851255,-0.21553375,0.6274509803921569,0.19362745098039214
603066,0.0367413615091368,1.07056354292713,1.43456159429709,0.56647967732198,-0.20373538622117,2019,1.09e-05,-0.148750667,0.241851255,0.6225961538461537,-0.35096153846153844
603069,0.0439851525770772,0.55905329457346,0.85246866278475,-1.1768194358486301,-0.13852629905345,2018,1.22e-05,1.036095813,-0.280962674,0.7965686274509804,-0.30147058823529416
603077,-0.0207203951348016,1.0312594691587,1.76444817003014,-0.13448924706778,0.70045771650489,2016,3.68e-05,-0.253779604,0.021230863,-0.3473344103392568,0.6025848142164782
603077,0.0053494287606567,0.61060521658734,0.99178474972619,0.15700469336531,-0.14501570747103001,2017,1.19e-05,0.081960554,-0.253779604,0.5414507772020725,-0.49222797927461137
603077,0.0139973697836764,0.63132869669945,0.44301665479183006,-0.0009314680668437,0.17699825892711,2018,1.14e-05,-0.316031155,0.081960554,0.31862745098039214,-0.43137254901960786
603088,-0.0652506792288452,0.98870224506639,1.1047899438975601,-0.28604996887387996,0.19256669992402,2019,1.28e-05,0.002366362,0.096552582,-0.8605769230769231,-0.18028846153846156
603090,-0.0242172580513864,1.3696337954773299,2.394933603195,0.27193394832099,0.025447591484679996,2018,1.43e-05,0.044237862,-0.029841457,-0.5857843137254901,-0.13480392156862742
603090,-0.0522521909293459,1.19943099244823,1.6291216455451298,0.07019969887709,0.43044983232550005,2019,1.28e-05,-0.133119727,0.044237862,-0.7764423076923077,-0.18028846153846156
603098,-0.0213741433235464,0.83822697798494,1.05240070932636,0.07740398120053,0.39254235462528,2018,4.39e-05,-0.298057415,0.030107513,-0.553921568627451,0.6838235294117647
603098,0.0694924858240118,1.01994038073537,1.30456233640562,0.59747899881388,-0.07255114600153001,2019,1.88e-05,3.315684488,-0.298057415,0.8533653846153846,0.09855769230769229
603100,0.0395852076268238,1.18465102369064,1.5010713896843,0.18196446212917,-0.0875649948015,2016,2.4e-05,-0.272276391,-0.276661753,0.5444264943457189,0.2665589660743135
603100,0.0040187242054022,1.12724452335381,1.49950940723506,0.26214568020897,-0.17502740931521,2017,2.29e-05,0.094846503,-0.272276391,0.4145077720207253,0.10621761658031081
603100,-0.0030620456020976,1.13465541285739,1.5324684451511301,0.10046175027333,0.13197043178158,2018,1.08e-05,-0.13264485,0.094846503,-0.11764705882352944,-0.5441176470588236
603100,-0.0549587046368082,1.08789137703367,0.99294581449471,0.15862963339778,0.15754469148162,2019,4e-05,1.224800828,-0.13264485,-0.8076923076923077,0.7091346153846154
603101,0.0012822074675499,0.95003022938841,2.2442332226767,0.36617932655157004,0.11967764829625999,2017,1.19e-05,-0.191038976,-0.290556823,0.06735751295336789,-0.49222797927461137
603106,0.1847877837425687,1.67630172727893,1.78499796367054,-0.54358163542476,-0.57827369121015,2018,2.6e-05,-0.294586054,-0.07798363,1.0,0.33823529411764697
603116,0.0192581350793255,0.9412794105728799,1.5974277862132,1.67916046522668,-0.6528664041259999,2016,1.15e-05,-0.287378178,-0.233055632,0.26332794830371564,-0.5767366720516962
603126,-0.0955025291337946,1.18598742205107,0.62119765105571,-0.9013461598284299,0.21025765119437,2016,2.98e-05,-0.61526796,0.47779122,-0.9289176090468497,0.4474959612277867
603126,-0.0074865448542354,1.5064795938475402,1.40582661839533,0.11335704869594,0.59574082121324,2018,5.96e-05,-0.291756114,-0.109247622,-0.26225490196078427,0.838235294117647
603126,0.0116756981381276,1.1280553639786302,1.7063647479344202,0.45039507476948,0.0007563551385376,2019,7.98e-05,1.260326539,-0.291756114,0.2451923076923077,0.9350961538461537
603128,0.1280875723488804,1.26619758027943,1.40007467326129,-0.3229115687886,0.49762724776769,2016,7.11e-05,-0.321876366,-0.131542776,0.951534733441034,0.8739903069466881
603128,0.0080370823286802,1.14367526899137,1.15229214419473,0.6029527132938399,-0.32101801343387,2017,6.9e-05,0.588917276,-0.321876366,0.6735751295336787,0.8626943005181347
603128,-0.0051100534455544,1.13395371467015,1.51498143736785,0.28990675255531,0.11610313782565,2018,3.59e-05,-0.384462344,0.588917276,-0.19362745098039214,0.5441176470588236
603128,0.0818624153363675,1.1194389499353399,0.39123622382301,-0.02840876384202,-0.12637501318413,2019,4.14e-05,2.127345041,-0.384462344,0.9038461538461537,0.7283653846153846
603129,0.0990532700498599,1.24280679264857,1.97618175692459,0.23535444400409,0.09715582517441,2018,3.19e-05,2.249465873,0.006836548,0.9803921568627452,0.48039215686274517
603129,0.1232576703520235,1.01109028165509,0.6676866690695,0.028909768104880003,-0.07221036071612,2019,2.1e-05,0.804192085,2.249465873,0.9567307692307692,0.26923076923076916
603131,-0.0727130365645792,1.24299201785752,1.85624259598436,0.48836473328263,0.65535733322477,2018,7.78e-05,0.157846812,0.350213204,-0.9485294117647058,0.9240196078431373
603131,-0.0767669457027055,1.06674633025833,1.0938652264614899,0.25493641549657997,0.12873886687085,2019,4.86e-05,0.025305824,0.157846812,-0.9110576923076923,0.7884615384615385
603166,-0.017375135798949,1.2848775083806698,1.68062998412989,0.38859245866319,0.56021831360532,2018,1.15e-05,0.012024937,-0.010039821,-0.47058823529411764,-0.41666666666666663
603167,0.0033952540705716,1.1169807251434,0.88892275389309,0.21751080100467,-0.09911337082964,2017,1.29e-05,0.070306989,-0.090532261,0.34455958549222787,-0.33678756476683935
603167,0.0302759896589188,1.22189302714908,0.30885012150386004,-0.22097907458046998,0.09710656571224,2018,1.14e-05,-0.217843101,0.070306989,0.6446078431372548,-0.43137254901960786
603167,0.033843873039506,0.8122190213897399,1.0026189251655,0.80818282236753,0.06834039173762001,2019,9.9e-06,0.116474,-0.217843101,0.5865384615384615,-0.5456730769230769
603168,-0.0073654046181139,0.7757247966838,1.05312095155799,0.20131535394477001,0.27096825539078,2017,1.09e-05,-0.188503293,-0.510222521,-0.7202072538860104,-0.6295336787564767
603168,0.0303580627124539,0.9295638968006399,1.05330163372015,-0.2536478545228,0.24767994405986998,2018,9.56e-06,0.048906903,-0.188503293,0.6495098039215685,-0.7426470588235294
603168,0.2518013303695498,1.0705494268092,1.29515783804843,-0.48089153413407,0.44538283848042,2019,9.41e-06,0.19272805,0.048906903,0.9903846153846154,-0.6538461538461539
603169,0.0431475858928205,1.18769983504552,0.9459545707649,0.10380585354276999,-0.17848735370232,2016,7.86e-05,-0.594264568,-0.035137189,0.5799676898222941,0.8933764135702746
603169,0.0263772772809265,1.30715206422067,1.37940649343238,0.52806323142048,-0.27049398702635996,2017,3.2e-05,0.428721227,-0.594264568,0.9611398963730571,0.40414507772020736
603169,-0.0008201008871695,1.12524812329369,1.3314640875913502,0.028655105312569998,0.01517208850166,2018,3.58e-05,-0.433289935,0.428721227,-0.06372549019607843,0.536764705882353
603169,0.0529811539693427,1.19556978142817,1.82385566676817,0.17404046317363,-0.37397960435308997,2019,3.42e-05,0.041172267,-0.433289935,0.7644230769230769,0.6057692307692308
603200,0.0251845582430283,1.24311496128208,1.24683493723268,-0.53470401740521,0.24304977320615,2018,2.18e-05,0.529138685,0.111200483,0.5612745098039216,0.12745098039215685
603200,0.0221573763901099,1.10724788836488,0.23180441941215002,-0.22418668922756002,0.24503376661998,2019,9.57e-06,-0.472094194,0.529138685,0.4110576923076923,-0.6201923076923077
603203,-0.0512456674661192,0.9914621298551,1.0576621837577,-0.57434579734539,0.16546158205352,2018,1.33e-05,0.298250464,-0.020269173,-0.875,-0.19852941176470584
603227,-0.0682650224834707,1.23037728322137,0.82897653653673,0.50882828636652,-0.14897468053691001,2016,5.74e-05,-0.430775216,-0.305553402,-0.8255250403877221,0.815831987075929
603227,0.0559345264592139,1.15990424772685,1.09441941860049,-0.28951862008905,0.35919839241309,2018,9.3e-06,-0.035790005,-0.02504962,0.8970588235294117,-0.7794117647058824
603227,-0.0013479702513633,1.01193647348017,1.18163740341231,0.52174174944186,-0.43505460502499,2019,9.85e-06,0.382120372,-0.035790005,0.02644230769230771,-0.5600961538461539
603233,0.0029275962662872,0.93693275886273,0.63609124067099,-0.23733175515207,-0.7364579997615,2018,1.04e-05,1.149237163,-0.149726674,0.03676470588235303,-0.6200980392156863
603238,-0.0118087975176763,0.81955159068475,1.0591286196666299,0.53964599278388,-0.31231553362930997,2019,2.48e-05,-0.449744725,1.423950617,-0.20913461538461542,0.4158653846153846
603266,0.0005679744385016,1.21400920898209,1.6822858207697502,0.20222566200779998,0.41630071207376,2018,1.13e-05,-0.025031495,0.098818426,-0.03431372549019607,-0.446078431372549
603266,-0.0294800640744486,0.84370286196773,0.51532234076266,-0.73213921657897,0.36687046563916,2019,1.02e-05,0.041939986,-0.025031495,-0.5240384615384616,-0.49759615384615385
603268,0.0231752494959102,0.72526108706243,0.88021662520447,-0.08403796259257,0.005474686091691,2018,1.18e-05,0.04317045,0.244840191,0.5294117647058822,-0.3529411764705882
603278,-0.0404401837165748,0.91891923139556,0.7100195741037,0.02134689152476,0.31336138363217003,2019,1.11e-05,0.100410869,-0.310766085,-0.6514423076923077,-0.31971153846153844
603289,0.0488578208977672,1.7624397963814602,1.9600180939793401,0.43399492530892997,-0.12446380114136,2018,1.1e-05,0.126264659,-0.245662297,0.8406862745098038,-0.5049019607843137
603299,-0.0154736023244781,1.25035657117816,0.94767407339046,0.04659971852826,-0.03040803426864,2018,2.18e-05,-0.099751168,-0.187114609,-0.44362745098039214,0.12745098039215685
603299,-0.0348877470969832,1.0042735943473,1.70925475889961,1.45401066371157,-0.19475506842019,2019,9.71e-06,0.233087826,-0.099751168,-0.5793269230769231,-0.5865384615384616
603300,0.0303303991801939,1.1565792776838,1.0905413742210202,-0.16244073606030998,0.7130662946417999,2018,1.01e-05,0.024744213,0.509274532,0.6470588235294117,-0.6715686274509804
603300,0.0322760998481537,1.04103668798238,1.31242811848389,0.04269121349014,-0.11573303614453,2019,8.97e-06,0.882811076,0.024744213,0.5673076923076923,-0.7355769230769231
603301,0.0261968292666642,1.16015993106352,0.77068948771303,-0.44741171461011,0.24764788117342998,2019,9.8e-06,-0.161417403,2.449431723,0.47115384615384626,-0.5721153846153846
603306,0.0376887166053429,0.71465868028307,0.54425952241789,-0.0170686670362,0.01919476908753,2018,1.25e-05,0.068141544,-0.210170427,0.7377450980392157,-0.2647058823529411
603308,0.0327338431115606,1.03827019052014,0.9864447508766799,-0.09713543697188,0.13901526444829998,2019,1.1e-05,0.401844404,1.091408095,0.5745192307692308,-0.3317307692307693
603311,0.0072888119994536,1.24541380179357,1.13904189880147,-0.57313636906786,0.20900438512612998,2017,1.46e-05,-0.086770595,-0.441515588,0.6398963730569949,-0.2098445595854922
603311,0.0229567948819265,1.0474006376431,1.5497442128001602,0.30726816537235996,0.28819936982987,2018,1.37e-05,0.134021329,-0.086770595,0.517156862745098,-0.17156862745098034
603311,0.0337489166123739,0.7869135199177699,0.67551280183605,0.11404283654075001,-0.14600615582436,2019,1.14e-05,0.014157943,0.134021329,0.5817307692307692,-0.2692307692307693
603318,-0.1798919510325244,1.1485088991905998,1.1172040057401,0.58632878895052,-0.80239767297724,2016,2.28e-05,0.115920583,-0.380166089,-0.9903069466882067,0.2180936995153473
603318,0.0130972553741156,1.07083995612461,0.65576403477728,-0.94188627207079,-0.77325343270154,2017,1.11e-05,0.724721558,0.115920583,0.8212435233160622,-0.6036269430051813
603318,0.0402459186448976,0.8430243036123899,-0.027199223613950003,-0.45166914026811,0.09520740843092,2018,2.21e-05,-0.66200244,0.724721558,0.7647058823529411,0.14950980392156854
603319,0.0016044803358204,-1.7545834067370198,3.35956522099654,-1.36561363969112,-0.5151232847446,2017,1.4e-05,-0.105907762,-0.409448205,0.10880829015544036,-0.23316062176165808
603329,0.0869821030712554,1.02268051778815,1.40947269067718,0.6644972362335,-1.4992259792987,2019,0.000252813,-0.242389732,-0.217287717,0.9230769230769231,1.0
603333,0.0065197191876874,1.05909557161099,1.1073808324999501,-0.10784780134811,0.20499304399076002,2016,3.63e-05,-0.16701359,-0.053538468,0.030694668820678617,0.5831987075928917
603333,-0.0124564677149657,1.2172528292440798,1.11677566929997,-0.27734125721781,0.30632545709594,2017,5.11e-05,0.571675931,-0.16701359,-0.8549222797927462,0.7046632124352332
603333,0.0073689638654938,0.71305157653704,0.61263893462944,-0.09510413145671,0.19854516049892,2018,6.83e-05,-0.32800576,0.571675931,0.1519607843137254,0.8848039215686274
603333,0.0191594297700607,0.76910622674297,0.5950148558409301,0.35124842467919,0.061203219368110004,2019,6.45e-05,-0.159523495,-0.32800576,0.3701923076923077,0.8966346153846154
603335,-0.0128796449185084,1.24462752530145,2.4837238236728,0.30948938364433,-0.25377358535159,2018,1.15e-05,-0.113779424,-0.120031117,-0.3970588235294118,-0.41666666666666663
603335,0.1046716008310982,1.2341982715783901,1.49915414905679,0.21273929235825,-0.51954934057755,2019,3e-05,-0.105268577,-0.113779424,0.9423076923076923,0.5384615384615385
603338,-0.0482570035750814,0.9895272175838999,1.00046036109568,0.68527008728424,-0.61234080225074,2016,1.42e-05,-0.023821863,0.414037326,-0.6898222940226171,-0.19870759289176088
603338,0.0002062085680294,0.88913868241878,1.45625996697072,0.62503299558958,-0.38022140043523,2017,6.62e-05,0.755723472,-0.023821863,-0.07772020725388606,0.839378238341969
603338,0.0160397026904836,1.3072643945409201,-0.44359335596569005,-1.03764061674954,0.53744652055134,2018,1.17e-05,0.787102376,0.755723472,0.375,-0.375
603339,0.0401576743182501,1.51834462165824,1.9087245185200798,0.39158053461625997,0.22006184587150002,2017,2.73e-05,-0.22951423,-0.244499148,0.9974093264248705,0.27979274611398974
603339,-0.0038229808105928,1.1247664212061,1.9395378215430799,0.42375185305087004,0.479073804805,2018,1.27e-05,-0.128816883,-0.22951423,-0.13970588235294112,-0.24754901960784315
603355,-0.0395929184582008,1.15318080085549,1.41736302621599,1.12827394163214,-0.64371313030375,2016,1.29e-05,-0.493964303,0.527250541,-0.592891760904685,-0.33117932148626816
603356,-0.0027762122672487,1.10182467632412,0.99946199174103,0.0856662891477,-0.42129676031332003,2019,1.11e-05,-0.349240907,0.241811206,-0.014423076923076872,-0.31971153846153844
603357,0.0121235238631363,1.9377159487324098,0.67361250471732,-0.21587168956091002,0.59778234875526,2018,1.04e-05,-0.221990943,-0.110272003,0.2843137254901962,-0.6200980392156863
603377,-0.0038434221985466,0.91530221826726,0.47423399234046,0.14323299964301,-0.35361081728784,2017,1.26e-05,0.099910207,-0.487806688,-0.49222797927461137,-0.38082901554404147
603377,0.0229153492725687,0.6690802756352701,-0.60569230510212,-0.49198199608575,0.55743450716216,2018,2.29e-05,0.080139717,0.099910207,0.5147058823529411,0.18872549019607843
603385,-0.0038433541197964,1.2635212765719999,1.41901981182667,0.12242981748179,0.33188321784178,2018,5.48e-05,0.53723681,-0.18427669,-0.1421568627450981,0.7916666666666667
603385,0.000813793916949,1.0325915052279901,1.0053434478141599,0.35119963874739996,-0.0222030496878,2019,2.24e-05,-0.282806173,0.53723681,0.06971153846153855,0.32932692307692313
603393,0.0007083937850718,-0.14647700405484998,4.2496914722550505,3.03511862006418,-0.43781454879865,2017,2.42e-05,-0.021939742,-0.125897964,-0.007772020725388629,0.17098445595854916
603393,0.01134984960511,0.8431903848545801,0.15920071923903,-0.93121413185268,0.21295943465709,2018,1.11e-05,1.210902384,-0.021939742,0.26960784313725483,-0.4901960784313726
603393,-0.0639797501919352,0.8455740399717601,0.44863447609413004,0.01310443350366,-0.22495271253234,2019,1.03e-05,-0.399082607,1.210902384,-0.8533653846153846,-0.4807692307692307
603396,-0.0424120593171172,1.7727713404436198,0.7506314413353,-0.28791594579380003,1.3393278755703901,2018,2.21e-05,0.231517783,-0.091829111,-0.8137254901960784,0.14950980392156854
603396,-0.0081577023332888,1.21384501247919,1.0668712697606,-0.29786010576466004,-0.12881504994488002,2019,1.81e-05,1.077489503,0.231517783,-0.15625,0.03846153846153855
603458,0.0078812140365767,1.0262364208608,1.75479985030304,0.43355199505083,-0.05668844801004,2018,5.13e-05,-0.08218872,-0.235349765,0.17647058823529416,0.7573529411764706
603458,0.0417349994386242,1.06546421794242,0.76210560803943,0.16569045775384,-0.06633897189361,2019,4.48e-05,0.030767669,-0.08218872,0.6754807692307692,0.7668269230769231
603500,0.040863156690421,1.20074880918157,1.21573731468358,0.13083464793997,0.04255283127181,2019,7.22e-05,-0.140411779,0.148144397,0.6538461538461537,0.9182692307692308
603515,0.0060009821444047,1.01208679471233,0.38366337456055,-0.40565676924133,1.18364570815132,2017,1.04e-05,-0.096747311,0.275077391,0.5777202072538861,-0.7124352331606217
603515,0.0659316561566219,1.38473944712097,0.28705745397711996,0.44659349049585,0.19006674806762,2019,9.51e-06,-0.059012188,-0.164234956,0.8389423076923077,-0.6370192307692308
603517,0.0456528527867659,0.97318894771752,0.60542865025243,-0.08865637797513,-0.75460985868005,2018,1.21e-05,0.791940942,0.280182243,0.8112745098039216,-0.31862745098039214
603535,0.0344111086128431,1.18705285454456,1.69614917962994,-0.24277069835388,0.51243387652575,2018,2.42e-05,0.032299972,-0.375776072,0.7058823529411764,0.2598039215686274
603535,-0.0300885851211666,1.12514139094031,0.83347101486634,0.1792916659447,-0.17067587153714,2019,1.09e-05,0.76303042,0.032299972,-0.5360576923076923,-0.35096153846153844
603556,0.0071423087479901,2.17382380258679,1.34484683460865,0.5831577558389199,-0.17283567084853,2017,8.41e-05,-0.228475021,-0.463372501,0.6269430051813472,0.9093264248704662
603556,0.0213472549999534,0.6478717030516801,1.19845817247657,0.03470440342799,-0.3130548206046,2018,2.53e-05,0.07223746,-0.228475021,0.4852941176470589,0.2990196078431373
603556,0.0224831283190173,1.10513443913937,1.3774454607185,0.23599481266521,0.47608295499298997,2019,8.3e-06,-0.167542727,0.07223746,0.42067307692307687,-0.8389423076923077
603567,0.0309078553493105,1.26655802054162,1.50003618950842,1.37554056888531,-0.51127164174405,2016,1.32e-05,-0.206074564,-0.233257818,0.4184168012924072,-0.28917609046849757
603569,-0.0087994349202846,1.70222219521818,1.24482790499624,-1.1589336290857,0.47708961480218,2017,2.09e-05,-0.190787187,-0.406741385,-0.766839378238342,0.012953367875647714
603569,-0.0053360277522779,0.98729955447024,1.56281163922893,0.42060276084948,-0.18275931535938,2018,2.82e-05,-0.193314725,-0.190787187,-0.20343137254901966,0.39460784313725483
603569,0.0135798080731525,1.11170178104173,0.98961179337737,-0.15913468590103,0.39874601479655997,2019,5.17e-05,-0.156647912,-0.193314725,0.2860576923076923,0.8197115384615385
603577,0.0288983019676875,1.6150441118913499,3.73707226792186,2.04242242418127,0.4685711951312,2018,0.000146899,0.173269949,0.080053442,0.6176470588235294,0.9950980392156863
603577,-0.0645396858267209,1.1947760471003999,1.85334202883406,0.8214978807756601,-0.29875270426091,2019,0.000145576,-0.122755255,0.173269949,-0.8557692307692308,0.9879807692307692
603579,-0.0417912393464743,1.41377192776396,0.5493815631543499,-0.09668926798453,0.46624046135159,2018,8.28e-06,-0.048309018,-0.58092319,-0.7990196078431373,-0.9019607843137255
603579,0.0132307236900812,1.37956311141643,0.17513112716457,-0.64050521728235,0.35816166575528,2019,9.59e-06,0.528503804,-0.048309018,0.26923076923076916,-0.6153846153846154
603600,-0.1317108715258532,0.6970609249957299,0.37503143381051,0.2985430214659,-0.87665514632711,2016,2.57e-05,-0.426776491,-0.316712738,-0.9676898222940227,0.3408723747980613
603600,-0.0090247892111311,0.95520790391313,1.53725270582258,0.7443557619258501,0.14163493508718,2018,1.14e-05,0.174236344,0.088725549,-0.2941176470588235,-0.43137254901960786
603606,0.0453344055362936,1.1995675544475302,0.92999601500866,0.35971442484711996,-0.43730114163545,2016,0.000147863,-0.172535013,-0.141845212,0.5993537964458804,0.9903069466882068
603606,-0.0017034200290921,0.93922146674482,0.9021734127372,-0.20042324906774997,-0.13939277277246,2017,0.000132573,0.506811291,-0.172535013,-0.3160621761658031,0.9766839378238341
603606,-0.0115068888683912,0.87697156630577,0.62535584320783,-0.22178765598418,0.25353768777779,2018,4.62e-05,0.668970957,0.506811291,-0.36764705882352944,0.7230392156862746
603606,0.0307220435635933,0.8931558429941301,0.65202648504242,0.05635883723359,0.11221587086460999,2019,5.99e-05,0.380243209,0.668970957,0.5360576923076923,0.8701923076923077
603609,0.0682001997753229,1.0499077634406,1.5173898569941902,0.762619267259,-0.09708258385544999,2016,1.25e-05,-0.01643758,-0.399261183,0.754442649434572,-0.40872374798061384
603609,-0.0134105918234246,1.08265082568431,0.63895305030263,-0.051006846435919996,-0.23665613655738998,2017,4.24e-05,0.253216213,-0.01643758,-0.8704663212435233,0.6295336787564767
603609,0.0037401582481334,0.41082893203371,0.42476570800849,-0.20948024455623,-0.60324101724235,2018,2.79e-05,0.258958401,0.253216213,0.05147058823529416,0.38725490196078427
603609,0.0345796405154818,0.51603267075882,0.19829924087141002,-0.18510509671695,-1.01962312073386,2019,3.44e-05,-0.297558047,0.258958401,0.59375,0.6177884615384615
603611,-0.0022542448221307,1.22103346090306,1.153806203986,-0.37362474341025,0.23348187637492,2017,2.27e-05,0.232150855,-0.233923832,-0.37305699481865284,0.09067357512953378
603616,0.0294197976220008,1.37628298621734,0.6965051092064001,-1.03831581119235,0.73210347513565,2018,1.06e-05,-0.343416368,-0.190906349,0.6225490196078431,-0.5882352941176471
603616,-0.0123091558769058,1.13171483035432,0.77804766432552,-0.02338732694333,0.27282717864986,2019,1.89e-05,-0.221841972,-0.343416368,-0.22115384615384615,0.10336538461538458
603617,0.1443260730738714,0.9859368691241001,1.58995981418132,-0.46471431431714005,0.1691418040865,2018,3.43e-05,-0.15558579,0.168809115,0.9950980392156863,0.5073529411764706
603617,0.046032512480535,0.78983395619209,0.69861911990296,0.059398136576399994,-0.1743578697134,2019,2.09e-05,-0.004631117,-0.15558579,0.7067307692307692,0.2596153846153846
603618,0.1074098530637091,1.09040997904244,1.79123217484657,0.94519934087492,-0.33466624626553004,2016,5.17e-05,-0.411725313,-0.148141478,0.9063004846526657,0.7609046849757675
603618,0.0009960417524637,1.18680589116401,1.96392085269167,0.63639099937818,0.48506791285525,2017,2.54e-05,0.161619303,-0.411725313,0.041450777202072464,0.2227979274611398
603618,-0.0341192842732417,1.02628885741238,1.41189199247196,0.15084100313511,0.19586026679251,2018,4.67e-05,-0.235602572,0.161619303,-0.7156862745098039,0.7254901960784315
603618,-0.0352364934760901,1.06132539615939,1.28787099287236,-0.32797785727483,0.03631864237173,2019,5.24e-05,0.146462099,-0.235602572,-0.5889423076923077,0.8269230769230769
603619,0.0097636660252024,1.77553403531212,-2.2858870402253197,-1.09896129178776,0.4158282221402,2018,1.04e-05,-0.430109142,-0.343900247,0.2279411764705883,-0.6200980392156863
603619,0.0222837259004431,1.12000666375118,1.6565881964479798,0.4522893919229,-0.3388400329859,2019,3.94e-05,-0.223829493,-0.430109142,0.4158653846153846,0.6971153846153846
603636,-0.0942908865203615,1.25117333093247,1.00814059997015,-0.19998706946526998,-0.04240753350994,2019,1.55e-05,-0.216564936,0.202165106,-0.9471153846153846,-0.04807692307692313
603637,-0.0154879993280651,1.19277497057545,0.8924888950761,0.45193576717472,-0.08144652919907,2018,1.28e-05,-0.108399137,0.184739528,-0.446078431372549,-0.24019607843137258
603637,0.0366229870519636,0.96636948069313,1.98004064810808,1.8571636126364401,-0.38556006638211,2019,3.2e-05,-0.249923651,-0.108399137,0.6201923076923077,0.5721153846153846
603639,0.012836269498298,1.04303903614091,1.52807582224212,0.29944796919922,0.09983933081624001,2018,1.03e-05,0.127701497,-0.039707521,0.30147058823529416,-0.6348039215686274
603639,0.0303377766023598,1.04368840476103,0.66873783763897,0.84164251389302,-0.48343143409356004,2019,9.28e-06,0.204293726,0.127701497,0.5336538461538463,-0.6754807692307692
603656,-0.0531147412999262,1.28153216269719,1.52366027282322,-0.43782068484379,0.04102653893067,2018,2.48e-05,-0.165668341,-0.070344428,-0.8872549019607843,0.2769607843137254
603656,-0.022551104229508,0.9156607097764,0.8905443809922,-0.5743782094868399,0.24857080348764,2019,2.1e-05,0.069231546,-0.165668341,-0.40625,0.26923076923076916
603660,-0.0400981514942223,0.8650464018110199,1.2526194720611898,-0.29319539418446,-0.5395338330292601,2018,1.01e-05,-0.42109082,-0.046014579,-0.7794117647058824,-0.6715686274509804
603660,-0.0249041635894604,1.13600418280145,0.14802586416719,-1.2030459075784201,0.38539251448133,2019,9.53e-06,-0.245274874,-0.42109082,-0.4423076923076923,-0.6322115384615384
603661,0.0356676262200915,0.99931441855222,1.12344120277114,0.0802715376537,0.49206402430034996,2019,9.12e-06,-0.039539221,0.516259682,0.6033653846153846,-0.7115384615384616
603663,-0.0558805124452304,1.2187569028032899,1.51457185813349,-0.20584913360103,0.45575818118209,2018,2.4e-05,-0.012923046,0.082761205,-0.8970588235294118,0.23774509803921573
603663,-0.0104655278696433,1.00669827574126,0.5087954749671301,-0.34215818745137,0.57500646018846,2019,2.12e-05,0.035142658,-0.012923046,-0.18990384615384615,0.28365384615384626
603665,-0.049534152415406,0.58702725085474,0.19704728777220998,-0.11721393168297001,0.16466350737534,2019,1.01e-05,-0.221643813,0.198724879,-0.7524038461538461,-0.5192307692307692
603667,0.0047638440781518,1.31881621141655,2.03753669742902,-1.30049618840909,-0.1598030433697,2017,1.44e-05,-0.149097406,-0.446159767,0.47927461139896366,-0.21761658031088082
603667,-0.0319584386514951,1.08180642437458,1.1148783448936,0.33062662279753996,0.20033679480689,2019,1.16e-05,0.214749697,-0.053280438,-0.5504807692307692,-0.25240384615384615
603668,0.0155646044840645,1.12100358558531,1.20535379555339,0.01962827403774,0.13002250503513002,2018,3.38e-05,0.146826674,-0.092510834,0.3602941176470589,0.5
603668,0.0284375131839707,0.72291377761109,0.78709496836778,-0.19665333747775998,0.33694623189964,2019,3.37e-05,-0.295302264,0.146826674,0.5048076923076923,0.59375
603679,0.0272818812369648,1.06550742079735,1.88792709112274,0.48705895497403,-0.41493670233119,2018,5.5e-05,-0.147342203,1.034193927,0.6004901960784315,0.7965686274509804
603680,0.0375917571884642,1.2789742883898498,0.9974335786574899,0.10876404933408,0.57719365150448,2019,2.39e-05,-0.10379548,0.022481646,0.6322115384615385,0.3846153846153846
603685,-0.053802328330079,0.9251410209181801,1.1754499606139,0.27943782226651,-0.07428105907349,2019,4.39e-05,-0.263497138,0.362055448,-0.7932692307692308,0.7596153846153846
603686,0.0180691712578687,1.00370142993071,1.05155749722248,0.57522211517036,-0.3467444208366,2016,2.31e-05,-0.29236671,-0.064404432,0.23424878836833596,0.23101777059773831
603686,0.0014258437103626,0.9005805656186,0.63337813094293,0.07168730392153,-0.07636031489218,2017,1.2e-05,-0.188918442,-0.29236671,0.0854922279792747,-0.46113989637305697
603688,0.1109733396432257,1.0599068699387502,1.61855550127921,0.15163390622569,-0.26682511152813,2016,3.5e-05,0.155429944,-0.177065878,0.9224555735056543,0.5573505654281099
603688,0.0024287272439102,0.9754119262586199,1.2048844565716,-0.26863782201107,-0.060233473201720004,2017,2.3e-05,-0.066548743,0.155429944,0.21761658031088094,0.1113989637305699
603688,-0.0229811344654178,1.16708309130266,0.29759582820093,-0.8356212975680699,0.52157980045549,2019,1.97e-05,-0.019653137,0.876110912,-0.4158653846153846,0.17548076923076916
603696,0.009012300736079,0.40323930686271003,0.47643105336942,0.31495965647686003,0.09699604983436,2018,1.31e-05,0.349203136,-0.277132935,0.2107843137254901,-0.2181372549019608
603698,-0.0040860469832608,1.2214012221909498,0.4956245944852,-0.9422674069121799,0.12887655636043,2017,6.54e-05,0.064373599,-0.409562451,-0.538860103626943,0.8238341968911918
603698,0.0118537234052707,0.8953680243693999,0.5925410866438601,-0.7440579919979701,0.14449214108617,2019,9.87e-06,0.578686372,-0.132357823,0.24759615384615374,-0.5552884615384616
603699,0.0365342795102478,1.140842208329,1.17553055622516,1.3126879821377602,-0.29863238059662,2016,1.25e-05,-0.063433282,-0.133951646,0.4894991922455574,-0.40872374798061384
603699,0.00413302219063,0.8279398862522,0.40325094447228005,-0.59320288429715,0.09160697520870001,2017,1.18e-05,-0.171379166,-0.063433282,0.43005181347150256,-0.5051813471502591
603699,0.0245238160874834,0.7043868501730299,0.32523794348912,-0.62921272723721,0.7207564647514401,2018,3.47e-05,0.351364085,-0.171379166,0.5465686274509804,0.5122549019607843
603699,0.0406606378420204,0.57049419025026,0.62557126462324,0.01004592424575,-0.33620264958495,2019,1.66e-05,-0.32077551,0.351364085,0.6514423076923077,-0.012019230769230727
603706,-0.0731879970475924,1.29914702126814,1.8017683170938599,1.17928019657661,-0.70890014032687,2019,2e-05,-0.215894999,-0.13189287,-0.8966346153846154,0.20192307692307687
603727,0.0001592351160158,2.42701857118396,-2.00688183283823,-3.2722969937693103,1.85066636554353,2017,8.47e-05,0.06236185,-0.532726642,-0.0803108808290155,0.9145077720207253
603727,0.0102779667932229,1.27228821731264,1.0811708930905999,-0.16390739690606,0.24430985185895,2018,3.23e-05,0.077390759,0.06236185,0.24019607843137258,0.4852941176470589
603727,0.0071022808924834,0.93025608432397,1.30603468288613,-0.034187603941790004,0.51180858757079,2019,9.2e-06,0.025446025,0.077390759,0.16346153846153855,-0.6923076923076923
603730,-0.0113543153670138,0.91948652921883,0.29103609834377997,-0.58998767937835,0.54774923993961,2019,1.02e-05,0.04368787,0.355613511,-0.20192307692307687,-0.49759615384615385
603733,0.0321182537831286,1.11708290454386,2.04151891921602,0.92278017387531,-0.23262200179436002,2019,8.72e-06,1.357497464,0.070700115,0.5600961538461537,-0.7692307692307692
603737,0.041556078147081,0.98432994912458,0.17158651308463999,-0.32139375204566,0.47000086976520994,2019,8.15e-06,1.640399452,1.939632625,0.6682692307692308,-0.8581730769230769
603766,-0.012381034049008,1.2861019906723998,1.18938028464491,0.60860848120297,-0.21269953882074,2016,1.98e-05,-0.224373004,-0.09083289,-0.23101777059773831,0.05331179321486279
603766,-0.0094153717276589,1.29787906583104,0.67554867598015,0.01395484145681,-0.38195700298729,2017,3.58e-05,-0.227405161,-0.224373004,-0.7849740932642487,0.49740932642487046
603766,0.004291655872134,1.0261481525691,0.9599442519434099,0.13536037666620002,0.19090906372225,2018,4.46e-05,-0.090348266,-0.227405161,0.06127450980392157,0.6936274509803921
603766,0.0358861441408299,1.11287594903401,1.07653157585878,0.6464529187731199,-0.02302654617555,2019,8.32e-06,-0.031735759,-0.090348266,0.6057692307692308,-0.8317307692307692
603777,-0.0124591784422065,1.4298329692673,1.95277027304333,0.8484465034184501,0.25730413980231,2018,9.26e-06,0.174215905,-0.238199133,-0.38725490196078427,-0.7892156862745098
603789,0.0014092198356686,0.9388381375082199,1.14215766546677,-0.41937431729288005,0.0209727935473,2017,3.24e-05,0.239274666,-0.160084325,0.08031088082901561,0.42227979274611394
603789,-0.0294172094721176,0.45966220522595,0.35844915580316,0.28009387369507,-0.27921441900876,2019,1.08e-05,-0.065482267,-0.151635825,-0.5192307692307692,-0.3870192307692307
603799,0.005013804496987,1.40246047788052,0.08066974406346,-0.36821982227749,-0.32132068089933,2019,7.73e-06,1.902796458,0.797156851,0.14182692307692313,-0.9110576923076923
603803,-0.0353164349918433,1.4220451571513901,1.7453845970910602,-0.55000558989293,-0.30971094096845003,2018,4.61e-05,-0.100352398,-0.005108347,-0.7303921568627452,0.7156862745098038
603803,0.0252876904061611,1.28160914120129,0.8599455948660399,-0.90926993754135,0.42810316563453005,2019,2.39e-05,-0.257746385,-0.100352398,0.45673076923076916,0.3846153846153846
603810,-0.0481589153603321,0.9162531632782901,0.48983663022278007,0.8807555340075599,-0.76637086416379,2019,9.7e-06,-0.36305478,0.135340154,-0.7451923076923077,-0.59375
603811,0.0364420077061137,1.31244067587516,1.58146696178116,0.29704098362157,0.39153652193432004,2018,1.01e-05,1.071202909,0.072019074,0.7254901960784315,-0.6715686274509804
603822,0.0434769234740537,0.9264854051174001,2.21369169306355,-0.061375681140709994,0.27504797336903003,2018,1.11e-05,-0.008479952,-0.173362247,0.786764705882353,-0.4901960784313726
603822,-0.0054895702549625,1.0855372099346001,0.8166131353617699,0.11159818095132,0.25805150635932,2019,9.3e-05,0.126461926,-0.008479952,-0.06490384615384615,0.9543269230769231
603825,-0.0243846816850502,0.9437355241713901,1.24905718776604,-0.03589487715548,-1.26342494400894,2019,1.01e-05,-0.435105418,1.335813352,-0.43509615384615385,-0.5192307692307692
603828,0.02920911855727,1.11611134817964,1.1357221578402301,0.71195017894089,-0.50965152014447,2016,3.7e-05,-0.316222685,-0.017457993,0.39579967689822304,0.6058158319870759
603828,0.0055607684945638,1.1453508274045798,1.1642176067763599,0.07969733831724,-0.15211272961338,2017,4.76e-05,0.737018157,-0.316222685,0.5544041450777202,0.6735751295336787
603828,-0.0129228430084322,0.7732765144982,1.0479759335038898,0.31377291491475,0.48886858672377004,2018,6.69e-05,-0.470364268,0.737018157,-0.4019607843137255,0.8799019607843137
603828,0.0296996403035142,0.63299041491701,-0.18647355062164,-0.80130653676222,0.75362432613484,2019,1.93e-05,-0.125630356,-0.470364268,0.5192307692307692,0.13221153846153855
603829,-0.0846686505128657,1.51443332193384,2.36813400447808,1.15196809783053,1.35570514593014,2018,1.26e-05,-0.050056753,-0.292804639,-0.9681372549019608,-0.25735294117647056
603838,0.0125246545718148,2.07491161836773,-1.43254936431226,-3.75180972534746,1.10945662772809,2017,1.27e-05,-0.05391739,-0.27832476,0.810880829015544,-0.36010362694300513
603838,-0.0552353426135105,0.9556504533875999,0.28295658807359997,-0.377186701692,-0.3847587533681,2019,1.15e-05,-0.302592279,-0.091797653,-0.8100961538461539,-0.2620192307692307
603843,-0.0071648198096761,0.59627494476196,3.7912699387779805,0.90212968748834,-0.73333062850568,2017,2.19e-05,-0.31544589,-0.197197238,-0.7098445595854923,0.059585492227979264
603843,-0.0217228059969535,0.8218836171347801,0.49907490938589,-0.06864291429911,0.69085019095756,2018,2.13e-05,-0.166141614,-0.31544589,-0.5612745098039216,0.10294117647058831
603843,0.0712346277641747,0.8827637488390401,0.90297163058385,0.28737333480888,-0.50642512393478,2019,9.53e-06,-0.160433916,-0.166141614,0.8629807692307692,-0.6322115384615384
603856,0.0553262331397021,1.3211179614128499,3.53016608045216,1.87273943414693,-0.90635780451065,2018,5.07e-05,0.415666305,-0.285928133,0.892156862745098,0.7549019607843137
603856,-0.0175270000343462,0.767871914492,0.43582816749472997,-0.5169821763371201,-0.4896322411095,2019,1.93e-05,-0.206967936,0.415666305,-0.32692307692307687,0.13221153846153855
603858,-0.0034942997002212,1.2790501037914201,1.54359433458066,1.06241840995663,1.13138503955402,2017,5.74e-05,-0.194726012,-0.397835676,-0.4559585492227979,0.7772020725388602
603858,0.0377978777006637,1.10325884409869,0.69867063072641,-0.08863559625212,0.19590735019182998,2018,4.61e-05,0.52437344,-0.194726012,0.7426470588235294,0.7156862745098038
603858,0.0465733003608494,0.9505876512527499,0.0085961999144021,-0.51162274849594,-0.039904284118650005,2019,3.97e-05,-0.190496559,0.52437344,0.7163461538461537,0.7019230769230769
603860,-0.0236031166085509,1.2108603776404598,1.8157061094575402,-0.29668743050362,0.28521024310576,2018,2.45e-05,-0.041738022,-0.110784247,-0.571078431372549,0.267156862745098
603861,-0.0152683641930375,1.25234926119379,1.10518875842575,-0.25078346918655,0.63068646605467,2018,4.22e-05,-0.20768487,-0.136166085,-0.4387254901960784,0.6568627450980393
603861,-0.0267144163678185,0.8498511712702199,1.56079324478847,0.36851607217859,-0.19486702095831,2019,3.56e-05,0.023181793,-0.20768487,-0.46875,0.6346153846153846
603869,0.0818082792257405,1.1490294343343401,1.07667993785587,-0.18167761966592,-0.51235726246953,2016,9.44e-06,-0.40017445,-0.037602395,0.8061389337641358,-0.8546042003231018
603869,-0.0041841014202401,1.09616805266236,1.15578313167033,0.29132437292211,0.33242177773426,2017,1.56e-05,0.102584395,-0.40017445,-0.544041450777202,-0.16839378238341973
603869,-0.027858744885341,1.06667568870608,1.36958740453892,0.0686197047133,0.01627611177063,2018,9.85e-06,-0.13212328,0.102584395,-0.6470588235294117,-0.7058823529411764
603869,0.015044776749623,1.11138701404014,0.21109627195129,-0.7863383275371499,0.5991635475929801,2019,1.64e-05,-0.197647374,-0.13212328,0.3125,-0.019230769230769273
603871,0.0028812259498536,1.09149382792062,0.73670862213977,-0.13477693536093,0.42678641554713,2019,5.38e-05,-0.001260643,0.025709871,0.11057692307692313,0.8365384615384615
603876,-0.011064209925931,1.1776649804519,1.42750850615735,0.13845815473236,-0.11787744485356999,2019,9.22e-06,1.256529554,-0.144891663,-0.19471153846153844,-0.6850961538461539
603885,-0.0026257500128547,1.22392305823434,-0.21635148463875997,0.08386302928135,0.37505576955671,2017,1.13e-05,-0.16280574,0.014116302,-0.4015544041450777,-0.5699481865284974
603885,0.0188600193406809,1.27478575806211,-0.62237228133087,-0.3307264009389,0.23204514330499998,2018,3.12e-05,-0.308464569,-0.16280574,0.428921568627451,0.45833333333333326
603885,0.0130448252959853,1.2278008718486,-0.24690152047189,0.07727903636023001,0.10080809294813001,2019,8.73e-05,0.661973687,-0.308464569,0.26682692307692313,0.9495192307692308
603888,0.002263658996966,1.09411209058209,0.57098777877193,-0.77356849624351,0.85721335645021,2017,3.22e-05,0.166235792,-0.482498194,0.19948186528497414,0.41191709844559576
603888,0.0159795961545695,1.20008434951497,0.13487789929379,-0.43222452209062,-0.75044950323589,2019,2.13e-05,-0.060673927,0.118176746,0.33173076923076916,0.2860576923076923
603889,-0.0758942818148092,1.10601143729896,1.46474784191739,1.6316583039322499,-1.1928804346119,2016,1.25e-05,-0.309810629,0.042832854,-0.8707592891760905,-0.40872374798061384
603889,0.0016539677457081,1.13606830052764,0.34477057944470996,-0.43528845391342,-0.25245371910873,2017,4.84e-05,-0.136365678,-0.309810629,0.11917098445595853,0.6761658031088082
603889,-0.0035981640138747,0.44910159477429995,0.71076560245293,0.36413121647051,-0.2800342268664,2018,2.38e-05,-0.170554854,-0.136365678,-0.12745098039215685,0.23039215686274517
603896,0.0525024241202837,1.32500553561003,0.67589885509146,-0.65476941899521,0.2243421407581,2018,9.1e-06,-0.091146251,-0.242724658,0.8676470588235294,-0.803921568627451
603909,-0.1191055645772044,1.85707050373713,0.76907866702885,-0.50922932654022,1.07290234269155,2017,3.74e-05,-0.335264345,-0.215310352,-0.9896373056994818,0.5414507772020725
603909,0.0150441523745311,0.47448473244862,1.72872907086737,0.68886855694981,-0.13593642830038,2018,1.03e-05,-0.021071899,-0.335264345,0.34558823529411775,-0.6348039215686274
603916,-0.1167189702022066,1.54977715109403,3.14271821825868,2.87038480035685,-0.82685161739892,2018,2.35e-05,0.943777414,-0.073373383,-0.9926470588235294,0.21813725490196068
603916,-0.006842748291584,1.047920237756,1.41099742044836,0.57670127214822,0.12771376909063,2019,1.04e-05,-0.017872904,0.943777414,-0.11057692307692313,-0.46634615384615385
603926,-0.0159747153404299,0.9332240726959901,1.1621912063825899,0.48331212962551007,-0.051620965352139996,2019,8.99e-06,0.42171063,-0.080492381,-0.28846153846153844,-0.7331730769230769
603928,0.0436544199692738,1.21554690653777,1.6527013514417301,0.17719071053033,0.06953897298504999,2018,3.49e-05,-0.211732975,-0.173303315,0.7892156862745099,0.5220588235294117
603928,-0.0025336067454138,1.0978008193103599,0.93905025185068,0.004203663932304399,0.09957194403364,2019,2.02e-05,-0.016078955,-0.211732975,-0.007211538461538436,0.2139423076923077
603937,0.0690972268387824,1.58642709098893,0.8265381725659601,-0.06761196376705,0.6981088400869899,2018,2.82e-05,0.332513017,-0.410864748,0.946078431372549,0.39460784313725483
603937,0.0314664542601383,1.34713895040753,1.5020089272671,0.15972074323451,-0.05700935249641,2019,1.31e-05,-0.163441405,0.332513017,0.5432692307692308,-0.15625
603963,0.0303678597725344,1.62685154326793,2.2555513917924297,0.95212279126217,-0.47787091865806,2018,1.17e-05,0.003493914,-0.346530894,0.6519607843137254,-0.375
603966,0.050046054729402,1.7290455916980598,2.39787044576184,0.9010814865451799,0.59054013545274,2018,5.88e-05,-0.05224606,0.063778616,0.8504901960784315,0.8308823529411764
603966,-0.0190849741121327,1.21876427022306,1.50648127056181,0.42516051035408003,-0.14320867622347,2019,2.28e-05,0.218944819,-0.05224606,-0.3485576923076923,0.3485576923076923
603969,-0.0336724696507233,1.1748215740271999,1.1405360410040999,0.24569924838121998,0.0073950504633257,2016,5.14e-05,-0.547716592,0.472289017,-0.5282714054927302,0.754442649434572
603969,0.0217950923976933,1.1215088662421,1.6996620390657,-0.10889585974095001,-0.74377805441805,2017,3.85e-05,0.090198536,-0.547716592,0.9430051813471503,0.5621761658031088
603969,0.020233096557952,1.3503803928642901,1.33218322236226,0.02498853767501,0.31723714701356,2018,3.69e-05,-0.059656402,0.090198536,0.4607843137254901,0.5661764705882353
603969,0.0659285843365761,1.14718793915619,0.9074968071512901,0.20515325268242998,0.24764479795048,2019,6.09e-05,-0.042507922,-0.059656402,0.8365384615384615,0.8846153846153846
603978,-0.0635548044229686,1.29843727302069,0.71354337630127,-0.817139941008,0.14808701878068,2018,2.56e-05,-0.115797489,-0.335324359,-0.9313725490196079,0.3088235294117647
603978,-0.1980946734130191,1.16558026058795,0.64149359524972,-0.0825531229659,-0.44402377182414,2019,2.47e-05,-0.169122621,-0.115797489,-1.0,0.40865384615384626
603979,0.0110560091778077,1.13775800661846,0.71696218718906,0.10585912736768,0.4063228684298,2018,9.97e-06,0.216217416,-0.01929591,0.26225490196078427,-0.6862745098039216
603979,0.0548169026358019,0.95013716824855,1.0212977623555801,0.36017230955009,0.22508704224841,2019,2.53e-05,0.728545725,0.216217416,0.78125,0.4326923076923077
603987,-0.0037204618284734,1.74502594957451,0.6237410510019,-0.29267769062280996,1.6739866328838198,2017,1.15e-05,-0.004659788,-0.340657383,-0.4818652849740933,-0.544041450777202
603987,0.0446678380635186,0.91866867067759,2.01807079543208,0.43022999589678,-0.09385015446584999,2018,1.1e-05,1.393200509,-0.004659788,0.8014705882352942,-0.5049019607843137
603987,0.0168698721109429,0.88047403401805,1.00497061415994,0.34818356740278,-0.42320644520483,2019,8.6e-06,0.479610542,1.393200509,0.3341346153846154,-0.8028846153846154
603988,-0.0094099089026588,1.0149407536933301,0.77196672688236,1.06815570449449,-0.09406373152231,2016,6.27e-05,-0.542148753,0.184337332,-0.18578352180936997,0.8416801292407108
603988,0.004236928548773,1.1595243804403002,0.44765009641157,-0.45026879384407004,-0.31761587714886,2017,5.72e-05,0.13727499,-0.542148753,0.4455958549222798,0.7746113989637307
603988,-0.0152590071515635,1.14655620881649,0.39985348949863003,-1.36366915874896,1.08641737893769,2018,7.09e-05,0.200133788,0.13727499,-0.4362745098039216,0.8970588235294117
603988,-0.1535053929888035,1.0211930781679301,1.12972195838837,0.04545483767246,-1.18360640294946,2019,2.62e-05,0.363367999,0.200133788,-0.9975961538461539,0.44471153846153855
603991,0.0166866866994686,1.21317963403803,1.40044628893841,-0.37292188702274,0.14672416905796,2018,4.59e-05,0.517743919,-0.143933035,0.39950980392156854,0.713235294117647
603991,0.0537036663908108,0.90778730520325,1.39223369732518,0.07983432899929,-0.13531171430226002,2019,3.74e-05,0.624258585,0.517743919,0.7740384615384615,0.6658653846153846
603998,0.0525258821940587,1.02533197783166,1.1751779824350999,0.73071400703764,-0.15191378914707002,2018,9.91e-06,-0.096664451,-0.160278368,0.8700980392156863,-0.6911764705882353
603999,0.001393162782221,1.1258069850622898,1.12385056642902,-1.14982698582739,0.56881206057695,2017,3.62e-05,-0.072396663,-0.468346593,0.07772020725388606,0.5051813471502591
603999,0.0469659586495359,1.38024576692696,1.20054321684329,-0.2971309120834,0.58263045977501,2018,3.57e-05,0.048471093,-0.072396663,0.8235294117647058,0.5294117647058822
603999,-0.0091580022011338,1.3009999298541801,0.6322518780377601,-0.38608176435506,0.34550354109918,2019,4.29e-05,-0.125531626,0.048471093,-0.17067307692307687,0.7475961538461537
