asset,beta_bri,year,br,compounded_xret,rank_beta,rank_br,ch4mkt_beta,ch4smb_beta,ch4vmg_beta,ch4pmo_beta,soe
6,0.061684374,2018,1.28E-05,0.2674101,0.916666667,-0.240196078,1.261156134,0.858604439,0.608942921,0.069193311,1
8,-0.009676211,2016,5.16E-05,-0.322403628,-0.195476575,0.757673667,0.886615942,-0.202230401,-0.872531972,0.280459994,1
8,-0.048057413,2019,9.54E-06,-0.256721741,-0.742788462,-0.627403846,0.948158027,0.909435463,0.162840619,0.344711842,1
11,0.070894886,2019,1.30E-05,-0.225864392,0.860576923,-0.165865385,0.899474753,1.481239047,0.567064929,0.004257005,1
12,0.018372956,2016,3.83E-05,-0.296138339,0.243941842,0.621970921,1.46844093,0.721799332,0.006927909,0.104842224,0
12,0.003384335,2017,1.35E-05,-0.079703538,0.334196891,-0.28238342,1.389545416,0.719596662,0.418182527,0.226670151,0
12,-0.030519485,2018,2.57E-05,0.188846423,-0.678921569,0.323529412,1.066217485,0.902628348,0.025901685,0.03344519,0
12,-0.039340847,2019,1.19E-05,1.059974196,-0.629807692,-0.240384615,1.195506062,0.264493551,-0.586635914,0.474632118,0
16,-0.010997549,2018,1.93E-05,0.624161418,-0.360294118,0.041666667,1.202762939,0.677032289,-0.483943814,0.271859944,1
19,0.031039691,2019,1.91E-05,-0.085059288,0.538461538,0.120192308,0.954609551,1.457907536,0.497267261,0.110891823,1
21,-0.021486313,2016,2.51E-05,-0.2112828,-0.363489499,0.321486268,1.060231051,0.505004565,-0.235986264,0.426970377,1
21,0.004425119,2017,1.08E-05,0.188620373,0.46373057,-0.652849741,1.200908012,0.200514751,-1.564066686,-0.601982833,1
31,-0.00288533,2017,2.67E-05,0.12209808,-0.42746114,0.259067358,1.295490412,1.574666661,1.367866302,0.431951833,1
31,-0.018377526,2018,5.92E-06,-0.219331797,-0.50245098,-0.990196078,1.257684801,0.776975353,0.714421188,0.049653555,1
32,0.083873037,2018,1.89E-05,1.168592659,0.965686275,0.031862745,1.092323681,0.730676199,-0.512615317,0.271603434,1
32,0.008415748,2019,1.97E-05,-0.138768803,0.189903846,0.175480769,1.135457261,1.035242431,-0.973787463,0.464824547,1
35,-0.044088777,2019,4.22E-05,-0.119732565,-0.6875,0.737980769,0.880254317,0.461869486,0.184743018,-0.118744539,0
36,0.044231746,2016,2.48E-05,-0.28155691,0.583198708,0.308562197,0.878585385,0.950403522,0.754201542,-0.050302128,0
37,-0.04719841,2019,3.32E-05,-0.337294114,-0.725961538,0.586538462,1.032945542,0.70334941,0.16926508,-0.223495601,1
39,0.05418576,2016,2.01E-05,-0.272276566,0.670436187,0.0726979,1.071228745,0.511519261,-0.199160589,0.117574674,1
39,0.008939906,2017,3.19E-05,0.013193088,0.720207254,0.401554404,1.72971818,0.975722659,0.642729109,0.196432251,1
39,-0.015167844,2018,2.48E-05,-0.322696611,-0.433823529,0.276960784,1.199469731,0.308204052,0.152827479,0.236189548,1
40,-0.007105717,2019,8.59E-06,-0.058998452,-0.125,-0.805288462,1.328340525,1.161461231,-0.593982035,0.570679777,0
50,0.00080047,2018,8.29E-06,0.132559398,-0.024509804,-0.897058824,1.062856659,0.260008283,-1.137718748,-0.166706283,1
55,0.016602331,2016,6.25E-05,-0.221132864,0.205169628,0.838449111,0.788629637,0.719976533,-0.266521724,0.297273996,0
55,-0.008503455,2017,3.57E-05,-0.074416991,-0.759067358,0.494818653,1.408929613,1.168994275,0.55374787,0.26506964,0
55,0.063496161,2018,6.19E-05,-0.149733938,0.924019608,0.848039216,1.072313433,1.285039524,0.070134959,0.034794098,0
55,-0.063572007,2019,5.78E-05,0.047863148,-0.850961538,0.862980769,1.119157171,1.204574796,0.276371335,0.467934804,0
59,0.011299721,2019,2.76E-05,0.797015222,0.235576923,0.471153846,0.759056049,0.744656154,0.348140473,0.207102384,1
60,-0.03631131,2016,9.04E-06,-0.339990675,-0.55088853,-0.886914378,1.728704827,-0.268335656,-0.686516576,-0.219507638,1
60,-0.00500978,2018,2.36E-05,-0.202874188,-0.18872549,0.225490196,1.305245525,0.717221872,0.406900758,0.040409224,1
60,-0.025697404,2019,1.63E-05,0.219126756,-0.454326923,-0.024038462,1.038944835,0.378242624,0.072111151,0.63195508,1
65,-0.04954178,2016,8.13E-05,-0.520266378,-0.705977383,0.909531502,0.963377407,1.059215084,-0.363177516,-0.490647341,1
65,0.028572002,2017,0.000192438,0.132845187,0.966321244,0.989637306,1.47250809,0.677220378,-0.057319353,0.695937881,1
65,0.025055216,2018,0.000110069,-0.165083947,0.556372549,0.980392157,1.282325965,1.210120677,0.456468795,0.016784143,1
65,0.027258252,2019,0.000201098,0.176098413,0.485576923,0.995192308,1.152670802,1.312577542,0.66865216,0.206596327,1
69,-0.004805404,2017,1.08E-05,0.034928684,-0.598445596,-0.652849741,1.391837233,-0.173451917,0.784894407,0.385684111,1
70,-0.019887329,2016,3.41E-05,-0.390256724,-0.331179321,0.525040388,1.008635636,1.141974571,0.174581346,-0.240415905,1
70,0.001826791,2017,1.10E-05,1.000893613,0.147668394,-0.621761658,1.122232759,0.821914334,-0.818586143,-0.308871925,1
70,-0.038285549,2019,9.36E-06,-0.177640255,-0.615384615,-0.663461538,1.094529175,0.934007774,-1.940608237,0.714502809,1
88,-0.05390295,2016,2.63E-05,-0.381722289,-0.754442649,0.360258481,1.05413304,1.062781404,-0.041666918,-0.608288087,1
88,0.030071015,2017,3.78E-05,-0.177024709,0.971502591,0.551813472,1.265161756,0.815878299,0.092772586,0.23313725,1
88,0.023693541,2018,1.21E-05,0.071539667,0.539215686,-0.318627451,1.202264,0.730605322,0.246596344,0.164512561,1
88,-0.007109237,2019,1.23E-05,0.004991045,-0.129807692,-0.221153846,0.873974529,0.714505359,0.10385963,0.552707188,1
89,0.033396623,2016,2.58E-05,-0.174571306,0.457189015,0.34733441,1.108940899,-0.047220034,0.400567865,0.202039353,1
89,0.003437511,2017,1.16E-05,0.144915447,0.349740933,-0.528497409,0.859888887,-0.140874968,-0.119063612,0.219311119,1
89,-0.037219412,2018,4.48E-05,-0.134802545,-0.75245098,0.703431373,0.829064161,-0.344793366,-0.070161417,-0.067241955,1
89,0.012665202,2019,3.15E-05,-0.001212601,0.257211538,0.5625,0.998358653,-0.186977708,-0.158410699,0.475640554,1
90,-0.029972222,2016,1.66E-05,-0.322281195,-0.486268174,-0.056542811,0.985631453,1.357500422,0.952667686,-0.159755776,1
90,0.003882695,2017,2.09E-05,0.059439259,0.39119171,0.012953368,1.175817997,0.936442569,0.350707678,0.303842338,1
90,0.020841717,2018,4.12E-05,0.467283144,0.473039216,0.637254902,1.170872465,0.937913331,0.492163739,0.056706981,1
90,0.026089545,2019,2.03E-05,-0.161159567,0.463942308,0.223557692,1.010675029,0.452543556,0.135468989,0.475873939,1
99,0.015919511,2018,1.34E-05,-0.037222313,0.37254902,-0.193627451,1.091166636,0.591246016,-0.47862519,0.581333742,1
99,-0.000200354,2019,1.24E-05,-0.025499337,0.048076923,-0.213942308,1.095514056,1.019561634,0.229430171,0.14205174,1
100,0.029985757,2018,7.17E-06,0.874545986,0.637254902,-0.965686275,1.138365001,0.640481338,-0.143402703,0.301760507,0
151,-0.002421692,2016,4.82E-05,-0.363174933,-0.105008078,0.728594507,0.999389846,1.047561381,-0.702449716,-0.179713192,1
151,0.035621271,2017,9.28E-05,-0.00778693,0.984455959,0.924870466,1.151425651,1.342615769,-0.192932233,0.318085455,1
151,-0.006665953,2018,0.000119437,-0.275758433,-0.245098039,0.982843137,1.206562553,0.757776904,-0.535342593,0.740658945,1
151,-0.005548357,2019,6.23E-05,-0.155431407,-0.069711538,0.894230769,1.00970964,1.0915216,0.038376884,0.528917368,1
153,-0.069614404,2018,1.32E-05,0.236939445,-0.93872549,-0.210784314,1.116639402,1.23979122,0.266948121,0.087702309,0
156,-0.003546019,2017,1.23E-05,0.15256975,-0.461139896,-0.406735751,1.397328485,0.262091544,0.031700572,0.653339048,1
157,0.033094591,2016,6.66E-05,-0.069239394,0.453957997,0.857835218,0.962650178,0.528927258,0.510555722,-0.127654796,0
157,0.004012932,2017,9.28E-05,0.514150317,0.411917098,0.924870466,0.721933385,0.496108575,0.378005431,0.012802344,0
157,0.001492929,2018,7.58E-05,0.101317382,-0.009803922,0.916666667,0.970018899,0.748684258,0.84305948,-0.009636804,0
157,-0.011493436,2019,5.74E-05,0.454091323,-0.204326923,0.860576923,1.23706099,0.303200528,1.026768508,-0.166283794,0
158,-0.049328835,2016,2.27E-05,-0.437159726,-0.702746365,0.211631664,1.038078648,1.284942615,0.249925006,0.07191838,1
158,-0.034614117,2017,1.12E-05,-0.223190951,-0.961139896,-0.582901554,1.084605732,1.276143102,-0.102662551,-0.134051384,1
158,0.043911675,2018,1.09E-05,0.89826548,0.794117647,-0.517156863,1.191893927,1.158656262,-0.659067971,0.666505934,1
158,-0.022846063,2019,1.90E-05,0.083579196,-0.413461538,0.112980769,1.196460151,0.562977995,-1.759998839,-0.342939137,1
159,0.003389126,2017,1.22E-05,1.046892888,0.339378238,-0.422279793,1.18308715,1.426793425,0.050283261,0.62455394,0
159,0.01637884,2018,1.15E-05,-0.383109778,0.389705882,-0.416666667,1.140929485,2.486061126,1.056116478,-0.218246498,0
159,0.059663221,2019,1.07E-05,0.242992541,0.802884615,-0.408653846,1.273320879,1.207421228,-0.848552326,1.23068309,0
301,-0.073660642,2018,1.06E-05,0.018157155,-0.950980392,-0.588235294,0.797938822,0.59356608,0.106231413,-0.147215201,0
301,0.040315672,2019,2.27E-05,2.730486664,0.649038462,0.338942308,0.809511698,0.333898352,0.284626676,-0.038475551,0
333,0.037148742,2018,9.26E-06,0.166788676,0.732843137,-0.789215686,1.564858939,-0.213573534,1.199933491,0.067917666,0
338,0.001038612,2016,9.65E-06,0.35691073,-0.050080775,-0.828756058,1.227888207,0.250646537,0.347866547,0.010856204,1
338,-0.006221198,2017,1.87E-05,0.457625761,-0.67357513,-0.069948187,1.488216484,-0.110251473,0.39533513,0.009902441,1
338,-0.009702333,2018,2.23E-05,0.139016629,-0.316176471,0.161764706,1.24617242,0.412450052,1.228894248,-0.252355596,1
338,0.009920071,2019,1.49E-05,0.305767557,0.211538462,-0.081730769,1.486973092,-0.118118885,0.738557576,-0.094171511,1
400,0.03669429,2016,2.63E-05,-0.568676677,0.49273021,0.360258481,1.144283554,0.554193742,-0.274537809,-0.083895491,1
400,0.001087379,2017,4.18E-05,0.148901977,0.049222798,0.619170984,0.977874731,1.066894164,0.17687652,-0.167195016,1
400,-0.005555383,2018,1.40E-05,0.442173909,-0.208333333,-0.154411765,0.966569409,0.886754089,0.259073044,-0.377934457,1
400,-0.06829824,2019,1.20E-05,-0.048095781,-0.870192308,-0.233173077,1.191473642,1.12581476,0.331522427,0.105837409,1
401,-0.000498062,2017,2.70E-05,1.00537635,-0.163212435,0.272020725,1.52359522,0.285517532,-0.508741519,0.504126832,1
401,-0.063495955,2018,1.50E-05,-0.077951312,-0.928921569,-0.105392157,1.160997384,0.45226218,0.96049627,-0.212404425,1
401,-0.057961521,2019,7.13E-06,-0.213769501,-0.834134615,-0.954326923,1.266182275,0.558056774,0.95136596,0.233890304,1
403,0.029181008,2019,1.19E-05,-0.257120631,0.512019231,-0.240384615,0.827453466,-0.306582967,0.029573899,-0.364084409,0
404,0.00993412,2016,2.64E-05,-0.455425347,0.095315024,0.373182553,1.2599306,0.957547285,-0.264853092,0.116773357,1
413,0.000928753,2018,7.51E-06,-0.481808607,-0.019607843,-0.948529412,1.082176995,1.136766117,0.139582508,-0.424630097,0
413,0.031216181,2019,6.67E-06,-0.23316809,0.540865385,-0.96875,1.117293341,1.360957317,-0.878726201,0.334716031,0
423,-0.010137993,2017,1.20E-05,-0.257692399,-0.803108808,-0.461139896,0.764150656,-0.371202746,-0.158035151,-0.139138151,1
423,0.007852671,2018,8.85E-06,-0.085383871,0.174019608,-0.840686275,0.936147956,-0.391026785,-0.328210818,0.398298385,1
425,0.020734499,2016,4.28E-05,0.125090687,0.273021002,0.683360258,1.189105351,0.657012979,0.611814129,-0.065581367,1
425,0.00983218,2017,3.10E-05,0.050107334,0.740932642,0.378238342,1.214113479,0.430366444,0.613952894,-0.103895009,1
425,0.004729652,2018,5.69E-05,0.305635281,0.071078431,0.81372549,1.242783652,0.440683733,0.45439902,0.135857048,1
425,-0.002439183,2019,2.48E-05,0.071627698,-0.004807692,0.415865385,1.337247257,0.524598144,0.895595868,-0.066820759,1
426,0.018948439,2016,1.66E-05,-0.211307585,0.260096931,-0.056542811,1.118480371,0.051661352,-0.896533212,0.132142845,0
428,0.007145351,2019,1.95E-05,-0.169288328,0.165865385,0.163461538,1.191564806,1.323578924,0.273881625,0.485344903,1
488,-0.005605918,2017,9.84E-06,-0.356002561,-0.64507772,-0.777202073,1.5259819,1.318210583,1.329557739,-0.284384872,1
488,-0.062052673,2018,8.98E-06,-0.047311389,-0.921568627,-0.830882353,1.216291565,0.817222331,0.694479551,0.039766507,1
488,-0.011187325,2019,8.13E-06,0.668631987,-0.197115385,-0.860576923,0.935087069,0.502493746,0.362422159,0.457529036,1
498,0.003749949,2016,3.49E-05,-0.413479064,-0.01453958,0.554119548,1.515932545,0.418520699,0.034040896,-0.197991821,1
498,0.009412138,2017,0.000114165,0.264962364,0.730569948,0.953367876,0.950365726,1.31435488,0.666263054,-0.198296267,1
498,-0.008287271,2018,2.53E-05,-0.085778958,-0.272058824,0.299019608,1.014419139,0.540686065,0.183533449,-0.355981557,1
498,0.1445407,2019,3.56E-05,0.137111844,0.975961538,0.634615385,1.284701676,1.192679645,1.073331602,0.588292636,1
506,0.151622028,2018,3.84E-05,-0.397343129,0.99754902,0.602941176,0.845073264,0.943028666,-0.771298158,-0.1371875,0
506,-0.04408806,2019,2.08E-05,-0.14680882,-0.685096154,0.254807692,0.643282023,1.003646829,-0.62924507,0.336081014,0
507,0.020222995,2016,8.10E-05,-0.274035015,0.266558966,0.906300485,0.939845052,1.46997417,-0.10357422,-0.986245954,1
507,0.016757734,2017,8.14E-05,-0.347979932,0.883419689,0.89119171,1.248063668,1.147719938,0.102699146,0.320837561,1
507,0.029702141,2018,7.80E-05,-0.15547455,0.629901961,0.926470588,0.988918716,0.603260677,0.29431855,-0.182103385,1
507,-0.004245769,2019,6.96E-05,0.148525821,-0.038461538,0.913461538,0.867911105,0.768152515,0.089321462,0.662187474,1
514,0.031277666,2016,2.40E-05,-0.408399738,0.424878837,0.266558966,0.869008817,0.536910037,-0.693821297,-0.535496139,1
514,-0.020939801,2019,2.22E-05,-0.11752715,-0.375,0.317307692,1.115471056,1.112266027,0.624590384,0.475701008,1
516,0.027190613,2016,1.45E-05,-0.145102081,0.369951535,-0.172859451,0.820564425,0.383016842,-0.567590338,-0.173510424,0
519,-0.081762952,2016,1.06E-05,-0.392954556,-0.886914378,-0.689822294,1.22663662,-0.3844433,-2.281634205,0.355555512,1
520,0.004227345,2017,2.89E-05,0.104317294,0.443005181,0.32642487,1.070067251,0.775935273,-0.473882393,0.337950544,0
523,0.021443349,2019,2.11E-05,-0.538565784,0.403846154,0.276442308,0.6756179,1.139675648,0.16872676,-0.577821744,1
524,0.005572637,2017,2.99E-05,-0.044601977,0.556994819,0.349740933,1.072609303,0.541183196,-0.092374561,-0.067939948,1
524,0.029792271,2018,4.79E-05,-0.275371756,0.634803922,0.730392157,1.057193666,0.913448383,0.268798019,-0.097318125,1
524,0.032306951,2019,1.63E-05,0.233862589,0.569711538,-0.024038462,0.951429338,1.174333289,0.63443614,0.152569308,1
528,0.028602389,2016,0.000126078,0.239461948,0.379644588,0.983844911,1.486011407,0.629804082,0.445489013,-0.047872491,1
528,0.011339407,2017,9.80E-05,-0.185923565,0.78238342,0.932642487,1.281244512,1.259686383,0.811512543,-0.180685834,1
528,-0.006804649,2018,3.46E-05,-0.045058657,-0.24754902,0.509803922,1.31044068,0.088951869,0.162744193,-0.156063631,1
528,0.008837966,2019,3.25E-05,0.325326927,0.192307692,0.574519231,1.162131454,0.544032586,0.820062614,0.172196972,1
530,0.014154521,2019,1.27E-05,0.153234461,0.295673077,-0.189903846,0.967394488,1.444474775,0.620910765,-0.253563911,1
533,0.003029059,2017,1.12E-05,-0.233604402,0.295336788,-0.582901554,0.503902498,0.346339936,-0.276307493,-0.105990401,0
533,0.009551806,2018,2.23E-05,-0.063288915,0.225490196,0.161764706,1.021828986,2.149318995,0.23478703,-0.439974334,0
533,-0.099336084,2019,3.39E-05,0.049932014,-0.956730769,0.598557692,1.272802991,1.280602364,-0.297175107,0.842988134,0
541,0.002723257,2019,1.09E-05,0.127667571,0.100961538,-0.350961538,0.644977347,0.411173157,-0.089942483,0.459565319,1
546,0.120349258,2016,1.99E-05,0.2134332,0.948303716,0.066235864,0.989101089,1.00488001,-0.034883147,-0.507320822,0
546,-0.01037016,2017,7.82E-06,-0.290110589,-0.808290155,-0.974093264,1.017660669,0.010051614,-0.63375381,0.593942348,0
548,-0.01698834,2016,2.08E-05,-0.395909895,-0.295638126,0.105008078,1.126910915,0.97576156,-0.215755704,0.192059218,1
548,0.003418003,2017,2.28E-05,0.005173325,0.347150259,0.103626943,0.965598889,1.122565066,0.06778407,0.021051795,1
548,0.01854,2018,1.23E-05,-0.176778903,0.421568627,-0.279411765,0.893326753,1.216551801,0.32254376,-0.412380858,1
550,-0.006545808,2016,1.24E-05,-0.322048705,-0.153473344,-0.43457189,1.175109669,0.802956975,1.111774444,-0.104660742,1
551,-0.026059594,2016,6.58E-05,-0.375754322,-0.441033926,0.851373183,1.112768381,1.636880789,0.26471688,-0.297292031,1
551,-0.005330376,2017,3.82E-05,0.145159803,-0.632124352,0.556994819,1.198038878,1.265617768,-0.026464894,0.216947917,1
551,0.028695169,2018,8.10E-05,0.437802743,0.615196078,0.931372549,1.09600237,1.485734231,0.388870579,-0.208462402,1
551,-0.016328019,2019,8.66E-05,-0.149692676,-0.298076923,0.947115385,1.146669928,1.072394168,0.420221027,-0.434838018,1
552,0.01387303,2016,2.36E-05,-0.070912524,0.153473344,0.250403877,1.44676595,-0.243304416,-0.433803219,0.220600803,1
552,-0.043299995,2018,1.18E-05,-0.156426946,-0.823529412,-0.352941176,1.053273753,1.036727234,0.731521812,-0.211579731,1
554,-0.011098632,2017,1.83E-05,-1.28E-05,-0.829015544,-0.095854922,1.276738304,0.889504807,-0.141141831,0.54436894,1
560,-0.076173286,2016,1.64E-05,-0.175229362,-0.873990307,-0.066235864,0.875774198,-0.133047377,-1.232422001,0.511161299,0
560,0.004844508,2017,6.45E-06,-0.156257873,0.489637306,-0.997409326,0.907807134,0.674787403,-0.486791669,0.283100557,0
561,-0.005893755,2017,1.30E-05,0.148313717,-0.658031088,-0.321243523,0.89982988,1.001825145,-0.679092575,0.119364207,1
561,-0.038769472,2018,3.86E-05,0.014990246,-0.764705882,0.610294118,1.01569106,0.382189291,-1.450855523,0.841334375,1
561,-0.080661144,2019,1.68E-05,-0.073569987,-0.920673077,-0.009615385,1.01435486,1.468432244,-0.229453562,0.325172867,1
568,-0.003108898,2017,1.30E-05,0.336373285,-0.432642487,-0.321243523,1.183019347,-0.833446808,-0.214852862,-0.566462993,1
570,0.000259244,2018,4.20E-05,-0.140699131,-0.044117647,0.651960784,1.175489521,1.548893032,0.675044207,-0.408611996,1
582,0.023690814,2017,5.33E-05,0.187622372,0.950777202,0.730569948,1.165302487,0.907860129,-0.336293127,0.400795549,1
582,0.058133605,2018,5.47E-05,0.195823087,0.906862745,0.789215686,0.956992526,1.192831898,0.647164097,-0.468611312,1
582,-0.052447993,2019,3.60E-05,-0.222597503,-0.778846154,0.644230769,0.986838875,0.029408105,0.303300246,0.032120457,1
586,0.051805486,2016,4.94E-05,-0.45960285,0.657512116,0.741518578,0.55352736,-0.007577099,-1.346752893,-0.263495889,0
586,-0.028073995,2018,1.32E-05,-0.23755945,-0.651960784,-0.210784314,0.985290908,0.868445432,-1.072874294,-0.332133451,0
589,0.017991159,2016,1.50E-05,-0.416427742,0.231017771,-0.137318255,0.976535691,0.79912293,-0.067793831,-0.133699903,1
592,0.053750366,2016,1.04E-05,-0.491078769,0.66720517,-0.731825525,1.196601088,1.774377607,0.977174434,0.282944325,0
596,0.037590204,2016,1.22E-05,0.737688234,0.508885299,-0.460420032,1.282538458,0.79274774,1.302857384,-0.555149421,1
598,-0.025136203,2016,9.90E-05,-0.274946063,-0.431340872,0.948303716,1.101963715,1.033873999,0.535083139,-0.237183822,1
598,0.000277171,2017,6.54E-05,0.120533866,-0.067357513,0.823834197,0.849182121,0.597451937,-0.094571129,0.266592861,1
599,0.04098631,2018,1.26E-05,-0.069579138,0.772058824,-0.257352941,1.156198272,1.216718627,0.266382649,0.049685233,1
599,0.015353077,2019,4.60E-05,-0.027242234,0.317307692,0.774038462,1.051557426,1.367891696,0.255695928,-0.198987841,1
600,-0.000397128,2017,9.77E-06,0.185101009,-0.142487047,-0.787564767,1.225386749,0.80172958,-0.462803114,0.458288541,1
600,0.014347708,2018,9.20E-06,-0.232547616,0.330882353,-0.794117647,1.034356901,1.37089094,0.898136005,-0.051438159,1
600,-0.047545419,2019,9.16E-06,-0.020667165,-0.735576923,-0.704326923,1.063090917,0.936542087,0.699081331,0.090608629,1
607,-0.049860325,2019,2.77E-05,-0.183022364,-0.754807692,0.475961538,0.902236479,1.642107393,0.188621136,-0.870697658,1
610,0.051346119,2019,1.25E-05,0.230341678,0.75,-0.211538462,0.927949334,1.662264586,-0.075392076,0.325928757,1
619,-0.00577722,2017,4.61E-05,-0.140369338,-0.650259067,0.655440415,0.892839063,0.461721035,-0.171687307,0.361237695,1
619,0.019394603,2018,4.26E-05,-0.133630667,0.43872549,0.664215686,0.751365136,1.055827807,0.504701488,-0.079009512,1
619,-0.000695542,2019,1.34E-05,0.091566454,0.036057692,-0.146634615,0.993642937,0.890692823,0.734554082,-0.10019349,1
625,0.022091418,2016,1.05E-05,-0.385535638,0.305331179,-0.709208401,1.565694036,-0.338635737,0.885229736,0.487126232,1
625,-0.015812869,2019,9.68E-06,1.354312929,-0.28125,-0.596153846,1.350836029,-0.431726534,-0.72169084,0.255014198,1
626,0.202967848,2016,2.10E-05,-0.62390293,0.996768982,0.111470113,1.240689699,0.303800814,-1.563681328,0.437813409,0
628,0.003707782,2016,1.24E-05,-0.140390654,-0.017770598,-0.43457189,0.938380246,1.242383217,-0.429475057,0.033856209,1
628,-0.011211931,2017,1.21E-05,0.232502197,-0.836787565,-0.440414508,0.958070807,1.539550942,0.763030976,0.415581032,1
628,-0.020003491,2018,1.22E-05,-0.197731569,-0.531862745,-0.301470588,0.959651959,1.273591766,0.383366032,0.070976879,1
628,-0.020197508,2019,1.08E-05,-0.046567485,-0.362980769,-0.387019231,0.89646977,0.530920131,-0.142818428,0.439487902,1
630,-0.010178547,2018,1.02E-05,-0.223452394,-0.333333333,-0.656862745,0.850376688,0.309485211,-0.294668088,0.051123621,1
632,0.076273514,2016,1.43E-05,-0.067405924,0.780290792,-0.192245557,0.89628042,1.497255589,0.230139367,0.089134915,1
651,0.014020782,2018,1.81E-05,0.064275579,0.321078431,-0.007352941,1.203023183,-0.600380332,0.450352021,-0.112189403,1
652,0.008856205,2016,2.96E-05,-0.413523496,0.053311793,0.444264943,1.18758349,0.75395147,-0.981404277,-0.305701665,1
657,0.079190263,2016,1.69E-05,-0.185429603,0.79644588,-0.04361874,1.472066532,1.12101847,0.585816755,0.525029944,1
659,0.027080429,2019,1.06E-05,0.441362042,0.483173077,-0.420673077,0.760484325,1.6579758,0.433848023,0.242558537,0
665,-0.043944392,2016,5.22E-05,-0.288203868,-0.634894992,0.767366721,0.990744375,0.863554302,0.0313681,0.101419218,1
665,0.002418618,2017,2.20E-05,-0.060247014,0.215025907,0.069948187,1.102431367,1.212433031,0.199159968,0.328328332,1
668,0.00292712,2017,1.40E-05,0.460466863,0.284974093,-0.233160622,1.056027351,0.557880651,-0.102398598,0.284610872,0
668,0.047980929,2018,1.40E-05,0.158201796,0.833333333,-0.154411765,1.063786195,1.154376709,-0.112379205,0.017331483,0
672,-0.060058401,2016,2.61E-05,-0.0073813,-0.773828756,0.350565428,0.73979403,-0.022526858,-1.656627752,-0.697803905,0
672,-0.013397744,2017,0.000114742,0.387605013,-0.867875648,0.955958549,1.910689851,1.878930748,2.373458248,0.205074047,0
672,-0.034578487,2018,4.79E-05,0.961340189,-0.725490196,0.730392157,1.192189398,0.458615542,1.055420781,-0.112119524,0
672,-0.000990973,2019,0.000133611,-0.240530007,0.03125,0.985576923,1.543948536,0.685006455,1.603699786,-0.350130174,0
677,-0.000147949,2017,1.65E-05,-0.165438365,-0.111398964,-0.147668394,0.821383635,1.188139225,-0.26078147,-0.035348319,0
678,-0.000269958,2017,1.76E-05,0.334515965,-0.126943005,-0.111398964,0.784813476,0.892626219,-0.198321074,0.414999831,1
680,0.035994964,2016,8.54E-05,-0.378576991,0.476575121,0.925686591,1.448788716,1.3430058,0.158355529,-0.317607072,1
680,0.021059917,2017,8.21E-05,0.185696597,0.935233161,0.893782383,1.225790375,1.147966024,0.279924897,0.121613769,1
680,0.015116101,2018,9.18E-05,-0.180021536,0.352941176,0.963235294,1.236941717,1.197240688,0.613662842,-0.560896119,1
680,0.094100971,2019,9.58E-05,0.122673689,0.935096154,0.963942308,1.306405728,1.200953676,0.926770227,0.115179275,1
681,-0.006426137,2017,6.00E-05,-0.335204483,-0.683937824,0.79015544,1.13806614,-0.219782033,-1.499358241,-0.546158412,0
681,0.017096597,2018,4.01E-05,-0.051582489,0.406862745,0.62745098,1.179188135,-0.302392529,-1.245786385,0.524829647,0
681,-0.018851464,2019,9.63E-06,-0.314221279,-0.341346154,-0.605769231,0.95014017,-0.009665667,0.101533273,-0.777116269,0
685,-0.000556078,2017,9.37E-06,0.086066799,-0.176165803,-0.82642487,1.000271795,0.434842985,0.120126463,0.214099554,1
690,-0.005574631,2019,9.51E-06,0.11869248,-0.072115385,-0.637019231,0.797771047,0.616986613,0.241637972,0.532925564,0
700,0.015106515,2019,1.04E-05,-0.257294498,0.314903846,-0.466346154,1.101851665,-0.363562603,-1.273684815,-0.648457638,0
701,-0.013492008,2016,8.63E-06,-0.448493952,-0.243941842,-0.922455574,1.059241419,0.797976935,-0.374966703,0.083648213,1
701,-0.02806391,2018,7.34E-06,-0.249550077,-0.649509804,-0.960784314,1.111171426,1.209154204,-0.115742468,0.04900356,1
703,-0.01618948,2016,1.08E-05,0.457012197,-0.285945073,-0.673667205,1.014180626,-0.196814034,-0.465827106,-0.181614355,0
703,-0.012476597,2017,5.30E-05,-0.074565351,-0.857512953,0.727979275,1.282139164,0.358249393,0.715568711,-0.084566702,0
703,-0.069786166,2018,5.64E-05,-0.115338817,-0.941176471,0.806372549,1.164626874,-0.009296129,0.289481751,-0.248117761,0
703,0.063054063,2019,6.00E-05,0.289104169,0.817307692,0.875,0.842120173,0.139791602,0.399654933,0.458140265,0
708,0.001700975,2017,1.87E-05,0.458907843,0.129533679,-0.069948187,1.263191684,1.506776827,1.0633278,0.06322737,1
708,-0.05704033,2019,1.54E-05,0.234031823,-0.824519231,-0.060096154,1.003144334,0.511238065,0.68234154,-0.748452272,1
709,-0.013805455,2016,2.25E-05,-0.283341963,-0.253634895,0.185783522,1.301537337,-0.355873533,-1.160047381,-0.065780225,1
709,0.002097119,2017,3.02E-05,-0.001571571,0.18134715,0.365284974,1.175828085,1.349689769,1.2882811,-0.076782944,1
709,-0.009732004,2018,5.36E-05,-0.304057467,-0.318627451,0.779411765,0.835394411,0.443352638,0.694487641,-0.238654368,1
709,0.009605987,2019,1.94E-05,0.187690261,0.206730769,0.146634615,0.892355878,0.462263044,0.524451356,0.475065596,1
710,2.79E-05,2019,1.00E-05,-0.505433316,0.055288462,-0.526442308,1.008049716,0.757130705,0.634083322,-1.189279209,0
713,-0.004345616,2017,3.21E-05,1.159787502,-0.559585492,0.409326425,0.029681011,-0.482423323,-1.616796229,-0.045693315,1
713,-0.006590714,2018,9.49E-06,-0.026957692,-0.242647059,-0.75245098,0.608928586,2.025761792,0.137921694,-0.196424786,1
713,0.030164569,2019,8.22E-06,0.234502787,0.528846154,-0.846153846,0.624086645,1.279519691,-0.355045666,-0.137964982,1
719,0.026458192,2016,1.10E-05,-0.35353209,0.366720517,-0.634894992,1.009901265,0.379178277,-0.191296259,0.04916968,1
719,-0.003996672,2017,1.08E-05,0.081019217,-0.523316062,-0.652849741,0.956782847,0.982933106,0.177064467,0.208608614,1
719,-0.012009305,2018,1.23E-05,-0.034453346,-0.37745098,-0.279411765,0.820085586,0.623878058,0.247764873,-0.186940114,1
719,0.01076101,2019,9.56E-06,0.014935884,0.228365385,-0.622596154,0.984137389,0.408774347,0.474935389,-0.650259578,1
721,0.002924579,2017,1.29E-05,0.064020011,0.28238342,-0.336787565,0.820258028,1.632230936,0.265120988,-0.216504039,1
721,-0.004699183,2018,1.31E-05,0.042166004,-0.174019608,-0.218137255,1.215042726,2.37965302,1.231001618,-0.144994061,1
723,0.026239136,2019,1.40E-05,0.18943578,0.473557692,-0.115384615,1.401031055,1.336010818,-0.52926683,0.764789337,0
735,-0.029123661,2016,1.11E-05,1.043528064,-0.476575121,-0.618739903,0.942800427,0.520912034,-0.040679661,0.014916623,0
735,-0.0016053,2017,2.01E-05,-0.247791785,-0.303108808,-0.028497409,0.738073784,-0.220669063,-1.694305819,0.260236483,0
735,0.064044199,2018,1.05E-05,0.024151347,0.926470588,-0.595588235,0.83200266,0.919201091,-0.471324971,-0.079666279,0
751,-0.053621187,2016,1.40E-05,-0.34630384,-0.751211632,-0.211631664,1.322164918,-0.071151074,-0.850121114,-0.215436923,1
751,-0.003817876,2017,1.32E-05,0.066693761,-0.489637306,-0.305699482,1.230363447,1.520818026,0.530323482,-0.239598874,0
751,0.009899811,2018,1.15E-05,-0.280373247,0.230392157,-0.416666667,1.000956962,0.928566804,0.329489422,-0.271693061,0
751,0.022285345,2019,1.02E-05,0.232941982,0.418269231,-0.497596154,0.955393115,0.698909746,0.14900223,0.603783369,0
753,0.067541958,2016,1.08E-05,-0.375393827,0.747980614,-0.673667205,0.737614426,0.858280759,-0.00274544,-0.189493664,1
756,0.042240172,2018,1.10E-05,0.442194344,0.779411765,-0.504901961,1.236681142,1.2346615,0.696112638,0.005655022,1
758,-0.050272274,2016,0.000122255,-0.367995445,-0.709208401,0.974151858,1.439872341,-0.141580001,-1.192562221,-0.199204003,1
758,0.003047822,2017,0.000139482,0.205982257,0.300518135,0.979274611,1.352276026,1.149674507,0.500199666,-0.087695739,1
758,0.002622065,2018,8.12E-05,-0.248038631,0.022058824,0.933823529,1.219717603,0.767206866,-0.050083804,0.178383404,1
758,-0.016177048,2019,3.64E-05,0.119071919,-0.295673077,0.651442308,0.906267464,0.189930852,-1.269847838,1.007831097,1
759,0.041512784,2016,2.61E-05,-0.185166704,0.560581583,0.350565428,0.999023139,-0.05110484,-0.314646002,0.368768601,1
759,0.014694502,2018,1.29E-05,-0.089475836,0.338235294,-0.230392157,1.035064821,0.474194665,0.122579144,0.034356631,1
761,0.01362258,2016,1.26E-05,-0.239338328,0.147011309,-0.379644588,1.228814969,0.065462944,-0.291149329,0.565434642,1
761,-0.019554771,2019,1.01E-05,0.42225771,-0.355769231,-0.519230769,0.997132714,0.378369678,0.392702514,0.517582865,1
767,-0.024693283,2016,4.36E-05,-0.267906237,-0.421647819,0.693053312,1.006785411,0.579474651,0.052177532,-0.056002974,1
767,0.002077156,2017,1.88E-05,0.108816453,0.176165803,-0.064766839,0.821310402,1.335275794,0.481920439,0.014377492,1
768,0.000367523,2017,1.00E-05,-0.001621673,-0.044041451,-0.761658031,0.615252,-0.501698052,-2.066433434,-0.073539071,1
777,0.003407966,2019,9.98E-06,0.039864426,0.120192308,-0.53125,1.057275323,0.98374199,0.053627654,0.265868963,1
778,-0.045668273,2016,1.02E-05,-0.368162134,-0.651050081,-0.770597738,1.338907607,-0.185334526,-1.208569666,-0.275557019,1
778,-0.018330673,2018,9.72E-06,-0.202708904,-0.5,-0.715686275,0.92601816,0.408274412,0.410788776,-0.062815035,1
778,0.028124615,2019,1.86E-05,0.156651865,0.497596154,0.072115385,0.873887573,0.511914238,0.362722323,0.507814184,1
779,-0.186966283,2016,1.86E-05,-0.048049674,-0.996768982,0.021001616,0.850003905,0.898139102,-1.133963099,-0.109227727,1
779,0.024853758,2019,2.27E-05,-0.108768342,0.451923077,0.338942308,1.127005972,1.430264006,1.025493418,-0.323812573,1
785,-0.040121091,2016,1.24E-05,-0.308948756,-0.602584814,-0.43457189,1.231023042,0.891051756,0.101150591,1.228805975,1
785,2.18E-05,2017,1.16E-05,0.298775005,-0.088082902,-0.528497409,1.079590583,0.888542026,-0.173044059,0.290784311,1
786,0.039145679,2016,8.38E-06,0.171350969,0.525040388,-0.935379645,1.306208236,1.040048464,0.538612811,-0.339286805,1
786,0.00032711,2017,7.97E-06,-0.011856055,-0.059585492,-0.961139896,1.781810851,-0.72062392,0.065790363,0.06778952,1
786,-0.033807772,2019,5.89E-06,0.835137473,-0.572115385,-0.987980769,1.149296562,0.438090856,1.191114149,0.072660105,1
789,0.004216486,2016,3.94E-05,0.562877424,-0.008077544,0.641357027,1.374305899,1.497511205,0.411880762,-0.404040462,1
792,-0.023968037,2016,8.60E-06,0.019824261,-0.411954766,-0.925686591,1.269803527,0.273222096,-0.271474207,-0.122371005,1
792,0.0037509,2017,8.26E-06,-0.383660873,0.373056995,-0.950777202,1.407888265,0.744433913,-0.795870279,0.439118298,1
793,-0.023194247,2016,8.32E-06,-0.174106227,-0.392568659,-0.938610662,0.595500329,0.568623948,-0.104828861,-0.144599139,0
797,0.093327018,2016,8.88E-05,-0.273567167,0.851373183,0.932148627,1.026789285,0.798086763,0.335665139,-0.260995594,1
797,-0.006932865,2017,7.19E-05,-0.15085577,-0.702072539,0.875647668,1.372976585,0.709515032,0.233348356,0.566506695,1
797,0.021295061,2018,6.94E-05,0.005495058,0.482843137,0.892156863,1.077133399,0.765580583,0.063515961,0.298753867,1
797,-0.044553617,2019,9.38E-05,-0.185568009,-0.694711538,0.959134615,0.983857183,0.65334143,0.29185536,0.714621962,1
798,0.007737873,2018,3.75E-05,-0.055774291,0.171568627,0.578431373,0.966761865,1.366282556,0.265393971,-0.210758769,1
798,0.119828631,2019,2.33E-05,0.315783782,0.951923077,0.367788462,1.047170949,1.764992676,0.441746738,0.160760586,1
800,0.005271217,2017,1.31E-05,0.299652938,0.531088083,-0.313471503,1.161314148,0.963559773,0.0373922,-0.097228549,1
801,-8.20E-05,2017,2.16E-05,0.337986501,-0.103626943,0.041450777,1.232812754,0.377392314,-1.51471568,0.714877704,1
801,0.048015354,2018,1.04E-05,-0.04928779,0.835784314,-0.620098039,1.121120701,0.716649954,-1.043644197,0.672408466,1
801,-0.047064706,2019,9.95E-06,0.146702568,-0.723557692,-0.540865385,0.903857507,0.75194382,-0.13938478,0.260519579,1
806,0.011958116,2017,1.13E-05,0.035488923,0.803108808,-0.569948187,0.954835573,2.023381418,-0.205132488,0.728419842,0
807,-0.061515975,2016,2.21E-05,-0.286642085,-0.780290792,0.163166397,1.637605924,-0.619556066,-1.1863944,-0.151570406,1
807,0.000881644,2017,3.29E-05,-0.108316252,0.023316062,0.435233161,1.904530746,0.995432403,0.339821361,0.524226589,1
807,0.039886887,2018,4.13E-06,-0.084425896,0.75245098,-0.99754902,1.605634989,1.088335613,0.129516478,0.599665951,1
807,0.031659084,2019,1.49E-05,1.689884546,0.545673077,-0.081730769,1.264039808,0.550365135,0.309634195,0.538870706,1
811,-0.020634704,2017,1.40E-05,0.842572262,-0.917098446,-0.233160622,1.129798298,1.067530233,0.14933842,0.543569206,1
815,-0.001776677,2017,1.75E-05,0.117638515,-0.321243523,-0.113989637,1.350535299,0.611339698,-0.621018655,0.311167115,1
815,-0.009535773,2018,1.72E-05,-0.283091076,-0.308823529,-0.029411765,1.317232958,0.293149884,-1.208069763,1.022330832,1
815,0.209527272,2019,1.50E-05,-0.235862358,0.983173077,-0.072115385,1.389724117,1.859881679,-0.254717461,-0.096074955,1
820,-0.000521276,2017,1.49E-05,-0.224247682,-0.168393782,-0.194300518,0.520485836,-1.218928896,-3.867269421,0.029890303,0
825,0.020572614,2019,1.83E-05,1.276028292,0.391826923,0.052884615,0.945392828,0.644865612,0.269243328,0.477309935,1
829,-0.004012887,2017,1.12E-05,-0.218211455,-0.531088083,-0.582901554,0.595230235,0.873576558,-0.475334385,0.303020254,1
829,-0.064170889,2018,1.84E-05,0.113366237,-0.93627451,0.007352941,0.984273157,0.628306737,-1.225079484,0.657953533,1
829,0.009224349,2019,1.78E-05,0.248005345,0.194711538,0.03125,0.975481074,1.095763721,-1.057987881,0.12577063,1
830,-0.007489888,2019,2.45E-05,1.555179421,-0.137019231,0.401442308,1.241467516,0.746916739,0.466802417,0.446610561,1
833,0.020626575,2018,9.10E-06,-0.155362956,0.470588235,-0.803921569,1.01248276,1.476608942,1.043426852,-0.157797453,1
833,-0.013977058,2019,8.94E-06,-0.012193786,-0.25,-0.745192308,0.963749814,1.074247413,0.275323561,0.200601516,1
836,0.007203819,2018,1.44E-05,-0.269849895,0.149509804,-0.129901961,0.989336798,1.145760332,-0.824938468,0.47871623,0
837,0.025968196,2016,2.01E-05,-0.324949616,0.363489499,0.0726979,0.845244709,0.85462817,-0.638651214,-0.098416545,1
837,0.000712658,2017,1.86E-05,-0.112621736,-0.005181347,-0.080310881,1.30266559,0.930980366,-0.296975564,0.167709609,1
837,0.042052509,2018,2.91E-05,-0.191112582,0.776960784,0.419117647,0.961901013,1.171751303,0.079815306,0.158682498,1
851,-0.007961172,2016,7.63E-06,-0.183973328,-0.163166397,-0.967689822,1.215241111,1.005782773,-0.916831378,0.504109938,1
851,0.01031919,2018,7.42E-06,0.385829741,0.245098039,-0.955882353,1.152199425,0.982977583,-1.868875568,0.419277903,1
852,0.01798474,2016,3.87E-05,-0.542791574,0.227786753,0.631663974,0.857295593,0.158431255,-1.08262571,-0.046348811,1
852,-0.025509281,2017,1.24E-05,0.250685057,-0.945595855,-0.39119171,1.268906275,1.392803083,-0.064864696,0.356369611,1
852,-0.083589843,2018,1.16E-05,-0.338746859,-0.965686275,-0.397058824,1.046242833,1.077655431,0.097645972,0.209253943,1
856,-0.026584304,2017,1.39E-05,-0.027426973,-0.953367876,-0.248704663,1.218390965,1.423332627,-0.487868317,-0.175704381,1
856,0.025967449,2018,2.21E-05,-0.372724258,0.573529412,0.149509804,1.177355678,0.857202318,-0.598778341,0.338744337,1
858,0.069595274,2016,1.50E-05,0.345571663,0.757673667,-0.137318255,1.334749011,0.487255926,1.72045297,-0.400347582,1
858,-0.005708778,2017,2.93E-05,0.584723048,-0.647668394,0.336787565,1.279101603,-0.555514553,0.346199872,-0.614190118,1
859,-0.002762343,2017,2.95E-05,0.628955452,-0.417098446,0.341968912,1.103398837,1.387301004,0.116748323,0.154752633,1
860,-0.006815849,2017,2.59E-05,0.598077679,-0.699481865,0.233160622,1.093942903,0.076310542,-0.142175696,-0.199795135,1
860,-0.003984207,2018,2.58E-05,0.206646265,-0.144607843,0.328431373,1.381925917,-0.776724575,0.326532854,-1.051057192,1
860,0.024638533,2019,2.86E-05,-0.269808464,0.449519231,0.495192308,1.171683428,-0.316623725,0.045411163,0.308298986,1
863,0.095169711,2016,5.38E-05,-0.389122893,0.864297254,0.793214863,1.149049088,0.070445614,0.193172093,0.104916257,0
863,0.009673827,2017,2.01E-05,0.227869621,0.735751295,-0.028497409,0.784995098,0.381868774,-0.143987345,0.408078664,0
863,-0.042780193,2018,3.07E-05,-0.20627289,-0.818627451,0.448529412,0.599283144,0.677604025,0.694426551,0.249276159,0
863,-0.015540049,2019,9.36E-06,-0.07506969,-0.274038462,-0.663461538,0.909246119,0.601499138,0.30584568,0.619313499,0
868,0.003942794,2017,1.20E-05,-0.419878378,0.401554404,-0.461139896,1.602689033,0.974365866,-1.125349075,0.305665886,1
869,0.082509093,2019,1.56E-05,0.092517738,0.908653846,-0.043269231,0.995867783,0.367020855,0.81379229,-0.303697119,0
876,-0.019362329,2018,6.06E-06,0.699463507,-0.517156863,-0.987745098,0.608330297,-0.399607277,-1.116364905,-0.295354119,0
877,-0.07428199,2016,1.37E-05,-0.470918766,-0.867528271,-0.243941842,0.576898867,2.073704917,-0.396236308,-0.817767483,1
877,0.010273641,2017,2.47E-05,0.757842342,0.761658031,0.194300518,1.424024972,1.344568962,0.852884495,0.136704888,1
877,0.007664983,2018,2.18E-05,0.331815729,0.166666667,0.12745098,1.276660416,0.584640005,0.800309632,-0.241857288,1
877,0.048599496,2019,1.94E-05,-0.124049233,0.725961538,0.146634615,1.219934867,1.080862186,1.617087857,-0.372113099,1
878,-0.039449114,2019,6.06E-06,0.199359736,-0.632211538,-0.985576923,1.43345517,0.242692583,0.527605114,0.442961608,1
880,0.038347001,2016,1.59E-05,-0.38230784,0.515347334,-0.088852989,1.179532011,0.684718315,-0.381381926,-0.578730635,1
881,-0.015867012,2016,1.91E-05,-0.48384773,-0.276252019,0.030694669,0.696883442,-0.288887369,-1.544458147,-0.12108659,1
881,-0.009270007,2017,9.05E-06,-0.207396896,-0.78238342,-0.867875648,1.038984957,1.658720303,0.095325769,0.433417202,1
881,0.015159521,2018,1.66E-05,-0.100575229,0.355392157,-0.046568627,1.064426861,1.052421973,0.157886541,-0.35826932,1
881,-0.022257109,2019,2.46E-05,0.400220839,-0.401442308,0.40625,1.021578375,1.688312994,1.318364289,-0.751200635,1
883,0.006462385,2017,9.57E-06,0.064596916,0.593264249,-0.805699482,0.721261654,0.462445932,0.298608601,-0.003632719,1
883,0.01660254,2018,9.33E-06,-0.180730419,0.394607843,-0.772058824,0.728034466,0.459836182,0.279664976,-0.106498247,1
885,0.027466671,2019,2.16E-05,0.040896959,0.487980769,0.298076923,1.170100221,0.411834217,0.344807043,0.223270382,1
886,-0.072089413,2016,4.60E-05,-0.034862519,-0.851373183,0.722132472,0.782226471,0.989172422,-0.208363192,-0.35080362,1
886,-0.00132202,2017,4.62E-05,-0.178634206,-0.277202073,0.658031088,0.762754934,0.453817262,-1.31683651,0.217749109,1
886,0.052731305,2018,3.01E-05,0.144181238,0.87254902,0.43627451,0.909800261,0.944412143,-0.093087235,0.05258874,1
893,0.002827451,2017,9.03E-06,0.286450638,0.269430052,-0.870466321,0.120305183,0.601654968,-1.021856138,0.261166656,0
898,-0.006131551,2017,2.06E-05,-0.089843771,-0.668393782,-0.002590674,1.506829089,0.942393962,1.424478587,-0.26599261,1
898,0.00596817,2018,2.54E-05,-0.348811741,0.105392157,0.306372549,0.982587255,0.137743018,0.827071949,-0.205365551,1
898,-0.020029583,2019,2.98E-05,0.823951591,-0.360576923,0.53125,0.983502231,0.365449383,0.462409111,0.562997311,1
901,-0.001498457,2017,1.74E-05,0.230394714,-0.287564767,-0.121761658,1.267539468,0.521079263,-0.805868661,0.647783872,1
903,-0.058717157,2016,2.41E-05,-0.446158971,-0.770597738,0.273021002,0.994835224,1.619486474,1.05659142,-0.254480066,1
903,0.001798666,2017,2.60E-05,0.125912743,0.142487047,0.235751295,0.832641392,0.964263168,0.16429718,0.169729606,1
903,-0.000791057,2018,2.91E-05,0.883964197,-0.06127451,0.419117647,0.932820226,1.154255082,0.370160608,-0.390054361,1
903,-0.034831626,2019,2.66E-05,-0.2829627,-0.576923077,0.454326923,0.881931572,0.814304259,-0.788122769,0.904648372,1
905,0.013159523,2016,2.30E-05,-0.4055291,0.143780291,0.224555735,1.058460567,1.768912792,0.43658011,-0.512805574,1
905,0.031658505,2017,3.26E-05,-0.042586833,0.974093264,0.42746114,1.144409712,2.003715384,1.022710876,-0.07947014,1
905,-0.02382441,2018,4.03E-05,-0.166631493,-0.578431373,0.632352941,1.068215306,1.104386878,0.136697355,0.05939341,1
905,-0.00797619,2019,3.43E-05,0.01947427,-0.153846154,0.610576923,1.021327147,0.586164812,-0.050930462,0.571208894,1
911,-0.003691753,2017,2.11E-05,0.230096037,-0.476683938,0.028497409,0.978616007,1.249516033,0.27228913,0.503940417,1
917,-0.016824902,2019,2.02E-05,-0.233671207,-0.314903846,0.213942308,1.14350773,0.981250832,-0.362347865,0.453704279,1
920,0.005577049,2017,1.20E-05,0.242763789,0.559585492,-0.461139896,1.001134591,0.938993681,-0.634143014,0.249000374,1
922,0.05464439,2019,1.08E-05,0.156245843,0.778846154,-0.387019231,1.124576522,1.018334141,-0.038547653,0.264342797,1
923,-0.007367207,2018,1.17E-05,-0.274928616,-0.257352941,-0.375,1.252434933,0.858861827,0.513033034,-0.086005978,1
925,-0.111250365,2016,1.03E-05,-0.588800926,-0.954765751,-0.741518578,0.802949783,0.895879289,0.178258289,-0.195458786,1
925,0.017102062,2018,1.82E-05,0.01135027,0.409313725,0,1.138342564,0.750966731,-0.374636424,0.623065911,1
926,-0.032329959,2016,1.02E-05,-0.405943588,-0.512116317,-0.770597738,0.798081055,0.384555312,0.308608931,0.002789437,0
926,-0.000866849,2017,9.34E-06,-0.051992283,-0.215025907,-0.831606218,1.016053075,0.29679785,0.28412736,0.445110768,0
926,-0.006122912,2018,9.03E-06,-0.24204479,-0.225490196,-0.81372549,1.083863465,0.625190626,0.224349333,0.409319382,0
927,0.009854024,2017,4.48E-05,0.071211661,0.743523316,0.647668394,1.085516095,-0.129379657,-0.892729795,0.507286454,1
928,0.01500509,2016,8.41E-05,-0.460247495,0.179321486,0.922455574,1.113494089,2.350677641,0.752346816,-0.800022761,1
928,0.023986569,2017,3.48E-05,0.152011808,0.953367876,0.476683938,1.405948453,1.939665694,1.426420633,0.303412798,1
928,-0.026845241,2018,2.24E-05,-0.312373326,-0.625,0.176470588,1.338301763,1.580580246,0.421689114,0.366257768,1
928,0.102736484,2019,1.87E-05,1.417976933,0.939903846,0.088942308,1.016410375,1.043161894,0.594822554,0.101640039,1
930,0.060892882,2019,9.10E-06,0.311461882,0.810096154,-0.716346154,0.56753246,0.835240933,0.627699689,-0.792226386,1
932,0.103269252,2018,1.03E-05,-0.171157808,0.985294118,-0.634803922,1.318681116,0.096419478,0.546782465,0.358291827,1
932,-0.027680499,2019,1.90E-05,0.766723254,-0.487980769,0.112980769,1.061565534,0.642779563,0.861459056,0.356489348,1
935,-0.048804816,2018,1.12E-05,-0.203563207,-0.852941176,-0.468137255,1.008685806,0.845606367,0.137651904,-0.323242121,0
935,-0.044658263,2019,9.42E-06,0.063088229,-0.699519231,-0.646634615,1.216584043,1.110640615,0.622900563,0.463683261,0
936,0.000453174,2017,1.06E-05,0.452292647,-0.033678756,-0.689119171,1.117581952,0.857646107,-0.356661426,0.018416716,0
948,-0.004888501,2017,2.26E-05,0.288750327,-0.611398964,0.085492228,0.932494348,1.234422783,-0.812377554,-0.080675188,1
949,0.013503382,2017,1.48E-05,-0.025040886,0.829015544,-0.199481865,0.735314529,1.278854579,0.671569712,0.265091539,1
949,0.010030145,2018,1.54E-05,0.174648983,0.232843137,-0.080882353,0.887496067,1.047525427,0.369965948,-0.164045921,1
949,0.014626194,2019,1.38E-05,1.417294799,0.298076923,-0.129807692,0.412069391,1.569846607,1.013770792,-1.553704593,1
951,0.009815078,2016,1.47E-05,-0.100083177,0.088852989,-0.163166397,1.443167377,0.040229914,-0.129381996,-0.36085743,1
955,0.013540689,2017,1.18E-05,0.034012943,0.831606218,-0.505181347,0.373162268,1.319897403,-0.485749087,-0.306322968,0
955,-0.00662949,2019,9.96E-06,-0.405118752,-0.103365385,-0.533653846,0.228969906,1.775215195,1.712042463,-1.832721272,0
957,0.061491507,2016,1.45E-05,-0.42457208,0.712439418,-0.172859451,1.043458897,1.047075891,-0.433248989,-0.160387344,1
957,0.008257986,2017,1.42E-05,0.113825377,0.689119171,-0.222797927,1.239599323,0.594066711,-0.647835222,-0.152293719,1
957,-0.034049924,2018,1.37E-05,-0.145208181,-0.713235294,-0.171568627,1.211239397,1.713577032,0.295479772,-0.601486029,1
957,-0.006629869,2019,2.44E-05,-0.080522033,-0.105769231,0.399038462,1.185161816,0.157974748,-1.290263354,0.659335461,1
959,0.001243788,2017,1.02E-05,-0.15651545,0.062176166,-0.75388601,1.367049788,1.153455963,1.346526939,0.079527777,1
960,0.018512687,2016,9.11E-06,-0.130918592,0.250403877,-0.877221325,1.651124471,0.047900931,-0.380912877,0.24837521,1
960,0.010591682,2019,7.92E-06,0.84522652,0.225961538,-0.891826923,1.133245058,0.381079943,0.131868155,0.478386832,1
965,0.012399551,2016,1.70E-05,-0.446386964,0.134087237,-0.037156704,1.135471404,1.425820347,0.005511698,-0.085736161,1
967,0.081917238,2016,1.04E-05,-0.200471169,0.809369952,-0.731825525,0.841682783,0.621648372,-0.134839156,-0.266253615,0
969,0.044903779,2016,1.24E-05,-0.295104282,0.589660743,-0.43457189,1.394549644,0.294115817,-0.791768697,0.082806396,1
969,0.005211691,2017,1.19E-05,0.337072586,0.520725389,-0.492227979,1.108869464,0.840076469,-0.556273793,0.177915848,1
969,-0.001715019,2018,2.17E-05,-0.230006459,-0.098039216,0.117647059,1.191155787,1.858415669,0.167690008,-0.162194776,1
969,-0.010309015,2019,2.13E-05,0.286705823,-0.185096154,0.286057692,1.096356456,0.786946307,-0.625066664,0.457011284,1
975,-0.000428017,2017,1.01E-05,0.300940074,-0.14507772,-0.759067358,0.694184981,0.321793971,-0.116554664,0.075132574,0
975,0.008177265,2018,7.50E-06,0.185505656,0.193627451,-0.953431373,0.715518249,0.012279653,-0.202069769,0.365093337,0
978,-0.013773655,2017,1.11E-05,-0.051344328,-0.875647668,-0.603626943,0.829919263,1.213270292,0.422566221,0.025611045,1
978,0.00808585,2018,2.27E-05,-0.209522131,0.191176471,0.18627451,0.926526174,1.090964516,0.466349397,0.012425003,1
978,0.001316036,2019,1.04E-05,0.326495869,0.074519231,-0.466346154,0.872642916,0.872290128,-0.084291273,0.471524918,1
998,-0.021747716,2016,4.05E-05,-0.151126695,-0.379644588,0.654281099,0.605955962,-0.166854267,-0.285079564,-0.391053954,1
998,0.068229482,2019,1.08E-05,-0.051466034,0.850961538,-0.387019231,1.069720109,0.924894015,0.630426038,-0.677260692,1
1696,0.022828478,2016,1.21E-05,-0.353815792,0.311793215,-0.476575121,1.137021597,0.586739883,-0.398904364,0.116368942,0
1965,-0.001303348,2019,6.82E-06,0.124273493,0.028846154,-0.966346154,0.896239312,0.271610791,0.406949568,0.545503513,1
1979,0.003796076,2017,2.86E-05,0.080854865,0.378238342,0.316062176,1.643064248,-0.546930331,0.728213212,0.46054275,1
1979,0.032157205,2018,3.58E-05,-0.195609705,0.664215686,0.536764706,1.267014584,-0.480553516,0.402611578,0.56665465,1
1979,-0.027814736,2019,1.38E-05,-0.313169577,-0.495192308,-0.129807692,1.0516567,0.050786394,0.804501857,0.340678884,1
2006,-0.008755698,2018,4.82E-05,-0.202360084,-0.291666667,0.737745098,1.019243643,1.164737575,0.184961426,-0.626403994,0
2006,-0.020869798,2019,2.83E-05,0.725391148,-0.370192308,0.480769231,0.710739799,1.233483483,-0.558162011,-0.179434308,0
2007,-0.007790521,2017,1.17E-05,0.415053348,-0.735751295,-0.515544041,0.513216294,0.102671511,-0.486856037,-0.055038403,0
2010,-0.02786721,2016,1.36E-05,-0.216132861,-0.460420032,-0.250403877,0.55097223,-0.014038321,-0.321630921,-0.26087658,0
2010,-0.001205152,2017,1.49E-05,-0.379676409,-0.256476684,-0.194300518,0.385303101,-0.441377046,-0.499321627,0.30039612,0
2010,-0.01344204,2018,7.58E-06,-0.275750657,-0.416666667,-0.941176471,1.145332785,0.991362789,0.586838664,-0.396827313,0
2010,0.041567606,2019,1.31E-05,0.412951476,0.673076923,-0.15625,1.078695616,1.001965169,0.338073323,-0.008377547,0
2014,0.001587771,2017,1.24E-05,0.264808697,0.106217617,-0.39119171,0.893695073,0.962261179,0.340530537,0.298159376,0
2015,0.022416944,2018,4.27E-05,-0.087944599,0.509803922,0.666666667,0.817115774,0.873016261,0.171279186,-0.184293092,0
2015,-0.044216535,2019,5.14E-05,0.718890569,-0.692307692,0.814903846,0.751908174,0.663238385,0.165496993,-0.550943421,0
2016,0.004779664,2017,1.36E-05,-0.432220556,0.484455959,-0.272020725,1.797152884,1.674183527,1.336243592,0.115685624,0
2017,0.038657295,2016,1.34E-05,-0.448602613,0.518578352,-0.273021002,1.203438339,0.784679164,-0.69277293,0.248771516,1
2019,-0.007643359,2017,2.32E-05,-0.293533086,-0.730569948,0.124352332,1.251614448,0.33596329,-0.682902434,-0.115064764,0
2019,0.027979872,2018,4.81E-05,0.85718497,0.607843137,0.735294118,1.218188238,0.570119906,-0.262233552,-0.424019887,0
2019,0.041135335,2019,2.14E-05,-0.258898125,0.65625,0.290865385,1.308353192,0.299331538,0.744564956,-0.673788706,0
2023,0.046088715,2016,1.12E-05,0.203060483,0.612277868,-0.615508885,1.180430916,0.211266114,-1.496539154,0.376916084,0
2027,-0.002760295,2017,2.19E-05,-0.45599487,-0.414507772,0.059585492,1.493149905,-1.165907132,-0.888689893,-0.038041155,0
2027,-0.006486304,2018,2.10E-05,0.058240373,-0.235294118,0.095588235,1.229087648,-0.275212631,0.460042908,-1.046858883,0
2027,0.0868104,2019,1.92E-05,0.684371498,0.920673077,0.125,1.282026212,-0.091911311,-0.015835864,0.539567479,0
2031,-0.022767542,2019,9.55E-06,-0.057051653,-0.408653846,-0.625,1.078989433,0.752360412,-0.341935195,0.29971729,0
2034,0.002543458,2017,1.02E-05,-0.141494956,0.225388601,-0.75388601,0.928319166,0.584751175,-0.360060371,0.100591465,0
2035,-0.004185701,2017,1.17E-05,-0.233892189,-0.546632124,-0.515544041,1.30965515,-0.628427172,0.053652258,-0.150449515,0
2035,0.033264875,2018,1.21E-05,-0.156995383,0.683823529,-0.318627451,1.750710463,0.155004516,0.928507008,0.272272254,0
2037,-0.001782957,2017,1.23E-05,-0.072059932,-0.329015544,-0.406735751,1.143854095,-0.249812987,-1.173435218,0.714422882,1
2037,-0.044050714,2018,2.08E-05,-0.149398947,-0.830882353,0.090686275,1.094390221,1.140213505,0.765718387,-0.389764501,1
2037,-0.025855652,2019,1.82E-05,-0.093867623,-0.456730769,0.045673077,0.826597193,0.880184019,0.225982222,0.193079442,1
2040,0.025718926,2016,3.83E-05,-0.489722151,0.353796446,0.621970921,0.514102654,1.825283457,-0.610086798,-1.310832791,1
2040,0.034035223,2017,2.49E-05,0.209493482,0.981865285,0.199481865,1.364999345,1.279999414,0.091212356,0.278614487,1
2041,0.000805837,2017,1.38E-05,0.580763225,0.005181347,-0.25388601,0.506628752,-0.209450518,-0.872105003,0.00609039,0
2041,0.010527096,2018,1.46E-05,0.14449732,0.25,-0.120098039,0.699407653,1.386612275,-0.48007784,-0.095371525,0
2041,0.065227728,2019,1.29E-05,0.178893983,0.829326923,-0.170673077,0.756299165,1.517126466,-0.187695079,-0.178342376,0
2042,-0.00102499,2016,4.48E-05,0.072037131,-0.085621971,0.702746365,1.149678509,0.888199217,0.651980364,0.078307934,0
2042,0.000260827,2017,3.29E-05,0.010858064,-0.07253886,0.435233161,0.952888964,0.709190259,0.004505443,0.22407429,0
2042,0.024798878,2018,1.08E-05,-0.134046148,0.551470588,-0.544117647,0.69938285,1.167679865,0.558267785,-0.022707197,0
2042,0.012104076,2019,9.71E-06,-0.23708106,0.25,-0.586538462,0.707233661,0.328617787,0.091506074,-0.195285179,0
2043,-0.00633544,2018,1.21E-05,0.391537214,-0.227941176,-0.318627451,1.171223468,0.78073231,0.25688541,-0.030693601,0
2045,0.003749518,2017,1.10E-05,-0.241257245,0.370466321,-0.621761658,1.642245206,0.794845468,-0.335757891,0.745533741,0
2046,0.009353588,2017,1.09E-05,0.157518724,0.725388601,-0.629533679,1.203741021,0.847014864,-0.310128193,0.571741281,1
2047,0.091275504,2016,0.000404733,-0.330567085,0.844911147,1,1.726648014,0.184661225,-0.074669201,-0.219911288,0
2047,0.008159569,2017,0.000284434,-0.050501251,0.68134715,1,0.473943985,0.839942108,-0.04031837,-0.289457324,0
2047,-0.010136331,2018,0.000143723,-0.107784134,-0.330882353,0.992647059,0.546246073,0.530259169,0.540450188,-0.567471225,0
2047,-0.008639875,2019,0.000182636,-0.315137034,-0.161057692,0.992788462,0.892626724,0.910079856,0.130430941,0.542555845,0
2051,0.096647675,2016,9.77E-05,-0.256132146,0.877221325,0.945072698,1.363268397,1.108849182,0.485321946,-0.967296338,1
2051,0.017156609,2019,0.000221909,-0.12218531,0.336538462,0.997596154,1.104890869,0.934449371,0.377860657,0.779216535,1
2053,0.036486947,2019,6.58E-06,0.066841455,0.615384615,-0.971153846,1.085025106,0.971418151,0.59494689,0.023277735,1
2057,0.005714938,2017,1.04E-05,1.892337693,0.57253886,-0.712435233,1.191658113,1.796606699,0.237673161,-0.074464647,1
2057,-0.019168592,2018,1.02E-05,-0.489283584,-0.514705882,-0.656862745,1.489317509,1.850682969,1.246457954,0.240458635,1
2057,-0.032608631,2019,1.71E-05,0.004824405,-0.560096154,0.002403846,0.73830254,1.257202237,-0.655656302,0.447877461,1
2060,-0.005151058,2016,1.61E-05,-0.304920945,-0.137318255,-0.075928918,1.197644924,0.724729331,0.014878492,0.327424146,1
2060,0.011638878,2017,3.12E-05,0.094284934,0.795336788,0.388601036,1.006654301,0.800289506,0.143684144,0.268883171,1
2060,0.041094567,2018,1.46E-05,-0.097642013,0.774509804,-0.120098039,0.933264427,0.84186262,0.41841086,-0.155656227,1
2060,-0.029798387,2019,1.43E-05,0.210322555,-0.53125,-0.108173077,0.912669756,0.978025245,0.640432247,0.419818344,1
2061,-0.004472464,2018,5.22E-05,-0.127392519,-0.171568627,0.769607843,1.131684642,1.096214204,0.430720064,-0.084124172,1
2061,0.018344806,2019,3.30E-05,0.007530689,0.355769231,0.581730769,1.069153244,1.321402549,0.661738639,0.117416977,1
2063,0.00446074,2016,2.14E-05,-0.196555447,0.001615509,0.134087237,1.35960023,0.336824616,-0.65553934,0.19523108,0
2064,-0.011615951,2016,1.58E-05,-0.156093662,-0.2180937,-0.092084006,0.705929525,0.797859397,-0.149830729,0.029424117,0
2065,-0.004919289,2017,2.05E-05,-0.190354692,-0.616580311,-0.012953368,0.875371834,0.27877977,-0.994438932,-0.144595392,0
2065,0.023173411,2018,2.08E-05,0.792215693,0.526960784,0.090686275,1.091480821,0.187136895,-1.617790793,0.555541557,0
2067,-0.019740004,2017,1.15E-05,-0.130811017,-0.911917098,-0.544041451,1.234370371,1.475588133,0.661547661,0.020254415,0
2068,0.036104273,2019,3.65E-05,0.78760908,0.612980769,0.653846154,0.91507682,0.385152452,0.32872405,0.684061843,1
2073,-0.038900187,2018,2.37E-05,-0.344267932,-0.767156863,0.227941176,0.970082181,1.276555959,-0.74597887,0.02050911,0
2073,-9.83E-05,2019,2.33E-05,0.228013546,0.052884615,0.367788462,0.989011326,0.887822664,-0.425616518,0.059385916,0
2075,0.057092167,2019,1.13E-05,-0.132206167,0.788461538,-0.274038462,0.795574137,1.523591647,-0.068316625,0.427389031,0
2077,-0.178799024,2016,9.68E-06,-0.272610124,-0.987075929,-0.822294023,0.902379124,-0.047447488,-1.908765722,0.254350628,1
2078,-0.037226227,2016,8.87E-06,0.312059689,-0.560581583,-0.899838449,1.269345451,0.641386644,0.968391151,0.490670665,0
2078,-0.002504658,2017,8.36E-06,-0.297646433,-0.39119171,-0.943005181,1.658270239,1.038559669,1.460270373,-0.098541149,0
2078,-0.032688217,2018,5.55E-05,0.377507215,-0.705882353,0.799019608,1.413192405,0.560327508,0.756676334,-0.163272007,0
2078,0.050665515,2019,3.78E-05,0.394227297,0.745192308,0.670673077,1.231312558,0.230258982,0.505330592,0.229953142,0
2079,-0.065413286,2016,1.14E-05,-0.156300968,-0.806138934,-0.592891761,1.166530082,1.416762225,0.018318172,0.126267698,0
2079,-0.00475008,2017,2.29E-05,0.143220926,-0.590673575,0.106217617,1.126914021,0.795137889,-1.528445033,-0.531573176,0
2079,0.013129701,2018,2.15E-05,0.79211591,0.31127451,0.107843137,1.031100861,0.871416258,-1.649521691,1.092916599,0
2079,-0.05633394,2019,1.96E-05,-0.05390702,-0.817307692,0.168269231,1.032852961,0.494568892,-2.08294173,0.087292588,0
2080,-0.025010417,2018,9.29E-06,0.723034209,-0.593137255,-0.781862745,1.333211552,0.686080203,0.299412143,0.147971558,1
2080,-0.051728935,2019,8.33E-06,0.694672782,-0.771634615,-0.829326923,1.512293517,-0.192748989,0.295821558,-0.51760721,1
2081,-0.028653169,2016,1.99E-05,-0.082515716,-0.473344103,0.066235864,1.566417147,0.465644045,0.584756916,0.007413898,0
2081,-0.000454427,2017,3.56E-05,0.026347042,-0.155440415,0.492227979,1.46997107,-0.337626551,-0.053173553,-0.107371566,0
2081,0.004942671,2018,1.80E-05,-0.230724744,0.078431373,-0.009803922,1.2219475,0.369246295,0.105764746,0.622525564,0
2083,-0.031842325,2016,3.46E-05,-0.225711813,-0.508885299,0.544426494,0.85654773,0.814790838,0.346799941,-0.017411922,0
2084,-0.004591132,2017,1.06E-05,-0.021202698,-0.575129534,-0.689119171,0.975269475,1.85576242,0.561865065,0.365227952,0
2084,0.080836218,2019,8.60E-06,-0.355309362,0.896634615,-0.802884615,1.287966843,1.501443106,1.697744284,-0.892302936,0
2085,0.004770781,2017,1.08E-05,-0.205867029,0.481865285,-0.652849741,0.700337525,0.068140263,-0.169590228,0.800408312,0
2085,-0.070573214,2018,9.98E-06,-0.123373799,-0.946078431,-0.681372549,0.73834136,0.506735853,0.443442097,-0.287051443,0
2088,-0.003198635,2017,1.27E-05,-0.167093731,-0.437823834,-0.360103627,1.146642044,0.474185567,-0.532497063,-0.097754028,0
2090,-0.002814232,2017,1.08E-05,0.372539545,-0.422279793,-0.652849741,1.057708996,0.445374491,-0.578347809,0.449597467,0
2091,-0.001071472,2017,8.81E-06,-0.083348318,-0.235751295,-0.898963731,1.172987383,1.716662375,0.436472319,-0.056818234,1
2092,0.002436638,2016,6.89E-06,-0.243449597,-0.030694669,-0.987075929,1.179820537,0.973181573,0.292343352,-0.362894321,1
2092,0.006622841,2017,3.17E-05,-0.169354107,0.606217617,0.398963731,1.264198351,1.362647292,0.910084614,-0.394272274,1
2092,-0.014337018,2018,1.81E-05,-0.439866347,-0.428921569,-0.007352941,1.321440597,1.097794329,0.814911433,-0.342232712,1
2092,-0.04564021,2019,5.77E-06,1.242797435,-0.709134615,-0.990384615,0.99005148,0.743735514,0.208601661,0.312443342,1
2095,0.002316531,2017,1.39E-05,-0.344654204,0.207253886,-0.248704663,1.194369235,0.607689417,-1.300475859,-0.164837459,0
2095,-0.02081544,2018,8.27E-05,-0.164452644,-0.546568627,0.943627451,1.331707088,0.908272944,-0.520022397,-0.348555759,0
2095,-0.010626409,2019,3.63E-05,-0.32308804,-0.192307692,0.649038462,1.390079454,1.07871494,-0.365347857,0.297481518,0
2096,-0.000528484,2017,1.05E-05,-0.072357885,-0.170984456,-0.699481865,1.282002372,0.900095134,-0.373216089,0.467979243,1
2097,0.010308512,2016,5.31E-05,-0.261707388,0.105008078,0.789983845,1.061351149,0.784320577,-0.267735357,-0.052992999,0
2097,0.004045976,2017,6.29E-05,-0.045314908,0.422279793,0.810880829,1.024192656,1.151010885,-0.080599839,-0.183549511,0
2097,0.000497408,2018,1.16E-05,-0.042881105,-0.039215686,-0.397058824,1.077703838,0.59133659,-0.028380863,0.02822783,0
2097,-0.006465278,2019,1.87E-05,0.433177012,-0.100961538,0.088942308,1.116857597,1.425635471,0.823898514,-0.041701292,1
2099,-0.023255555,2016,1.31E-05,-0.226765138,-0.395799677,-0.308562197,0.689897376,0.432900248,-0.430704063,0.47243914,0
2103,0.011506837,2019,9.73E-06,-0.352386683,0.240384615,-0.581730769,1.436103816,2.626737754,0.770111156,-0.613400036,0
2104,0.040573595,2016,1.29E-05,-0.285876476,0.554119548,-0.331179321,1.075223619,1.369032689,-0.151795454,0.342317561,0
2104,0.013582063,2017,2.56E-05,0.040028697,0.834196891,0.227979275,1.200952996,1.109913628,-0.771368062,0.078344238,0
2104,-0.008702843,2018,3.41E-05,0.165970847,-0.286764706,0.504901961,1.182229201,0.46873241,-1.363706302,0.750539488,0
2104,-0.068838863,2019,3.07E-05,-0.315390713,-0.872596154,0.548076923,1.278766979,1.199346495,-1.030629459,-0.001222201,0
2109,0.004184393,2017,1.46E-05,-0.001971253,0.437823834,-0.20984456,1.28853625,1.313832688,0.204333282,-0.009941652,1
2109,-0.00635801,2018,1.38E-05,-0.250646957,-0.230392157,-0.166666667,1.102513658,1.695171705,1.267939768,-0.661394397,1
2110,-0.102425671,2016,1.10E-05,0.368641339,-0.94184168,-0.634894992,1.224427917,1.152028835,0.712479588,-0.313195128,1
2110,0.004280224,2017,8.76E-06,-0.028591803,0.450777202,-0.909326425,2.033218993,2.059062975,3.238818491,1.04433784,1
2110,0.049073479,2018,1.68E-05,-0.268445882,0.843137255,-0.041666667,1.328403746,0.468448192,1.470670142,-0.294066241,1
2110,0.015420529,2019,7.12E-06,0.062743132,0.319711538,-0.956730769,1.195859492,0.475723713,0.87557321,0.401665526,1
2111,0.134597962,2016,3.17E-05,-0.425902397,0.961227787,0.483037157,1.125232203,0.734772092,-0.720428068,0.214854796,0
2111,0.000811857,2017,1.03E-05,0.193540697,0.007772021,-0.730569948,1.197673637,0.534286706,-0.835660855,0.7735902,0
2111,-0.013440819,2018,9.61E-06,0.172708998,-0.414215686,-0.735294118,1.00827388,0.902947056,-0.017937357,0.461856579,0
2112,0.03770642,2018,5.18E-05,0.10249541,0.740196078,0.762254902,0.967227059,2.28555147,0.520785523,-1.026570829,1
2112,-0.046732451,2019,1.44E-05,-0.1408367,-0.716346154,-0.103365385,1.05052728,1.613272603,-0.141592132,0.558408484,1
2114,-0.013310776,2016,1.16E-05,-0.5973148,-0.237479806,-0.55088853,1.148405682,-0.260629397,-1.641969587,-0.12245132,1
2114,0.003901417,2017,1.05E-05,-0.01511227,0.398963731,-0.699481865,0.961739085,0.264002758,0.065484677,0.294160931,1
2116,0.040744476,2016,3.46E-05,-0.400378365,0.557350565,0.544426494,0.934922369,1.405001416,0.525584069,0.03675715,1
2116,0.01339115,2017,2.31E-05,0.442812339,0.823834197,0.119170984,1.212788357,1.130666291,0.192542659,0.326796717,1
2116,0.034774306,2018,3.47E-05,-0.328722174,0.710784314,0.512254902,1.012666936,1.092737868,1.118056467,-0.241476495,1
2116,0.039472235,2019,4.18E-05,-0.120840616,0.641826923,0.733173077,1.02783891,1.016101636,0.203626349,0.347343445,1
2120,0.021174715,2017,8.63E-06,-0.015543265,0.937823834,-0.92746114,0.637450044,-0.359611083,-0.881566378,-0.163422062,0
2120,0.054441286,2018,7.89E-06,0.022301512,0.889705882,-0.919117647,0.79399377,-0.204685814,-0.162012766,-0.009152399,0
2120,0.003260385,2019,7.32E-06,-0.455541298,0.112980769,-0.944711538,0.736810526,-0.327824085,-0.239485515,-0.250446668,0
2121,0.021901151,2016,2.18E-05,-0.249402961,0.295638126,0.147011309,0.827664404,0.391591987,-0.704561402,-0.19034247,0
2126,-0.007161106,2017,8.75E-06,-0.182003854,-0.707253886,-0.911917098,0.959498544,0.884762225,0.301989097,0.162087615,0
2131,-0.007030389,2019,1.69E-05,-0.400929141,-0.117788462,-0.004807692,1.031354453,0.313434922,-0.972480168,-0.294739649,0
2135,0.060838626,2016,8.67E-05,-0.36938839,0.705977383,0.928917609,1.020188914,0.586390483,-0.84260439,-0.305305769,0
2135,-0.021474169,2017,0.000107283,0.079468567,-0.924870466,0.940414508,1.111742905,1.114160635,-0.065991662,0.233208701,0
2135,0.030159202,2018,8.54E-05,0.311097562,0.639705882,0.946078431,0.854957295,0.361926358,-0.196224364,0.04911163,0
2135,0.008282118,2019,5.45E-05,0.028851049,0.182692308,0.841346154,1.239512857,0.800059357,0.057222442,0.705991477,0
2140,-0.102823332,2016,5.24E-05,-0.431011352,-0.945072698,0.777059774,1.273267319,0.705206191,-0.217441907,-0.42566835,1
2140,-0.002142004,2017,8.82E-05,0.371685156,-0.360103627,0.922279793,1.052002206,1.179355686,-0.308940547,0.437002494,1
2140,0.011309531,2018,0.000120799,-0.248616298,0.267156863,0.987745098,1.036873812,0.841572368,-0.76239281,0.486096325,1
2140,0.308767671,2019,0.000107126,0.124147065,0.997596154,0.971153846,1.217992479,1.307797393,0.028193038,0.621601844,1
2146,0.031834198,2016,2.31E-05,-0.128880551,0.447495961,0.231017771,1.622005523,-0.229725234,-0.028502475,0.028792227,0
2146,-0.001612158,2017,1.86E-05,0.117056992,-0.305699482,-0.080310881,1.814196914,-0.10860085,0.900472287,0.801205158,0
2146,0.018011745,2018,1.83E-05,-0.108723358,0.416666667,0.00245098,1.288096577,0.025467915,0.582788632,0.559490625,0
2149,-0.039412243,2016,4.32E-05,-0.376900552,-0.586429725,0.686591276,0.65829076,0.230208168,-1.014453536,-0.522557094,1
2149,0.003893182,2017,2.40E-05,0.340292517,0.396373057,0.160621762,1.27849584,1.846372359,0.323309674,0.029410994,1
2149,0.026244168,2018,2.34E-05,-0.292795001,0.580882353,0.203431373,1.31463104,1.502262886,0.767094378,0.303253689,1
2149,-0.016570152,2019,1.04E-05,1.349623653,-0.305288462,-0.466346154,1.201953968,0.889509394,-0.413190127,0.597723892,1
2150,-0.001993919,2019,1.31E-05,-0.150857635,0.007211538,-0.15625,1.106827157,1.317128264,0.520375258,0.019510362,0
2151,0.021952412,2016,9.20E-06,-0.091762256,0.302100162,-0.870759289,1.122376585,0.285883355,-1.452644349,0.275383248,0
2151,0.003272485,2017,8.57E-06,-0.107355396,0.321243523,-0.932642487,1.027483006,-0.811147428,-2.375893561,0.054449514,0
2151,-0.03011445,2018,9.22E-06,0.358575845,-0.669117647,-0.791666667,0.829420799,0.178954046,-1.715528891,0.812340252,0
2151,-0.046828277,2019,8.04E-06,0.324420561,-0.71875,-0.870192308,0.956379196,0.282113644,-1.088433605,0.120073069,0
2152,-0.004067683,2018,9.06E-06,0.879984611,-0.151960784,-0.81127451,1.157264451,-0.155337267,-0.976125787,0.564491601,1
2152,-0.064656799,2019,1.09E-05,0.003800728,-0.858173077,-0.350961538,1.1607852,0.981862324,-1.003119311,-0.01310728,1
2155,-0.025891211,2016,1.06E-05,-0.296224802,-0.437802908,-0.689822294,0.485270466,-0.252608913,-1.107907908,0.327048133,1
2158,-0.0057877,2018,1.18E-05,0.661326246,-0.218137255,-0.352941176,1.287823898,0.658401167,-0.457528469,0.619703364,0
2161,-0.041893367,2018,1.14E-05,0.09907217,-0.801470588,-0.431372549,0.936187466,0.356798725,-2.709329239,1.187187822,0
2163,0.014192259,2016,1.31E-05,-0.356029265,0.163166397,-0.308562197,1.142076951,-0.156656858,-2.097516026,-0.065705688,1
2163,0.087233385,2018,2.34E-05,0.720074619,0.970588235,0.203431373,0.994133126,0.65184431,-0.634700467,0.157816282,1
2163,-0.092229163,2019,2.27E-05,0.883418398,-0.942307692,0.338942308,1.077990046,1.094319918,-0.263768714,-0.007909023,1
2164,0.003838534,2017,3.24E-05,-0.271135209,0.383419689,0.422279793,0.962729318,1.252902343,0.198134996,0.15046499,0
2164,-0.004297122,2018,6.48E-05,-0.28686289,-0.166666667,0.867647059,1.0712772,2.30480875,1.440006881,-1.028466167,0
2164,-0.035835336,2019,2.06E-05,0.658747752,-0.59375,0.240384615,1.068163765,1.161763339,-0.404591122,0.631352999,0
2165,0.014560374,2016,2.44E-05,-0.343067482,0.172859451,0.28917609,1.065546112,0.772869606,-0.667964177,0.122458714,0
2165,0.001821304,2017,2.52E-05,0.191628529,0.14507772,0.204663212,0.96108464,0.980057877,-0.077301139,0.218543494,0
2165,0.008062184,2018,2.41E-05,-0.10429498,0.18627451,0.25245098,0.871066363,1.418957354,1.007232504,-0.701239697,0
2165,0.028707395,2019,9.28E-06,0.040634544,0.507211538,-0.675480769,0.7762916,1.387890407,0.724476682,-0.416520507,0
2169,0.02373069,2019,8.19E-06,0.22740733,0.442307692,-0.853365385,0.905097392,0.331248017,-2.871744112,1.191672089,0
2170,0.029191243,2016,1.15E-05,-0.541735322,0.392568659,-0.576736672,0.980148995,0.071986428,-0.353021105,0.688334071,0
2171,-0.040146194,2016,1.98E-05,-0.088223037,-0.605815832,0.053311793,1.073529594,0.716493637,-0.464902801,-0.008915536,0
2174,-0.025554491,2017,9.07E-06,-0.160509563,-0.948186528,-0.862694301,0.879211958,0.569318575,-0.159305927,0.450375305,0
2179,0.001573859,2017,1.19E-05,0.102141646,0.103626943,-0.492227979,0.726312461,-0.74817311,-1.584205242,0.118185547,1
2179,0.06665198,2019,9.88E-06,0.909310914,0.846153846,-0.552884615,0.724351518,-0.147953356,-0.612860321,0.130476525,1
2181,-0.003941513,2017,1.89E-05,0.145221809,-0.515544041,-0.062176166,1.110773481,0.698194975,-0.706061265,-0.159548241,1
2183,-0.030334543,2018,6.66E-06,0.106946677,-0.674019608,-0.980392157,1.128054526,0.922285346,-0.021554854,-0.217045704,1
2183,-0.02376303,2019,7.81E-06,0.058140131,-0.425480769,-0.908653846,1.286445896,1.056226109,0.111870229,0.044734782,1
2186,0.009412692,2016,1.35E-05,-0.29001047,0.066235864,-0.260096931,0.863259896,0.366425208,-0.313846489,0.231703496,1
2186,-0.001356933,2017,6.47E-05,-0.190283525,-0.28238342,0.821243523,1.057642174,0.89918686,0.176452232,0.149667571,1
2186,-0.023299413,2019,1.09E-05,-0.058611908,-0.423076923,-0.350961538,0.757648119,1.149162365,0.549769943,-0.057001429,1
2189,-0.034953702,2019,1.09E-05,-0.071016346,-0.581730769,-0.350961538,1.259661442,1.521552635,-0.875659162,-0.099548607,1
2196,-0.009448498,2018,1.00E-05,-0.22213086,-0.306372549,-0.678921569,0.934986471,0.970584303,-0.246577054,0.32146822,0
2201,-0.09958573,2016,1.52E-05,-0.299384584,-0.932148627,-0.117932149,1.034940171,0.550930739,-1.738351707,-0.045270344,0
2201,-0.008606098,2017,1.23E-05,-0.006176712,-0.764248705,-0.406735751,0.983240077,1.081994507,-0.31918865,-0.17164323,0
2201,-0.052807488,2018,1.16E-05,0.953332195,-0.882352941,-0.397058824,1.094938542,1.454424009,0.722068944,-0.089084308,0
2202,-0.000825392,2017,7.52E-06,0.079165452,-0.207253886,-0.979274611,1.09520014,-0.083355512,-0.09918564,-0.302826854,0
2203,0.105567085,2019,9.30E-06,0.206410971,0.944711538,-0.670673077,0.809106058,0.000971542,0.14587862,0.131507801,0
2204,-0.076693934,2016,3.76E-05,-0.027004919,-0.877221325,0.612277868,1.156602941,0.176059258,-0.345776715,0.04023198,1
2204,-0.00072763,2017,3.31E-05,-0.100927672,-0.196891192,0.440414508,0.758487128,0.933146431,0.291103519,0.282383047,1
2204,0.024108723,2018,1.04E-05,0.173385908,0.544117647,-0.620098039,0.636786935,0.718491472,-0.801468743,0.268254273,1
2204,-0.047968338,2019,3.82E-05,-0.151571861,-0.740384615,0.682692308,0.882929233,1.286036983,-0.020558359,0.763865551,1
2205,-0.063834673,2016,1.56E-05,-0.571836134,-0.79644588,-0.098546042,1.00506043,1.715581935,-0.60443508,-0.467414355,1
2205,-0.019418027,2018,1.22E-05,-0.254804065,-0.522058824,-0.301470588,0.879166415,0.855732348,0.051480361,0.3004813,1
2209,-0.172351244,2016,1.08E-05,-0.466485683,-0.983844911,-0.673667205,0.463405876,1.149486163,-1.116805064,0.338082194,0
2209,-0.010802851,2017,1.14E-05,-0.033338393,-0.816062176,-0.551813472,0.954088294,1.211358971,-0.10972408,0.106320028,0
2209,0.008930358,2018,1.17E-05,-0.162242391,0.208333333,-0.375,0.951751283,1.331657343,-0.433911644,0.043097789,0
2212,-0.00581293,2017,2.87E-05,0.139180045,-0.655440415,0.323834197,0.543668328,0.086498958,-1.314409417,0.243477206,0
2212,0.006517287,2018,2.83E-05,0.912434317,0.125,0.401960784,0.824439203,0.45581683,-0.108061458,-0.08442871,0
2212,0.000308727,2019,2.48E-05,-0.267890085,0.0625,0.415865385,1.086022744,-0.035371451,-0.814586552,-0.379847709,0
2213,0.000912325,2017,1.35E-05,-0.469719985,0.033678756,-0.28238342,0.511877024,0.53726901,-0.362012518,-0.045854294,0
2213,0.036986959,2018,1.30E-05,1.341058883,0.727941176,-0.223039216,1.127998657,1.750550347,0.011491604,0.280222715,0
2217,-0.006170292,2019,3.15E-05,-0.326631405,-0.09375,0.5625,1.403571998,0.910724905,-1.1186014,0.165835815,1
2218,-0.01645287,2016,7.97E-05,-0.378194658,-0.28917609,0.899838449,1.102541334,1.191421224,0.384014744,-0.085543173,0
2218,0.009462348,2017,1.43E-05,0.067136076,0.733160622,-0.220207254,1.204214417,1.532293159,0.28678541,0.034214045,0
2218,-0.057649314,2019,1.46E-05,0.637771775,-0.829326923,-0.098557692,1.142609799,0.892165485,-0.519736791,0.235144443,0
2225,0.004475596,2017,9.85E-06,-0.069372994,0.468911917,-0.774611399,0.630138974,1.409037996,0.32065453,-0.330470597,0
2225,0.047221061,2018,9.89E-06,-0.077060229,0.828431373,-0.696078431,0.891304891,0.554690189,-0.191194412,0.177546712,0
2225,-0.017132581,2019,8.73E-06,0.000755519,-0.319711538,-0.766826923,0.858323689,0.730552882,-0.086879909,0.3374086,0
2226,0.0485486,2016,9.14E-05,-0.23082731,0.634894992,0.938610662,1.038807997,0.853356536,-0.610836627,0.093510262,0
2226,-0.025212914,2019,1.70E-05,0.242372111,-0.444711538,0,1.087697454,1.050698948,0.035494645,0.447822575,0
2227,-0.005591606,2017,1.22E-05,-0.045022203,-0.642487047,-0.422279793,1.032269887,0.617983631,-0.578103796,-0.067923874,0
2227,-0.06213118,2019,1.08E-05,0.244579186,-0.838942308,-0.387019231,1.007314843,0.96819314,-0.881895587,0.967830195,0
2230,-0.062279327,2019,7.87E-06,0.785227407,-0.841346154,-0.899038462,1.245269592,-0.089704595,-0.640567914,-0.620135369,0
2231,0.033508836,2017,1.23E-05,0.357923335,0.979274611,-0.406735751,0.955172587,1.445796602,-0.106483123,-0.609645993,0
2246,0.024157939,2017,9.05E-06,-0.085544906,0.955958549,-0.867875648,1.220959219,0.599505426,-0.92765207,0.609641682,1
2246,0.016789848,2018,2.01E-05,-0.057104515,0.401960784,0.06127451,1.181683954,0.979489934,-0.489037431,0.785617291,1
2246,-0.014565936,2019,1.93E-05,-0.052219271,-0.264423077,0.132211538,0.18409833,0.82709154,0.200315931,-0.645982145,1
2247,0.002368148,2018,2.26E-05,-0.476978538,0.007352941,0.183823529,1.2164515,1.921043857,0.19230387,-0.324018767,0
2248,-0.0366216,2018,1.07E-05,-0.234390472,-0.75,-0.571078431,0.769138849,0.70586108,0.389059537,-0.079726449,0
2248,0.079212125,2019,1.15E-05,-0.168294352,0.891826923,-0.262019231,0.945808756,0.960567613,0.424695396,0.072075568,0
2249,-0.011040267,2018,7.75E-06,-0.180908512,-0.362745098,-0.931372549,1.133389027,2.154552022,0.708639543,-0.612959946,0
2249,0.020824046,2019,7.84E-06,0.432692587,0.396634615,-0.90625,1.217899806,0.880024404,-0.964104821,0.993715686,0
2250,-0.092934296,2016,1.15E-05,-0.388713551,-0.925686591,-0.576736672,0.712175054,-0.118910281,-0.336275179,-0.161730522,0
2250,-0.007980603,2017,1.05E-05,0.25413699,-0.740932642,-0.699481865,0.812192263,0.558682878,-0.522301639,0.154910636,0
2266,0.003367157,2017,6.29E-05,0.251475017,0.329015544,0.810880829,0.67932319,0.68406026,0.18699232,0.2850691,0
2266,-0.030568073,2018,2.57E-05,-0.195957928,-0.681372549,0.323529412,0.567702417,0.510999728,-0.055411237,0.277970852,0
2266,0.01549198,2019,2.11E-05,0.283103888,0.322115385,0.276442308,0.879429773,0.470524472,-0.014876339,0.243800907,0
2268,0.032581823,2018,1.13E-05,-0.139893992,0.674019608,-0.446078431,1.193472044,-0.803872087,-2.21218997,0.807732479,1
2271,0.015438799,2016,8.81E-06,-0.228883491,0.18901454,-0.903069467,1.294737506,1.104014683,2.272376819,-0.015408117,0
2274,0.028762634,2016,1.21E-05,-0.246809663,0.386106624,-0.476575121,0.988471793,0.715561144,-0.943290844,-0.391816908,0
2274,0.005196937,2017,8.49E-05,0.659432079,0.515544041,0.919689119,1.133473603,1.256905808,0.509486733,0.19463745,0
2274,0.044987889,2018,1.21E-05,-0.271705329,0.803921569,-0.318627451,1.057424614,1.187548572,0.873179094,-0.707180109,0
2276,0.03162443,2016,9.27E-05,-0.425784572,0.43457189,0.94184168,1.131716032,0.403325265,-1.333972763,0.427393905,0
2276,-0.000439033,2017,4.95E-05,-0.077597053,-0.150259067,0.691709845,1.149215597,0.801013983,-0.819185068,0.417169519,0
2276,-0.042375967,2018,7.25E-05,0.297015925,-0.81127451,0.904411765,1.06808227,1.018937357,-0.116741159,-0.066587181,0
2276,-0.023042091,2019,1.39E-05,-0.075293345,-0.418269231,-0.120192308,1.226215179,0.775477951,-0.421256058,0.005113936,0
2277,-0.013751553,2016,1.12E-05,-0.289092606,-0.250403877,-0.615508885,1.235522462,1.356726658,0.513797878,0.490234252,0
2278,-0.048858802,2018,1.34E-05,-0.283692433,-0.855392157,-0.193627451,0.769133215,1.283790672,0.374045301,-0.391541794,0
2279,-0.002633631,2017,1.03E-05,-0.309398409,-0.406735751,-0.730569948,1.002002409,0.514859002,-1.681370887,-0.759711178,0
2279,0.03510779,2018,9.72E-06,0.030441685,0.715686275,-0.715686275,1.223831381,0.283401108,-1.292737861,-0.160062646,0
2283,-0.001009166,2017,2.52E-05,-0.00663666,-0.233160622,0.204663212,1.014172701,1.005824782,0.066647296,0.231985813,0
2292,0.02715761,2018,1.88E-05,0.294168734,0.598039216,0.022058824,1.25295414,1.238139627,-0.598217871,0.11701624,0
2292,0.001807926,2019,1.74E-05,-0.242545183,0.086538462,0.016826923,1.266792909,1.175974568,0.276206198,-0.435204839,0
2294,0.034862482,2019,8.50E-06,0.092356427,0.596153846,-0.817307692,0.84958226,0.069832822,0.0325737,-0.313637653,0
2296,-0.000423562,2016,6.40E-05,-0.417416273,-0.075928918,0.844911147,1.071626591,0.656802032,-0.519324715,0.471943428,0
2296,0.003059795,2017,1.14E-05,-0.008793639,0.303108808,-0.551813472,1.079313574,1.364251461,-0.460355371,0.323970949,0
2297,-0.029306372,2019,1.20E-05,0.209592046,-0.514423077,-0.233173077,1.000933139,1.075205443,-0.797444113,0.89954084,1
2298,-0.068365122,2016,1.04E-05,-0.358108694,-0.828756058,-0.731825525,1.222352922,0.420561197,-0.584771906,0.206820184,0
2298,0.002250732,2017,1.29E-05,0.002290655,0.196891192,-0.336787565,1.238389108,0.922019315,-0.581573735,0.10409534,0
2300,-0.020192107,2016,1.32E-05,-0.533394981,-0.337641357,-0.28917609,0.871143918,0.890078671,-1.321983953,-0.679466663,0
2300,0.011857886,2017,2.53E-05,0.414816228,0.800518135,0.212435233,1.316197377,1.602718299,0.47357805,0.473978134,0
2302,-0.000451877,2016,1.94E-05,-0.519520714,-0.079159935,0.037156704,0.492396764,2.061627821,0.051944978,-0.953777816,1
2302,0.021042121,2017,5.38E-05,0.02590005,0.932642487,0.743523316,1.240925528,1.718113412,1.107797805,0.121281449,1
2302,-0.026494042,2018,1.84E-05,-0.1440526,-0.612745098,0.007352941,1.192899421,1.003279929,0.750105415,-0.506100996,1
2303,-0.005586271,2018,3.72E-05,-0.049734182,-0.210784314,0.575980392,1.047673973,0.779227769,-0.013627103,-0.186201688,0
2303,0.023196842,2019,5.46E-05,-0.179693709,0.432692308,0.84375,1.201640265,1.46761297,-0.0908386,0.053589686,0
2305,-0.000568881,2016,3.75E-05,-0.450530526,-0.082390953,0.60904685,1.155964492,0.507512334,0.841018412,-0.115132821,1
2305,0.004042205,2017,3.41E-05,-0.137742473,0.419689119,0.461139896,0.923847654,0.754604145,-0.266924075,0.9800054,1
2305,-0.050909598,2018,1.62E-05,0.050614445,-0.870098039,-0.06127451,1.075043272,1.38069785,0.749760877,-0.144530273,1
2307,-0.022054304,2016,1.83E-05,-0.518443207,-0.386106624,0.004846527,1.121831612,2.881915946,1.256325981,-1.405555536,1
2307,0.031898019,2017,3.65E-05,0.199376943,0.976683938,0.507772021,1.093068245,1.724025057,0.748026242,0.209459512,1
2307,-0.021427738,2018,9.66E-06,-0.126557851,-0.556372549,-0.723039216,1.183454698,1.900423175,0.980416385,-1.004685181,1
2307,0.055839021,2019,8.17E-06,-0.253517654,0.786057692,-0.855769231,1.253887107,1.294494773,0.566600102,0.67293321,1
2312,-0.047384491,2019,8.95E-06,0.849527093,-0.730769231,-0.740384615,1.093776154,0.830022886,-0.33883302,0.617353279,0
2314,-0.003738048,2018,9.30E-06,0.234794799,-0.134803922,-0.779411765,1.075386548,1.347658968,0.24921664,-0.182196933,0
2314,0.035221877,2019,8.09E-06,-0.116831845,0.598557692,-0.862980769,1.084241288,0.549163055,0.039436667,0.630442927,0
2315,-0.00400874,2017,2.20E-05,0.175478671,-0.525906736,0.069948187,1.428216347,1.400249684,-0.699150345,-0.509907903,0
2315,-0.026449296,2018,1.20E-05,0.13159032,-0.610294118,-0.325980392,1.128225726,0.440639272,-1.085004881,-0.011985414,0
2315,0.115709771,2019,1.03E-05,0.2726539,0.947115385,-0.480769231,1.350746245,1.411326384,0.046616967,-0.789563337,0
2316,-0.005303016,2018,1.04E-05,-0.25747716,-0.198529412,-0.620098039,0.97941564,0.602322574,-1.233489358,0.236080514,0
2320,0.054615955,2016,2.44E-05,0.725726793,0.676898223,0.28917609,1.173035291,1.856019403,0.444278182,-0.399573211,1
2320,0.012889902,2017,2.27E-05,-0.295647358,0.81865285,0.090673575,0.990064951,0.316763533,-1.52639829,-0.089167083,1
2321,-0.00467567,2017,1.08E-05,0.054508336,-0.588082902,-0.652849741,0.411657638,1.154581465,0.493306742,0.296534355,1
2321,0.136228004,2019,1.12E-05,-0.229123323,0.971153846,-0.293269231,1.129538635,1.596387106,0.370708641,0.302165531,1
2323,-0.025708146,2016,0.000124974,-0.51019286,-0.43457189,0.980613893,0.608616192,1.277253017,-0.378950256,-0.78915011,0
2325,0.006098281,2016,2.25E-05,-0.499592633,0.021001616,0.185783522,1.334435027,0.867082528,-0.233901083,0.438505175,0
2325,0.013467771,2017,5.92E-05,-0.164964227,0.82642487,0.784974093,0.963125033,1.186289531,-0.247435452,0.594366499,0
2325,0.049885594,2018,7.33E-05,-0.027612917,0.848039216,0.909313725,1.147294834,1.026026894,0.102686616,0.168835105,0
2325,0.008385659,2019,1.60E-05,-0.193566156,0.1875,-0.03125,1.162549977,0.804624741,0.260122424,0.118615789,0
2326,-0.023527959,2016,1.24E-05,-0.499607083,-0.399030695,-0.43457189,1.046244998,0.185974627,-1.330721255,-0.152808996,0
2326,0.007741885,2017,1.10E-05,0.162417866,0.658031088,-0.621761658,1.275360867,1.151171011,0.129511731,0.339538781,0
2326,0.00677385,2018,1.07E-05,0.683185917,0.134803922,-0.571078431,1.263665548,0.764478997,0.161161119,-0.260455153,0
2329,0.03254585,2019,1.06E-05,-0.25471102,0.572115385,-0.420673077,0.966727178,0.993030721,0.066394414,0.491071343,0
2331,0.003935389,2018,3.78E-05,0.091088761,0.056372549,0.590686275,0.94130227,0.574575102,-0.927205513,0.599711434,0
2331,-0.028175312,2019,2.20E-05,0.075873437,-0.504807692,0.3125,0.941292427,1.248412902,-0.336190373,-0.433668818,0
2334,0.003977799,2017,1.94E-05,-0.055050189,0.404145078,-0.038860104,0.974777917,0.439618404,-1.137520568,0.132687669,0
2334,-0.023853441,2018,1.02E-05,-0.245574066,-0.580882353,-0.656862745,1.163387226,1.647918875,0.765199029,-0.51372745,0
2335,0.090359771,2019,1.72E-05,0.841490071,0.927884615,0.007211538,1.107467491,0.434285434,-0.786500459,-0.537320343,0
2337,-0.00287859,2017,4.84E-05,0.195967038,-0.424870466,0.676165803,1.0884859,1.26729732,0.28460423,-0.009045028,0
2337,-0.002977567,2018,2.63E-05,-0.212632745,-0.115196078,0.348039216,0.868420405,1.822136725,0.329943061,-0.872683381,0
2337,0.011657062,2019,1.11E-05,-0.078267504,0.242788462,-0.319711538,1.128916642,1.240468874,0.196191662,-0.033011662,0
2340,0.078802234,2016,3.95E-05,-0.011265166,0.793214863,0.644588045,1.160529836,0.743998579,-0.609236291,0.056292786,0
2340,-0.079099843,2018,7.75E-06,0.046358221,-0.960784314,-0.931372549,1.168903264,0.820371172,-0.054127794,-0.007209042,0
2340,0.003369572,2019,7.14E-06,0.856789288,0.117788462,-0.951923077,1.153460941,0.179199861,-0.102955624,-0.298877256,0
2341,0.018438927,2016,8.99E-06,0.408109695,0.247172859,-0.890145396,0.79411594,0.05520212,-1.165475432,-0.140583641,0
2341,0.0322668,2019,8.51E-06,-0.02551476,0.564903846,-0.814903846,0.141045777,1.871146332,0.649004402,-1.597312004,0
2342,-0.039108654,2016,5.71E-05,-0.629737947,-0.583198708,0.812600969,1.184230504,0.66772962,-0.938761667,-0.402496014,0
2342,0.008559414,2017,0.000190456,-0.07150723,0.702072539,0.987046632,1.16446872,1.234555786,-0.193727853,0.339796757,0
2342,-0.00135565,2018,6.63E-05,-0.194548046,-0.085784314,0.875,1.047136761,1.23813941,0.041741024,0.056706017,0
2342,-0.007623914,2019,0.000121123,0.534972406,-0.141826923,0.980769231,0.817870891,1.01351471,-0.243734955,0.299691686,0
2344,0.01377612,2016,9.91E-06,-0.410019678,0.150242326,-0.793214863,1.240631286,0.416709902,-0.136793637,0.328730706,1
2344,-0.003939892,2017,9.69E-06,-0.051421788,-0.512953368,-0.800518135,1.076877514,0.959735016,-0.190243297,0.48696752,1
2344,-0.008632874,2018,9.48E-06,-0.110626737,-0.279411765,-0.754901961,0.955333382,0.784512812,0.024887163,0.0969246,1
2347,0.017222869,2017,2.83E-05,0.215838725,0.896373057,0.313471503,1.072523174,1.587435953,0.227861865,0.353918613,0
2348,0.001436096,2019,1.38E-05,-0.066183191,0.076923077,-0.129807692,0.937425974,1.00387283,0.204295085,-0.878484919,0
2352,0.031676892,2016,2.11E-05,-0.162489202,0.437802908,0.114701131,0.742829437,0.343106204,-0.652143776,0.020677667,0
2352,0.012237306,2017,6.25E-05,-0.252439261,0.805699482,0.797927461,0.741239427,-0.126341808,-0.493792901,0.276712831,0
2352,0.022493582,2018,2.34E-05,0.596471035,0.512254902,0.203431373,0.803418527,-0.047281237,0.264774173,-0.446966924,0
2352,-0.030487223,2019,1.42E-05,0.225161239,-0.540865385,-0.110576923,0.49792341,0.186447496,0.152879653,-0.628542177,0
2353,0.166639048,2016,2.33E-05,0.018886679,0.987075929,0.237479806,0.973028398,0.54948155,-0.742245183,-0.097103924,0
2353,-0.008864217,2017,2.93E-05,0.408692461,-0.774611399,0.336787565,1.242712108,-0.184362976,-1.154427782,-0.071839938,0
2353,-0.02960019,2018,1.84E-05,0.322030657,-0.664215686,0.007352941,0.994531125,0.187630122,-0.267791264,-0.178725467,0
2353,-0.012955627,2019,1.77E-05,0.433163608,-0.235576923,0.024038462,1.198310147,-0.517988321,0.037728312,-0.597301483,0
2354,-0.011205005,2017,8.08E-06,-0.628465939,-0.834196891,-0.955958549,1.200774441,0.869185,-0.552124258,0.366734285,0
2354,-0.030483406,2018,8.42E-06,-0.502488971,-0.676470588,-0.889705882,1.315767546,1.715186768,-0.214463893,-0.369174558,0
2357,0.02493249,2016,1.09E-05,-0.094692509,0.34733441,-0.654281099,1.165562646,0.780040564,-0.29621806,-0.009439673,0
2358,-0.004112357,2018,3.86E-05,-0.511292455,-0.161764706,0.610294118,0.489538856,0.316196559,0.152756472,-0.416912437,0
2360,-0.008670999,2016,1.44E-05,-0.332494722,-0.169628433,-0.18901454,0.841478286,0.953468732,-0.967513188,0.472663532,0
2360,0.012351995,2019,1.05E-05,0.545160577,0.252403846,-0.439903846,0.990590194,0.867116329,0.183444632,0.175892176,0
2361,0.009898961,2017,1.36E-05,-0.005603726,0.74611399,-0.272020725,1.089952048,0.655720431,-0.532468,0.649168828,0
2361,-0.000717051,2018,2.45E-05,0.06435699,-0.058823529,0.267156863,0.896011933,0.991416014,-0.25052332,-0.072794821,0
2361,-0.042530028,2019,3.71E-05,0.139781147,-0.670673077,0.663461538,0.933352885,0.900600252,-0.23534564,0.302391139,0
2362,-0.006008248,2017,1.21E-05,-0.26107552,-0.663212435,-0.440414508,1.475872225,-0.616983463,-2.832208135,0.075557995,0
2362,0.001789035,2019,1.99E-05,0.137803766,0.084134615,0.194711538,1.226969652,0.865490218,-0.418760097,-0.888961086,0
2366,0.112157012,2016,4.01E-05,-0.397472904,0.938610662,0.647819063,0.505869791,0.450708441,-0.251727754,0.210631976,0
2366,-0.003860625,2017,6.25E-05,-0.345377145,-0.494818653,0.797927461,0.956254638,0.01775667,-0.748723682,-0.449308599,0
2366,0.074882071,2018,1.22E-05,-0.553287741,0.953431373,-0.301470588,1.18634865,0.527159211,-0.305476501,-0.468046529,0
2366,-0.036430118,2019,1.12E-05,-0.171692124,-0.600961538,-0.293269231,1.144832335,1.500421194,-0.138491776,0.172773145,0
2367,-0.021641568,2016,3.63E-05,-0.483376074,-0.369951535,0.583198708,0.717868811,0.298163974,-0.214458229,0.002375525,0
2367,-0.000936374,2017,3.89E-05,0.450566251,-0.225388601,0.57253886,1.113407037,1.282803862,0.163145638,0.160534831,0
2367,-0.008637617,2018,2.12E-05,0.229459172,-0.281862745,0.098039216,1.129623953,1.212122199,-0.435984545,0.081505982,0
2367,-0.079015369,2019,4.19E-05,0.054152835,-0.915865385,0.735576923,0.984975695,1.28421181,0.229964533,-0.048937816,0
2372,-0.002111073,2016,3.09E-05,0.242061592,-0.10177706,0.46365105,1.032676741,0.536722505,0.782315486,0.317590035,0
2372,0.002663127,2017,2.52E-05,0.201208866,0.233160622,0.204663212,1.041125347,-0.129849997,-0.070582445,0.252417019,0
2372,0.033783668,2018,1.32E-05,-0.314588608,0.696078431,-0.210784314,1.064354736,-0.181353655,0.375104496,0.064416174,0
2372,0.002839646,2019,3.51E-05,0.788415012,0.105769231,0.627403846,1.135836712,0.87650792,0.900624298,-0.04001783,0
2373,0.004445307,2017,8.80E-06,0.295325491,0.466321244,-0.901554404,0.897983133,2.078834773,-0.239918216,-0.309845565,0
2373,-0.049257001,2018,8.35E-06,0.382251942,-0.857843137,-0.894607843,1.177972084,0.030539883,-0.940659604,0.404804565,0
2375,-0.046838823,2016,4.24E-05,-0.407287282,-0.680129241,0.670436187,1.074844943,0.866813528,0.089426433,0.222796406,0
2375,-0.003873833,2017,0.000154338,0.098816252,-0.497409326,0.981865285,1.241428098,0.616789982,-0.296708301,0.340372307,0
2375,-0.004230765,2018,3.23E-05,0.717401087,-0.164215686,0.485294118,1.208794771,0.890632198,0.600428213,0.085292055,0
2375,0.030306422,2019,1.68E-05,-0.234772827,0.53125,-0.009615385,1.191478427,0.526283293,0.10918237,0.297525502,0
2376,-0.042306866,2018,5.19E-05,-0.143652174,-0.808823529,0.764705882,1.118883962,-0.666321614,-1.605059475,0.301832764,1
2376,-0.00761372,2019,1.89E-05,-0.092573725,-0.139423077,0.103365385,1.003648829,0.998605248,-0.157206106,-0.2150058,1
2378,0.062187354,2016,1.31E-05,-0.279657398,0.718901454,-0.308562197,1.618508,0.721994112,-0.052175805,0.64567727,0
2378,0.006351803,2017,2.47E-05,0.10623188,0.585492228,0.194300518,1.343397004,1.485803308,0.270975965,-0.155531453,0
2380,0.011736629,2016,1.54E-05,-0.299277879,0.121163166,-0.108239095,0.864753548,1.324407588,-0.11922918,0.325912023,0
2381,0.007790132,2017,5.34E-05,0.254340744,0.663212435,0.733160622,0.972588785,0.880651081,0.010055921,0.103335575,0
2383,-0.041215629,2016,5.40E-05,0.0435101,-0.618739903,0.79644588,1.171518119,1.069463788,-0.265000052,0.277159664,0
2383,0.000339615,2017,6.86E-05,-0.324245631,-0.051813472,0.85492228,0.694893027,-0.369566403,-2.109651252,0.129501996,0
2383,0.004863866,2018,4.13E-05,-0.159990985,0.073529412,0.639705882,0.972690445,0.037239846,-1.904826492,0.76835531,0
2383,-0.057411111,2019,1.30E-05,-0.198507227,-0.826923077,-0.165865385,0.754864767,0.762857,-1.408556217,0.262479096,1
2386,-0.041177648,2018,1.08E-05,-0.190803733,-0.791666667,-0.544117647,1.185095933,1.531664475,0.971451163,-0.220819976,1
2386,0.012664351,2019,2.00E-05,1.075484198,0.254807692,0.201923077,0.94786152,0.614452795,0.116329598,-0.141332317,1
2389,-0.021213147,2017,8.97E-06,-0.186101186,-0.922279793,-0.880829016,1.104067209,-0.122871936,-1.521424127,0.4968833,1
2392,-0.066716256,2016,2.44E-05,-0.433318658,-0.812600969,0.28917609,1.039984338,1.588664658,-0.190008714,-0.226472482,0
2392,-0.00372592,2017,2.32E-05,0.022205957,-0.487046632,0.124352332,1.009417306,2.115489971,0.472660534,0.00621054,0
2392,0.026788778,2018,2.34E-05,0.12587199,0.590686275,0.203431373,1.022390539,0.925435838,0.151224169,0.01729307,0
2394,0.061331562,2016,2.06E-05,-0.27838036,0.709208401,0.088852989,1.175270737,0.911002439,0.579151772,0.129230623,0
2394,-0.001776952,2017,1.03E-05,-0.000404997,-0.323834197,-0.730569948,0.802489814,0.773707033,0.497585665,0.267152649,0
2394,-0.005645112,2018,1.95E-05,-0.049459897,-0.213235294,0.046568627,0.601719949,0.396918597,0.105556034,0.048624881,0
2394,-0.00585116,2019,2.18E-05,-0.035015308,-0.076923077,0.305288462,0.676579486,0.593729797,0.565686561,-0.016854303,0
2398,0.030097238,2016,1.87E-05,-0.210031625,0.408723748,0.024232633,1.03873023,1.410823888,0.214358082,-0.243897613,0
2398,0.006031266,2017,4.88E-05,0.267413589,0.582901554,0.686528497,0.794313636,1.613807045,0.757870594,-0.073339734,0
2398,-0.027034369,2018,2.76E-05,0.634814912,-0.629901961,0.37745098,1.170592588,1.124916519,0.531981414,-0.065593483,0
2398,0.015834352,2019,2.30E-05,-0.328590933,0.326923077,0.355769231,1.348776246,0.987670239,1.371085952,-0.205396581,0
2401,-0.039428436,2016,1.46E-05,-0.248958726,-0.589660743,-0.166397415,1.221300523,0.866438449,-1.025871956,-0.032302752,1
2401,-0.062952811,2018,1.30E-05,0.354596438,-0.926470588,-0.223039216,0.980503511,0.111560922,-1.147819558,-0.08807982,1
2401,-0.012638079,2019,2.47E-05,-0.266698004,-0.233173077,0.408653846,1.080557402,1.232606371,-0.760653929,0.521426501,1
2405,-0.214346425,2016,1.09E-05,0.009484862,-1,-0.654281099,1.240573741,0.755076052,-0.281496062,-0.125097415,0
2405,-0.001243227,2017,3.66E-05,0.178064355,-0.264248705,0.515544041,1.388104851,-1.100272329,-3.386260342,-0.660254376,0
2409,0.129748386,2018,1.08E-05,2.442106559,0.987745098,-0.544117647,1.130700707,0.229560775,-1.775458138,1.079659727,0
2409,0.027662273,2019,9.89E-06,0.533728645,0.490384615,-0.548076923,0.991307666,-0.504517895,-2.001844036,-0.480878294,0
2410,-0.073512901,2016,1.24E-05,0.467349367,-0.861066236,-0.43457189,0.995049291,1.403758041,0.906293891,-0.631434745,0
2410,-0.021922092,2017,1.19E-05,0.176871135,-0.92746114,-0.492227979,0.78938483,-0.237172944,-1.857460376,-0.620223695,0
2410,0.047303132,2018,1.03E-05,1.093157654,0.830882353,-0.634803922,1.034142151,-0.748714951,-1.43063855,0.397596751,0
2416,0.001864427,2017,1.83E-05,0.088984167,0.150259067,-0.095854922,1.008853722,0.496849192,-1.188905648,0.017623268,0
2421,-0.005337362,2017,1.15E-05,-0.092920247,-0.634715026,-0.544041451,0.808211143,0.637931504,-0.725497652,-0.078708453,0
2424,-0.015497411,2019,1.09E-05,-0.127008241,-0.271634615,-0.350961538,0.208100642,0.867274142,0.598345258,-0.616734029,0
2425,-0.029456039,2019,1.03E-05,-0.528778495,-0.521634615,-0.480769231,1.208575955,1.074748995,0.440688647,-0.610716411,0
2430,0.007057235,2016,2.20E-05,0.614615904,0.037156704,0.15993538,0.926728105,1.313578348,0.28343613,-0.201850422,1
2434,-0.105120337,2016,1.09E-05,-0.447423033,-0.948303716,-0.654281099,0.694811949,1.022108698,0.53763217,-0.033708837,0
2435,0.022993117,2019,1.25E-05,0.521054616,0.427884615,-0.211538462,0.748593421,1.291240418,0.645895223,-0.892088065,0
2438,-0.000350224,2016,9.78E-06,-0.298101695,-0.0726979,-0.806138934,1.0384309,0.537175811,-0.917018731,-0.55428511,0
2443,-0.066269494,2016,4.23E-05,-0.273360287,-0.809369952,0.66720517,1.021965641,0.003719639,-2.572291593,0.27796165,0
2443,0.040035593,2017,3.75E-05,0.062872962,0.994818653,0.546632124,0.634427873,0.849789684,0.073715574,-0.141088915,0
2443,-0.021338705,2018,3.81E-05,-0.040794376,-0.551470588,0.598039216,0.951220277,0.867317558,-0.251619245,0.283780834,0
2443,-0.03009269,2019,4.90E-05,-0.049171266,-0.538461538,0.790865385,1.083150127,0.539632577,-0.05539147,0.658360049,0
2446,0.082486927,2016,1.28E-05,-0.443970908,0.812600969,-0.340872375,1.204273787,0.377412159,-0.562831921,0.136728591,0
2449,0.001905934,2016,1.15E-05,-0.160946523,-0.037156704,-0.576736672,1.415334242,1.313916711,0.499889126,-0.305682389,1
2449,0.005198418,2017,3.60E-05,0.256220425,0.518134715,0.5,0.925097487,0.841123326,-0.785100924,-0.143389758,1
2449,-0.034145919,2018,1.12E-05,-0.116715593,-0.718137255,-0.468137255,1.117717934,-0.001486179,-0.701603316,0.233473595,1
2449,0.014669737,2019,1.04E-05,-0.137566012,0.300480769,-0.466346154,1.315997277,0.215142789,-1.184293211,0.295694141,1
2451,0.005170948,2016,1.47E-05,-0.52009776,0.011308562,-0.163166397,1.119105207,1.69202478,0.612815851,-0.138848709,0
2451,0.028383799,2019,1.06E-05,-0.118227494,0.502403846,-0.420673077,0.965275661,1.562756316,-0.042251165,0.346126131,0
2452,0.131286241,2016,3.45E-05,-0.4133199,0.954765751,0.537964459,1.262707207,0.719609359,-0.410991176,0.307937328,0
2452,-0.003207935,2017,1.10E-05,-0.012531484,-0.440414508,-0.621761658,1.012530946,0.689098762,-0.358061531,0.31499389,0
2455,-0.029182738,2016,1.62E-05,-0.389515706,-0.479806139,-0.0726979,0.882402559,1.072958616,0.227078321,-0.640802687,0
2455,-0.003639672,2018,1.46E-05,-0.22941396,-0.129901961,-0.120098039,1.016010588,0.924034142,-0.087229602,0.118567221,0
2455,-0.012011324,2019,1.27E-05,0.633811407,-0.21875,-0.189903846,0.927400784,0.47446306,-0.311748207,0.485345164,0
2457,0.099353336,2016,1.04E-05,-0.554768401,0.886914378,-0.731825525,1.352123155,1.034774643,-0.546571395,-0.464350428,0
2457,-0.004498996,2017,2.18E-05,0.056594822,-0.567357513,0.049222798,1.266421926,0.361403373,-1.292378635,0.482655223,0
2457,0.062620977,2018,2.19E-05,-0.078448907,0.919117647,0.137254902,1.140519293,0.91577599,0.329023517,0.046371049,0
2457,0.05561283,2019,1.86E-05,0.184433077,0.783653846,0.072115385,1.082672311,1.111725146,0.775191401,0.168769359,0
2459,0.006222743,2016,4.34E-05,-0.233376564,0.024232633,0.689822294,0.796316315,0.013193042,-2.070079222,-0.392091589,0
2459,0.006480787,2017,4.21E-05,0.016092846,0.598445596,0.624352332,0.434374563,0.245625586,-0.269341321,0.31298088,0
2459,-0.007427835,2018,1.34E-05,0.463826575,-0.259803922,-0.193627451,0.844700574,-0.106730173,-0.542269845,-0.098352974,0
2467,-0.021489192,2016,4.37E-05,-0.326217458,-0.366720517,0.69628433,1.102415854,1.04056873,-0.621285433,0.476326157,0
2467,0.002285007,2017,8.09E-05,0.912936298,0.202072539,0.888601036,1.16719943,1.56390806,-0.509137231,0.288448246,0
2467,-0.039468827,2018,5.42E-05,0.136242856,-0.774509804,0.784313725,1.052719263,0.642743774,-1.92496597,0.496875812,0
2467,0.259570721,2019,4.10E-05,-0.366149248,0.992788462,0.725961538,0.778257626,0.734418806,-1.03155916,-1.131821662,0
2468,-0.04596824,2016,1.13E-05,-0.32976149,-0.663974152,-0.599353796,0.907126197,0.729757751,-0.176769944,0.361129262,0
2468,0.006753849,2017,4.47E-05,0.462511361,0.611398964,0.64507772,0.557834679,-0.150435927,-0.366384044,0.483169833,0
2468,0.05353023,2018,1.08E-05,-0.348396281,0.882352941,-0.544117647,1.150228346,0.243342238,0.71326119,-0.445938672,0
2468,-0.008624938,2019,1.07E-05,-0.543235252,-0.158653846,-0.408653846,1.151629308,0.073304856,0.580822088,-0.154744469,0
2469,0.015393197,2018,1.34E-05,0.039847913,0.357843137,-0.193627451,1.096768076,1.694034002,0.569517396,-0.007412194,0
2469,-0.00937531,2019,3.43E-05,0.239189576,-0.173076923,0.610576923,1.205283409,0.960499543,0.078071342,0.352774608,0
2471,-0.021707985,2016,2.52E-05,-0.377894686,-0.37641357,0.324717286,0.990823126,0.770942742,-0.080971913,0.0792304,0
2471,0.005038633,2017,1.74E-05,-0.063046285,0.507772021,-0.121761658,0.74041259,0.907391092,-0.319586663,0.203523456,0
2474,-0.070819411,2019,1.03E-05,-0.110274996,-0.887019231,-0.480769231,1.140504952,1.060451087,-0.743714974,-0.185164144,0
2476,-0.023531824,2016,1.21E-05,-0.45609541,-0.402261712,-0.476575121,1.313646049,1.557256498,-0.403753591,-0.176077955,0
2476,-0.0088528,2017,1.20E-05,0.430001534,-0.769430052,-0.461139896,0.852580441,1.232449676,-0.420993052,0.723112402,0
2478,-0.007995019,2016,1.48E-05,-0.202201039,-0.166397415,-0.153473344,1.053031127,-0.001686335,-1.290183058,0.660237911,0
2480,-0.020393414,2016,2.39E-05,-0.051003035,-0.340872375,0.256865913,0.979250272,0.406802145,-0.539134418,0.098969913,0
2480,-0.002059502,2017,2.38E-05,-0.387656217,-0.349740933,0.150259067,0.792952377,0.520886662,-0.279408877,0.209961485,0
2483,0.045473889,2016,3.15E-05,-0.364621101,0.602584814,0.476575121,1.146552106,0.546393998,-0.770837809,0.234516602,0
2483,0.002774816,2017,3.10E-05,-0.019637401,0.25388601,0.378238342,1.118952213,0.899708439,-0.355464519,0.555125789,0
2483,0.010304386,2018,6.00E-05,0.072577809,0.242647059,0.840686275,0.849352871,1.374953528,0.593045972,-0.696681731,0
2483,0.028780331,2019,5.83E-05,0.075594606,0.509615385,0.865384615,1.147541344,0.483724625,-0.699686692,-0.496866007,0
2486,-0.10222849,2018,4.24E-05,0.067330585,-0.987745098,0.661764706,0.689604747,1.612014099,0.49210312,-0.596597491,0
2486,0.045325442,2019,2.41E-05,-0.26429182,0.704326923,0.391826923,0.60945332,1.966565453,0.459736824,-0.528828437,0
2487,-0.101841935,2016,1.50E-05,-0.425360514,-0.938610662,-0.137318255,1.104546318,0.608173594,-0.518773064,0.238869853,0
2487,-0.017218105,2017,1.36E-05,0.149857267,-0.89119171,-0.272020725,1.025447162,1.495158044,0.128345578,0.592656359,0
2492,0.015601357,2017,1.22E-05,-0.274404718,0.873056995,-0.422279793,1.288198974,1.480998916,0.183146521,0.378933173,0
2497,0.047798432,2016,2.12E-05,0.072298478,0.628432956,0.121163166,0.997425978,1.720842843,0.195250399,-0.50632472,0
2497,-0.011054396,2017,1.86E-05,-0.347146402,-0.82642487,-0.080310881,1.771927444,1.511836134,-0.073763122,0.237488775,0
2497,-0.023770085,2018,9.10E-06,0.304853862,-0.575980392,-0.803921569,1.264246803,1.097496173,0.532538519,-0.019905299,0
2498,-0.046247175,2016,4.58E-05,-0.397438205,-0.670436187,0.718901454,0.859603553,0.00767439,-0.79950839,0.123333442,0
2498,-0.000588276,2017,3.46E-05,0.336543362,-0.18134715,0.471502591,0.755884411,0.86540174,0.145867107,-0.009439988,0
2498,-0.001855796,2018,3.47E-05,0.562321248,-0.102941176,0.512254902,1.00628477,1.807812314,0.288743499,-0.720305917,0
2498,0.03679558,2019,1.02E-05,-0.23619229,0.625,-0.497596154,0.955609206,0.795618768,-0.258004657,0.46563246,0
2505,0.004317714,2018,1.17E-05,0.125143357,0.066176471,-0.375,0.514910835,1.296793817,-0.124808381,-0.641718917,0
2505,-0.014706382,2019,9.62E-06,-0.019723831,-0.269230769,-0.608173077,0.81813977,0.970908417,0.583771584,0.020714249,0
2506,0.006885213,2017,9.51E-06,0.406649663,0.613989637,-0.813471503,0.365209837,0.167331939,-0.57497604,-0.028532486,0
2506,-0.002228482,2018,8.68E-06,-0.615730545,-0.107843137,-0.860294118,0.595586278,0.527694604,0.02932685,0.293741494,0
2506,0.023154153,2019,8.63E-06,0.313229523,0.430288462,-0.788461538,0.459698518,0.050517265,-0.705994161,0.095180678,0
2512,-0.130797971,2016,5.23E-05,-0.407399196,-0.964458805,0.773828756,0.739817516,0.57743966,0.173392297,-0.098799947,0
2512,-0.006945098,2019,6.76E-05,-0.267197594,-0.115384615,0.90625,1.228200862,1.914140825,-0.451797055,-0.129276131,0
2514,0.112120108,2016,1.01E-05,-0.292315027,0.935379645,-0.789983845,1.07241821,1.027680724,-0.025636894,-0.313910342,0
2514,-0.019635199,2017,2.10E-05,0.034328975,-0.904145078,0.020725389,0.814018502,0.655460369,0.185245102,0.168133079,0
2514,0.023152182,2018,2.23E-05,-0.353389264,0.524509804,0.161764706,0.49651487,0.660213808,0.165168486,-0.398749758,0
2514,-0.066449725,2019,5.21E-05,0.048705544,-0.867788462,0.824519231,0.935541253,0.633145323,0.099997418,0.142605952,0
2520,0.131151641,2018,4.50E-05,-0.094803923,0.992647059,0.705882353,0.916440077,0.194073643,-1.427707966,0.650173878,0
2520,0.00030144,2019,1.99E-05,0.14037774,0.060096154,0.194711538,0.907702183,0.605425236,0.279155517,-0.259401804,0
2523,-0.046366822,2016,2.88E-05,-0.16387873,-0.673667205,0.43457189,1.019675111,1.055054059,0.061018771,-0.109269227,1
2523,-0.006182179,2017,5.21E-05,0.077604217,-0.670984456,0.707253886,0.210477111,0.568011821,-0.388612178,-0.198988982,1
2523,0.010371792,2018,3.63E-05,-0.27112724,0.24754902,0.551470588,1.133051358,1.097804601,0.662588027,-0.159848251,1
2524,0.07121236,2016,5.43E-05,-0.478345906,0.770597738,0.806138934,1.133994121,0.94762683,-1.013928772,0.475287442,0
2524,0.028714578,2017,3.97E-05,0.061683805,0.968911917,0.580310881,1.076067791,0.852051782,-0.56369395,1.092677893,0
2526,0.012940499,2016,2.80E-05,-0.271682036,0.140549273,0.418416801,0.751704736,2.103729702,0.546518103,0.067849858,0
2527,-0.039848351,2019,8.66E-06,0.51768298,-0.641826923,-0.78125,0.775179707,0.477468038,-0.758598618,0.107187957,0
2529,-0.030454533,2016,1.24E-05,-0.38066915,-0.49273021,-0.43457189,1.060121471,0.609569681,-0.574600534,-0.157007452,0
2529,-4.47E-05,2017,1.23E-05,-0.278406471,-0.093264249,-0.406735751,0.486817407,-0.147053413,-1.080152971,0.033349759,0
2529,0.010158777,2018,1.12E-05,-0.2563931,0.237745098,-0.468137255,1.355991004,1.831417304,0.26190416,0.083977815,0
2530,-0.010884546,2017,2.07E-05,0.055123876,-0.821243523,0,0.669893957,0.444765408,-0.902100823,-0.264290738,0
2532,0.005501181,2017,1.19E-05,0.374201368,0.546632124,-0.492227979,0.963620713,1.446709016,-0.129543107,0.668310265,0
2533,-0.00088782,2018,1.02E-05,0.059544845,-0.066176471,-0.656862745,1.038847251,1.689354133,0.905369305,-0.476379432,0
2534,-0.001952127,2017,6.27E-05,0.01630046,-0.341968912,0.805699482,0.85432462,1.831057825,0.695521501,0.015409184,0
2534,0.006076587,2018,3.76E-05,0.245699628,0.107843137,0.583333333,1.044115861,1.602674602,0.831728628,-0.432316763,0
2534,0.01868788,2019,3.96E-05,0.852524499,0.360576923,0.699519231,0.96644984,0.715067416,0.149085866,0.366888424,0
2535,0.111096868,2016,1.05E-05,-0.298788402,0.925686591,-0.709208401,0.877204179,0.73072144,-0.768014219,-0.430889978,0
2537,0.009290226,2018,8.72E-06,-0.241439438,0.218137255,-0.852941176,0.493170271,0.212324755,-0.098893492,0.166183031,0
2537,-0.052776703,2019,8.63E-06,-0.074849023,-0.78125,-0.788461538,1.32594297,1.517381847,-0.668913397,-0.007459119,0
2539,-0.004645642,2017,2.68E-05,0.10636211,-0.585492228,0.261658031,0.977026668,1.310184342,-0.042885199,0.445911524,0
2539,-0.026698329,2018,7.77E-06,0.494705586,-0.620098039,-0.926470588,1.01556631,1.098147218,0.653308376,0.134019446,0
2539,0.124199124,2019,2.32E-05,0.276041423,0.959134615,0.362980769,0.953454282,1.061581474,0.084386541,0.352806545,0
2540,-0.009541592,2016,1.34E-05,-0.266667153,-0.192245557,-0.273021002,1.020524975,0.493345733,-0.032963924,-0.005047382,0
2540,0.00725493,2017,3.13E-05,-0.042848539,0.632124352,0.396373057,0.550458319,0.638104757,-0.10537887,0.183718055,0
2540,-0.018779862,2018,2.06E-05,-0.052265264,-0.509803922,0.083333333,0.999936568,1.137117134,0.407339117,0.026504681,0
2540,-0.003891962,2019,1.92E-05,0.163680809,-0.033653846,0.125,1.03416436,0.88044318,0.022244527,0.569430502,0
2542,0.009507894,2016,5.22E-05,-0.564572575,0.075928918,0.767366721,1.136595874,1.179180033,-0.38278988,-0.491216587,0
2542,-0.015361354,2017,6.87E-05,-0.16494041,-0.880829016,0.857512953,1.175900684,0.815161273,-0.184148639,0.452872662,0
2542,0.033129832,2018,2.96E-05,-0.254157151,0.681372549,0.424019608,1.035608487,0.994147153,0.216009234,0.184206017,0
2542,-0.001783447,2019,1.87E-05,-0.120726673,0.016826923,0.088942308,0.929051434,0.587673229,-0.206029378,0.670929871,1
2543,0.079380427,2016,2.94E-05,-0.225677713,0.799676898,0.441033926,1.053056928,0.262503562,0.169306581,-0.002238556,0
2543,-0.019714858,2017,5.44E-05,-0.088065094,-0.909326425,0.75388601,1.054006499,0.950424385,0.546296547,-0.020081396,0
2543,0.053850206,2018,4.03E-05,-0.191257519,0.884803922,0.632352941,0.843630689,0.456972722,0.377175425,-0.683453135,0
2543,-0.000923173,2019,3.45E-05,-0.029512458,0.033653846,0.620192308,1.009284731,0.480528971,0.037797117,0.28654449,0
2544,-0.030744215,2016,4.94E-05,-0.408981619,-0.499192246,0.741518578,0.833657634,0.619634212,-0.05798561,0.17108635,1
2544,0.00259865,2017,9.93E-06,-0.057074338,0.227979275,-0.766839378,1.064969235,0.146427147,-1.785840994,0.200483034,1
2544,0.005444688,2018,1.94E-05,-0.001220989,0.095588235,0.044117647,1.097054117,-0.147217301,-2.590197609,1.292425947,1
2544,-0.104721867,2019,8.88E-06,0.001157305,-0.963942308,-0.757211538,1.286665759,1.246591352,-1.053070837,0.106761438,1
2545,-0.051987233,2016,1.32E-05,-0.516085939,-0.728594507,-0.28917609,1.170327651,0.230070262,-0.767917136,-0.437837101,0
2545,-0.003895633,2017,1.20E-05,0.054596549,-0.502590674,-0.461139896,1.25528648,1.63487489,0.90891796,0.343461144,0
2545,-0.094829078,2018,6.34E-05,0.210696081,-0.985294118,0.862745098,1.008988238,0.047911492,-0.69867913,0.724744382,0
2545,-0.00189815,2019,7.76E-05,-0.026696449,0.014423077,0.927884615,0.973558487,1.197284583,0.609927219,0.42121723,0
2551,0.002026576,2017,6.82E-06,-0.179807037,0.17357513,-0.984455959,1.135392244,1.617180358,-0.111771016,0.363419617,0
2551,0.013993526,2018,6.93E-06,0.684385254,0.316176471,-0.975490196,1.165346069,1.075643745,0.094963274,0.024980433,0
2551,-0.038311777,2019,6.40E-06,-0.38095446,-0.617788462,-0.975961538,0.04988311,1.743299391,1.525239358,-2.147631093,0
2552,0.147485854,2016,1.34E-05,-0.456517233,0.977382876,-0.273021002,0.52221752,1.893981865,-1.19657465,-0.012038354,0
2552,-0.116767271,2019,3.26E-05,-0.205111409,-0.990384615,0.576923077,1.038876992,0.990197411,-0.342214855,-0.055939343,0
2553,0.009127709,2018,1.54E-05,0.054068681,0.213235294,-0.080882353,1.047004791,1.723977914,0.554015742,-0.033314908,0
2553,0.050086612,2019,1.17E-05,0.651901753,0.742788462,-0.247596154,0.937159243,0.340979809,-0.430843345,0.432627363,0
2554,0.018372739,2016,2.85E-05,-0.472269398,0.240710824,0.424878837,0.780047303,0.577660253,-1.598503126,-0.330315089,0
2554,-0.007372889,2017,8.34E-05,0.138964358,-0.727979275,0.901554404,1.149090035,1.320601115,0.431379198,-0.024594632,0
2554,-0.026781676,2018,3.58E-05,-0.324673501,-0.62254902,0.536764706,1.24316543,1.686429653,-0.034552618,0.128155021,0
2554,0.082913441,2019,9.52E-05,0.130561697,0.911057692,0.961538462,0.951217373,0.864017987,0.157246084,0.438265433,1
2556,0.057666805,2018,2.23E-05,0.495560028,0.904411765,0.161764706,1.075118006,1.16258576,0.155942975,0.320510442,0
2556,0.060846142,2019,1.71E-05,0.293860597,0.807692308,0.002403846,0.617264407,1.509182519,0.156574374,0.12305192,0
2557,-0.001137385,2017,2.38E-05,0.669217226,-0.243523316,0.150259067,0.978671123,-0.137826801,-0.585903078,-0.204098125,0
2557,-0.012220242,2018,1.16E-05,1.143529249,-0.382352941,-0.397058824,1.02359093,0.21132615,0.449355767,0.227093975,0
2559,0.006208028,2018,1.22E-05,0.083207151,0.112745098,-0.301470588,0.994055893,1.095498099,0.396372635,-0.289909054,0
2563,-0.085894038,2018,9.87E-06,-0.33263754,-0.975490196,-0.700980392,1.05012094,-1.227537256,-0.796625983,0.095604806,0
2565,0.006086808,2018,2.12E-05,-0.347162386,0.110294118,0.098039216,1.104405033,1.541081157,0.534414199,-0.74969309,0
2571,-0.079077401,2018,1.06E-05,-0.018573241,-0.958333333,-0.588235294,1.173453556,1.634679887,0.018072226,-0.134011793,0
2573,0.097640768,2016,1.17E-05,-0.392578661,0.880452342,-0.531502423,0.960101051,0.728395268,-0.387252689,-0.335474801,0
2573,0.084317315,2019,3.89E-05,-0.051627834,0.913461538,0.689903846,1.084971081,1.122421434,0.22393569,0.5214284,1
2576,-0.062772721,2018,1.45E-05,-0.093866516,-0.924019608,-0.12254902,1.215954294,1.583859662,-0.06011529,0.669665975,0
2576,-0.012454101,2019,1.27E-05,0.033183618,-0.223557692,-0.189903846,0.946671188,1.091456168,-0.25260597,0.393420478,0
2578,-0.037489384,2016,4.24E-05,-0.121710098,-0.570274637,0.670436187,0.726468241,1.536438267,0.864398818,-0.491627056,0
2578,-0.000244569,2017,6.82E-05,-0.076414666,-0.121761658,0.849740933,0.932341407,-0.008230395,-0.402504602,0.08903687,0
2578,-0.052969232,2018,4.14E-05,-0.047806294,-0.884803922,0.642156863,0.507862895,0.579014065,-0.060027408,-0.134762354,0
2578,0.048714588,2019,3.14E-05,-0.097564114,0.728365385,0.560096154,0.666786582,0.966892668,-0.086119735,0.309739549,0
2580,-0.003711885,2017,1.30E-05,-0.105198688,-0.479274611,-0.321243523,0.798624483,1.864393106,-0.355127667,0.323528874,0
2580,-0.077995824,2018,2.56E-05,-0.042024477,-0.955882353,0.308823529,1.248862231,1.331759866,0.018179084,0.252806631,0
2580,-0.050528116,2019,1.12E-05,0.260040021,-0.764423077,-0.293269231,1.088703587,0.382795562,-0.422305005,0.397225434,0
2582,-0.004268016,2017,4.86E-05,-0.172857988,-0.556994819,0.68134715,0.767882331,0.454908686,-0.014987508,-0.270134675,0
2583,0.000538718,2017,4.02E-05,-0.002964079,-0.023316062,0.590673575,1.04241713,-0.196823189,-1.291719199,0.073095612,0
2583,-0.001081623,2018,3.78E-05,-0.109172634,-0.071078431,0.590686275,1.394934429,0.198604949,-0.80068067,0.259354625,0
2583,-0.01657794,2019,1.47E-05,-0.345070601,-0.307692308,-0.091346154,1.041510554,0.494051483,-1.547069736,0.563137544,0
2593,-0.068176065,2016,2.24E-05,-0.361322131,-0.822294023,0.182552504,1.15179281,0.735791283,-0.640039763,0.139319601,0
2593,0.003855577,2017,3.12E-05,0.14193648,0.388601036,0.388601036,0.969604773,1.049128924,-0.174169224,0.163749713,0
2593,0.004143743,2018,4.19E-05,-0.102934034,0.058823529,0.649509804,1.031272133,1.310688752,0.263664126,0.344134359,0
2593,-0.111916926,2019,1.11E-05,0.083116543,-0.983173077,-0.319711538,1.146370088,0.991029919,-0.224874823,0.452018617,0
2596,0.131002833,2018,8.57E-06,-0.188441319,0.990196078,-0.87254902,1.154535888,0.969530406,-0.32787489,0.201193794,0
2596,0.032744669,2019,8.34E-06,-0.284798942,0.576923077,-0.824519231,1.126886222,2.029648286,0.160197187,0.581641294,0
2598,0.006744202,2017,1.39E-05,-0.042706362,0.60880829,-0.248704663,1.159449089,0.68701616,-0.149638113,0.227174036,1
2598,-0.017360878,2018,2.62E-05,-0.108570266,-0.465686275,0.343137255,0.924061224,0.751511571,0.151516799,0.008663605,1
2603,0.001391789,2017,9.56E-06,-0.178387675,0.075129534,-0.808290155,0.942746744,0.208296665,-0.264899258,-0.323668651,0
2603,-0.040898947,2018,9.53E-06,1.698001181,-0.786764706,-0.75,1.06843602,0.782203186,0.407745909,0.271982566,0
2603,-0.023182624,2019,8.74E-06,-0.079476316,-0.420673077,-0.764423077,-0.225119173,1.012628096,0.617752229,-1.422422599,0
2606,-0.091030499,2018,3.57E-05,0.327857804,-0.982843137,0.529411765,1.008362939,1.571088778,0.112051501,-0.482309772,0
2606,-0.074932921,2019,4.40E-05,-0.078949632,-0.90625,0.762019231,0.990088377,1.46828069,-0.063379948,0.737385644,0
2611,0.002858656,2018,1.03E-05,0.179621125,0.034313725,-0.634803922,1.107378277,1.155090767,-0.049166753,-0.281466568,0
2611,0.220919089,2019,4.70E-05,-0.01106962,0.985576923,0.778846154,1.015105074,0.584955365,-0.735900239,-0.057662047,0
2613,0.066992397,2016,1.28E-05,-0.383476539,0.744749596,-0.340872375,0.83818833,1.454447403,-0.205721122,-0.2341494,0
2613,-0.001687035,2017,1.11E-05,-0.077605009,-0.313471503,-0.603626943,1.005691794,1.407922903,0.147712579,0.257212079,0
2613,0.008297985,2018,6.52E-05,0.495907276,0.198529412,0.870098039,1.084366612,1.26236789,0.477351523,-0.323113561,0
2613,0.020228627,2019,5.08E-05,-0.185483321,0.382211538,0.8125,1.128705047,0.481979063,-1.51866037,0.623243667,0
2615,0.006376633,2017,2.69E-05,-0.091287722,0.588082902,0.266839378,0.841175179,0.715749807,-0.100588861,0.405510192,0
2615,-0.020281834,2018,1.18E-05,-0.148656255,-0.541666667,-0.352941176,1.022666106,1.478806431,0.379562136,-0.055196003,0
2615,0.023692341,2019,9.32E-06,-0.048538111,0.439903846,-0.665865385,0.88620676,1.514617293,0.644342875,0.084739182,0
2620,0.199936959,2016,1.19E-05,-0.570997559,0.993537964,-0.49273021,0.923539293,2.435491677,0.586551111,0.340281839,0
2620,-0.055082492,2018,1.11E-05,-0.124579209,-0.892156863,-0.490196078,1.118166777,1.109375813,0.253869898,0.021684243,0
2622,0.00156996,2018,2.30E-05,-0.075743353,-0.004901961,0.191176471,1.240292684,1.796982358,-0.267180646,-1.030347628,0
2622,0.081051242,2019,1.03E-05,0.556093684,0.899038462,-0.480769231,1.389185585,0.914243697,-0.216576374,0.626840511,0
2623,-0.068432752,2016,2.29E-05,-0.375478293,-0.831987076,0.221324717,0.950542724,2.528731134,0.445136593,0.14159778,0
2628,0.034333483,2018,2.17E-05,-0.273412909,0.703431373,0.117647059,1.141906172,1.418108625,0.716814551,-0.289030096,0
2630,-0.026804649,2019,6.58E-05,0.067108754,-0.471153846,0.901442308,1.082118756,1.31024395,-0.036091957,0.666244278,0
2632,0.022060265,2018,1.28E-05,0.213413891,0.5,-0.240196078,1.05968974,0.423769629,-0.301939744,0.374672372,0
2637,0.00645475,2019,1.81E-05,0.521954832,0.149038462,0.038461538,0.819784417,0.619273487,0.927288015,-0.951144929,0
2639,-0.02471931,2016,1.29E-05,-0.301294694,-0.424878837,-0.331179321,0.652753583,0.690375528,-1.386521741,-0.202031052,0
2639,0.004054187,2017,1.37E-05,0.254442584,0.424870466,-0.259067358,0.626715827,0.320654855,-0.638465091,0.278449962,0
2639,-0.036460778,2018,1.26E-05,-0.170653323,-0.74754902,-0.257352941,0.876532108,2.093592505,1.348513163,-0.83055416,0
2640,0.002635492,2017,6.24E-05,-0.452224997,0.230569948,0.795336788,1.169906361,0.258030507,-0.816594604,0.4274394,0
2640,-0.017515916,2018,1.78E-05,-0.228629256,-0.477941176,-0.012254902,0.974342108,0.088301617,-0.757668524,-0.234421664,0
2640,0.010070207,2019,9.04E-06,-0.466568423,0.21875,-0.725961538,1.109735554,2.012409123,0.004554909,0.25820684,1
2641,-0.009253881,2018,2.22E-05,0.660204154,-0.299019608,0.159313725,0.775147469,0.7325627,0.078974027,-0.246529582,0
2644,0.063072331,2016,1.59E-05,0.094615009,0.731825525,-0.088852989,1.072736061,0.547220338,-0.19302437,0.255560921,1
2644,-0.000609291,2017,5.86E-05,-0.337677133,-0.186528497,0.779792746,1.086235473,0.43063325,-0.059594608,-0.081205542,1
2644,0.005265243,2018,0.000102678,0.195926604,0.088235294,0.975490196,0.8047285,0.41758675,0.221464177,-0.20578577,1
2644,0.004454186,2019,3.48E-05,0.061443516,0.134615385,0.622596154,0.092534339,1.408404464,0.621557685,-0.49940965,1
2645,-0.004619737,2017,2.90E-05,9.95E-06,-0.577720207,0.329015544,1.292847411,0.528695838,-1.099103715,-0.087556987,0
2649,-0.007251607,2017,9.86E-06,-0.02820863,-0.712435233,-0.772020725,1.352979702,0.923719165,-0.926949961,-0.413290783,0
2649,-0.028991531,2018,3.16E-05,0.038238754,-0.661764706,0.473039216,1.086251673,0.484545808,-1.278381322,0.445040451,0
2649,-0.00568363,2019,4.94E-05,0.135490538,-0.074519231,0.798076923,1.195938509,0.818379042,-0.898822952,-0.487192497,0
2651,-0.000486607,2018,1.14E-05,-0.010995487,-0.053921569,-0.431372549,1.037924673,1.076083852,-0.445247385,0.001066475,0
2659,0.014764577,2016,8.35E-05,-0.124275781,0.176090468,0.919224556,0.797389736,1.501622841,0.738086363,-0.275093788,1
2660,0.030256984,2018,1.03E-05,0.204388324,0.642156863,-0.634803922,1.172737444,1.660385069,-0.179455494,-0.232574943,0
2664,-0.005868711,2019,1.07E-05,0.17540182,-0.079326923,-0.408653846,1.072043697,0.783310781,-0.235135781,0.259572624,0
2665,-0.037310294,2016,0.00010323,-0.204395652,-0.563812601,0.957996769,0.440334503,0.380318349,-1.092959234,-0.068996796,0
2667,-0.056054341,2016,1.31E-05,-0.447521058,-0.764135703,-0.308562197,0.915976881,0.175601584,-1.104099462,0.570120948,0
2667,-0.000980495,2017,1.19E-05,0.294855151,-0.227979275,-0.492227979,0.922926074,1.869844519,0.545055325,-0.070932856,0
2667,-0.013271689,2018,1.18E-05,-0.202202916,-0.404411765,-0.352941176,1.042452572,0.558909527,-0.649922929,0.187911654,0
2667,-0.01572062,2019,1.04E-05,1.122823708,-0.278846154,-0.466346154,1.17270759,1.301538853,0.34647639,0.40888276,0
2669,0.016218018,2018,3.01E-05,0.198170356,0.384803922,0.43627451,1.151796702,1.448411762,0.354683449,-0.281159377,0
2669,-0.085781239,2019,4.36E-05,-0.137436118,-0.925480769,0.754807692,1.022187218,0.738886063,-1.184708748,0.596485264,1
2672,0.046358845,2019,8.20E-06,-0.169140251,0.711538462,-0.850961538,1.054528549,0.718804257,0.337497805,-0.211420578,1
2678,-0.073707212,2016,1.05E-05,-0.338424573,-0.864297254,-0.709208401,0.850608827,1.009406445,0.310565525,0.619454885,1
2678,-0.000448583,2017,2.04E-05,0.160352522,-0.152849741,-0.015544041,0.855630169,0.615383851,-0.317779882,0.082398919,1
2678,-0.002410757,2018,9.56E-06,-0.053460677,-0.110294118,-0.742647059,0.644500088,0.539393045,-0.400223153,0.09278512,1
2682,-0.016709281,2017,1.16E-05,-0.040974819,-0.888601036,-0.528497409,1.174773527,1.097353452,-0.142522223,0.474453076,1
2682,0.017265817,2018,2.07E-05,-0.224087605,0.411764706,0.085784314,1.157590665,1.511755484,0.725059214,-0.333903944,1
2682,0.022662811,2019,9.82E-06,-0.154915153,0.425480769,-0.569711538,0.884872252,0.900514379,-0.128699547,0.319397555,1
2683,-0.037781827,2018,1.11E-05,1.941437315,-0.759803922,-0.490196078,1.02465633,0.517376852,-0.436782427,-0.131519369,1
2683,-0.027128876,2019,1.00E-05,-0.206383126,-0.478365385,-0.526442308,1.289534724,0.419805091,-0.978828925,-0.921789949,1
2685,-0.111825845,2017,2.03E-05,-0.29635276,-0.987046632,-0.018134715,1.286835799,0.796804478,0.012218106,0.442072061,0
2685,-0.019870192,2018,9.71E-06,0.00497825,-0.529411765,-0.718137255,1.091324386,1.235019427,0.367481557,0.013689508,0
2688,0.011331951,2016,1.03E-05,-0.417008808,0.114701131,-0.741518578,1.065755949,0.929286765,0.29139888,-0.375143833,0
2692,0.004648199,2017,1.25E-05,-0.071853947,0.471502591,-0.386010363,0.747226573,0.263743802,-0.822398247,1.017705641,0
2696,-0.007328596,2019,2.03E-05,-0.197247355,-0.132211538,0.223557692,0.835532001,1.082268736,-0.861010338,0.236953923,0
2707,-0.045920137,2016,2.19E-05,-0.277923463,-0.660743134,0.153473344,0.643350279,0.993872257,0.150570705,0.471916292,0
2707,-0.011622674,2017,3.34E-05,-0.377653975,-0.847150259,0.450777202,1.240109874,0.720311442,-0.409584285,0.222620702,0
2707,-0.023676373,2018,2.86E-05,0.173070087,-0.573529412,0.409313725,1.341749532,0.819474066,0.07547969,-0.378507897,0
2707,-0.047934428,2019,2.83E-05,-0.156588736,-0.737980769,0.480769231,1.282112609,1.590803137,0.66046015,-0.524750985,0
2715,0.039555935,2016,1.15E-05,-0.506754107,0.541195477,-0.576736672,0.884896603,0.901566527,-0.022498215,-0.159211448,0
2715,0.005020644,2017,2.12E-05,0.117336222,0.505181347,0.033678756,1.094266601,1.066308384,0.335630848,-0.002577519,0
2715,0.021703371,2018,2.40E-05,0.530363171,0.492647059,0.237745098,0.971666889,0.956201354,0.233889065,0.02551217,0
2715,0.001592411,2019,1.15E-05,-0.217071793,0.079326923,-0.262019231,1.210016985,-0.024785847,0.116448584,-0.390532911,0
2722,0.006966474,2017,2.45E-05,-0.139150457,0.619170984,0.18134715,1.00621853,0.940666086,-0.468756094,-0.324309933,0
2722,-0.021697282,2018,1.16E-05,-0.195754574,-0.558823529,-0.397058824,0.96180436,1.148351531,0.425354542,-0.156593107,0
2722,0.053483857,2019,9.74E-06,0.045309355,0.771634615,-0.576923077,0.956261307,1.100213158,0.217575493,-0.09287869,0
2723,0.049821701,2019,1.25E-05,-0.007192031,0.740384615,-0.211538462,1.002639463,1.283454488,0.853654763,-0.373853458,0
2724,0.045083832,2016,1.18E-05,-0.549678428,0.592891761,-0.518578352,1.24642888,1.111513752,-0.013501375,0.211681772,0
2724,0.00235862,2017,1.15E-05,0.046779884,0.212435233,-0.544041451,1.051424409,1.7377425,0.468213748,0.427070252,0
2730,0.009695427,2017,2.62E-05,0.013159602,0.738341969,0.248704663,0.721678982,0.764532159,-0.395409053,0.291224457,0
2731,0.004301306,2018,1.53E-05,-0.254122096,0.06372549,-0.085784314,0.546186316,0.760303673,0.587211548,-0.174999145,0
2737,-0.001151309,2017,2.22E-05,-0.258007324,-0.24611399,0.075129534,0.623657727,0.341487217,-0.444215183,-0.397157652,0
2737,-0.028617856,2018,1.05E-05,0.00584188,-0.659313725,-0.595588235,0.993851746,-0.019074936,-0.209020645,-0.723254646,0
2737,0.011334528,2019,1.97E-05,0.098585512,0.237980769,0.175480769,0.225565777,0.591873213,0.358788533,-0.57424667,0
2738,0.015284678,2016,8.18E-05,0.068612231,0.182552504,0.91276252,0.852267556,1.734700823,0.03362888,-0.231654076,0
2738,0.001432002,2017,6.56E-05,-0.200621169,0.088082902,0.831606218,1.644511951,1.872338283,1.078595037,-0.298600566,0
2738,0.075243556,2018,2.48E-05,-0.158136114,0.955882353,0.276960784,1.064710168,0.576793246,-0.308912907,-0.097263935,0
2743,-0.043723685,2016,3.54E-05,-0.438282798,-0.628432956,0.563812601,1.60932157,1.023734028,-0.474656961,0.248469488,0
2743,-0.033111597,2017,4.59E-05,-0.139415766,-0.958549223,0.652849741,1.285509748,0.572467283,-0.868882325,1.076206707,0
2743,0.032243288,2018,2.35E-05,0.02389833,0.666666667,0.218137255,1.134703517,1.199230067,0.45399563,0.116179653,0
2743,-0.002016286,2019,1.12E-05,-0.059781318,0.004807692,-0.293269231,1.101797846,1.426633035,0.482387237,0.079821497,0
2752,-0.075080167,2019,9.12E-06,0.013869404,-0.908653846,-0.711538462,0.771981819,0.643063566,0.451596465,-0.35719084,0
2755,-0.017478347,2016,1.50E-05,-0.504001818,-0.308562197,-0.137318255,1.559828871,1.992101752,-0.50710607,-0.181244195,0
2755,-0.020154463,2017,2.32E-05,0.208374363,-0.914507772,0.124352332,1.063245489,1.254271568,-0.280185898,0.126481695,0
2761,0.128140723,2019,1.55E-05,-0.061463246,0.963942308,-0.048076923,1.001696766,1.437650611,0.38190525,0.056680932,1
2762,0.01267369,2017,2.30E-05,-0.189991518,0.813471503,0.111398964,1.222145931,1.637178731,-0.032428742,0.262187554,0
2767,0.03345568,2016,1.65E-05,-0.426657795,0.460420032,-0.059773829,1.033092963,1.490900026,-0.483079356,0.314565643,0
2767,0.007342585,2017,1.55E-05,0.093961376,0.64507772,-0.17357513,1.360666947,1.187692867,-0.624968136,0.64979267,0
2767,-0.006429702,2018,1.36E-05,-0.214799523,-0.232843137,-0.178921569,0.772633136,0.988317151,0.073619009,0.324652114,0
2769,0.137097085,2016,7.99E-05,-0.185885859,0.964458805,0.903069467,1.157835725,1.638796176,-0.374150684,0.495569373,0
2769,-0.000603854,2017,4.75E-05,-0.23386333,-0.183937824,0.670984456,1.147678292,1.640446379,0.253172987,-0.131924388,0
2769,0.020293765,2018,4.61E-05,-0.258964935,0.465686275,0.715686275,1.091907371,1.120574967,0.305097307,-0.59835456,0
2769,0.002414075,2019,1.04E-05,-0.163442786,0.096153846,-0.466346154,1.075309984,1.644232395,0.05667432,-0.07605799,1
2772,0.026211564,2018,1.46E-05,-0.012318295,0.578431373,-0.120098039,0.912610665,1.011161576,0.049757551,0.022815489,0
2772,0.013419532,2019,1.46E-05,0.873185289,0.28125,-0.098557692,0.92310853,0.660481051,0.257055603,-0.161519253,0
2774,-0.005314451,2018,2.88E-05,-0.199044364,-0.200980392,0.414215686,0.837348351,1.05094118,-0.032880855,-0.230941034,0
2774,0.060766831,2019,6.03E-05,-0.050397057,0.805288462,0.882211538,0.75151751,1.177378435,-0.120893331,-0.034472487,0
2781,-0.047334886,2018,3.08E-05,-0.228920729,-0.848039216,0.455882353,0.803871966,0.833756273,0.840361988,-0.333829528,0
2783,0.048560682,2019,7.90E-06,-0.074672989,0.723557692,-0.896634615,1.153837777,1.603338604,-0.467588784,0.777807289,1
2785,-0.015817725,2017,6.78E-05,0.015278622,-0.883419689,0.844559585,1.103349685,1.562672094,0.389149351,0.679664211,0
2785,0.00361468,2018,7.67E-05,0.498797561,0.046568627,0.921568627,0.851501971,1.338501454,0.680296524,-0.052478203,0
2785,0.007860923,2019,4.96E-05,0.191885607,0.180288462,0.802884615,1.119810139,0.63355595,1.017214837,-0.282901073,0
2787,0.063260902,2018,1.02E-05,-0.090116029,0.921568627,-0.656862745,1.10631904,1.141698941,0.301942711,-0.38765291,0
2789,0.001942651,2017,2.61E-05,-0.137121593,0.160621762,0.240932642,1.113282709,1.636081268,-0.034120507,0.175906167,0
2791,-0.00035249,2017,7.13E-05,0.288305512,-0.137305699,0.873056995,1.003912041,1.553772833,0.13290879,0.386652285,0
2791,-0.01556186,2018,5.66E-05,4.87687935,-0.450980392,0.81127451,0.94970818,0.940450603,-0.306767361,0.135465436,0
2791,-0.002687104,2019,3.10E-05,1.038063644,-0.012019231,0.552884615,1.028636673,-0.280958226,0.221970827,-0.207482709,0
2793,0.117747791,2019,9.16E-06,-0.25711921,0.949519231,-0.704326923,0.56714508,1.360202084,1.193263342,-1.380200037,0
2799,0.007600463,2017,2.40E-05,-0.258568936,0.647668394,0.160621762,0.730428114,-0.153813323,-1.530521399,-0.544127697,1
2799,0.0708642,2018,1.20E-05,0.389230195,0.948529412,-0.325980392,1.078046401,0.944653654,0.009279778,-0.255248035,1
2801,0.010720779,2017,0.000250535,0.008660759,0.772020725,0.994818653,1.405703775,1.43245302,-0.050150911,0.225312831,0
2801,0.003055504,2018,0.000120592,0.543154221,0.039215686,0.985294118,0.915041228,1.096994408,0.258878849,0.144456652,0
2801,-0.00710656,2019,0.00011505,0.246930693,-0.127403846,0.978365385,0.866146454,0.057348966,-0.093541691,0.007566223,0
2802,-0.022775087,2017,1.20E-05,-0.182502269,-0.930051813,-0.461139896,1.401498342,2.24906609,1.074086379,0.376225362,0
2802,0.006301816,2018,1.24E-05,0.156673671,0.12254902,-0.267156863,0.960221952,0.553813648,-0.363199171,0.37315251,0
2802,-0.046015055,2019,1.00E-05,0.356476751,-0.711538462,-0.526442308,0.943402527,1.241419145,0.134727303,0.097716975,0
2803,0.025995275,2018,3.65E-05,1.096230254,0.575980392,0.556372549,1.287651937,0.792828491,-0.064342771,0.356944123,0
2811,-0.001522691,2017,0.000111464,-0.03857476,-0.29015544,0.948186528,1.356541117,0.913673771,-0.271893748,0.800070027,0
2811,-0.043139146,2018,7.24E-05,0.019440102,-0.821078431,0.901960784,1.009051797,1.395703667,0.290547422,-0.152852968,0
2811,0.036609347,2019,6.09E-05,-0.136989142,0.617788462,0.884615385,0.853923773,0.820516341,-0.373954674,0.639322032,0
2818,0.00770246,2019,2.06E-05,0.008116352,0.175480769,0.240384615,0.978134496,0.577877283,0.291440829,0.333246901,0
2822,-0.009640554,2017,1.21E-05,0.085889424,-0.79015544,-0.440414508,1.227844364,2.114303651,0.746327542,0.391182448,0
2822,-0.015413174,2018,2.49E-05,0.349115298,-0.441176471,0.286764706,1.022500754,0.91062491,0.504056959,-0.009082016,0
2822,-0.029364238,2019,2.18E-05,-0.291637039,-0.516826923,0.305288462,0.915498854,0.358511587,-0.423552854,-0.093993092,0
2826,0.037493748,2018,1.20E-05,0.086409732,0.735294118,-0.325980392,1.129754229,1.35244283,0.25098537,-0.476273636,0
2828,-0.01820013,2018,1.22E-05,-0.350719882,-0.495098039,-0.301470588,1.132482849,1.356042209,-0.195241696,-0.072660902,0
2828,-0.002164654,2019,1.12E-05,-0.088429354,0,-0.293269231,0.999345114,0.690193204,-0.510891817,1.032748121,0
2829,-0.050113022,2018,1.13E-05,0.65236896,-0.865196078,-0.446078431,0.86661503,1.236669976,-0.458335524,0.224049595,0
2831,-0.044659658,2018,1.07E-05,0.428667899,-0.838235294,-0.571078431,0.829365453,0.096503159,-0.339681054,0.616656501,0
2831,0.052831157,2019,1.02E-05,0.073231631,0.762019231,-0.497596154,1.078364011,-0.152413169,-0.253108043,-0.016770554,0
2842,-0.012512255,2018,2.38E-05,-0.46678193,-0.389705882,0.230392157,1.187826509,0.246718488,-0.527689792,0.251553745,0
2842,-0.053933551,2019,2.11E-05,-0.036499309,-0.795673077,0.276442308,0.893277863,1.141493101,-0.084349024,0.289844768,0
2843,-0.013423919,2018,3.63E-05,-0.074869884,-0.411764706,0.551470588,0.986951592,0.871752982,0.088076579,-0.139148898,0
2843,-0.006413113,2019,6.09E-05,0.018681714,-0.098557692,0.884615385,0.967458238,0.776031606,-0.527096148,0.733344142,0
2868,0.031921887,2018,9.02E-05,-0.149407641,0.659313725,0.960784314,1.055930974,1.393947591,0.989601255,-0.253225079,0
2868,0.039247623,2019,8.43E-05,-0.264858072,0.639423077,0.939903846,0.776319995,0.821379135,0.082122138,0.076187518,0
2869,0.024600361,2018,1.06E-05,0.680965837,0.549019608,-0.588235294,1.047390268,0.61558928,-1.03661245,0.493913475,0
2869,0.00733945,2019,1.72E-05,-0.453915044,0.168269231,0.007211538,1.094548964,0.398290282,-1.227862674,-0.211532045,0
2883,0.00926318,2018,2.44E-05,0.157685937,0.215686275,0.264705882,1.325227157,1.482151828,1.001223266,0.072625607,0
2883,0.026019266,2019,3.52E-05,-0.307188049,0.461538462,0.629807692,1.083666982,0.819602356,0.268166862,0.19342879,0
2889,0.016058949,2018,8.26E-05,-0.059756179,0.37745098,0.941176471,1.168884554,0.798862504,-0.211624959,-0.167850083,0
2889,-0.050060811,2019,2.35E-05,0.081514112,-0.759615385,0.379807692,1.26182742,1.135066644,-0.067327542,0.228107942,0
2892,-0.004902666,2018,1.27E-05,-0.251134792,-0.183823529,-0.24754902,0.959927181,0.1996015,-0.519399155,-0.012123147,0
2899,0.059418136,2018,2.02E-05,-0.050358386,0.909313725,0.066176471,1.106308292,2.254595006,0.518188212,0.27312876,0
2903,-0.062318313,2019,1.25E-05,-0.008646606,-0.84375,-0.211538462,1.053770962,1.607113146,0.573177118,-0.379467781,0
2912,0.082342742,2018,1.17E-05,0.717485413,0.958333333,-0.375,0.993901164,-0.674160798,-1.742554233,0.69254891,1
2912,0.02034104,2019,1.05E-05,-0.604279281,0.387019231,-0.439903846,1.244422886,-0.7172029,-1.714558713,-0.388779259,1
2917,0.126340372,2019,2.19E-05,-0.10283172,0.961538462,0.310096154,1.007168288,1.929547173,0.199679931,-0.263672803,0
2918,0.058731797,2019,9.73E-06,0.048557275,0.795673077,-0.581730769,1.434756927,0.368760957,0.705521357,-0.349214976,0
2928,0.052991551,2019,1.06E-05,0.489107138,0.769230769,-0.420673077,1.150788849,0.673640708,0.421337582,0.431804042,0
2929,-0.03966131,2019,1.77E-05,-0.115066511,-0.637019231,0.024038462,1.088905204,0.891575602,-0.614150452,0.606718736,0
2941,0.017334492,2019,4.97E-05,-0.253894277,0.34375,0.805288462,1.327845948,1.535474868,0.470321565,0.962448255,1
300001,0.0367886,2016,9.82E-06,-0.329106608,0.495961228,-0.802907916,0.848588823,0.885230343,-0.474306702,-0.178867139,0
300001,0.000466852,2017,1.86E-05,0.563262208,-0.031088083,-0.080310881,1.026682059,0.459704416,-0.713218721,0.438300822,0
300004,0.047219855,2016,2.62E-05,-0.677697209,0.621970921,0.357027464,1.201602332,0.969912662,-0.12813602,0.089453568,0
300004,0.000583349,2017,7.19E-05,0.181116633,-0.018134715,0.875647668,0.315067319,1.49583144,-0.364011301,-0.302790344,0
300004,-0.015541471,2018,4.46E-05,0.157035442,-0.448529412,0.693627451,1.332033313,1.959853087,0.287707305,-0.184891654,0
300004,0.067895457,2019,3.83E-05,0.020364416,0.848557692,0.685096154,1.030010177,1.172480381,0.53428947,-0.691628908,0
300008,-0.150374518,2016,1.12E-05,-0.425727316,-0.980613893,-0.615508885,0.790990076,1.025085265,-1.398457811,0.224389814,0
300008,-0.017598792,2017,2.00E-05,-0.20788243,-0.893782383,-0.031088083,0.995639454,0.261606234,-1.476109972,0.744460821,0
300008,0.026987062,2018,1.11E-05,-0.175591363,0.595588235,-0.490196078,1.126696695,0.675768428,-2.684534934,0.777675252,0
300008,-0.036839501,2019,1.10E-05,0.629588076,-0.610576923,-0.331730769,0.851911591,1.176676229,-0.745008599,1.048294095,0
300011,0.119869813,2016,2.26E-05,-0.607680918,0.945072698,0.195476575,0.825279613,0.647901977,-0.839396204,0.022872168,0
300011,0.008219591,2017,4.03E-05,-0.035073148,0.686528497,0.593264249,1.231223016,1.217353705,-0.334180821,0.325629849,0
300011,-0.004096834,2018,8.96E-06,-0.072000076,-0.156862745,-0.833333333,1.238700832,1.083075178,0.115304764,-0.087098978,0
300012,0.004145231,2017,7.94E-06,0.86201744,0.432642487,-0.968911917,1.109862797,-0.298851786,-1.604326482,-0.323744421,0
300015,0.000435,2017,1.69E-05,0.235290867,-0.03626943,-0.142487047,1.021270531,-0.330210358,-0.711303313,-0.092696229,0
300017,-0.030160906,2016,9.66E-06,-0.123746565,-0.489499192,-0.82552504,0.820084653,1.931213299,0.815949106,0.723774883,0
300017,0.006488473,2017,2.53E-05,-0.006422776,0.601036269,0.212435233,1.080210296,0.421307075,-1.378577866,-0.133819388,0
300017,-0.056351187,2018,8.60E-06,-0.221698128,-0.901960784,-0.865196078,0.918088094,-0.763804525,-2.374291956,0.169530328,0
300017,-0.108567009,2019,1.62E-05,-0.320737766,-0.973557692,-0.028846154,1.484500218,0.977457303,-0.933406027,0.369463922,0
300018,-0.04901878,2016,2.48E-05,-0.420586881,-0.699515347,0.308562197,1.175279437,1.193767908,-0.56547913,-0.249008207,0
300018,0.057264341,2019,1.04E-05,-0.040932334,0.790865385,-0.466346154,1.070816976,1.885917,-0.808878639,-0.030960294,0
300019,0.015523239,2016,1.38E-05,-0.342607774,0.192245557,-0.231017771,1.07232195,1.860427771,-0.721253973,0.380648415,0
300019,0.001178468,2017,1.27E-05,-0.014972746,0.059585492,-0.360103627,1.159976276,2.386838982,0.680089641,0.096427289,0
300019,-0.0847025,2018,1.40E-05,0.749130054,-0.970588235,-0.154411765,1.183867304,1.257789628,0.46491566,-0.005738558,0
300019,-0.021909746,2019,1.17E-05,0.491267288,-0.396634615,-0.247596154,1.357436303,0.733467177,0.177127965,0.006279096,0
300021,0.018772961,2016,1.16E-05,-0.378856785,0.253634895,-0.55088853,0.65323726,0.724636381,-0.801668045,-0.671135599,0
300021,-0.016462096,2018,1.96E-05,-0.25248341,-0.453431373,0.049019608,0.924594762,0.970724669,-0.263670931,-0.411331224,0
300021,0.091103955,2019,2.00E-05,0.196589957,0.930288462,0.201923077,1.115719779,1.383372368,0.236912756,0.281275321,0
300024,-0.00934471,2018,1.98E-05,-0.116030032,-0.301470588,0.058823529,0.956596071,0.439205278,-0.740391399,0.045816875,1
300024,-0.020444155,2019,8.45E-06,-0.231679448,-0.365384615,-0.819711538,1.121595754,0.58737707,-0.537870586,0.308014196,1
300027,-0.018740829,2018,2.56E-05,-0.26408038,-0.507352941,0.308823529,1.049421468,0.817251256,-0.647000789,0.179015294,0
300031,-0.000875661,2017,1.19E-05,-0.111465491,-0.220207254,-0.492227979,0.82321731,0.605131517,-0.484141899,0.574837796,0
300032,0.014229999,2016,2.23E-05,-0.602119321,0.166397415,0.176090468,0.772796171,0.873436008,-0.298582825,-0.398654052,0
300034,-0.00657275,2018,2.63E-05,0.245480561,-0.240196078,0.348039216,1.117249024,0.889156717,-0.154609456,-0.01686777,1
300034,0.0897197,2019,2.10E-05,0.709503957,0.925480769,0.269230769,0.936994332,0.359254489,-0.836757952,-0.616802102,1
300035,-0.004632971,2017,1.07E-05,0.033782628,-0.582901554,-0.665803109,1.393437828,1.939386179,-0.118036398,-0.034407441,0
300035,0.020189689,2018,9.65E-06,0.608722041,0.458333333,-0.727941176,1.256529317,1.593438752,0.770850032,-0.378163921,0
300036,-0.030704381,2016,5.65E-05,0.234504377,-0.495961228,0.809369952,1.279045205,1.305022188,-0.125657992,-0.256799095,0
300036,-0.002333605,2017,2.01E-05,-0.282856511,-0.375647668,-0.028497409,1.064195034,0.208867574,-1.993794848,-0.499750568,0
300036,-0.004102799,2018,9.54E-06,0.682517367,-0.159313725,-0.745098039,1.033831358,-0.329850716,-2.038706253,0.235341849,0
300039,-0.003673628,2017,1.26E-05,-0.227298116,-0.471502591,-0.380829016,0.801867193,1.126043852,0.012062594,-0.094889324,0
300040,-0.001230171,2017,3.97E-05,0.021902879,-0.261658031,0.580310881,1.066381634,1.690876305,0.028923883,-0.055233535,0
300040,-0.034828876,2018,3.66E-05,0.02284402,-0.727941176,0.558823529,1.210799525,1.866396474,0.502767,-0.334906621,0
300040,-0.006866496,2019,4.37E-05,0.456025621,-0.112980769,0.757211538,1.196033554,1.069106834,0.02401512,0.274292004,0
300041,0.016808398,2016,1.22E-05,-0.257632333,0.208400646,-0.460420032,1.20573827,0.952332213,0.168386431,-0.75412023,0
300041,-0.009157531,2017,1.11E-05,0.051997137,-0.779792746,-0.603626943,1.088940911,1.114291516,-0.15144456,0.398610556,0
300041,-0.051325319,2018,2.18E-05,0.576526794,-0.87745098,0.12745098,0.5453562,0.744765093,0.169382943,-0.191543398,0
300041,-0.019002387,2019,2.76E-05,-0.062134502,-0.346153846,0.471153846,0.791470822,0.807616552,-0.770167493,0.051504253,0
300043,-0.002900996,2018,9.65E-06,-0.171116548,-0.112745098,-0.727941176,0.928156409,1.195445576,-0.824579896,-0.053291923,0
300044,-0.022951601,2017,1.70E-05,0.008763218,-0.935233161,-0.137305699,1.306643904,1.216370687,-0.964153464,-0.690124429,0
300044,-0.039366073,2018,8.59E-06,-0.083410167,-0.772058824,-0.870098039,1.198852835,0.435972146,-1.189270641,0.192416321,0
300044,-0.039311435,2019,7.37E-06,-0.251906092,-0.627403846,-0.939903846,1.222212097,1.388900341,-1.001246409,-0.16947292,0
300045,0.014036317,2016,1.10E-05,-0.103542897,0.15993538,-0.634894992,1.135258296,0.64229976,-1.205516238,0.20680103,0
300045,-0.004866396,2017,3.89E-05,-0.047975134,-0.606217617,0.57253886,0.86287771,-0.329284069,-2.624170324,0.217063426,0
300045,0.010932728,2018,2.04E-05,0.414128204,0.257352941,0.071078431,1.097604428,0.513449306,-1.690235722,0.888575781,0
300045,-0.073471065,2019,9.45E-06,-0.2466467,-0.899038462,-0.644230769,1.100718886,1.169016293,-1.842891683,-0.27916717,0
300048,0.095869482,2016,1.64E-05,-0.424366915,0.870759289,-0.066235864,1.045505023,1.183909528,-0.923494606,-0.497138621,0
300048,-0.01010691,2017,4.63E-05,-0.082582681,-0.800518135,0.663212435,1.078644368,1.299525531,-0.412145279,0.037531266,0
300048,-0.003457627,2018,5.16E-05,0.314835954,-0.125,0.759803922,1.157796861,1.730909391,0.416559195,-0.780118162,0
300048,-0.06173176,2019,5.68E-05,0.231823878,-0.836538462,0.855769231,1.178350786,0.418666843,-1.275666574,0.837542579,0
300050,-0.004258102,2017,8.54E-06,0.040794934,-0.554404145,-0.937823834,0.888976432,2.205035985,-0.203022944,-0.510052988,0
300053,0.003487005,2017,3.72E-05,-0.151209699,0.35492228,0.531088083,1.199131319,-0.054520771,-2.505815983,-0.21898361,0
300053,0.039985034,2018,1.13E-05,0.071876116,0.754901961,-0.446078431,1.138189549,0.291160444,-1.42964816,0.599956326,0
300055,-0.004421572,2017,1.08E-05,-0.385430978,-0.562176166,-0.652849741,1.496157107,0.493071229,-0.608293413,0.438019206,0
300056,0.060313685,2016,1.97E-05,-0.602509342,0.702746365,0.046849758,1.272893531,1.271597903,0.312573661,0.343792074,0
300056,0.020477547,2017,1.89E-05,0.11396838,0.924870466,-0.062176166,0.873575632,-0.800278489,-2.362077187,1.515090888,0
300056,-0.039335137,2018,8.71E-06,-0.261897212,-0.769607843,-0.855392157,0.694927592,0.826589426,-1.029846733,0.510866742,0
300058,-0.026171292,2018,9.00E-06,0.812403618,-0.607843137,-0.821078431,1.131465548,0.768044257,-0.957782131,0.209760572,0
300058,0.144513525,2019,1.78E-05,-0.229160196,0.973557692,0.03125,1.229671833,0.974170169,-0.508761561,-0.31156825,0
300065,-0.001708019,2018,2.98E-05,-0.19386386,-0.095588235,0.428921569,1.222045861,0.067482674,-1.424631278,0.657007092,0
300066,0.039690176,2016,1.20E-05,-0.34285292,0.55088853,-0.486268174,1.248563603,0.678837922,-1.17890482,0.143571028,0
300066,-0.054460379,2018,1.08E-05,-0.090140914,-0.889705882,-0.544117647,0.889116306,0.596332647,-1.009158486,0.988246522,0
300067,0.007626229,2017,1.13E-05,0.043322564,0.652849741,-0.569948187,1.039576113,2.003711017,0.705944272,-0.621572692,0
300069,-0.027266272,2016,4.93E-05,-0.64069695,-0.450726979,0.738287561,0.766416248,0.242643687,-0.722592982,0.529554561,0
300069,0.005614669,2017,2.57E-05,0.302114712,0.564766839,0.230569948,0.52222736,0.75854657,0.196968052,-0.377947779,0
300069,0.02052919,2018,2.59E-05,0.07360684,0.468137255,0.333333333,1.141898097,1.533111926,-0.048041068,0.225684229,0
300069,-0.100674606,2019,1.20E-05,0.074646064,-0.959134615,-0.233173077,1.086548707,0.806203936,-0.268464718,0.425659749,0
300070,0.018833682,2019,4.48E-05,-0.106920557,0.362980769,0.766826923,1.215699509,1.229193009,0.625306372,0.112053295,0
300072,-0.004862882,2017,8.74E-06,-0.562586023,-0.603626943,-0.914507772,1.34917205,0.202743265,-0.176682102,0.471111506,0
300074,-0.001645552,2017,2.27E-05,0.074597867,-0.310880829,0.090673575,0.821703068,0.314965164,-0.635412355,0.790922152,0
300074,-0.046873447,2019,1.96E-05,-0.073337559,-0.721153846,0.168269231,1.09511533,0.526885613,-1.107855903,-0.851827502,0
300079,-0.011106698,2016,3.67E-05,-0.385770738,-0.208400646,0.599353796,0.965031971,0.762090554,-0.459497978,0.065458696,0
300079,-0.004529961,2017,5.44E-05,0.540387148,-0.569948187,0.75388601,1.188573913,1.162099047,-0.58911402,0.120581552,0
300079,0.007641044,2018,8.19E-05,-0.176454636,0.164215686,0.93872549,0.831730378,0.831325814,-1.412964043,0.11547476,0
300079,-0.115942076,2019,6.67E-05,0.599938813,-0.987980769,0.903846154,1.320342708,1.048746876,-1.240555949,0.448838605,0
300080,-0.03311097,2018,1.72E-05,-0.261578378,-0.708333333,-0.029411765,0.953037053,1.681099874,0.042411402,-0.808379403,1
300082,-0.022796454,2017,4.62E-05,0.39743701,-0.932642487,0.658031088,1.187077922,1.415455377,0.196822634,0.14797892,0
300082,-0.009816091,2018,5.21E-05,0.016788589,-0.323529412,0.767156863,0.983008566,1.067552738,0.455839787,-0.043907015,0
300082,0.014680537,2019,2.99E-05,0.960322828,0.302884615,0.536057692,1.19052119,1.183035632,0.397763404,-0.222577654,0
300087,-0.004340803,2018,8.04E-06,0.430140233,-0.169117647,-0.914215686,0.443576154,0.890299619,0.147142809,-0.708166135,0
300087,0.012690727,2019,3.81E-05,0.673425733,0.259615385,0.680288462,1.080807126,0.759611801,-0.291238714,-0.008557913,0
300091,0.085563568,2016,2.11E-05,0.014468045,0.828756058,0.114701131,0.764341566,0.585004015,0.043339487,-0.126238573,0
300091,0.00030887,2017,3.01E-05,-0.325366435,-0.062176166,0.357512953,0.83623512,-0.00796748,-0.580822218,0.371384459,0
300091,0.051970985,2018,8.78E-06,-0.300746214,0.865196078,-0.848039216,1.326855241,1.440855712,0.801066324,-1.127115684,0
300091,-0.086776354,2019,8.03E-06,0.174858336,-0.9375,-0.875,1.308586928,1.537858261,0.15740757,0.285348958,1
300092,0.043898375,2018,1.32E-05,0.004522079,0.791666667,-0.210784314,1.017980557,1.353479756,0.506662617,-0.522749925,0
300092,-0.009647672,2019,2.33E-05,0.134793298,-0.177884615,0.367788462,0.951710877,1.28532276,0.041862721,0.136496928,0
300093,-0.079149981,2016,2.66E-05,-0.525405315,-0.880452342,0.37641357,0.75465964,1.257197033,-1.242083624,0.260395733,0
300095,0.112094568,2016,1.12E-05,-0.442217805,0.932148627,-0.615508885,0.572860543,0.747345787,0.071242467,-0.159171171,0
300099,0.09447721,2016,3.39E-05,-0.497987284,0.861066236,0.52180937,0.932634466,0.273769173,-1.482302794,1.337733558,0
300100,-0.050870256,2018,1.86E-05,-0.29530012,-0.867647059,0.014705882,1.27020002,1.251705422,-0.28704805,-0.170003311,0
300101,-0.01110681,2016,2.39E-05,-0.005936641,-0.211631664,0.256865913,1.141171714,0.731254708,-1.475771675,0.644963693,0
300101,0.000814465,2017,1.12E-05,-0.284502124,0.010362694,-0.582901554,1.026896868,-0.810243589,-3.059268645,-0.69071026,0
300101,-0.065401385,2019,8.70E-06,0.596924639,-0.862980769,-0.776442308,1.250922745,0.484583339,-1.467941473,0.203686687,0
300102,0.007858714,2017,9.80E-06,-0.124684216,0.665803109,-0.779792746,0.845426878,1.010859541,-0.968593377,-0.421990455,0
300102,-0.027053096,2018,1.88E-05,-0.236574367,-0.632352941,0.022058824,0.883765329,0.557286594,-0.343882412,0.16231704,0
300103,0.060264413,2016,3.36E-05,-0.378388719,0.699515347,0.518578352,0.841538565,2.45106458,-0.109888688,-0.676535002,0
300103,0.019169857,2018,2.69E-05,-0.21835549,0.433823529,0.360294118,1.237415202,1.491728712,1.108770881,-0.948610395,0
300105,0.014302973,2016,1.44E-05,-0.376921723,0.169628433,-0.18901454,1.146794382,1.576768579,-0.03723489,0.322897278,1
300110,0.02500023,2018,3.20E-05,-0.110118404,0.553921569,0.482843137,1.118644295,1.590510122,1.111935694,-0.891266048,0
300114,-0.110398082,2016,1.23E-05,-0.336638119,-0.951534733,-0.447495961,1.058737506,0.051491729,-1.485109542,0.49846689,1
300114,0.005219374,2017,1.21E-05,0.019494386,0.523316062,-0.440414508,0.972964657,0.205316449,-1.773340571,0.050399228,1
300114,-0.009596553,2018,1.07E-05,0.207457453,-0.31127451,-0.571078431,1.12339571,0.460365511,-0.755330643,0.209105964,1
300114,0.013366502,2019,1.02E-05,0.321314892,0.276442308,-0.497596154,1.269170627,0.561310298,-0.832263479,0.181101432,1
300117,0.021404709,2016,5.42E-05,-0.518232631,0.279483037,0.802907916,0.984471147,2.926853054,0.750543162,-1.635962111,0
300117,-0.002811504,2017,2.46E-05,-0.065341343,-0.419689119,0.189119171,1.258132515,1.38772647,-0.244506088,0.342659158,0
300117,0.03166537,2019,8.01E-06,0.719351098,0.548076923,-0.879807692,1.233577883,1.220563429,0.347151326,0.333405812,0
300118,0.021596779,2016,9.75E-06,-0.233435524,0.28917609,-0.809369952,0.766440786,0.790012153,-0.330470791,-0.018479434,0
300118,-0.070786511,2019,3.06E-05,0.289885308,-0.884615385,0.545673077,1.217867756,0.630925222,-0.775155541,-0.324141978,0
300123,-0.018141093,2016,1.04E-05,-0.043435027,-0.31825525,-0.731825525,1.438288963,-0.57181952,-2.853600538,0.529344097,0
300130,-0.003610876,2017,1.74E-05,0.185997004,-0.466321244,-0.121761658,1.066236377,-0.434931398,-1.948220225,0.051354444,0
300130,0.084690834,2018,1.67E-05,-0.131603796,0.968137255,-0.044117647,1.200000512,0.143702433,-0.831428587,-0.027735178,0
300130,-0.06234841,2019,1.47E-05,-0.164054544,-0.846153846,-0.091346154,1.2810322,1.290897853,-0.8936556,0.126581703,0
300135,0.049802292,2016,4.56E-05,-0.506968587,0.644588045,0.715670436,1.193767241,2.029376378,0.751771773,-0.442794749,0
300135,0.005724544,2017,2.91E-05,0.109804562,0.575129534,0.331606218,1.19031276,1.385667026,0.139150233,0.301100927,0
300135,0.033497198,2018,3.84E-05,-0.253903685,0.68627451,0.602941176,1.127504501,1.761726458,1.046968862,-0.228872214,0
300135,-0.00948911,2019,3.18E-05,0.12269312,-0.175480769,0.569711538,1.148590255,1.290747164,0.12828979,0.468042435,0
300139,0.002995094,2016,1.35E-05,0.248413518,-0.024232633,-0.260096931,1.321822634,1.542577115,0.111890854,0.177974839,0
300139,-0.003652834,2017,1.22E-05,-0.175631357,-0.468911917,-0.422279793,0.053391952,0.356446857,-2.00982002,-0.423162249,0
300139,0.002590711,2018,1.50E-05,-0.370580927,0.017156863,-0.105392157,0.571030974,0.42026114,-1.567596523,-0.849210792,0
300140,-0.051804705,2016,2.78E-05,-0.534186722,-0.722132472,0.415185784,1.253372585,1.100631956,-0.492092186,-0.300007489,1
300140,0.008499345,2017,9.08E-06,0.369142927,0.699481865,-0.857512953,1.425038105,-0.676600575,-1.537216896,0.058509804,1
300140,-0.139434324,2018,2.71E-05,-0.239732,-1,0.370098039,1.191507738,1.535539356,-0.047783592,0.602561966,1
300140,-0.03965666,2019,2.93E-05,-0.316243631,-0.634615385,0.514423077,0.800336948,1.685149623,0.008115708,0.335882761,1
300143,-0.000613875,2017,3.47E-05,-0.355643915,-0.189119171,0.474093264,1.237997786,0.679487367,-0.746482812,0.033060453,0
300147,-0.003160324,2017,8.93E-06,-0.102520411,-0.435233161,-0.883419689,0.857708835,1.409992133,-0.02029698,0.219488591,0
300147,0.006231757,2018,1.83E-05,0.486653034,0.115196078,0.00245098,1.025281307,1.04328522,0.020553265,0.234785857,0
300148,-0.003994875,2018,2.20E-05,-0.029772512,-0.147058824,0.144607843,1.056234783,1.497268586,-0.203624084,-0.456057465,0
300148,0.046536303,2019,8.90E-06,-0.164759089,0.713942308,-0.754807692,1.063081802,1.083426536,-0.094867815,-0.918002184,0
300152,-0.008589565,2018,2.47E-05,-0.537787704,-0.276960784,0.274509804,0.87806306,2.825565829,1.228725475,-0.972165257,0
300153,-0.003443344,2016,1.25E-05,-0.438996379,-0.117932149,-0.408723748,1.11862826,2.130885595,0.079860708,0.420470898,0
300153,0.001251509,2017,0.000108254,-0.150679361,0.064766839,0.945595855,1.321972778,1.380865246,-0.987937368,0.030252876,0
300153,-0.00592718,2018,9.25E-05,-0.29044696,-0.223039216,0.965686275,1.164023315,1.187293851,-0.024717926,-0.311259025,0
300153,-0.102528532,2019,0.00010261,0.458695497,-0.961538462,0.96875,0.881536122,1.162080341,-0.666062942,0.82171348,0
300157,-0.036248981,2017,8.64E-06,-0.22290636,-0.966321244,-0.924870466,1.297082855,1.07801648,0.013071086,-0.221700308,0
300158,0.018677644,2018,9.95E-06,-0.027761125,0.424019608,-0.68872549,0.905661751,0.72306154,-0.026792627,-0.233873687,0
300159,0.061547275,2016,1.07E-05,-0.47171019,0.715670436,-0.676898223,0.864256857,0.479098516,-0.338662569,0.219393146,0
300162,0.012299026,2017,1.15E-05,-0.041224021,0.808290155,-0.544041451,0.938481287,1.457114749,-0.603199473,0.383971482,0
300164,0.02334013,2016,2.48E-05,0.040852173,0.324717286,0.308562197,1.099864992,-0.053017852,-1.854641872,-0.066375234,0
300164,-0.009935538,2017,1.11E-05,-0.101412702,-0.797927461,-0.603626943,1.197993371,0.777191338,-0.618124215,-0.182724026,0
300164,-0.010326335,2018,1.07E-05,-0.396069309,-0.340686275,-0.571078431,1.179060726,1.060338086,0.391979317,-0.186094794,0
300164,0.048800745,2019,9.98E-06,0.083964168,0.730769231,-0.53125,1.02156865,0.850951106,-0.327656721,0.707497713,0
300166,0.002681942,2017,2.95E-05,-0.178400163,0.238341969,0.341968912,0.650569241,-0.408664263,-2.83330477,-0.540497896,0
300169,-0.011271652,2018,9.88E-06,0.32471687,-0.365196078,-0.698529412,0.939117603,1.351475977,0.056165804,-0.207609634,0
300169,0.021874923,2019,9.00E-06,-0.063212037,0.408653846,-0.730769231,1.053904247,0.812798144,-1.162690017,0.054525686,0
300172,0.046761099,2016,1.26E-05,-0.46116552,0.618739903,-0.379644588,1.169370586,2.106560062,0.870706389,-0.590090231,0
300172,-0.002259565,2019,1.94E-05,0.257961656,-0.002403846,0.146634615,0.965856954,0.914845157,0.286512901,0.046492299,0
300176,-0.137749307,2019,2.09E-05,0.306977642,-0.995192308,0.259615385,1.049604405,1.473454359,-0.078630953,0.088432348,0
300177,0.001309887,2017,5.26E-05,-0.007543786,0.069948187,0.722797927,1.385884123,0.519498958,-0.576971851,-0.244418528,0
300177,0.032047557,2018,7.96E-05,0.099105953,0.661764706,0.928921569,0.951433982,-0.296731132,-2.597876875,0.828239705,0
300177,-0.035054864,2019,5.90E-05,-0.000403917,-0.584134615,0.867788462,1.002911235,1.009061593,-1.365534253,0.018614152,0
300179,-0.070741449,2016,1.51E-05,-0.233255444,-0.838449111,-0.121163166,0.933691355,1.485622494,-0.28918371,0.138885999,0
300183,0.001866986,2017,1.45E-05,0.017576963,0.152849741,-0.212435233,1.21493893,0.605275048,-1.39584799,-0.285372535,0
300183,-0.037162508,2019,7.70E-06,0.04557152,-0.612980769,-0.915865385,1.326361708,0.995791302,-1.141371059,0.183303274,0
300187,-0.04731851,2019,1.83E-05,0.522952108,-0.728365385,0.052884615,1.00151835,1.158376447,-0.307617094,0.501249648,0
300188,-0.083412849,2016,7.76E-05,0.680543652,-0.890145396,0.886914378,1.112990629,1.136113705,-0.335852438,0.205199087,0
300188,-0.040666729,2017,8.30E-05,-0.035849616,-0.968911917,0.898963731,0.860493927,-0.229693528,-2.558980484,-0.733019881,0
300188,-0.003662046,2018,5.40E-05,0.100444,-0.132352941,0.781862745,1.075502585,-0.163681618,-1.395583247,-0.073762058,0
300188,0.001810444,2019,1.58E-05,-0.129871952,0.088942308,-0.038461538,0.971920458,0.184305258,-0.753303554,-0.534654165,1
300189,0.009456236,2016,1.98E-05,0.126458205,0.0726979,0.053311793,1.252954509,0.806962568,-0.513260941,-0.095222779,0
300189,-0.000827931,2017,1.06E-05,0.024775738,-0.20984456,-0.689119171,0.248908625,0.416439166,-1.111640543,-0.249736426,0
300190,-0.001287483,2017,1.08E-05,0.408412727,-0.272020725,-0.652849741,1.130841701,0.949090156,-0.316237366,0.180815085,0
300191,0.00986965,2016,3.64E-05,-0.342779406,0.092084006,0.592891761,0.839064248,0.92707413,-1.488552305,-0.312767233,0
300191,-0.041462078,2018,1.09E-05,0.002797366,-0.794117647,-0.517156863,1.005081909,1.030346241,0.015085457,0.220263602,0
300191,0.009616918,2019,2.07E-05,0.215523135,0.209134615,0.247596154,0.975630749,0.667588883,-0.715466857,0.636925678,0
300193,-0.000193804,2017,1.63E-05,0.430591093,-0.113989637,-0.152849741,0.884415178,1.4581507,0.132359163,-0.078537737,0
300193,-0.010426222,2018,1.36E-05,-0.078365568,-0.345588235,-0.178921569,0.780877311,0.074970536,-0.563326295,0.00645532,0
300193,-0.0447144,2019,1.22E-05,1.280313561,-0.704326923,-0.223557692,0.928688995,0.412421104,0.188546883,-0.214672801,0
300195,-0.019200084,2019,7.95E-06,-0.005127584,-0.350961538,-0.889423077,0.785957135,1.335209365,0.227772336,-0.336830879,0
300196,0.000464128,2016,1.37E-05,-0.319200749,-0.056542811,-0.243941842,0.641731111,0.883483748,0.090592083,-0.20561037,0
300197,0.026490998,2019,6.35E-06,0.190371718,0.478365385,-0.978365385,1.001891193,0.998871322,-0.393982784,1.226067323,0
300198,0.07231988,2019,1.88E-05,-0.035839277,0.865384615,0.098557692,0.921124879,0.725547469,-0.443134071,0.777812701,0
300208,0.006895362,2017,0.000131785,-0.214115771,0.616580311,0.974093264,1.564215885,0.366484754,-0.596178379,0.577768695,1
300208,-0.044425201,2018,0.000170089,-0.207330639,-0.835784314,0.99754902,1.295924363,1.450334687,0.247602137,-0.053610174,1
300208,-0.022547062,2019,0.000121682,0.593425648,-0.403846154,0.983173077,0.98459563,1.086665286,-0.262788996,0.280809107,1
300212,-0.01716595,2016,1.98E-05,0.114550995,-0.298869144,0.053311793,1.617921018,1.364684606,-0.801180777,0.55975648,1
300212,-6.14E-05,2017,1.76E-05,0.231412155,-0.095854922,-0.111398964,0.756759282,1.301301725,-0.814903447,-1.0224809,1
300212,-0.011967615,2018,1.63E-05,1.253558225,-0.375,-0.058823529,1.106206577,-0.033019876,-1.101672341,0.188944604,1
300212,0.044081806,2019,1.45E-05,-0.430518679,0.697115385,-0.100961538,1.234557145,-0.08641562,-1.651502726,-0.217132332,1
300213,0.004364771,2016,0.000129086,-0.305529586,-0.004846527,0.987075929,1.483173483,1.284674111,-0.697402802,0.703151744,0
300213,0.008724542,2017,7.03E-05,0.048645375,0.712435233,0.867875648,1.363699014,0.709388121,-1.592827588,-0.221757399,0
300213,-0.059307112,2018,6.28E-05,-0.038484173,-0.914215686,0.855392157,1.042227418,1.281430271,-0.908710102,0.473233871,0
300213,-0.053345377,2019,6.80E-05,-0.023956837,-0.786057692,0.908653846,1.249775521,0.937624247,-0.997042113,0.148795013,0
300215,-0.004900879,2017,1.05E-05,0.06293856,-0.613989637,-0.699481865,1.311886629,1.32388247,-0.200559309,0.179433028,0
300215,0.038000314,2018,2.05E-05,0.03197089,0.74754902,0.075980392,1.119238069,1.545130445,0.234507754,0.010054819,0
300215,0.010216672,2019,3.65E-05,0.355342523,0.223557692,0.653846154,1.010825786,1.296558727,-0.051756888,0.087107863,0
300218,-0.000816481,2017,1.13E-05,0.073024727,-0.204663212,-0.569948187,1.04000855,1.391345464,-0.04892038,0.322045622,0
300218,-0.040263888,2018,1.07E-05,0.026029723,-0.781862745,-0.571078431,0.987536634,1.416190747,0.138329163,0.312462069,0
300218,0.013254844,2019,9.60E-06,1.057160679,0.274038462,-0.610576923,1.029350685,1.031688231,-0.159042147,-0.069519116,0
300226,0.012897094,2019,2.90E-05,-0.252726407,0.264423077,0.504807692,1.235031781,-0.195561843,-1.019936229,-0.07912501,0
300228,0.006996227,2017,3.44E-05,0.046036264,0.621761658,0.468911917,1.404851961,0.809644684,-0.937124611,0.194506367,0
300228,0.050569686,2018,1.07E-05,-0.362080893,0.852941176,-0.571078431,1.356796173,2.0659426,0.707291205,-0.704344607,0
300232,0.043084532,2016,9.16E-06,-0.267152849,0.576736672,-0.873990307,0.798315998,1.719635437,1.220661295,-0.001880762,0
300240,0.029774984,2016,1.09E-05,-0.356546152,0.402261712,-0.654281099,1.613839763,0.686229599,-0.474197918,0.031622328,0
300240,0.042116433,2019,9.09E-06,0.158011858,0.682692308,-0.71875,1.173836999,0.96470349,-0.108612113,0.689752075,0
300243,0.002809847,2017,5.47E-05,0.109624277,0.264248705,0.759067358,0.976507622,1.335882017,-0.060933389,-0.214891674,0
300254,0.08695583,2016,1.05E-05,-0.364672692,0.835218094,-0.709208401,0.942754497,1.025554299,-0.594377194,-0.059942117,0
300257,-0.005821731,2018,1.22E-05,0.162044807,-0.220588235,-0.301470588,1.285839349,0.794526364,0.239237451,0.089355028,0
300259,0.017582311,2017,1.91E-05,-0.049832972,0.906735751,-0.049222798,0.893373081,1.050941047,-0.108664789,0.321543928,0
300259,-0.013868083,2019,8.71E-06,-0.208638175,-0.247596154,-0.774038462,1.15770996,1.27441696,-0.634930746,-0.261370101,0
300262,-0.063048523,2016,3.35E-05,-0.496209259,-0.793214863,0.512116317,1.078004279,1.749347581,1.079799634,0.270297919,0
300262,0.001502141,2017,2.81E-05,0.280035177,0.095854922,0.303108808,1.137678148,1.113923569,-0.147576613,0.106003751,0
300263,-0.00453509,2016,1.18E-05,-0.372888021,-0.127625202,-0.518578352,0.690100151,1.392301396,-0.266082265,-0.369034587,0
300263,-0.006630466,2017,2.05E-05,-0.111969556,-0.691709845,-0.012953368,1.155445712,1.500136826,-0.406858274,-0.458648433,0
300263,0.000540884,2018,9.35E-06,0.672186641,-0.036764706,-0.767156863,1.136739473,0.468448439,-0.250484272,-0.271835208,0
300263,-0.053313468,2019,9.23E-06,-0.14735532,-0.783653846,-0.682692308,1.166637873,0.543810893,-1.439523198,0.153855863,0
300264,0.006495298,2017,9.07E-06,-0.007806906,0.603626943,-0.862694301,0.973418506,1.419954059,-0.477804666,-0.020506432,0
300265,-0.056099702,2018,7.30E-05,0.191376087,-0.899509804,0.906862745,1.13882507,1.850157726,-0.047910782,-0.005319824,0
300265,0.041488619,2019,4.94E-05,-0.142639504,0.665865385,0.798076923,0.566653547,1.314030108,-1.486797984,0.782195988,0
300266,0.059594387,2016,3.30E-05,-0.356128499,0.693053312,0.495961228,0.433920758,0.674328728,0.486413581,-0.007960229,0
300267,-0.030187351,2018,2.96E-05,-0.291802671,-0.671568627,0.424019608,1.125870143,0.574482626,-0.118244222,-0.244181346,0
300267,0.128906942,2019,3.79E-05,-0.03816845,0.966346154,0.673076923,0.64500335,1.01651403,0.283392361,-0.866187094,0
300274,0.024502618,2016,1.02E-05,-0.197407694,0.344103393,-0.770597738,1.123064737,0.640473973,-0.312249192,-0.28835924,0
300274,0.007310996,2017,9.76E-06,0.03326646,0.642487047,-0.79015544,1.404252076,-0.112704808,-1.505162964,0.122393775,0
300274,-0.010943706,2018,1.88E-05,0.516586598,-0.357843137,0.022058824,1.458156841,1.320108108,0.482178049,0.676130994,0
300280,0.111766445,2016,1.54E-05,0.037416663,0.928917609,-0.108239095,0.535351068,-0.088925438,-0.928179286,0.23715195,0
300281,0.002843724,2016,3.63E-05,-0.405625716,-0.027463651,0.583198708,1.119101173,1.015114835,-0.275409373,-0.272822789,0
300281,-0.000429628,2017,4.28E-05,-0.096792907,-0.147668394,0.634715026,0.69189188,0.154173998,-1.093812276,0.251956901,0
300281,0.016160941,2018,2.65E-05,0.288163175,0.382352941,0.357843137,1.085336273,1.452452852,-0.079134733,-0.69742978,0
300281,-0.031141786,2019,2.57E-05,-0.2904434,-0.543269231,0.439903846,1.043127254,1.08404781,0.551520179,0.121176076,1
300284,0.001785789,2017,4.64E-05,0.393632563,0.139896373,0.665803109,0.837196354,0.481747634,-0.619397306,-0.002458245,0
300284,0.030506851,2018,0.000209976,-0.190992905,0.654411765,1,1.143927511,0.844462829,0.785005972,0.052854891,0
300284,0.024532506,2019,1.78E-05,-0.209533705,0.444711538,0.03125,0.953395352,1.090468852,0.653607772,0.326162711,0
300287,-0.005715244,2016,1.48E-05,-0.224437659,-0.147011309,-0.153473344,1.348104294,0.628032287,-0.584225285,-0.056673183,0
300287,-0.006236604,2017,1.50E-05,-0.452001105,-0.678756477,-0.186528497,1.141519721,0.74551277,-0.972328742,-0.554363098,0
300288,-0.005459431,2018,1.08E-05,-0.137976749,-0.205882353,-0.544117647,1.314355981,0.545427235,-1.106440709,0.316345054,0
300288,-0.021339871,2019,2.06E-05,-0.057230173,-0.384615385,0.240384615,1.352609551,1.102454019,-0.148957748,-0.589883044,0
300293,0.050835664,2016,2.66E-05,-0.324486624,0.654281099,0.37641357,0.860918744,1.029094114,-0.537578611,0.42130989,0
300293,0.008341904,2017,1.18E-05,-0.128462432,0.691709845,-0.505181347,1.190734935,1.232119517,-0.812416556,-0.412944631,0
300293,-0.041928056,2018,1.23E-05,1.119618316,-0.803921569,-0.279411765,1.26426383,0.759624909,-1.288016925,0.254335398,0
300293,0.009404138,2019,1.11E-05,-0.231367125,0.199519231,-0.319711538,0.959366363,0.531169748,-1.902298193,0.871473442,0
300296,0.107108353,2016,6.71E-06,0.017091084,0.903069467,-0.993537964,0.36214025,0.407078129,-0.217781478,-0.034344019,0
300296,0.007271248,2017,6.87E-06,-0.396008937,0.637305699,-0.981865285,1.147673897,-0.783908437,-2.05945585,0.375482137,0
300296,0.015081891,2018,6.94E-06,-0.229097238,0.348039216,-0.968137255,1.152576419,0.103709203,-1.091005052,0.090268712,0
300297,-0.046248028,2018,8.45E-06,-0.341697757,-0.843137255,-0.882352941,1.127624421,0.421474395,-1.448096247,0.101321566,0
300297,-0.012532694,2019,7.41E-06,0.040940578,-0.228365385,-0.9375,1.360721913,1.686205274,-0.87109476,-0.017117871,0
300299,0.014801911,2017,5.41E-05,0.430663793,0.857512953,0.748704663,0.987351287,1.863728104,-0.327389127,-0.432193787,0
300299,0.05327994,2018,2.04E-05,0.317604398,0.879901961,0.071078431,1.229277982,1.408605751,-1.23682579,0.606135611,0
300308,-0.003966886,2019,9.20E-06,-0.395699076,-0.036057692,-0.692307692,1.445388715,-0.904041984,-1.361095694,-0.438178116,0
300311,0.000938801,2018,3.18E-05,-0.075482512,-0.017156863,0.475490196,0.946009066,0.53425296,-1.878558264,0.009482499,0
300311,0.06624752,2019,3.56E-05,-0.174740495,0.84375,0.634615385,1.471307255,1.398015213,-0.93815382,-0.168800915,0
300317,-0.138943032,2016,1.77E-05,-0.193378848,-0.97092084,-0.021001616,0.34097048,2.61134684,0.359983886,0.413681952,0
300317,-0.006129119,2019,8.39E-06,1.514185889,-0.091346154,-0.822115385,1.087139547,1.506032396,-0.595533101,0.978778458,0
300320,0.022859503,2016,5.82E-05,-0.36924176,0.315024233,0.822294023,1.001445238,0.040988992,-0.605547862,-0.084403822,0
300320,-0.096407577,2017,6.63E-05,-0.110670045,-0.984455959,0.841968912,1.403972425,-0.005228009,-0.646042061,0.631656904,0
300320,-0.010131583,2018,4.51E-05,0.100698857,-0.328431373,0.710784314,1.287637048,1.201567778,0.399434155,-0.096380357,0
300320,-0.003229014,2019,4.05E-05,0.254106628,-0.021634615,0.716346154,1.408843809,0.075464654,-0.717901414,0.709207765,0
300323,0.005008121,2017,1.02E-05,-0.526088581,0.502590674,-0.75388601,0.904590499,-0.375326343,-2.220002406,0.148528991,0
300324,-0.04529668,2019,1.54E-05,-0.3705881,-0.706730769,-0.060096154,1.403718032,0.460635562,-1.629159472,0.034897447,0
300333,-0.007988423,2017,1.28E-05,0.053477095,-0.743523316,-0.347150259,1.035601995,0.341250171,-2.307581203,-0.314298229,0
300342,-0.025746353,2018,4.42E-05,0.739614311,-0.605392157,0.691176471,0.640108086,0.862679055,-0.539776673,-0.291058052,0
300344,-0.04434401,2018,2.48E-05,-0.179888427,-0.833333333,0.276960784,1.112315055,0.596443289,-0.697992502,0.438354435,0
300344,0.030029464,2019,2.26E-05,0.419929201,0.526442308,0.334134615,1.249395559,0.964981474,-0.050582824,-0.025854503,0
300348,0.142639367,2016,3.06E-05,0.293635114,0.97092084,0.460420032,1.406588761,2.125677394,0.629170318,-0.502302336,0
300348,0.004028398,2017,1.07E-05,-0.223681671,0.417098446,-0.665803109,1.126431112,0.988277901,-1.104177494,-1.288315332,0
300349,-0.063978317,2018,1.64E-05,-0.138300979,-0.933823529,-0.056372549,1.122956568,0.13292568,-0.585727422,0.699253078,0
300349,-0.041663174,2019,2.37E-05,-0.202721461,-0.663461538,0.382211538,1.093412618,0.484547355,-0.35524565,0.110799779,0
300351,0.050289104,2016,2.72E-05,-0.319123589,0.647819063,0.392568659,0.691551759,0.677165164,-0.76515826,0.480960991,0
300351,0.002863771,2017,1.23E-05,-0.225283208,0.274611399,-0.406735751,0.927904777,-0.071452842,-1.948407896,0.00653445,0
300352,-0.008086325,2018,1.23E-05,0.125988579,-0.267156863,-0.279411765,0.926607934,-0.142300115,-2.326608871,0.524120528,0
300352,-0.051769345,2019,9.40E-06,-0.027982641,-0.774038462,-0.65625,1.007511688,0.983693374,-1.547229316,-1.176159964,0
300354,-0.052113077,2016,1.26E-05,-0.384141132,-0.735056543,-0.379644588,0.987363193,1.771025902,-0.934541405,0.44448054,0
300354,-0.00153346,2017,1.31E-05,0.164113881,-0.292746114,-0.313471503,1.180563693,2.439611951,0.12448811,-0.107633511,0
300355,-0.027533187,2016,1.77E-05,-0.449208281,-0.457189015,-0.021001616,0.833056826,2.603584616,1.004996236,-0.525331459,0
300355,0.002945378,2017,7.92E-06,-0.318006416,0.29015544,-0.971502591,1.330416358,1.546010782,0.541345818,0.236272965,0
300355,-0.080766044,2018,7.65E-06,-0.351085377,-0.963235294,-0.933823529,1.326790889,1.306128081,0.265030139,0.573187177,0
300364,0.036948038,2019,9.67E-06,-0.14869443,0.627403846,-0.600961538,1.314084786,1.433612238,0.572581346,-1.192574818,0
300365,0.041577365,2016,2.30E-05,0.144134709,0.567043619,0.224555735,1.096970973,1.200817663,0.407354,-0.240535016,0
300365,-0.002408837,2017,3.49E-05,0.164602385,-0.386010363,0.479274611,0.464402173,-0.258627808,-2.293937519,-0.256427112,0
300365,-0.037815323,2018,5.73E-05,-0.374629694,-0.762254902,0.821078431,1.139777449,-0.064639971,-1.428971096,0.487664842,0
300365,-0.054711196,2019,3.31E-05,-0.208636893,-0.798076923,0.584134615,1.086189465,0.756768644,-0.773037155,0.13657972,0
300366,-0.021657834,2016,3.18E-05,-0.469555262,-0.373182553,0.486268174,0.970853604,1.204829837,-1.67005587,0.630606249,0
300366,0.001563941,2017,2.08E-05,0.109044811,0.101036269,0.002590674,1.396429689,1.222402651,-1.045928106,-0.660955808,0
300370,-0.01671707,2016,7.17E-06,-0.288859553,-0.292407108,-0.980613893,1.132552953,1.666189697,-0.527136942,0.001311771,0
300370,0.002024237,2017,2.19E-05,0.081703516,0.170984456,0.059585492,0.737411631,0.757616508,-1.236134382,0.080361656,0
300370,-0.034324071,2018,7.34E-06,-0.375464173,-0.720588235,-0.960784314,0.913479121,1.799407766,-0.690168786,-0.152111162,0
300370,-0.041894131,2019,7.04E-06,-0.121492153,-0.665865385,-0.959134615,1.180166672,1.902886075,-0.274439674,0.21421791,0
300374,-0.023339961,2017,0.000120216,-0.130517915,-0.940414508,0.96373057,1.527087909,1.655576635,-0.323698191,0.238351617,0
300374,0.083069022,2018,5.83E-05,0.745676411,0.963235294,0.823529412,1.318105744,1.20485901,-0.179728338,0.702009959,0
300376,0.009315635,2016,7.99E-06,-0.414249899,0.063004847,-0.954765751,0.406884521,1.1980065,-1.43591386,-0.49958608,0
300376,0.008454251,2017,3.41E-05,-0.089825495,0.696891192,0.461139896,1.01601748,1.298419729,0.252910893,0.022297503,0
300376,0.016124387,2018,1.46E-05,0.044628535,0.379901961,-0.120098039,1.10367081,0.691888565,-0.303714889,0.357128008,0
300376,-0.004660434,2019,2.23E-05,0.530767148,-0.048076923,0.324519231,0.864184388,0.779256161,-0.724542915,0.230524403,0
300377,-0.015259518,2016,1.44E-05,0.189930922,-0.269789984,-0.18901454,1.443922958,1.481619481,-0.58913878,0.27778019,0
300378,-0.017696862,2018,1.06E-05,-0.007009662,-0.482843137,-0.588235294,1.389380053,0.629183388,-0.810482763,0.103449171,0
300378,-0.111219641,2019,1.11E-05,0.573427521,-0.980769231,-0.319711538,1.368497891,1.058653445,-1.164220151,-0.567792571,0
300382,-0.000616731,2017,2.63E-05,-0.134798203,-0.191709845,0.25388601,0.700299269,0.250859285,-0.188574569,0.152052177,0
300385,-0.045474086,2016,3.58E-05,-0.356583696,-0.647819063,0.573505654,1.187563281,1.775194835,0.323575896,-0.074613515,0
300387,-0.00196671,2017,3.31E-05,0.470013529,-0.344559585,0.440414508,0.969362371,1.455727938,-0.202671469,0.055038212,0
300387,0.014302084,2018,1.12E-05,-0.15859627,0.325980392,-0.468137255,1.018089458,1.189367076,0.281349814,0.419285509,0
300387,0.050840098,2019,1.08E-05,-0.223746208,0.747596154,-0.387019231,0.84368303,0.635929922,0.179496835,0.044949651,0
300388,0.002736116,2017,2.11E-05,-0.114922318,0.24611399,0.028497409,0.986319002,0.202401041,-0.485773515,0.252619373,0
300397,-0.0713528,2016,3.80E-05,-0.517765109,-0.841680129,0.615508885,1.333225724,0.080391455,-2.422898667,0.295773105,0
300397,0.0141445,2017,3.28E-05,0.663796896,0.841968912,0.432642487,0.954443431,0.944957046,-0.855550932,0.53370845,0
300397,-0.05665398,2019,1.05E-05,-0.215741226,-0.822115385,-0.439903846,1.652815663,0.194447478,-1.504397422,0.240487554,0
300402,0.008609349,2017,5.34E-05,-0.027893322,0.704663212,0.733160622,1.314900304,1.970913254,-0.076315487,0.137228602,1
300402,0.001676332,2018,6.93E-05,-0.132595287,-0.00245098,0.889705882,1.087702523,1.435694358,0.08841897,0.279046697,1
300402,-0.021301828,2019,5.56E-05,0.710595001,-0.382211538,0.850961538,1.026623399,1.478654177,-0.089563992,0.159885855,1
300405,0.093302225,2016,2.26E-05,-0.453701815,0.848142165,0.195476575,0.956896928,2.399278551,0.477661515,-0.027723331,0
300405,0.00094759,2017,2.13E-05,0.381843601,0.038860104,0.038860104,1.258722423,1.782172515,-0.085572214,0.008690454,0
300405,-0.018254645,2018,1.04E-05,-0.330684024,-0.49754902,-0.620098039,0.902328082,1.091360654,-0.371275226,0.622063017,0
300405,0.04959718,2019,9.31E-06,0.746311299,0.735576923,-0.668269231,1.196315796,1.778424963,0.197757291,0.226869477,0
300406,0.064067223,2019,9.70E-06,-0.151278341,0.824519231,-0.59375,1.023314942,0.0361236,-0.508535008,-0.796772419,0
300407,0.110066901,2016,0.000160301,-0.630754432,0.915993538,0.993537964,1.147649304,1.383347773,-0.766872343,-0.304238699,0
300407,0.002715593,2017,0.000123193,0.085896351,0.240932642,0.966321244,1.356981944,0.463589855,-1.32507035,0.577291299,0
300407,0.011146048,2018,1.11E-05,-0.037780832,0.264705882,-0.490196078,1.171820608,1.518394076,0.653745545,0.004967507,0
300407,-0.026894953,2019,2.04E-05,-0.072982664,-0.473557692,0.233173077,1.11204745,0.97503716,-0.274492658,0.468249022,0
300412,0.02363269,2016,1.14E-05,-0.263896307,0.327948304,-0.592891761,1.437850477,1.751915666,0.291549864,0.129173741,0
300412,0.015367081,2017,3.03E-05,-0.293309929,0.867875648,0.367875648,1.617152015,2.549505244,0.809852793,-0.302616303,0
300412,-0.039475899,2018,3.12E-05,0.387047644,-0.776960784,0.458333333,1.17285136,1.701757505,0.235775919,0.129062394,0
300412,0.041311706,2019,1.89E-05,0.053583936,0.661057692,0.103365385,1.00942069,1.397677533,0.355980722,-0.504388813,0
300419,0.017023482,2017,2.46E-05,-0.072961864,0.888601036,0.189119171,1.193475434,1.231272366,-0.967674377,0.041480225,0
300419,-0.051925903,2018,2.21E-05,-0.029604945,-0.879901961,0.149509804,1.03762958,0.997558702,-0.858704796,0.547038239,0
300419,-0.0185042,2019,1.98E-05,0.169972045,-0.334134615,0.1875,1.056263881,1.080801593,-0.632932549,0.466702608,0
300422,-0.019597681,2016,8.02E-06,-0.126031459,-0.324717286,-0.951534733,1.094830594,2.747648127,1.260415021,-0.685608392,0
300422,-7.49E-05,2017,8.40E-06,-0.232302204,-0.101036269,-0.940414508,1.062635548,1.332214352,-0.146791684,0.279752687,0
300422,0.002518592,2019,1.10E-05,-0.233741056,0.098557692,-0.331730769,1.412393224,0.953799933,0.920394189,-0.466313011,0
300424,0.000622884,2017,2.60E-05,-0.232468803,-0.015544041,0.235751295,0.418122144,0.547860336,-2.152847845,-0.25279437,0
300424,0.004938198,2018,1.16E-05,-0.128299145,0.075980392,-0.397058824,0.989863857,0.356380527,-1.28685151,0.712896654,0
300424,-0.016395137,2019,1.97E-05,0.168729258,-0.300480769,0.175480769,1.111347635,1.17535308,-0.746614853,0.453863821,0
300428,-0.009104035,2019,8.67E-06,-0.140587313,-0.165865385,-0.778846154,0.974241503,0.378799633,-0.840055342,-0.065820627,0
300435,-0.050755704,2016,6.78E-05,-0.231474159,-0.715670436,0.861066236,0.895634048,2.099951059,0.15513035,-0.053538312,0
300435,-0.00511724,2018,5.44E-05,-0.312889249,-0.196078431,0.786764706,1.093800064,1.81496515,1.574585679,-0.859308985,0
300435,0.078211228,2019,3.80E-05,0.220561244,0.879807692,0.677884615,1.029309684,0.978737664,-0.311436362,0.674400445,0
300440,0.033048796,2018,1.88E-05,0.233790384,0.678921569,0.022058824,0.964236787,0.890890368,-0.354034382,0.261796942,0
300440,-0.002937072,2019,1.94E-05,-0.229475038,-0.016826923,0.146634615,1.105361916,0.658837486,-0.192873537,0.107586408,0
300444,-0.000491865,2017,1.07E-05,-0.150358668,-0.160621762,-0.665803109,1.11228338,1.13850485,-0.314519938,-0.035182621,0
300447,-0.000455962,2017,1.21E-05,-0.159844086,-0.158031088,-0.440414508,1.155613984,0.839113971,-1.036858162,-0.054037213,0
300447,-0.020153688,2018,1.22E-05,-0.104405469,-0.539215686,-0.301470588,1.046785427,0.881762883,-1.074869113,0.501386984,0
300450,0.00883766,2017,9.79E-06,0.105518694,0.71761658,-0.78238342,1.179856161,0.248065195,-1.231589887,-0.067718884,0
300450,-0.048732065,2018,1.02E-05,0.354848376,-0.850490196,-0.656862745,1.19506054,-0.161466295,-0.209461114,0.521536325,0
300450,-0.073956041,2019,1.11E-05,1.065440579,-0.901442308,-0.319711538,1.058773353,-0.478677314,-1.337159942,-0.21226933,0
300453,-0.011116632,2017,1.60E-05,0.009898059,-0.831606218,-0.160621762,1.283199376,1.540920125,0.040942939,0.456080898,0
300454,-0.027947383,2019,1.38E-05,0.241836459,-0.5,-0.129807692,0.736245872,-1.226301638,-1.548242322,-0.767393791,0
300455,0.00589215,2016,2.53E-05,-0.088132076,0.017770598,0.331179321,1.246327112,1.18367273,-0.559023339,0.014672565,1
300455,-0.017510321,2018,1.29E-05,0.868302281,-0.475490196,-0.230392157,0.999115118,0.844346255,-0.884067533,0.397048152,1
300456,-0.002423142,2017,9.01E-06,0.190037095,-0.388601036,-0.875647668,0.976384071,-0.335036036,-2.577031895,-0.143539537,0
300464,-0.08578895,2016,3.04E-05,-0.337496216,-0.909531502,0.453957997,0.941695862,1.771807824,-0.978368364,-0.093125765,0
300467,0.011746956,2017,8.83E-06,-0.435238169,0.797927461,-0.89119171,1.300212703,0.127035649,-1.302925252,-0.169935112,0
300467,0.033535309,2018,8.04E-06,-0.068635782,0.68872549,-0.914215686,1.209294359,0.948311083,-0.671195491,0.196847972,0
300468,-0.027976682,2016,3.31E-05,-0.234126922,-0.46365105,0.502423263,1.205605916,1.586916708,-0.342952837,-0.080937767,0
300468,0.008105545,2017,4.37E-05,-0.161000744,0.678756477,0.637305699,1.16878352,1.073964663,-0.945855948,-0.478589742,0
300468,-0.099319863,2019,3.85E-05,-0.206852522,-0.954326923,0.6875,1.356038881,1.279812583,-0.905492199,-0.646714455,0
300469,-0.064300238,2017,1.10E-05,0.068417089,-0.979274611,-0.621761658,1.319551156,0.668760741,-1.634958909,-0.374360334,0
300470,0.005627574,2017,2.22E-05,-0.05575374,0.567357513,0.075129534,0.815031836,0.116182418,-0.765285684,-0.159793433,1
300470,0.003849565,2018,1.10E-05,0.256944657,0.053921569,-0.504901961,1.00751581,0.182381344,-0.053283365,0.187071479,1
300470,0.026103851,2019,2.07E-05,0.214004115,0.46875,0.247596154,1.045669325,0.398343038,0.194140364,-0.412108956,1
300471,0.0075174,2016,2.33E-05,-0.546516409,0.04361874,0.237479806,1.177116603,1.439249716,0.182786572,-0.443209258,0
300471,-0.006223694,2017,1.13E-05,0.507913759,-0.676165803,-0.569948187,1.398254677,0.772846108,-1.014066828,0.249039581,0
300471,0.016311634,2018,1.07E-05,-0.23991401,0.387254902,-0.571078431,1.439637294,2.660849882,1.405433455,-0.443603992,0
300476,-0.002719607,2017,1.34E-05,-0.266474873,-0.411917098,-0.284974093,0.969693777,0.48386742,-1.186886205,0.083380049,0
300476,-0.0256497,2018,1.23E-05,1.098058094,-0.602941176,-0.279411765,1.016242867,-0.330407846,-1.280828454,-0.192297656,0
300477,0.149635966,2016,1.42E-05,0.012146592,0.980613893,-0.198707593,0.638106899,2.068898435,0.119243606,-0.397749062,0
300477,0.011206156,2017,1.32E-05,-0.217229724,0.777202073,-0.305699482,1.027308698,0.670841206,-0.3100294,0.049199976,0
300477,-0.130754276,2018,1.29E-05,0.147618996,-0.99754902,-0.230392157,0.834357287,0.915799447,0.592889218,-0.603102195,0
300477,-0.106502768,2019,1.07E-05,-0.03430834,-0.971153846,-0.408653846,0.784148483,0.99759823,-0.520377834,0.949754534,0
300481,0.243578798,2016,1.63E-05,-0.40068339,1,-0.069466882,1.311712243,2.440957164,0.56166646,-0.111287983,0
300481,0.021554616,2017,1.55E-05,0.078193537,0.940414508,-0.17357513,0.903961142,0.265182943,-2.039229353,0.126748099,0
300481,0.012817275,2018,1.50E-05,0.507562523,0.299019608,-0.105392157,1.06307731,0.976613518,-0.122228573,-0.090790564,0
300481,-0.09510259,2019,1.30E-05,0.185989752,-0.949519231,-0.165865385,1.2852648,0.443336291,-0.765473107,0.056930871,0
300489,0.012509575,2016,1.56E-05,-0.403693926,0.137318255,-0.098546042,1.073187718,1.299288288,-1.303796576,-0.035814587,0
300489,0.003545425,2017,3.65E-05,0.188438895,0.357512953,0.507772021,1.133235223,2.011382981,-0.039091217,-0.014047124,0
300489,0.008221038,2018,2.64E-05,1.687680429,0.196078431,0.352941176,1.176656244,1.851931585,0.404273855,0.019330409,0
300489,0.03855548,2019,1.19E-05,-0.299768122,0.634615385,-0.240384615,0.918052587,1.376256425,-0.019867463,-0.498245587,0
300490,0.112834588,2017,2.99E-05,-0.444771995,1,0.349740933,0.76591839,2.09250704,-0.329162572,-0.730938299,0
300490,0.046809486,2018,2.77E-05,-0.225025545,0.818627451,0.384803922,1.202782788,0.757863277,-0.290792669,-0.082020309,0
300490,-0.010360488,2019,4.05E-05,0.987948372,-0.1875,0.716346154,1.185888819,1.629616984,0.084995512,0.534529637,0
300491,-0.043101359,2019,1.15E-05,0.165174903,-0.680288462,-0.262019231,1.118646135,1.472476191,0.059639667,-0.131184883,0
300497,-0.080286255,2019,9.26E-06,-0.366888254,-0.918269231,-0.677884615,1.001982138,0.785318887,0.576822731,-0.702470063,0
300509,-0.004954076,2019,1.50E-05,-0.119529261,-0.050480769,-0.072115385,0.894377703,1.016102653,0.139495922,0.329461877,0
300510,0.065422018,2019,1.51E-05,0.343243665,0.834134615,-0.067307692,1.125308375,1.157340877,-0.809157926,0.081623321,1
300511,0.000674211,2017,1.03E-05,-0.09465948,-0.012953368,-0.730569948,1.156042154,1.057177171,-0.451004369,0.01227439,0
300511,0.008032928,2018,1.01E-05,0.587342812,0.183823529,-0.671568627,1.193021783,1.295620841,0.224698777,0.13524558,0
300511,0.009591161,2019,1.01E-05,-0.349989249,0.204326923,-0.519230769,1.100630196,0.232768282,0.76791976,-0.95079759,0
300512,0.000365814,2017,2.82E-05,-0.22613668,-0.046632124,0.310880829,1.268053202,1.708889711,0.443789501,0.454700031,0
300512,-0.024736353,2018,2.61E-05,-0.073593709,-0.590686275,0.340686275,0.895930386,0.943384618,-0.675231952,0.269231825,0
300512,-0.057727257,2019,2.14E-05,0.213442473,-0.831730769,0.290865385,0.75056126,0.920218235,-0.23340131,0.120822473,0
300515,0.010158913,2017,2.72E-05,0.018293613,0.756476684,0.277202073,1.369633862,0.92635636,-0.751757061,0.745166866,0
300515,-0.055715312,2018,1.17E-05,0.035406848,-0.894607843,-0.375,1.277528838,0.820910892,-0.430266887,0.265663542,0
300516,0.004131176,2017,1.35E-05,-0.013621474,0.42746114,-0.28238342,0.998936608,1.436911033,-0.526484997,0.148351078,1
300517,-0.000711683,2017,1.26E-05,-0.280194164,-0.194300518,-0.380829016,0.772260542,1.478098872,-0.163302456,0.339711277,0
300517,-0.041009688,2018,2.40E-05,0.056614355,-0.789215686,0.237745098,1.001009765,2.05952095,1.084352803,-0.264735286,0
300523,-0.00677869,2017,1.73E-05,-0.148303369,-0.696891192,-0.124352332,0.886858559,-0.466634143,-2.297299638,-1.01549693,1
300523,0.01941977,2018,3.07E-05,0.2902849,0.443627451,0.448529412,0.842672109,-0.520421513,-1.468869885,0.293525515,1
300523,-0.021428341,2019,1.23E-05,-0.487764716,-0.387019231,-0.221153846,0.918336867,0.266424209,-0.62269153,-0.043261689,1
300526,-0.372186529,2017,1.22E-05,0.005009886,-1,-0.422279793,1.604150021,1.82066611,-0.352138611,-0.179612755,0
300526,0.014475491,2018,2.23E-05,7.414551541,0.335784314,0.161764706,1.09290202,0.84490841,-0.620495881,0.661709985,0
300527,-0.026566763,2018,4.32E-05,-0.149513517,-0.615196078,0.671568627,1.254374637,0.746808946,-0.565240589,-0.166708066,1
300527,-0.044627193,2019,4.03E-05,-0.002369429,-0.697115385,0.711538462,0.860984401,0.989001359,-0.742511527,0.821520294,1
300534,0.0360995,2017,2.61E-05,-0.276489714,0.987046632,0.240932642,1.673231327,1.057991178,-0.41599982,0.30142257,1
300534,0.007997458,2018,1.26E-05,-0.005347867,0.181372549,-0.257352941,1.210085506,1.891405675,0.501388042,-0.565795598,1
300534,-0.002047922,2019,9.77E-06,0.083992673,0.002403846,-0.574519231,1.059953849,0.748362528,0.270331971,-0.342125372,1
300535,-0.029705817,2018,1.42E-05,-0.147193459,-0.666666667,-0.142156863,1.02128473,1.089194431,-0.040050942,0.06437909,0
300540,0.014430838,2017,1.80E-05,0.1298124,0.849740933,-0.103626943,0.89098628,1.67005066,-0.271634987,-0.043818508,0
300541,-0.010355185,2018,1.39E-05,0.427337086,-0.343137255,-0.161764706,1.312925976,-0.303419735,-1.745910046,0.631622837,0
300542,-0.007699702,2017,2.43E-05,0.18655075,-0.733160622,0.176165803,0.733908896,1.393598656,-1.321545067,-0.346448859,0
300546,0.002853158,2018,2.58E-05,-0.053552899,0.031862745,0.328431373,0.892501935,0.633337561,-0.639644881,-0.112648218,0
300546,0.04511326,2019,2.17E-05,-0.273731341,0.701923077,0.302884615,1.148185341,0.548451288,-1.239130646,0.327449041,0
300552,-0.050251279,2019,2.09E-05,-0.215908576,-0.762019231,0.259615385,1.207998695,0.30482973,-1.180946701,-0.648959421,0
300556,0.01807112,2019,2.03E-05,0.104380513,0.348557692,0.223557692,1.162876194,1.085496085,-0.519199941,0.357998065,0
300558,-0.000206832,2017,9.44E-06,-0.264094872,-0.116580311,-0.81865285,0.809543394,-0.250778957,-1.225723063,-0.471020492,0
300573,0.381041085,2019,2.30E-05,-0.040966794,1,0.355769231,1.165820825,0.424937269,0.21744141,-0.345704541,0
300579,-0.08639567,2019,2.28E-05,0.15059221,-0.935096154,0.348557692,1.099377326,0.520162519,-1.527229638,-0.659231607,1
300587,0.012859268,2018,2.83E-05,0.301129723,0.306372549,0.401960784,0.825545479,0.520542338,0.207611403,-0.751528736,0
300587,0.009985922,2019,2.98E-05,1.108664766,0.216346154,0.53125,0.526956579,0.762412974,-0.468813526,0.166056358,0
300589,0.096517584,2018,6.54E-05,-0.128966262,0.977941176,0.87254902,0.790042021,-0.139140142,-1.866791755,0.2064477,0
300589,0.007557404,2019,3.12E-05,1.366949863,0.170673077,0.557692308,0.854985606,1.295586775,-0.079592495,0.286981276,0
300590,-0.057566812,2018,1.22E-05,0.411346116,-0.906862745,-0.301470588,1.331428647,0.048661419,-1.214144205,0.759540383,0
300597,-0.049739834,2018,2.56E-05,-0.30828811,-0.860294118,0.308823529,1.140121348,0.418610004,-1.454138039,0.314952742,1
300597,-0.054720568,2019,2.32E-05,-0.180256792,-0.800480769,0.362980769,1.192398697,1.523931783,-0.553624488,0.376909892,1
300599,0.074248147,2018,3.29E-05,0.179720729,0.950980392,0.492647059,0.90504774,0.581002741,-0.162862597,0.045123325,0
300599,-0.035822222,2019,4.93E-05,-0.152250914,-0.591346154,0.795673077,1.137541976,0.54735089,0.086146193,0.021865044,0
300600,-0.031858176,2018,1.42E-05,-0.091764618,-0.691176471,-0.142156863,1.156427743,0.437319496,-0.860941385,0.15665161,0
300601,0.035391447,2019,1.08E-05,-0.094198649,0.600961538,-0.387019231,0.687062134,-0.440540167,-0.120684184,-0.831644131,0
300606,-0.028190971,2018,1.36E-05,0.007846555,-0.654411765,-0.178921569,1.00118359,1.112711159,-0.543051438,0.669727937,0
300616,0.053894156,2018,9.97E-06,-0.210523291,0.887254902,-0.68627451,1.496258984,0.472452371,0.711052312,0.342694739,0
300617,-0.027285454,2018,1.13E-05,0.888895055,-0.637254902,-0.446078431,1.105444473,1.153278182,0.284374696,0.041783736,0
300617,-0.019433862,2019,1.94E-05,0.447236425,-0.353365385,0.146634615,1.104808074,0.220941532,0.057384249,-0.124303633,0
300618,0.003919282,2019,9.18E-06,0.251903496,0.125,-0.697115385,1.308948449,-0.138091172,-0.719257029,-0.045538148,0
300621,-0.00106395,2018,5.48E-05,-0.004021084,-0.068627451,0.791666667,1.031697992,1.132534889,0.237917937,0.020382529,0
300621,-0.014125635,2019,5.33E-05,-0.021430205,-0.257211538,0.834134615,0.972425552,1.38429214,0.380986471,0.062641425,0
300623,-0.009423342,2018,1.19E-05,1.106074037,-0.303921569,-0.333333333,1.218885039,0.103649395,-1.727923336,0.875576723,0
300627,-0.056444181,2018,3.12E-05,0.43636451,-0.904411765,0.458333333,1.093254291,0.425526234,-1.39951953,0.67614882,0
300627,0.007603698,2019,1.76E-05,0.665952118,0.173076923,0.021634615,1.127166126,0.252288829,-1.609882798,0.171239845,0
300632,-0.073982488,2019,9.84E-06,-0.072468773,-0.903846154,-0.567307692,1.054684826,0.413900645,-1.428666788,-0.033226315,0
300635,0.061514794,2018,2.31E-05,0.770987001,0.914215686,0.193627451,0.904472973,1.082846745,-0.03517786,-0.355120106,0
300635,0.000634667,2019,1.86E-05,-0.342170647,0.067307692,0.072115385,1.12368707,0.502295079,0.134851323,-0.334217794,0
300640,0.005009858,2018,5.58E-05,0.388014332,0.083333333,0.803921569,1.052614462,1.192440512,-0.33192154,0.301697311,0
300640,0.004658922,2019,8.49E-05,-0.386705942,0.137019231,0.942307692,1.115642288,1.139437248,0.189779079,0.14288588,0
300643,0.027911568,2019,1.14E-05,-0.152941757,0.495192308,-0.269230769,1.232199192,1.129355929,-0.573590621,-0.029333695,0
300644,0.05244097,2019,1.12E-05,0.076522376,0.759615385,-0.293269231,0.877237941,1.66923602,1.34273637,-0.465934167,0
300647,-0.004047174,2018,2.40E-05,-0.252818048,-0.149509804,0.237745098,0.74163994,0.491541123,-0.990212411,-0.79633099,0
300647,-0.108906994,2019,1.86E-05,0.322985225,-0.975961538,0.072115385,1.2911697,1.060063334,-1.1989541,0.7343984,0
300662,-0.037239112,2018,4.40E-05,0.242744401,-0.754901961,0.68627451,0.943829404,0.489491474,-0.056100187,-0.139965927,0
300662,0.082483757,2019,3.92E-05,0.346619913,0.90625,0.694711538,1.139500057,0.085692749,0.012148095,0.102194396,0
300665,0.066642502,2018,4.83E-05,-0.119333682,0.93627451,0.740196078,1.167413069,1.33076652,0.116743128,-0.12993081,0
300668,-0.010225526,2018,6.17E-05,-0.218857142,-0.335784314,0.845588235,1.160636293,0.810066009,0.179270234,-0.791345543,0
300669,0.022380876,2018,2.34E-05,0.951476346,0.507352941,0.203431373,0.736659654,0.698650816,-0.071884063,-0.057876518,0
300673,0.014850994,2018,4.01E-05,0.439206178,0.340686275,0.62745098,1.28956566,0.042911379,-0.24135345,-0.306034367,0
300673,-0.005970103,2019,2.51E-05,-0.152115113,-0.088942308,0.430288462,1.114216422,0.086526109,-0.068743701,-0.344797042,0
300674,0.122802091,2019,8.60E-06,-0.311222874,0.954326923,-0.802884615,1.229169821,0.4904674,-1.030238334,-0.507030625,0
300676,-0.062577533,2019,5.65E-06,-0.250772455,-0.848557692,-0.992788462,0.302544537,0.770058289,0.447961237,-1.629314695,0
300678,0.018888703,2019,2.97E-05,0.061206173,0.365384615,0.528846154,1.164832173,0.569921803,-1.634220135,0.352519987,1
300689,0.05312273,2018,4.47E-05,0.018219903,0.875,0.700980392,1.064639479,0.944231606,-0.345818349,0.068246827,0
300689,0.101758107,2019,3.89E-05,0.264002127,0.9375,0.689903846,0.823339276,0.731508578,-1.328197323,0.262247177,0
300703,0.01930707,2019,8.71E-06,-0.221441202,0.372596154,-0.774038462,1.157304243,1.019549154,0.117775328,-0.555081497,0
300711,0.092804356,2018,1.12E-05,-0.22433267,0.973039216,-0.468137255,1.121602963,0.528823736,-1.600425818,0.458513271,1
300711,-0.085982195,2019,1.11E-05,0.304372835,-0.927884615,-0.319711538,0.917687903,0.528090647,-0.866143293,-0.234633242,1
300712,-0.044667013,2018,5.72E-05,0.141334862,-0.840686275,0.818627451,1.003302894,1.021666952,0.000738061,-0.148521066,0
300712,-0.000664976,2019,4.07E-05,2.057802363,0.038461538,0.721153846,0.839032739,0.960332967,-0.371501548,0.368349992,0
300716,-0.027768909,2019,8.91E-06,0.104112048,-0.492788462,-0.75,1.030627697,1.885819609,1.299899178,-0.541715434,0
300718,0.046594225,2018,1.18E-05,-0.11780018,0.816176471,-0.352941176,1.071107189,0.389059201,0.134675966,-0.366535663,0
300718,-0.005185163,2019,1.05E-05,0.530555726,-0.052884615,-0.439903846,0.90321614,0.359585664,-0.073738615,0.11751207,0
300722,-0.042097641,2018,1.31E-05,-0.092325552,-0.806372549,-0.218137255,1.027408161,0.763777617,-1.040862166,0.616023562,1
300722,-0.025610627,2019,2.42E-05,2.977264278,-0.451923077,0.394230769,0.877610779,1.520061752,-0.745649299,0.680245024,1
300729,0.076711509,2019,1.27E-05,-0.066724916,0.877403846,-0.189903846,1.031683911,1.498009817,0.925400392,0.111417023,0
300746,0.064715465,2019,8.94E-06,0.100791529,0.826923077,-0.745192308,1.224729479,0.646570596,0.153064856,0.841026365,0
300760,0.014899236,2019,1.54E-05,0.555105452,0.310096154,-0.060096154,0.57262032,-0.471390298,0.401258565,-1.391899946,0
600004,0.010227975,2016,2.23E-05,0.031761778,0.10177706,0.176090468,1.164690633,0.426597967,0.932215781,0.259186321,1
600004,0.003085688,2017,2.25E-05,0.39307732,0.305699482,0.082901554,1.44969282,-0.839181066,-0.285795513,0.053307766,1
600004,0.021745047,2018,1.16E-05,-0.167377602,0.495098039,-0.397058824,1.194445594,-0.749106496,-0.047624208,0.2177264,1
600004,0.043830408,2019,1.07E-05,-0.27054058,0.694711538,-0.408653846,1.208513741,-0.773194488,0.369281457,-0.377156175,1
600007,0.02501815,2016,1.37E-05,-0.299879931,0.350565428,-0.243941842,1.433163097,-0.583257894,-0.042113208,0.259322857,0
600009,0.009425758,2016,1.47E-05,0.483023948,0.069466882,-0.163166397,0.640427522,-0.115942047,0.695048879,-0.18034764,1
600009,-0.012578496,2017,3.03E-05,0.503389226,-0.860103627,0.367875648,0.732218244,-1.095802877,-0.178532274,-0.02547597,1
600010,-0.032336288,2016,3.56E-05,-0.303133487,-0.515347334,0.567043619,1.020158397,-0.662701955,-0.568857632,-0.058002333,1
600010,-0.000208082,2017,7.05E-05,0.077637286,-0.119170984,0.870466321,1.11532414,0.897641922,0.582560605,-0.155768623,1
600010,0.021431716,2018,4.32E-05,-0.368155757,0.487745098,0.671568627,0.946973307,0.509094074,0.236996129,-0.304800759,1
600010,0.01914309,2019,1.62E-05,0.413797336,0.367788462,-0.028846154,0.809224051,0.481678346,0.211839535,0.534749681,1
600011,-0.003775158,2016,1.59E-05,-0.133293894,-0.121163166,-0.088852989,0.53537435,-0.340774336,0.138510096,0.082293703,1
600011,-0.005949753,2017,2.18E-05,-0.019653309,-0.660621762,0.049222798,0.319508079,0.326775139,-0.081620574,0.129538057,1
600011,0.021854539,2018,6.31E-06,-0.333128659,0.49754902,-0.985294118,0.49364302,-0.002431099,-0.090070527,-0.290363456,1
600011,0.031748213,2019,1.25E-05,0.013330811,0.550480769,-0.211538462,0.736353689,0.342512598,0.528796393,0.234834597,1
600012,0.004045073,2016,9.56E-06,-0.557967861,-0.011308562,-0.838449111,0.979317407,0.169894024,-0.488367352,-0.048584825,1
600012,0.003035853,2017,2.95E-05,0.087653018,0.297927461,0.341968912,1.124320146,0.440455274,-0.349612873,0.64101502,1
600012,-0.014839379,2018,9.63E-06,-0.159473906,-0.431372549,-0.730392157,0.96098666,1.068926729,0.927480622,-0.365091719,1
600012,-0.011918447,2019,2.04E-05,0.278813394,-0.213942308,0.233173077,0.889918276,0.039736917,0.289435864,0.226313133,1
600017,-0.014008042,2016,0.000103094,-0.293678742,-0.260096931,0.954765751,0.805654877,0.338103289,-0.20473502,-0.251477976,1
600017,0.010223842,2017,9.59E-05,-0.026972413,0.759067358,0.930051813,0.917886188,0.856084591,0.335029377,0.076406647,1
600017,0.022213892,2018,5.55E-05,-0.213852602,0.50245098,0.799019608,0.9769714,0.908332622,0.531522945,0.133764864,1
600017,0.020506055,2019,2.93E-05,0.069566574,0.389423077,0.514423077,0.899362154,0.594035082,0.40911237,0.331525533,1
600018,-0.040891888,2016,2.25E-05,-0.02654833,-0.615508885,0.185783522,0.577098829,-0.664537219,0.26646542,0.142186463,1
600018,-0.002232996,2017,4.58E-05,0.152847414,-0.365284974,0.650259067,0.488812823,-0.281347741,-0.028720503,-0.185243655,1
600018,0.01159846,2018,4.50E-05,-0.393810731,0.276960784,0.705882353,1.016807332,0.250691317,0.267294135,-0.019881101,1
600018,0.014839251,2019,4.14E-05,0.154511322,0.305288462,0.728365385,0.98642413,0.586395805,0.226909775,0.599468755,1
600019,-0.00725415,2017,8.10E-06,-0.112947271,-0.715025907,-0.953367876,1.132680082,0.293227244,1.3881094,-0.196645091,1
600019,-0.031938306,2019,1.53E-05,0.721657076,-0.548076923,-0.0625,1.002694973,0.050967586,0.577614319,0.384597327,1
600020,-0.005720027,2016,1.75E-05,-0.250466208,-0.150242326,-0.024232633,0.947859255,0.648505059,0.738536508,-0.231049675,1
600020,0.003661164,2017,9.08E-06,0.435244643,0.365284974,-0.857512953,1.024009563,0.735177807,0.414606671,-0.048308248,1
600020,0.021162487,2018,8.44E-06,-0.32177277,0.477941176,-0.887254902,0.884818854,1.351294445,0.135421582,-0.240181751,1
600020,-0.105641688,2019,8.23E-06,-0.082296432,-0.966346154,-0.84375,1.042724969,0.503557415,0.412697317,0.313385632,1
600021,0.021651643,2016,1.01E-05,-0.437632191,0.292407108,-0.789983845,0.40860388,-0.957675205,-0.421929958,-0.245187214,1
600021,-0.007366881,2017,1.61E-05,0.319679114,-0.722797927,-0.158031088,0.619476446,0.2296274,-0.161846303,0.372561282,1
600021,0.005249971,2018,7.23E-06,-0.145612125,0.085784314,-0.963235294,0.752972812,0.415033872,0.137688584,-0.016925412,1
600021,0.01487323,2019,1.36E-05,-0.066015263,0.307692308,-0.132211538,0.719872259,0.341512389,0.262492771,0.289198139,1
600022,-0.009342114,2016,9.59E-06,-0.030496947,-0.182552504,-0.835218094,1.070224392,-0.059815556,-0.081783453,-0.160927339,1
600022,0.003287183,2019,1.93E-05,0.345079072,0.115384615,0.132211538,0.821096564,0.570082357,0.366154249,0.53715084,1
600023,0.005089752,2016,1.16E-05,-0.159399113,0.008077544,-0.55088853,0.732501785,-0.800027197,-0.185699779,-0.004081125,1
600023,-0.003566075,2017,1.16E-05,0.005953312,-0.46373057,-0.528497409,0.448446746,0.129593535,0.280630074,-0.044396912,1
600026,0.002138966,2017,2.79E-05,0.53173006,0.186528497,0.292746114,1.180032606,0.494597183,0.170526852,0.148184856,1
600028,0.024070837,2016,1.27E-05,0.1959927,0.337641357,-0.357027464,0.811992251,-1.528636579,-0.629658497,-0.144683888,1
600028,-0.002247964,2017,1.25E-05,-0.108205178,-0.370466321,-0.386010363,0.763383532,-0.75544686,0.309553069,0.113874828,1
600029,0.006030609,2017,4.22E-05,-0.088500238,0.580310881,0.626943005,1.191540713,-0.895124185,0.326988456,-0.038548666,1
600029,-0.069883107,2018,2.70E-05,-0.3362689,-0.943627451,0.367647059,1.314997276,-0.563282242,0.072213354,0.235277206,1
600029,-0.016593796,2019,4.25E-05,0.146775542,-0.310096154,0.742788462,1.138151011,-0.047002164,0.309620001,0.50852247,1
600031,-0.002512993,2016,6.19E-05,0.091078623,-0.111470113,0.831987076,1.303343114,-0.43556696,-0.099793319,0.061048128,0
600031,-0.002139037,2017,6.78E-05,0.462431791,-0.357512953,0.844559585,1.152845656,-0.086073156,0.677688931,-0.210325148,0
600031,-0.016645123,2018,3.99E-05,0.440657925,-0.460784314,0.62254902,1.160482334,-0.344339558,0.32371761,0.061523773,0
600031,-0.014082213,2019,3.79E-05,0.590751809,-0.252403846,0.673076923,1.30621459,-0.196301823,1.347372408,-0.513259344,0
600033,0.064019138,2016,1.34E-05,-0.190695899,0.735056543,-0.273021002,0.901012299,0.610246353,0.65304308,-0.290034791,1
600035,0.003657398,2017,9.63E-06,0.116363882,0.362694301,-0.803108808,0.64266764,0.360120072,-0.349196392,-0.033259403,1
600035,0.040139723,2018,9.07E-06,-0.122966123,0.762254902,-0.806372549,0.842040115,0.998183662,0.386004931,-0.096755388,1
600035,-0.015913401,2019,8.27E-06,0.057003683,-0.283653846,-0.841346154,0.979170278,0.634759271,0.14241965,0.010050923,1
600038,0.016420858,2016,1.54E-05,-0.13949063,0.201938611,-0.108239095,1.077393221,-0.331267131,-1.517350165,0.245259294,1
600038,-0.0115049,2017,2.70E-05,0.016518592,-0.844559585,0.272020725,0.853099025,-0.627998662,-2.246347412,0.135266889,1
600038,0.039997822,2018,5.00E-05,-0.007677712,0.757352941,0.74754902,0.922435147,-0.377362072,-1.353449438,0.5985374,1
600038,-0.038527712,2019,4.04E-05,0.280615073,-0.620192308,0.713942308,0.866656266,0.234906644,-0.031061082,0.066303013,1
600039,0.005435772,2016,5.28E-05,-0.223519378,0.01453958,0.783521809,1.320511105,0.092267135,-0.024006558,-0.214563767,1
600039,0.001460949,2017,5.09E-05,0.110702058,0.093264249,0.702072539,0.777626742,0.939808289,0.48311709,0.044021645,1
600039,0.002460069,2018,2.41E-05,0.04859585,0.012254902,0.25245098,0.783138082,0.606363922,0.54178088,-0.417406387,1
600039,0.023434823,2019,2.28E-05,0.644491765,0.435096154,0.348557692,0.992962776,0.579506766,0.785866371,0.094980664,1
600051,-0.04509769,2016,1.25E-05,-0.355827926,-0.644588045,-0.408723748,0.906137417,1.225384422,-0.218834704,0.270363898,0
600051,0.016644176,2018,1.18E-05,0.430632242,0.397058824,-0.352941176,1.05986043,1.187489756,0.288785722,0.145138878,0
600055,0.083474568,2016,1.39E-05,-0.137066331,0.822294023,-0.224555735,0.955836054,0.864443461,0.108975896,0.189623622,0
600056,0.060239265,2016,8.70E-06,-0.293987068,0.69628433,-0.915993538,1.028048025,0.448360533,0.751482201,-0.63263283,1
600056,-0.016621565,2017,9.15E-06,-0.249110485,-0.886010363,-0.847150259,1.067496129,-0.225777538,-0.278571206,0.138222518,1
600056,0.01905339,2018,1.64E-05,0.053376405,0.431372549,-0.056372549,1.259061209,0.391496567,0.543168614,-0.240621449,1
600056,0.032086454,2019,2.39E-05,-0.129453498,0.557692308,0.384615385,0.148163816,0.747771143,0.658012379,-1.210089591,1
600057,0.020952056,2016,2.63E-05,-0.229464998,0.276252019,0.360258481,0.724947271,0.423473815,-0.330192454,-0.339462927,1
600057,0.002023636,2017,1.76E-05,-0.097487887,0.168393782,-0.111398964,1.127746147,0.228421437,-0.331767492,0.31434219,1
600057,-0.020718607,2018,8.20E-06,0.299016715,-0.544117647,-0.906862745,0.86787253,0.436038788,-0.054442701,0.154191075,1
600057,0.004164192,2019,2.96E-05,0.179791909,0.127403846,0.526442308,0.756794735,0.771060914,0.527739109,-0.167181817,1
600058,-0.016107605,2019,8.02E-06,0.285009401,-0.293269231,-0.877403846,0.980333804,0.782064204,-0.036996016,0.577318909,1
600059,-0.000560365,2019,1.34E-05,0.374711066,0.040865385,-0.146634615,0.834861749,0.431029461,0.378495604,0.079881433,1
600063,-0.013556159,2016,2.06E-05,-0.355442474,-0.247172859,0.088852989,1.039583787,0.65079299,-0.116084574,-0.126520027,1
600063,0.007103424,2018,9.43E-06,0.167647697,0.147058824,-0.757352941,1.251003246,1.30097997,0.452161265,-0.094314229,1
600063,-0.021136422,2019,8.90E-06,0.583317564,-0.377403846,-0.754807692,1.173868199,0.795436331,-0.141226043,-0.315908068,1
600066,0.003856837,2019,1.11E-05,0.046715283,0.122596154,-0.319711538,0.95531192,-0.35019451,-0.520741649,0.43420481,0
600072,0.011975613,2016,3.89E-05,-0.463962312,0.124394184,0.63812601,1.426029199,-0.829147043,-2.968104529,0.484170013,1
600072,0.014374643,2017,1.90E-05,0.394034537,0.847150259,-0.056994819,1.320396742,0.466880493,-0.981409045,1.103051605,1
600073,0.028189799,2019,9.23E-06,-0.140272419,0.5,-0.682692308,1.199647181,1.401454321,1.390734602,-0.544517503,1
600075,0.015993751,2016,6.19E-05,-0.260782334,0.195476575,0.831987076,0.854946285,2.406221149,1.335285289,-0.415426734,1
600075,0.005244982,2017,3.83E-05,-0.179460891,0.525906736,0.559585492,1.182889133,1.721960452,1.094034847,0.210951476,1
600075,-0.0098887,2018,4.23E-05,-0.100442199,-0.325980392,0.659313725,1.091930353,1.406495095,0.383597568,-0.038353454,1
600075,-0.011622101,2019,1.77E-05,0.400119046,-0.206730769,0.024038462,1.088915695,1.264000757,0.54219008,-0.099499502,1
600076,0.032844482,2016,1.16E-05,-0.458467587,0.450726979,-0.55088853,1.209060498,1.275404337,0.734463005,0.160577578,0
600076,0.009218788,2017,3.65E-05,-0.076628807,0.722797927,0.507772021,0.769613131,0.814272037,-0.307384165,0.529417902,0
600080,0.005590078,2017,1.26E-05,-0.340893473,0.562176166,-0.380829016,0.516210463,0.174142026,-0.63328405,-0.155202473,0
600084,-0.036873774,2016,1.20E-05,-0.463546379,-0.554119548,-0.486268174,0.731677977,0.784233306,-0.117989576,1.150061613,1
600085,0.035519743,2016,3.04E-05,0.001509823,0.470113086,0.453957997,1.21435704,-0.483757481,0.617855618,-0.022497511,1
600085,-0.007001628,2017,3.22E-05,-0.183892344,-0.704663212,0.411917098,0.61937005,-0.638715431,-0.580405116,-0.341007231,1
600085,0.005868798,2018,3.04E-05,-0.052138337,0.102941176,0.443627451,0.851800656,-0.417286163,-0.195930665,0.052474617,1
600085,-0.01883725,2019,9.66E-06,0.498146867,-0.338942308,-0.603365385,0.357915096,0.296867861,0.428344898,-0.44030063,1
600089,-0.034855206,2016,2.41E-05,-0.339462157,-0.534733441,0.273021002,1.06715122,0.545796955,0.799496882,-0.344478952,0
600089,0.008083234,2017,3.66E-05,0.0638957,0.676165803,0.515544041,1.068216874,0.348270028,-0.034447823,0.049498473,0
600089,-0.00153466,2018,4.90E-05,-0.057036535,-0.090686275,0.742647059,0.905054538,0.690991349,0.259878802,-0.020880121,0
600089,-0.024087612,2019,0.000108161,0.949390547,-0.427884615,0.973557692,0.910639882,0.5854349,0.062864275,0.454496738,0
600096,-0.023832811,2016,9.35E-06,-0.329422294,-0.408723748,-0.861066236,0.903893536,0.684985663,-0.306454962,-0.11802135,1
600096,-0.002374497,2017,2.27E-05,0.165111331,-0.383419689,0.090673575,1.113441444,0.875639823,-0.051070479,-0.260135128,1
600096,0.005430116,2018,7.55E-06,-0.215216604,0.093137255,-0.946078431,1.12136966,1.219534587,0.777411538,0.191136593,1
600096,0.058815893,2019,1.39E-05,1.914137404,0.798076923,-0.120192308,1.152804665,1.038004375,0.315497167,0.270841703,1
600097,-0.182219549,2016,1.44E-05,-0.410470915,-0.993537964,-0.18901454,0.603570399,1.302310925,1.030169464,0.634095968,1
600097,-0.009565607,2017,1.33E-05,-0.041192145,-0.787564767,-0.295336788,0.661698768,0.809100477,0.06729353,0.388120661,1
600097,0.049348709,2018,5.31E-05,-0.116288626,0.845588235,0.774509804,0.826823563,1.192371408,0.015846113,0.150977597,1
600097,0.049484463,2019,7.45E-05,0.010177997,0.733173077,0.925480769,0.818092298,1.01203121,0.303408419,0.09476898,1
600098,-0.008072802,2017,9.09E-06,-0.028656822,-0.74611399,-0.852331606,0.829086613,0.010515741,-0.424017706,0.472650238,1
600098,-0.020994539,2018,8.87E-06,-0.12226986,-0.549019608,-0.838235294,0.768470534,0.844455615,0.413012618,0.227817547,1
600100,-0.004923498,2018,8.79E-05,-0.206789362,-0.18627451,0.953431373,0.809030374,0.847413892,-0.709146138,0.103243144,1
600100,-0.110041549,2019,1.48E-05,-0.169943554,-0.978365385,-0.084134615,1.096752943,0.476263265,-0.873129396,0.101417195,1
600101,0.040071154,2019,9.84E-06,-0.09609147,0.646634615,-0.567307692,0.868101704,0.894292727,0.193042176,0.300998112,1
600104,-0.009015408,2016,1.01E-05,0.110272584,-0.176090468,-0.789983845,1.364496641,-0.605003849,1.308503427,0.277900027,1
600104,0.000528897,2017,9.21E-06,-0.242214876,-0.025906736,-0.839378238,0.597689005,-0.780632967,0.051365298,-0.079734948,1
600104,0.01060666,2018,9.32E-06,-0.273620108,0.25245098,-0.774509804,0.934496721,-0.594612905,0.506467544,-0.107448233,1
600105,-0.028137836,2016,7.84E-05,-0.413131836,-0.466882068,0.890145396,1.081428391,0.322071899,-0.66836963,0.313111542,0
600105,-0.007814899,2017,0.000127171,0.304705836,-0.738341969,0.968911917,1.229035701,0.827912661,-0.56349959,0.187125642,0
600105,0.001825006,2018,8.62E-05,-0.108294411,0,0.948529412,1.03802386,1.114168392,-0.499817368,-0.132958831,0
600105,-0.070878657,2019,7.04E-05,-0.098324714,-0.889423077,0.915865385,1.085676696,1.101533194,-1.06795463,0.39606228,0
600106,-0.017931009,2016,2.99E-05,-0.357475328,-0.315024233,0.450726979,0.937697377,0.671286379,0.153962294,-0.283146769,0
600106,0.004713289,2017,2.79E-05,0.181591767,0.474093264,0.292746114,0.940832027,0.720717305,0.025613964,0.465106057,0
600106,0.046996725,2018,2.69E-05,-0.146678858,0.825980392,0.360294118,0.910271963,0.976672645,0.420927486,-0.20611048,0
600106,0.002758325,2019,2.45E-05,0.02116745,0.103365385,0.401442308,0.998171921,0.740319067,0.532766868,0.454523503,0
600111,0.001536935,2017,1.01E-05,0.115728296,0.098445596,-0.759067358,1.484890021,0.39157193,-0.409103675,0.303696049,1
600111,0.029783109,2018,9.00E-06,-0.285341986,0.632352941,-0.821078431,0.989791163,0.281942856,-0.563707133,0.296178714,1
600111,-0.002973114,2019,8.62E-06,1.196416125,-0.019230769,-0.793269231,0.731830236,0.335484679,-0.640680416,0.558352841,1
600115,0.039032967,2016,3.27E-05,-0.034073211,0.52180937,0.49273021,1.230245416,-0.910608737,-0.264249732,0.397553039,1
600115,0.003438873,2017,3.78E-05,-0.059165848,0.352331606,0.551813472,1.003196845,-0.525914574,0.249666936,0.124425716,1
600115,-0.013598543,2018,3.92E-05,-0.337425302,-0.421568627,0.617647059,1.372055452,-0.299160425,0.332293461,0.107351312,1
600116,-0.020605867,2016,1.02E-05,-0.413382162,-0.344103393,-0.770597738,0.521206736,0.945981576,-0.549837089,-0.778672692,1
600116,0.002784824,2017,1.04E-05,0.212276843,0.259067358,-0.712435233,0.886182247,0.907866435,-0.063623156,0.47606056,1
600118,0.015406633,2016,1.33E-05,-0.324485636,0.185783522,-0.276252019,1.227467303,-0.485272803,-1.018653203,0.314162903,1
600118,-0.004941909,2017,3.55E-05,0.175335667,-0.619170984,0.487046632,1.083018474,0.092016677,-1.153560883,0.365319231,1
600125,0.018770976,2017,2.73E-05,-0.227552962,0.914507772,0.279792746,1.402389096,0.890077962,0.428667479,0.405426603,1
600125,-0.004781534,2018,1.27E-05,-0.130915773,-0.181372549,-0.24754902,1.103703446,0.400303243,-0.196538492,0.487351177,1
600126,0.011784082,2018,2.32E-05,1.313812399,0.279411765,0.198529412,0.855229339,0.498053432,0.644833643,0.059595698,1
600127,-0.008361813,2018,1.15E-05,0.909841203,-0.274509804,-0.416666667,0.846301604,2.073907437,1.059253844,-0.442594109,1
600128,0.011319051,2017,4.08E-05,0.161010985,0.779792746,0.601036269,0.882391351,1.288559893,0.178933001,0.118130722,1
600128,0.000382435,2018,0.00010791,-0.148024069,-0.041666667,0.977941176,0.975749908,1.790429479,-0.40629746,-0.72419293,1
600128,0.001661372,2019,3.03E-05,0.020093971,0.081730769,0.543269231,1.066135641,0.609301295,-0.158127378,0.335183344,1
600129,0.005154616,2017,1.71E-05,-0.231063518,0.512953368,-0.134715026,1.134951458,0.188278855,-0.56991652,-0.16923989,1
600129,0.012406337,2018,1.65E-05,0.323102923,0.291666667,-0.049019608,1.052678688,0.926746687,0.205557509,-0.152289064,1
600129,0.049775508,2019,1.64E-05,0.447023867,0.737980769,-0.019230769,0.396662677,1.101787503,0.645746524,-1.119703449,1
600133,0.006358175,2016,2.47E-05,-0.11559077,0.027463651,0.302100162,1.227563972,1.047179794,0.70379845,-0.111455024,1
600133,0.0028226,2017,7.81E-06,-0.259176703,0.266839378,-0.976683938,0.880011982,2.327869769,2.041087813,0.014891098,1
600133,-0.017093471,2018,1.54E-05,-0.114421028,-0.463235294,-0.080882353,1.017484174,2.023944439,0.415011717,-0.217020841,1
600133,0.022488514,2019,6.84E-06,0.056825666,0.423076923,-0.963942308,1.251219815,1.001842436,0.082999618,0.712133551,1
600137,0.007465957,2018,1.34E-05,0.020591852,0.159313725,-0.193627451,0.922198738,1.398825028,0.412446452,-0.394517118,0
600138,0.009524734,2016,1.49E-05,-0.063296641,0.079159935,-0.140549273,0.854030329,0.287355712,0.28331436,0.223067817,1
600138,-0.001536981,2017,1.39E-05,-0.362809129,-0.295336788,-0.248704663,1.017529842,-0.215699643,-0.353785085,0.198103199,1
600138,-0.044128107,2019,3.37E-05,0.047565864,-0.689903846,0.59375,1.119729962,0.531736741,-0.014037204,0.422379379,1
600148,0.050738259,2016,1.41E-05,-0.233559412,0.651050081,-0.201938611,1.253248108,-0.299005222,-2.245397432,-0.518701388,1
600148,-0.017314953,2019,1.29E-05,-0.049912657,-0.324519231,-0.170673077,0.784697969,1.797432433,-0.103402643,0.557334609,1
600151,-0.071599331,2016,1.81E-05,-0.511732148,-0.844911147,-0.004846527,1.29650763,0.665882282,-0.824701607,0.650707298,1
600153,-0.001260438,2017,2.73E-05,0.053359975,-0.269430052,0.279792746,1.314376786,0.397474667,0.749321978,0.527076058,1
600153,-0.025283141,2018,1.39E-05,-0.045421156,-0.598039216,-0.161764706,0.981921321,-0.029604054,-0.048304295,0.513653858,1
600153,0.039691198,2019,1.83E-05,-0.015329032,0.644230769,0.052884615,0.932652677,0.189431365,0.567750743,0.116325952,1
600157,0.023887103,2016,1.73E-05,-0.505373423,0.334410339,-0.030694669,0.922022637,-0.301037497,-0.639350309,0.086146268,0
600157,0.001161583,2017,8.33E-06,-0.065789819,0.054404145,-0.948186528,0.825615491,0.827849035,0.539461895,-0.40186095,0
600158,-0.001649794,2019,3.48E-05,0.373901051,0.019230769,0.622596154,0.757554099,0.917283373,-0.44580142,0.424569513,1
600160,-0.075332519,2018,8.68E-06,-0.027834144,-0.953431373,-0.860294118,1.238832566,1.127269935,1.178836973,-0.342025317,1
600160,0.005641497,2019,8.00E-06,0.278039086,0.146634615,-0.882211538,0.987749063,0.24956735,-1.075880189,0.09544517,1
600161,-0.009710508,2017,2.18E-05,0.546132935,-0.792746114,0.049222798,0.980885887,0.192929179,-0.806274477,-0.051597753,1
600161,-0.017809985,2018,3.07E-05,0.769547357,-0.485294118,0.448529412,0.894516186,-0.202151056,0.238610818,-0.064594016,1
600161,0.00657938,2019,2.75E-05,-0.103681353,0.15625,0.463942308,0.575533561,0.104542836,0.719339543,-0.992464238,1
600163,-0.005249108,2016,2.26E-05,-0.288951376,-0.143780291,0.195476575,0.780938135,0.725480299,-0.319958972,-0.099032031,1
600163,0.000231656,2017,2.36E-05,0.215074616,-0.075129534,0.137305699,0.485665154,0.893458328,0.013038637,0.076971809,1
600163,-0.009749358,2018,3.66E-05,-0.199183304,-0.321078431,0.558823529,1.177812327,1.658835349,1.043028188,-0.602022366,1
600163,0.046059088,2019,2.22E-05,0.41462915,0.709134615,0.317307692,0.869451666,0.910740493,0.071977499,0.469135398,1
600166,-0.002442783,2016,9.85E-06,-0.289757311,-0.108239095,-0.799676898,1.137549844,-0.049755629,-0.249177861,-0.1032439,1
600166,-0.00732878,2017,2.81E-05,0.153098168,-0.71761658,0.303108808,0.808111343,0.621267222,-0.134088541,0.046851805,1
600169,0.03932358,2016,6.59E-05,-0.403191422,0.528271405,0.8546042,1.219593859,0.107690739,-0.498225927,0.104977039,1
600169,0.002128688,2017,3.39E-05,0.124134203,0.183937824,0.458549223,1.025500866,0.77663798,0.042845537,0.396354736,1
600169,0.00064697,2018,5.22E-05,-0.29568388,-0.031862745,0.769607843,0.9609023,0.741185173,-0.011452523,-0.161834074,1
600169,-0.009110248,2019,2.27E-05,0.268654659,-0.168269231,0.338942308,0.981225295,1.255137901,0.525723471,0.630620989,1
600170,0.047451947,2016,2.48E-05,-0.183771966,0.625201939,0.308562197,1.153621065,-0.336062571,-0.183574538,0.186442263,1
600170,0.001773066,2017,2.42E-05,0.218703021,0.134715026,0.170984456,0.669073364,0.057046623,0.121863194,0.089693131,1
600170,0.004430741,2018,2.34E-05,-0.166836092,0.068627451,0.203431373,0.808699783,0.883152054,0.77798211,-0.119779336,1
600170,-0.01593746,2019,2.16E-05,-0.026948352,-0.286057692,0.298076923,0.87722443,0.095772146,0.356138472,0.372633956,1
600171,-0.024755432,2019,9.06E-06,0.734726597,-0.439903846,-0.723557692,1.074451316,-0.331190123,-2.031053198,-0.028272475,1
600172,-0.052102614,2016,1.14E-05,-0.481029217,-0.731825525,-0.592891761,1.039176319,0.628456417,-0.29425159,-0.087349119,0
600172,0.000134945,2017,2.27E-05,-0.269531506,-0.085492228,0.090673575,1.044501452,0.409397701,-0.996318251,0.61342323,0
600172,0.000255033,2018,1.11E-05,-0.158978415,-0.046568627,-0.490196078,1.216322092,1.190719283,-0.099843905,-0.527184101,0
600176,-0.02468607,2016,4.90E-05,0.120041066,-0.418416801,0.735056543,1.258282961,0.785821926,1.130896143,-0.265234413,1
600176,-0.00554542,2017,3.74E-05,-0.060675228,-0.639896373,0.541450777,1.917665136,0.011673519,0.518887849,-0.30256123,1
600178,0.011371243,2017,1.85E-05,0.024216801,0.787564767,-0.088082902,1.349471988,0.83697627,-0.449889602,0.490037874,1
600179,-7.49E-05,2017,5.97E-05,-0.54978651,-0.098445596,0.787564767,0.934221577,0.820195435,0.531147185,0.270466878,0
600180,0.007699091,2017,9.47E-06,-0.200279161,0.655440415,-0.816062176,1.199708586,1.420609656,0.320392698,0.106378502,0
600180,-0.036167371,2018,2.40E-05,-0.197154147,-0.742647059,0.237745098,1.016267855,0.631404761,0.413635017,-0.547768061,0
600180,-0.086203357,2019,1.46E-05,-0.073074072,-0.932692308,-0.098557692,1.107358769,0.748482768,0.411271461,0.241940254,0
600183,-0.000870246,2017,1.15E-05,0.663471798,-0.21761658,-0.544041451,1.490219408,0.439999307,-0.544433116,-0.390161018,1
600185,0.007233627,2017,1.06E-05,-0.05291659,0.629533679,-0.689119171,1.287984439,0.81273132,0.550086935,0.32208431,1
600185,0.021702077,2018,1.07E-05,1.350177927,0.490196078,-0.571078431,1.157789215,0.692198108,0.523083302,0.030521132,1
600185,-0.007042727,2019,2.02E-05,-0.375363065,-0.120192308,0.213942308,1.080996584,0.825081069,1.235074077,0.249028693,1
600188,-0.006675717,2019,1.35E-05,0.831999356,-0.108173077,-0.141826923,1.199972897,0.345642566,0.655166311,0.5663007,1
600190,-0.00194877,2016,1.27E-05,-0.283328702,-0.095315024,-0.357027464,0.647090737,0.606688919,-0.351297964,-0.346768341,0
600190,0.020766322,2017,2.08E-05,0.106461097,0.92746114,0.002590674,0.931640516,0.569145933,-0.108145368,0.324762401,0
600190,0.019815349,2018,9.57E-06,-0.140057422,0.448529412,-0.737745098,0.932530819,1.663058216,1.516617284,-0.673868207,0
600190,-0.028323869,2019,1.84E-05,-0.074582819,-0.509615385,0.064903846,1.051466297,0.985808686,0.392100162,0.524986764,0
600192,0.039669414,2016,1.25E-05,-0.405845862,0.547657512,-0.408723748,1.192528217,1.113294131,-0.387094386,-0.103189588,1
600192,0.014452735,2018,1.33E-05,-0.240855643,0.333333333,-0.198529412,1.380581972,2.569849311,1.807967786,-1.139524658,1
600192,-0.039828566,2019,1.30E-05,-0.08218252,-0.639423077,-0.165865385,0.990487307,1.186112802,-0.41853047,0.416080876,1
600195,-0.001253764,2018,1.10E-05,0.642550351,-0.083333333,-0.504901961,0.922442415,0.473870023,-0.016764811,-0.495935884,1
600195,0.092068564,2019,1.08E-05,-0.125446961,0.932692308,-0.387019231,1.090967648,0.46983055,0.045901588,-0.341488838,1
600200,-0.08454777,2016,8.30E-06,-0.434184097,-0.899838449,-0.94184168,0.676310158,1.117190634,0.274832004,0.134435641,0
600203,0.064927592,2016,2.06E-05,0.164196009,0.741518578,0.088852989,1.096624645,0.799247845,-0.917882614,0.216574666,1
600203,0.003152979,2017,1.98E-05,-0.3959863,0.313471503,-0.03626943,0.599893431,-0.423931152,-1.035779932,0.092073918,1
600203,0.002546093,2018,1.69E-05,0.61555615,0.014705882,-0.036764706,1.204095199,1.770884163,-0.086836425,0.106690549,1
600203,-0.005309262,2019,1.81E-05,-0.012449666,-0.055288462,0.038461538,1.130717675,2.068956647,-0.456964075,0.079125856,1
600213,-0.00919987,2016,1.38E-05,-0.219339666,-0.179321486,-0.231017771,1.269466466,1.817606441,-0.121619895,0.168816924,1
600213,0.281910209,2019,1.25E-05,0.067837736,0.995192308,-0.211538462,1.088693491,0.969368281,-0.928280081,0.402304648,1
600218,0.003386921,2017,1.36E-05,1.850882973,0.336787565,-0.272020725,0.98423616,0.978020363,-0.103896787,0.490342124,1
600219,-0.040314791,2016,9.10E-06,-0.185688691,-0.60904685,-0.880452342,1.318729504,-0.673994496,-0.41425475,-0.085543481,0
600219,0.021289858,2018,8.28E-06,-0.093441417,0.480392157,-0.901960784,0.859856703,0.629707656,0.151559039,-0.13721137,0
600219,-0.018743068,2019,7.85E-06,0.747338031,-0.336538462,-0.903846154,0.875837982,0.296079835,0.354383759,0.259863457,0
600220,0.00193825,2017,1.28E-05,0.133280209,0.158031088,-0.347150259,0.985588499,0.938309192,0.097532547,0.451030683,0
600220,-0.00020902,2018,1.28E-05,0.146241076,-0.049019608,-0.240196078,0.944893036,1.425145004,0.205841101,-0.070659887,0
600220,-0.00989522,2019,1.17E-05,-0.235281516,-0.180288462,-0.247596154,0.880961851,0.755264187,0.029425227,-0.296490562,0
600221,0.025824986,2016,1.93E-05,0.000381559,0.360258481,0.033925687,0.998904369,-0.393436809,0.205641048,0.273557083,1
600221,-0.00619631,2019,1.35E-05,0.010955672,-0.096153846,-0.141826923,0.898325453,0.235443592,-0.309829479,0.795715505,1
600227,0.040850233,2018,9.85E-06,-0.083273201,0.769607843,-0.705882353,1.151113637,1.746694264,0.915356594,0.244877372,0
600229,0.024289511,2016,3.44E-05,-0.139962229,0.340872375,0.534733441,1.25851422,0.972284854,-0.104574261,0.283483734,1
600229,0.000868815,2017,1.19E-05,-0.067233807,0.018134715,-0.492227979,0.816701762,1.434052184,0.483526805,0.249871954,1
600229,0.020008312,2018,4.46E-05,0.000270111,0.455882353,0.693627451,1.021427073,1.043482001,0.057387443,0.019675052,1
600229,0.03192178,2019,1.05E-05,-0.174396894,0.555288462,-0.439903846,1.054304072,0.734683355,0.128046165,-0.345423997,1
600231,-0.000298972,2017,1.03E-05,-0.08958928,-0.129533679,-0.730569948,1.368288098,1.742531708,1.347886183,-0.369009891,1
600233,0.188246217,2016,3.41E-05,-0.33194771,0.990306947,0.525040388,1.64343346,0.106415945,-1.340987018,-0.512815096,0
600233,0.005520353,2017,6.59E-05,-0.068477389,0.551813472,0.834196891,0.986125723,0.787411567,-0.104624358,0.089557593,0
600233,0.053223293,2018,5.87E-05,0.175010221,0.87745098,0.828431373,0.980174403,0.534802281,0.225183952,-0.152173531,0
600233,0.029427651,2019,6.02E-05,-0.313656247,0.516826923,0.879807692,1.1989368,0.209959793,1.012443972,-0.512662883,0
600235,0.018037637,2018,1.35E-05,-0.106040275,0.419117647,-0.181372549,0.957583578,1.55726334,-0.80369703,-0.310680583,1
600236,0.031331547,2016,9.85E-06,0.06765616,0.428109855,-0.799676898,0.935568425,-0.687960137,-0.388115538,0.223264069,1
600239,-0.051026746,2018,1.49E-05,0.340215205,-0.87254902,-0.107843137,0.777539373,0.412203673,-0.680393604,0.200652569,1
600243,-0.091535474,2016,2.36E-05,-0.386158536,-0.922455574,0.250403877,0.798737773,1.368257141,0.002677922,-0.3952633,1
600243,0.00639407,2017,2.51E-05,-0.146136658,0.590673575,0.202072539,0.751137903,1.151147414,-0.160379344,0.3192109,0
600243,-0.00470324,2018,2.40E-05,-0.342023563,-0.176470588,0.237745098,1.023124314,1.70658003,0.275823207,-0.088632982,0
600248,-0.028242926,2016,6.49E-05,-0.253485793,-0.470113086,0.848142165,1.182267326,0.874801341,0.248897939,-0.34133757,1
600248,-0.001131087,2017,5.21E-05,0.031160162,-0.240932642,0.707253886,1.054860395,1.33100731,0.408688837,0.635627448,1
600248,-0.010259576,2018,2.24E-05,-0.138787722,-0.338235294,0.176470588,0.969624497,1.400083065,0.501824697,-0.196041536,1
600248,0.152023132,2019,2.92E-05,0.07550594,0.978365385,0.507211538,0.914882824,1.068427241,0.463460498,0.15218285,1
600250,0.011406319,2018,2.45E-05,-0.268064685,0.274509804,0.267156863,0.738708806,2.559643848,0.959895291,-0.683564658,1
600251,-0.047790724,2016,7.63E-06,-0.321059641,-0.686591276,-0.967689822,0.96450831,1.330874393,0.656290226,-0.378907148,1
600251,0.012883899,2018,6.93E-06,-0.03368745,0.308823529,-0.975490196,0.890201998,1.223456522,0.352209938,0.105234634,1
600251,0.078719917,2019,7.61E-06,0.404987027,0.887019231,-0.930288462,0.923324733,0.928252664,0.051906497,0.209231011,1
600252,-0.008285191,2018,8.65E-06,0.099442938,-0.269607843,-0.862745098,0.996734138,1.005175746,0.401253987,-0.053438043,1
600256,-0.011973727,2016,2.02E-05,0.080637898,-0.224555735,0.079159935,1.003019664,-0.355936379,-0.389802582,0.383221542,0
600256,0.004151051,2017,2.63E-05,-0.117977997,0.435233161,0.25388601,1.213048137,0.929308991,0.397484143,-0.017327269,0
600256,-0.023519811,2018,4.38E-05,-0.253221466,-0.568627451,0.681372549,1.01768165,0.644064323,0.552871891,-0.230710684,0
600256,-0.014666371,2019,2.00E-05,0.214745999,-0.266826923,0.201923077,0.872896327,0.636063854,0.251062918,0.481469618,0
600258,0.074029156,2019,7.95E-06,0.535232255,0.872596154,-0.889423077,1.478006233,-0.343019291,-0.019436346,0.316708268,1
600259,0.025821628,2016,1.02E-05,-0.261504702,0.357027464,-0.770597738,1.578665293,1.058466229,-0.245517257,-0.068903111,1
600259,0.009398662,2017,9.87E-06,0.3561614,0.727979275,-0.769430052,1.182163576,0.860264551,-0.234565505,0.143980573,1
600259,0.025676486,2018,9.14E-06,-0.267073801,0.568627451,-0.796568627,1.145545791,0.727135357,-0.230610191,0.019182072,1
600262,-0.080825345,2016,2.52E-05,-0.311010481,-0.88368336,0.324717286,0.813822715,-0.405187756,-1.140582217,-0.238841569,1
600262,0.003572936,2017,2.53E-05,0.089365275,0.360103627,0.212435233,0.493491307,-0.046600944,-0.750722433,0.173582995,1
600262,-0.019462912,2018,3.85E-05,-0.184818459,-0.524509804,0.607843137,0.719946058,0.208064106,-1.275363198,0.827951056,1
600262,0.063376665,2019,1.08E-05,-0.168284176,0.819711538,-0.387019231,0.692177879,0.933612501,0.177777976,0.315207058,1
600266,-0.020755067,2017,8.81E-06,0.038781502,-0.919689119,-0.898963731,1.121973705,-0.128949383,-0.251041937,0.719082675,1
600266,0.023179301,2018,8.59E-06,-0.22718131,0.531862745,-0.870098039,1.154570054,0.807270988,0.537928862,0.453920548,1
600266,-0.040304664,2019,7.97E-06,-0.079491313,-0.646634615,-0.884615385,1.005987262,0.383471195,0.583736659,0.293396181,1
600268,0.036014166,2016,1.80E-05,-0.323319389,0.479806139,-0.011308562,1.084596498,0.131597216,-1.183533168,0.52625185,1
600268,0.002763665,2017,8.35E-06,0.399712492,0.248704663,-0.945595855,1.096724955,1.007376623,-0.047986275,-0.221371715,1
600269,0.054940799,2016,2.43E-05,-0.226901535,0.680129241,0.285945073,0.970697454,0.07873304,0.23637512,0.103776507,1
600269,-0.00158816,2017,1.22E-05,0.139490165,-0.297927461,-0.422279793,0.817009395,0.385922051,0.290583049,0.183055953,1
600269,0.015904516,2018,1.16E-05,-0.225997147,0.370098039,-0.397058824,0.788048979,0.588641568,0.405991923,-0.010194458,1
600269,-0.012606656,2019,2.09E-05,0.04426216,-0.230769231,0.259615385,0.796516586,0.219775817,0.381612901,0.189582562,1
600271,0.015577193,2018,2.69E-05,-0.306358274,0.362745098,0.360294118,0.993938526,-0.187735419,-1.447806607,0.307854285,1
600271,-0.005908022,2019,2.03E-05,-0.200197989,-0.084134615,0.223557692,1.134985382,0.478696616,-0.099533,-0.335541628,1
600272,-0.018951649,2016,1.36E-05,-0.427087261,-0.321486268,-0.250403877,1.384490564,0.195463457,-0.927434649,0.976241692,1
600272,-0.033403183,2018,1.42E-05,-0.075346153,-0.710784314,-0.142156863,0.953005268,1.475337451,0.439262136,-0.263018431,1
600273,-0.026961918,2016,2.92E-05,-0.020055716,-0.444264943,0.437802908,0.798622926,0.526492542,-0.111114187,-0.066814731,0
600273,-0.000916552,2017,2.69E-05,0.28796562,-0.222797927,0.266839378,0.484545148,1.034089456,0.59514165,0.013645019,0
600276,-0.004888442,2017,1.49E-05,0.03268298,-0.60880829,-0.194300518,0.926551626,-0.892231513,-1.125709929,-0.752522382,0
600276,0.007503562,2018,2.85E-05,0.657950344,0.161764706,0.406862745,1.009192709,-1.068255522,-0.231960342,-0.436884005,0
600279,0.037229833,2016,2.74E-05,-0.321502418,0.502423263,0.402261712,1.11474516,1.13908733,0.020262225,-0.482446025,1
600279,0.014998981,2017,5.25E-05,0.052090466,0.860103627,0.71761658,0.880203243,0.847470658,-0.069878003,0.001019982,1
600279,0.02950517,2018,2.79E-05,-0.24257076,0.625,0.387254902,1.059958683,1.256644024,1.05259122,0.103102393,1
600279,-0.028237028,2019,2.04E-05,0.011230952,-0.507211538,0.233173077,0.939097375,0.850884106,0.268861025,0.368583081,1
600282,-0.021228724,2016,1.03E-05,0.186283112,-0.353796446,-0.741518578,1.07074078,-0.112125422,-0.572712858,-0.20907083,0
600282,0.004212612,2017,1.02E-05,-0.153317055,0.440414508,-0.75388601,1.746586881,1.958333136,2.12184181,-0.271558501,0
600282,-0.007005004,2018,9.28E-06,0.003026414,-0.25,-0.784313725,1.108679767,0.356115055,0.824805466,-0.106930658,0
600285,0.029918894,2016,9.71E-06,-0.206328666,0.40549273,-0.819063005,1.0672663,0.705066242,0.508760818,0.260261269,0
600285,0.002943776,2017,1.06E-05,-0.050647196,0.287564767,-0.689119171,0.958218234,0.74377148,0.042718941,0.294301088,0
600287,-0.033536728,2016,5.01E-05,-0.317554938,-0.525040388,0.751211632,1.254037141,0.793077253,-0.748280982,0.016946545,1
600292,-0.002086359,2017,1.21E-05,0.093764687,-0.352331606,-0.440414508,1.167343358,1.157782228,-0.072432628,0.525029478,1
600295,-0.029044542,2019,1.59E-05,1.600533279,-0.512019231,-0.033653846,1.085566063,0.341200444,0.719448193,0.036191051,0
600298,-0.002667826,2016,1.19E-05,0.371827262,-0.114701131,-0.49273021,1.133832414,0.121051805,0.336909987,-0.113572717,1
600298,0.005013921,2019,1.23E-05,0.08327074,0.144230769,-0.221153846,0.926281639,-0.220280485,0.498196948,-0.457919025,1
600302,-0.020990812,2016,1.50E-05,-0.491279465,-0.350565428,-0.137318255,1.34246853,1.782767501,0.302361096,0.029403232,1
600302,0.010385558,2017,3.08E-05,0.237943012,0.766839378,0.373056995,0.898005768,1.565494473,-0.070134188,0.046451253,1
600302,-0.025177943,2018,1.54E-05,-0.148631137,-0.595588235,-0.080882353,0.873631607,1.527247994,0.689427138,-0.516116802,1
600302,-0.033111959,2019,1.35E-05,-0.085080729,-0.564903846,-0.141826923,0.862434501,1.866121512,0.726880791,-0.296027091,1
600305,-0.004491466,2017,1.32E-05,0.982428222,-0.564766839,-0.305699482,0.876735406,0.528791981,-0.303480315,-0.332294174,1
600305,0.043185974,2019,1.10E-05,0.014872967,0.689903846,-0.331730769,1.095075718,-0.210734092,0.5475149,-0.932595162,1
600310,0.100317414,2016,9.33E-06,-0.430326494,0.893376414,-0.864297254,0.644667759,0.617749928,-0.330599128,0.113593597,1
600310,-0.019703586,2017,9.55E-06,0.271144873,-0.906735751,-0.810880829,0.803641881,0.428219174,-0.588611327,0.189673462,1
600310,0.010979455,2018,1.51E-05,-0.242573794,0.259803922,-0.095588235,1.110349407,0.462164495,-0.600674528,0.724331791,1
600310,-0.053751029,2019,8.60E-06,0.101114504,-0.790865385,-0.802884615,1.089585442,0.90927913,0.091440467,0.635041514,1
600312,0.03725292,2016,3.50E-05,-0.596108392,0.505654281,0.557350565,1.13124617,0.404569219,0.293030554,0.04164925,1
600312,0.000330243,2017,8.48E-05,0.377958394,-0.054404145,0.917098446,1.12509846,1.255543437,0.221179899,0.138233982,1
600312,0.006947875,2018,7.00E-05,-0.041645195,0.142156863,0.894607843,0.954080305,0.435205279,-0.13631529,-0.361845719,1
600312,-0.043694638,2019,3.43E-05,-0.220294052,-0.682692308,0.610576923,0.969525724,1.539100497,0.085488897,0.566203367,1
600316,0.03179961,2016,1.27E-05,-0.428837387,0.441033926,-0.357027464,1.207925753,0.09665486,-1.328937223,0.140818176,1
600320,-0.01215706,2016,7.76E-06,-0.187959059,-0.227786753,-0.961227787,1.217120872,0.300207896,0.344505519,0.446933629,1
600320,0.020980536,2017,2.39E-05,0.073189996,0.930051813,0.158031088,1.304141372,0.26707516,0.05311662,0.377612968,1
600320,0.005698479,2018,8.21E-06,-0.238381924,0.100490196,-0.904411765,0.939515381,0.439135033,-0.240593802,0.241659586,1
600320,-0.005334168,2019,7.50E-06,0.181817298,-0.057692308,-0.935096154,0.883571826,0.480820069,0.36115634,0.392004325,1
600323,-0.000580279,2017,1.33E-05,0.107010454,-0.178756477,-0.295336788,0.862575663,0.538941608,0.077953024,-0.075709947,1
600325,-0.003680417,2017,1.48E-05,0.042320585,-0.474093264,-0.199481865,1.510456788,0.911528978,1.117144116,0.144882535,1
600326,0.016421508,2017,1.72E-05,0.280164266,0.878238342,-0.132124352,1.338644819,1.542058392,1.093487369,0.265117236,1
600326,-0.00961881,2018,1.58E-05,-0.077319331,-0.31372549,-0.066176471,0.886043837,0.639993837,0.32228113,-0.885606874,1
600326,0.002866483,2019,1.47E-05,-0.059191621,0.108173077,-0.091346154,1.024489695,1.061142922,0.421748134,0.521156789,1
600328,-0.021566314,2019,6.96E-06,1.01125769,-0.389423077,-0.961538462,0.853618251,0.106794222,0.14201086,0.143320587,1
600329,0.001976877,2017,9.73E-06,-0.252531813,0.165803109,-0.797927461,0.830762279,0.121104835,-0.622475432,-0.517529639,1
600330,-0.056318196,2019,3.16E-05,-0.025628731,-0.814903846,0.567307692,1.083429142,0.369538793,-1.720813611,0.200225921,0
600332,0.030006259,2019,6.11E-06,0.06741888,0.524038462,-0.983173077,0.606137175,0.531781081,0.457566668,-0.428560235,1
600335,-0.033367597,2016,1.29E-05,-0.130681151,-0.52180937,-0.331179321,1.191524432,1.213983537,0.647124894,0.224463644,1
600335,0.026505282,2019,1.98E-05,0.307459833,0.480769231,0.1875,1.101984552,0.76986064,-0.170352229,0.507711525,1
600336,-0.012904816,2018,1.14E-05,0.361179188,-0.399509804,-0.431372549,1.240793434,1.635901248,1.252517559,-0.41340273,1
600338,0.000256542,2016,2.53E-05,-0.456255615,-0.063004847,0.331179321,1.446231151,0.02012321,-0.799575732,0.08426443,0
600338,0.01522708,2017,4.94E-05,0.201137883,0.862694301,0.689119171,1.222602989,1.466371189,0.914650549,0.146605012,0
600338,-0.010426321,2018,4.98E-05,-0.437007647,-0.348039216,0.745098039,0.859765798,0.234676082,-0.524650086,0.235230589,0
600338,-0.011236414,2019,4.49E-05,0.439437929,-0.199519231,0.771634615,1.324390045,0.654433509,-0.294904778,0.936409469,0
600339,0.023098194,2018,2.86E-05,-0.463311681,0.522058824,0.409313725,0.942139038,1.225049461,0.911186231,-0.365694297,1
600339,-0.021825309,2019,1.87E-05,0.253648648,-0.391826923,0.088942308,0.949671375,0.674660867,-0.127260584,0.967828043,1
600340,-0.011146126,2016,3.58E-05,-0.220744966,-0.214862682,0.573505654,1.292574834,-0.007633932,0.539668697,-0.094926958,0
600340,0.00013655,2017,1.85E-05,0.246290232,-0.082901554,-0.088082902,1.383465171,-0.528782804,0.86162913,0.548978986,0
600340,-0.001830668,2018,3.92E-06,-0.281697978,-0.100490196,-1,1.230879159,0.126525206,0.741741629,0.358134841,0
600343,0.030907665,2016,3.13E-05,-0.478907577,0.415185784,0.473344103,1.331673927,0.379788534,-0.537328342,0.65772485,1
600343,-0.003255622,2017,6.96E-05,0.09993594,-0.443005181,0.865284974,0.75134683,-0.296947686,-1.65945661,0.212843566,1
600343,0.045670304,2018,1.90E-05,-0.251068405,0.81372549,0.034313725,1.080409276,0.830733488,-1.072051638,1.182289873,1
600343,-0.042781715,2019,2.47E-05,0.255305537,-0.675480769,0.408653846,0.946634513,1.301546355,-0.488415409,0.527541761,1
600345,0.007770203,2017,1.39E-05,0.005623464,0.660621762,-0.248704663,1.62461239,0.929747974,-0.783550157,-0.184916161,1
600345,0.0025989,2018,1.44E-05,-0.267713609,0.019607843,-0.129901961,1.02681287,0.849025255,-1.411073919,0.375798051,1
600346,-0.001591385,2017,2.17E-05,0.182450109,-0.300518135,0.044041451,1.449924748,0.896340272,0.766093066,-0.281830868,0
600346,0.012708425,2018,9.01E-06,0.16756343,0.296568627,-0.816176471,1.0545757,0.500336345,0.573860234,-0.057496414,0
600348,-0.001196567,2017,9.01E-06,-0.173632271,-0.25388601,-0.875647668,1.663374509,0.976069409,1.510013043,-0.046662222,1
600350,0.012355136,2016,3.35E-05,-0.309549174,0.13085622,0.512116317,1.531107356,0.116943197,0.658081841,-0.229375262,1
600351,0.037081879,2016,9.48E-06,-0.072760395,0.499192246,-0.841680129,0.998702214,0.456015939,0.036556292,0.411415374,0
600351,-0.007368804,2017,9.94E-06,-0.131380014,-0.725388601,-0.764248705,0.766789509,0.876107427,0.220230183,-0.375160467,0
600353,0.005677964,2018,2.50E-05,0.156386872,0.098039216,0.291666667,1.040817548,1.019142902,-0.733180629,0.365213479,0
600353,-0.040786,2019,2.25E-05,-0.125384123,-0.658653846,0.331730769,1.178602973,0.701610996,-0.526687875,0.599816493,0
600354,-0.112763354,2016,2.21E-05,-0.326980643,-0.957996769,0.163166397,1.037397361,1.510524456,0.257896224,-0.128400892,1
600354,0.000866143,2017,1.09E-05,0.242913382,0.015544041,-0.629533679,0.485683091,0.284380693,-0.512342521,0.13537303,1
600362,-0.008773638,2016,1.84E-05,-0.065884144,-0.172859451,0.008077544,1.820025195,-0.670882538,-0.606701126,-0.010673114,1
600362,-0.004559965,2017,8.88E-06,-0.00923284,-0.57253886,-0.888601036,1.156860435,0.164114039,0.759591782,-0.212570856,1
600362,-0.027057762,2018,6.92E-06,-0.146512657,-0.634803922,-0.977941176,1.148921336,0.303753227,0.484002111,-0.036894007,1
600362,-0.027001923,2019,5.45E-06,0.648833254,-0.475961538,-0.995192308,1.11402586,0.078385793,0.279889921,0.489800729,1
600363,0.029399697,2016,2.27E-05,-0.349007467,0.399030695,0.211631664,1.159199295,1.312800887,0.608511358,-0.066049704,0
600363,0.002913538,2017,1.20E-05,0.438597924,0.277202073,-0.461139896,1.007692252,0.462507082,-1.221423225,-0.163848039,0
600366,0.09790085,2016,1.28E-05,-0.374670016,0.88368336,-0.340872375,1.089801523,0.45593235,-0.346407481,-0.094717786,0
600366,0.00704298,2017,1.26E-05,0.482964211,0.624352332,-0.380829016,1.223046773,0.96384423,-0.230838087,-0.075813216,0
600366,0.033663191,2018,1.11E-05,-0.381347811,0.691176471,-0.490196078,1.163540749,1.124416844,-0.439130324,0.554344694,0
600368,0.044843218,2016,7.56E-06,-0.244427201,0.586429725,-0.974151858,0.89820597,1.347897332,0.435470547,-0.399559686,1
600368,0.022745925,2017,5.03E-05,0.475300551,0.945595855,0.699481865,1.03906926,1.124944015,0.318994762,0.023994564,1
600368,-0.000600664,2018,6.34E-05,-0.263640286,-0.056372549,0.862745098,1.009076675,1.098002292,1.217948395,-0.046393616,1
600368,-0.051261587,2019,4.82E-05,0.037272951,-0.766826923,0.783653846,1.069590908,1.140997825,0.767967532,0.111149377,1
600370,-0.008701896,2018,2.89E-05,0.06731906,-0.284313725,0.416666667,0.812325991,1.082903661,0.192876735,0.075766509,0
600370,0.041952672,2019,1.28E-05,-0.068465274,0.677884615,-0.180288462,0.584139333,1.00341329,0.474821595,0.087570819,0
600371,0.002919094,2017,1.39E-05,0.373862157,0.279792746,-0.248704663,0.555034479,-0.64629866,-1.626328981,0.589231424,0
600372,-0.031967544,2018,1.09E-05,-0.113084742,-0.693627451,-0.517156863,0.956628819,0.363428947,-1.074329576,0.838839284,1
600372,-0.029512783,2019,2.00E-05,0.227256628,-0.526442308,0.201923077,0.920070051,0.495062535,-0.431019451,0.437601085,1
600373,-0.038826863,2016,2.77E-05,-0.447897758,-0.57996769,0.408723748,0.908766487,0.39928559,0.431699689,0.383762804,1
600373,-0.012333161,2017,1.91E-05,0.001855904,-0.849740933,-0.049222798,1.092933331,1.041795635,-0.014958234,0.303713594,1
600373,-0.003802676,2018,1.87E-05,-0.037039061,-0.137254902,0.017156863,1.05458451,0.7625089,-0.067647123,0.251655874,1
600373,-0.010214245,2019,2.62E-05,-0.13194133,-0.182692308,0.444711538,1.008045956,0.513118562,-0.508949955,-0.330093527,1
600375,0.002685919,2018,2.20E-05,0.469504127,0.026960784,0.144607843,0.713979001,0.433096696,-1.391448545,-0.299181054,1
600375,-0.069410928,2019,2.92E-05,0.523408521,-0.877403846,0.507211538,0.945037456,1.513486053,-0.294446458,0.676979286,1
600378,0.002151787,2017,5.22E-05,0.590999889,0.189119171,0.712435233,0.922060021,0.733586136,-0.27700395,0.291122682,1
600378,-0.050051347,2018,5.03E-05,0.31681072,-0.862745098,0.75245098,1.040305272,0.863083955,0.296715745,0.324295045,1
600378,0.086368008,2019,2.49E-05,0.079460668,0.918269231,0.423076923,0.957974961,1.304372008,0.02217228,-0.628511908,1
600379,0.027652482,2016,1.30E-05,-0.452977756,0.373182553,-0.315024233,1.01850552,1.818750591,0.707253406,0.549585167,1
600379,0.002792496,2017,5.22E-05,0.180780279,0.261658031,0.712435233,1.226968061,0.888911755,-0.692854667,0.604413781,1
600381,-0.030679487,2018,1.19E-05,-0.173711805,-0.683823529,-0.333333333,1.104717235,1.387225606,0.551675605,-0.034390979,0
600388,0.018287091,2016,1.29E-05,-0.165236041,0.237479806,-0.331179321,0.976825768,1.737478567,1.177456706,-0.654067321,0
600388,-0.004032453,2017,2.37E-05,-0.045092677,-0.533678756,0.139896373,0.624418367,0.715328662,-0.11375628,0.139004119,0
600388,-0.008719017,2018,2.16E-05,-0.290935547,-0.289215686,0.110294118,0.78110552,1.140105476,0.839393434,-0.161259837,0
600392,0.014632781,2017,8.57E-06,-0.123686893,0.852331606,-0.932642487,1.772059047,-0.066488171,-0.951700954,0.791831313,1
600392,0.026247909,2018,8.16E-06,-0.372514433,0.583333333,-0.909313725,1.316473386,0.787756926,-0.152851749,0.174868554,1
600395,-0.032368191,2016,2.14E-05,-0.161108047,-0.518578352,0.134087237,1.508220214,-0.202496832,-0.798206286,0.188077433,1
600398,-0.059011366,2018,1.15E-05,-0.368313398,-0.911764706,-0.416666667,0.924995291,-0.220051948,0.103704619,-0.291282999,0
600398,-0.005433716,2019,9.88E-06,0.327286885,-0.060096154,-0.552884615,0.824045069,0.302177397,0.246150686,0.309059291,0
600400,-0.057092975,2016,1.18E-05,-0.224175167,-0.767366721,-0.518578352,0.378257275,-0.391468296,-0.690625395,0.503274208,0
600400,-0.005087019,2017,1.18E-05,-0.028196469,-0.626943005,-0.505181347,0.613932774,1.132849185,0.558277891,0.18383312,0
600405,-0.067714116,2016,1.20E-05,-0.37462615,-0.819063005,-0.486268174,1.056450855,0.259768054,-0.959549222,-0.098763672,0
600406,0.011665316,2016,9.29E-06,-0.098178874,0.117932149,-0.867528271,0.882046531,-0.02935631,0.611548629,0.266080727,1
600406,-0.044405888,2017,1.69E-05,0.162390361,-0.971502591,-0.142487047,0.636193882,-0.60835048,-0.524869372,-0.063723587,1
600409,0.059023661,2016,1.18E-05,-0.133858831,0.689822294,-0.518578352,1.050613552,0.275872379,-0.037487237,0.300740204,1
600409,-0.006258627,2017,3.10E-05,-0.326639987,-0.68134715,0.378238342,1.469717526,1.819180448,1.190091841,-0.523127925,1
600409,-0.032243912,2018,1.01E-05,-0.189279965,-0.698529412,-0.671568627,1.354076369,1.017322666,1.044141656,-0.377274407,1
600409,-0.046017257,2019,2.94E-05,1.258995148,-0.713942308,0.521634615,0.98667216,0.815638802,0.330364243,-0.531761648,1
600410,0.04267204,2018,1.72E-05,0.248784369,0.781862745,-0.029411765,1.146516541,1.015952003,-1.552208948,0.710947103,0
600410,0.021019742,2019,8.20E-06,-0.437559491,0.399038462,-0.850961538,1.442459838,0.564104906,-1.605209399,0.480496175,0
600415,-0.035718192,2016,2.17E-05,-0.413950813,-0.541195477,0.143780291,0.383144035,0.506962639,0.411720954,-0.421630304,1
600415,-0.00835985,2017,5.36E-05,-0.02653363,-0.75388601,0.738341969,0.99995153,0.478229929,0.171285869,0.229400172,1
600415,-0.010861365,2018,3.26E-05,0.164451138,-0.355392157,0.490196078,0.944407813,0.46938854,-0.249891996,0.097192006,1
600415,0.011081114,2019,3.11E-05,0.060905176,0.230769231,0.555288462,0.960141548,0.694449749,0.089382266,0.705315996,1
600416,-0.048627834,2016,5.92E-05,-0.48157433,-0.69628433,0.82552504,1.126191011,0.207815888,-1.134527999,-0.006784094,1
600416,0.005341021,2017,5.87E-05,-0.17554309,0.538860104,0.78238342,1.06480744,0.786750932,-1.202659454,0.353912149,1
600416,0.016579975,2018,2.16E-05,0.351777965,0.392156863,0.110294118,1.044330189,0.732325091,-1.291016026,1.009411381,1
600419,0.06777469,2016,1.21E-05,-0.248067888,0.751211632,-0.476575121,0.294535491,1.775418533,0.958760344,-0.043275008,1
600419,-0.028798507,2017,1.19E-05,-0.184774993,-0.955958549,-0.492227979,1.324947396,0.529616911,-0.033199489,0.245952264,1
600419,0.048252172,2018,1.17E-05,0.048582378,0.838235294,-0.375,1.050721861,0.700882236,0.562164639,-0.20916999,1
600419,0.032152887,2019,1.11E-05,-0.098021561,0.5625,-0.319711538,1.001570439,0.937822338,1.075297615,-0.486515057,1
600422,0.056736735,2016,8.12E-06,-0.327113116,0.686591276,-0.948303716,0.830195417,0.784608098,0.34648957,0.183860248,0
600422,-0.002599449,2017,7.95E-06,0.479906431,-0.398963731,-0.966321244,1.009784945,0.222248193,-0.687837227,0.350861268,0
600422,-0.036321891,2018,7.94E-06,-0.149129372,-0.745098039,-0.916666667,1.14250272,1.963601425,1.072144522,-1.020980727,0
600422,0.000255389,2019,1.49E-05,0.004104237,0.057692308,-0.081730769,0.932713238,0.948044016,0.155380888,-0.311090422,0
600425,0.056672538,2018,2.53E-05,-0.114989185,0.899509804,0.299019608,1.095345366,0.550572479,0.002382323,-0.561873428,1
600425,-0.020885093,2019,2.50E-05,-0.156273656,-0.372596154,0.427884615,1.435719219,1.331966612,1.014581317,0.268370779,1
600428,0.028896998,2016,7.88E-05,-0.438178149,0.389337641,0.896607431,1.720668634,0.100264415,-0.405518914,-0.258990938,1
600428,0.017257606,2017,0.000119292,0.031960927,0.898963731,0.961139896,1.413734797,0.734337792,0.322939389,0.195553543,1
600428,-0.004749649,2018,8.92E-05,-0.180249451,-0.178921569,0.958333333,1.198049846,1.24640422,0.743219681,0.246052161,1
600428,-0.044702002,2019,9.90E-05,0.836322375,-0.701923077,0.966346154,1.02138898,0.765377191,0.529271275,0.361376261,1
600429,0.021508093,2016,9.46E-06,-0.07683151,0.282714055,-0.851373183,1.025870135,0.751701658,0.449923229,0.375241262,1
600429,0.001666179,2017,8.98E-06,-0.024741342,0.124352332,-0.878238342,0.659351937,0.322677586,0.114075925,0.150846854,1
600433,0.020289997,2019,2.43E-05,0.774390813,0.384615385,0.396634615,1.07099238,0.819929449,0.255483175,0.173629683,1
600435,-0.048793188,2019,1.08E-05,0.037473504,-0.747596154,-0.387019231,0.869566776,1.035025715,-0.449155025,0.498577966,1
600436,0.078325253,2019,2.62E-05,1.60108974,0.882211538,0.444711538,0.763940201,-0.355719322,0.170171315,-0.381032729,1
600438,-0.086428497,2016,7.04E-06,0.234331016,-0.91276252,-0.983844911,0.990913691,0.178483106,-0.724114265,-0.13875766,0
600439,0.007699228,2018,1.21E-05,-0.071491477,0.169117647,-0.318627451,1.11941888,1.617929326,0.866040687,-0.414940337,0
600439,0.04256165,2019,1.08E-05,0.006659372,0.685096154,-0.387019231,1.070422194,1.190646861,0.521631841,0.025994476,0
600444,0.000328332,2017,2.41E-05,0.002144029,-0.056994819,0.168393782,1.060248649,1.689899743,0.235007915,-0.296661202,1
600444,0.01586095,2018,3.57E-05,-0.165504574,0.367647059,0.529411765,0.956475253,1.381468526,0.704455653,-0.297133867,1
600444,0.009455231,2019,1.01E-05,-0.006140174,0.201923077,-0.519230769,0.983400794,0.994682172,-0.080973075,0.495233329,1
600446,-0.02626459,2019,1.72E-05,-0.262640866,-0.463942308,0.007211538,1.721725041,0.725137063,-0.432147842,-0.064173051,0
600448,-0.002089273,2017,3.67E-05,0.173786629,-0.35492228,0.520725389,0.677554943,1.676388414,0.231750976,-0.124348678,1
600448,0.007992416,2018,3.70E-05,-0.210247955,0.178921569,0.573529412,0.096098718,0.866251079,-0.856848785,-0.150255364,1
600452,0.077755718,2016,1.53E-05,-0.411322015,0.783521809,-0.114701131,0.507669528,0.303318781,-0.752884239,0.172150662,1
600452,0.016989116,2017,1.59E-05,0.261245293,0.886010363,-0.163212435,0.810765672,0.343071136,-0.393414071,0.183362069,1
600458,-0.00520396,2016,1.25E-05,-0.362950288,-0.140549273,-0.408723748,1.207458066,0.920378867,-0.369815634,-0.180793286,1
600458,0.000923708,2017,2.31E-05,0.397552464,0.03626943,0.119170984,1.110719067,1.225432225,0.073180377,0.248976651,1
600458,0.026595149,2018,1.73E-05,-0.383763064,0.588235294,-0.022058824,1.091409999,0.682780134,0.01848603,-0.167145347,1
600461,-0.003390793,2018,1.07E-05,0.024201164,-0.12254902,-0.571078431,0.750333987,0.496811094,0.008907922,0.267509584,1
600461,-0.007884657,2019,1.86E-05,0.16580986,-0.149038462,0.072115385,0.844631559,0.107603835,0.345811529,0.026130242,1
600468,-0.032935933,2019,1.13E-05,-0.208824203,-0.5625,-0.274038462,1.183610248,1.070711185,0.305113557,-0.222117265,1
600469,0.009759494,2016,1.16E-05,-0.520394308,0.082390953,-0.55088853,0.538047513,0.698175614,-1.080324227,0.277175678,1
600469,-0.011253428,2017,2.38E-05,0.319230743,-0.839378238,0.150259067,1.031550949,1.057219171,-0.055530031,0.220747743,1
600469,0.013407265,2019,1.07E-05,0.075723806,0.278846154,-0.408653846,0.969408847,0.399431771,-0.400798585,0.003782416,1
600470,-0.01169358,2018,1.06E-05,-0.354451816,-0.370098039,-0.588235294,1.243172832,1.4612617,0.359169438,0.044230129,1
600475,-0.026196974,2017,4.13E-05,0.01407109,-0.950777202,0.611398964,1.135089991,1.396766585,0.580660403,0.213851374,1
600475,0.068625819,2018,2.32E-05,0.07848544,0.943627451,0.198529412,0.977802844,0.721095728,0.118408915,0.113881499,1
600475,-0.007351067,2019,2.69E-05,0.178825319,-0.134615385,0.459134615,0.895444693,0.88047506,0.273575767,0.360877563,1
600477,-0.017263207,2016,1.94E-05,-0.464533311,-0.305331179,0.037156704,1.585419508,0.720010688,0.18743654,-0.54024072,0
600477,-0.035824331,2017,1.91E-05,-0.170664817,-0.96373057,-0.049222798,1.275542492,0.950284201,-0.097097932,0.280818898,0
600477,-0.032138029,2018,9.70E-06,0.11787792,-0.696078431,-0.720588235,1.109473536,1.053395483,0.248355711,0.223439242,0
600477,-0.029991904,2019,8.22E-05,-0.003751235,-0.533653846,0.9375,1.148538959,0.503524454,-0.218971934,0.299133844,0
600479,-0.004102161,2017,1.03E-05,-0.087690767,-0.541450777,-0.730569948,0.822785627,0.528485767,-0.074840036,-0.110196362,1
600479,0.023055343,2018,1.04E-05,0.030447203,0.519607843,-0.620098039,1.0657321,1.200160322,0.907465418,0.076561197,1
600479,0.072981975,2019,9.67E-06,0.058343806,0.870192308,-0.600961538,0.855385833,0.619471924,0.610651317,-0.734841239,1
600480,0.030839487,2016,1.22E-05,-0.551120712,0.411954766,-0.460420032,2.025594029,-1.810365656,-3.65997816,-1.769636192,1
600480,0.003318017,2017,2.05E-05,-0.079949873,0.32642487,-0.012953368,1.139758894,0.924272855,-0.254942973,0.69716243,1
600480,0.031777747,2018,9.36E-06,0.296389807,0.656862745,-0.759803922,1.13975198,0.823827244,-0.503665133,0.709826256,1
600480,-0.031994068,2019,8.30E-06,0.127563481,-0.552884615,-0.838942308,1.166149806,0.541306802,-0.986507565,-0.130044951,1
600481,-0.084876673,2016,1.23E-05,-0.414553432,-0.903069467,-0.447495961,0.711588259,2.320611483,1.017514321,-0.498212224,0
600481,-0.175610666,2017,2.40E-05,0.22903984,-0.994818653,0.160621762,0.913132655,0.707224508,-0.315805951,0.288656873,0
600481,-0.033978873,2019,1.16E-05,1.328176813,-0.574519231,-0.252403846,0.835450803,0.823428704,0.007640042,0.231676441,0
600482,0.096334404,2016,3.45E-05,-0.320641024,0.873990307,0.537964459,0.923880079,0.099281809,-1.108255358,0.011745779,1
600482,-0.002680341,2017,6.44E-05,0.348952561,-0.409326425,0.81865285,0.236210753,-0.751267967,-1.333494416,-0.151283006,1
600482,0.025798561,2018,2.82E-05,-0.345634624,0.571078431,0.394607843,0.762785762,0.21330703,-0.303271788,0.17332708,1
600482,-0.01424114,2019,9.48E-06,0.092696877,-0.259615385,-0.641826923,0.808728558,0.655296463,-0.432219831,0.815238483,1
600483,-0.037482233,2016,1.09E-05,-0.31857405,-0.567043619,-0.654281099,1.001828719,0.443350072,-0.076004966,0.013080161,1
600483,0.004957663,2017,1.06E-05,0.227711486,0.497409326,-0.689119171,0.815131762,0.581467808,0.069986766,0.569653231,1
600483,-0.001920121,2018,1.05E-05,-0.115733958,-0.105392157,-0.595588235,0.746881288,0.650105943,0.071962329,0.195869462,1
600483,-0.035095927,2019,9.37E-06,0.423397852,-0.586538462,-0.658653846,0.648224446,0.157080289,0.296071669,-0.041608371,1
600487,-0.068578343,2016,6.82E-05,0.089795498,-0.835218094,0.864297254,1.140558324,0.915667623,1.066759069,-0.018792783,0
600487,-0.005015901,2017,5.71E-05,-0.244880278,-0.621761658,0.772020725,1.831897136,-0.493375623,-1.25011724,-0.018474863,0
600487,0.006835629,2018,5.90E-05,-0.030884686,0.137254902,0.833333333,1.257905411,-0.414244272,-1.338515573,0.460218082,0
600487,-0.016802894,2019,3.68E-05,-0.316261109,-0.3125,0.658653846,1.101306841,0.845895862,-0.754030581,0.154939032,0
600489,-0.004946509,2016,1.02E-05,-0.328164074,-0.134087237,-0.770597738,0.544778355,-0.365802743,-0.947487625,0.157247268,1
600489,0.03270325,2018,9.72E-06,-0.121645285,0.676470588,-0.715686275,0.245474209,-0.202256485,-0.602873868,-0.174868035,1
600489,-0.036461697,2019,8.64E-06,-0.069598818,-0.603365385,-0.783653846,0.495377495,0.334054116,-0.518920752,0.408074072,1
600490,-0.112094424,2019,7.68E-06,0.203611272,-0.985576923,-0.918269231,0.937847832,0.830436055,-0.443196596,0.799358073,0
600493,-0.013320352,2016,1.26E-05,-0.414014909,-0.240710824,-0.379644588,0.57335443,0.88966914,-0.819752355,0.060765542,0
600493,0.009991952,2017,6.25E-05,-0.060331071,0.748704663,0.797927461,0.938157288,1.755206501,0.606191243,0.32326135,0
600493,-0.04267222,2018,5.71E-05,-0.20965122,-0.816176471,0.816176471,0.974828781,2.074269329,1.128254606,-0.128352837,0
600493,0.051391633,2019,6.09E-05,-0.013989134,0.752403846,0.884615385,0.72195522,1.468812917,0.336758376,-0.301763178,0
600495,0.017891005,2016,1.44E-05,-0.463850507,0.224555735,-0.18901454,1.281569926,0.734600985,-0.291666794,-0.265558349,1
600495,0.034140775,2019,1.35E-05,-0.070026807,0.591346154,-0.141826923,1.046626387,0.988759049,0.031630816,0.639124196,1
600496,-0.048604971,2016,8.95E-05,-0.391274949,-0.693053312,0.935379645,1.065806302,0.974214636,-0.096233059,-0.245964932,0
600496,-0.010824706,2017,2.19E-05,0.047937801,-0.81865285,0.059585492,1.016619876,0.829085972,-0.238015705,0.571628372,0
600496,0.002422019,2018,3.05E-05,0.045465987,0.009803922,0.446078431,0.926947682,1.138292205,0.742810217,-0.193826942,0
600498,-0.090105019,2016,2.08E-05,-0.020587017,-0.915993538,0.105008078,1.165823349,0.404387221,0.188732474,0.037689283,1
600498,-0.006554578,2017,3.09E-05,0.117129345,-0.686528497,0.375647668,1.274279631,-0.621596167,-2.073139244,-0.124992986,1
600498,-0.069396769,2019,9.49E-06,-0.358333353,-0.875,-0.639423077,0.819748331,0.527365571,-1.445664942,0.230487983,1
600499,0.052752203,2016,6.87E-05,-0.143591474,0.663974152,0.867528271,0.886249484,0.515482512,-0.641992008,-0.278032834,0
600499,-0.003297433,2017,6.28E-05,-0.371506898,-0.445595855,0.808290155,1.351161784,0.242884338,-0.796280388,0.038651457,0
600499,0.065678835,2018,4.18E-05,-0.073587104,0.933823529,0.647058824,1.035855253,1.103215623,-0.12796795,0.351427639,0
600499,0.013912436,2019,2.87E-05,2.473741498,0.290865385,0.497596154,1.178093536,0.365769885,-0.211359644,0.72779969,0
600500,-0.04064339,2016,7.27E-06,-0.287134325,-0.612277868,-0.977382876,1.418563829,-0.144239824,-1.016213616,-0.501277875,1
600500,0.000741136,2017,1.56E-05,0.079047321,-0.002590674,-0.168393782,1.423606817,1.090735951,0.376957586,0.324111907,1
600501,0.000899035,2017,3.53E-05,0.216022292,0.025906736,0.481865285,0.883127487,0.222690127,-1.485196293,0.424137226,1
600501,0.040301155,2018,1.09E-05,-0.028925397,0.767156863,-0.517156863,0.923344662,0.801943729,-1.0974571,0.396623865,1
600502,-0.003495963,2017,1.47E-05,0.175940469,-0.458549223,-0.204663212,1.023645351,0.958369863,0.31614132,0.062113589,1
600502,0.010747803,2018,7.84E-06,-0.182551623,0.254901961,-0.921568627,1.077615171,0.883931365,0.190083891,0.016816889,1
600509,0.014321674,2018,2.50E-05,-0.417840313,0.328431373,0.291666667,1.229905892,1.348758058,0.642460372,-0.671797274,1
600509,0.022220478,2019,7.66E-06,1.386013361,0.413461538,-0.920673077,1.046366787,1.256199093,0.226814197,0.387642885,1
600510,-0.052227871,2016,1.18E-05,-0.210242315,-0.738287561,-0.518578352,0.869778403,0.65251806,-0.132108309,0.15179939,1
600510,0.001632692,2017,2.32E-05,0.052518051,0.113989637,0.124352332,0.793251387,0.946307074,0.339546008,0.494571089,1
600510,0.051830851,2018,2.17E-05,0.26550965,0.862745098,0.117647059,0.771189689,0.610076731,-0.099870373,0.080499058,1
600512,0.083136714,2016,1.17E-05,-0.543483327,0.815831987,-0.531502423,1.292348636,0.784912254,0.802985033,-0.440170096,0
600512,-0.013714572,2018,1.18E-05,-0.046485384,-0.424019608,-0.352941176,1.216988784,1.601461595,1.032259413,-0.122699162,0
600515,-0.031185476,2016,5.80E-05,0.077084396,-0.502423263,0.819063005,1.017049029,0.696940164,-0.401978013,0.052215992,0
600515,0.072956296,2019,6.27E-06,0.397537748,0.867788462,-0.980769231,1.075985986,0.643716666,-0.104661203,0.546124355,0
600520,0.000910269,2017,1.36E-05,-0.234811283,0.031088083,-0.272020725,0.49296231,0.893892426,-1.16635298,-0.48579323,0
600520,-0.028461157,2018,1.19E-05,-0.388013241,-0.656862745,-0.333333333,0.656610536,0.307644642,-1.727887641,0.823844435,0
600520,-0.040330534,2019,3.59E-05,0.132177093,-0.649038462,0.641826923,0.705044256,1.143608861,-1.362900195,0.635573528,0
600521,0.017306024,2019,1.01E-05,-0.388726107,0.338942308,-0.519230769,0.893387822,0.26872857,0.614517448,-1.243630336,0
600522,-0.05183707,2016,0.000261514,-0.273823641,-0.725363489,0.996768982,1.146055812,-0.101355703,-0.023526108,0.120384337,0
600522,-0.005131467,2017,0.000116947,0.037235865,-0.629533679,0.958549223,1.305114804,-0.086969173,-1.049465746,-0.267884302,0
600522,0.035150974,2018,6.80E-05,0.243964944,0.718137255,0.882352941,1.165385352,0.203975609,-0.668061298,0.464461128,0
600522,0.018279648,2019,4.23E-05,-0.124224266,0.353365385,0.740384615,0.999608898,0.597965425,-1.132460595,0.344554701,0
600525,0.04525713,2016,2.45E-05,-0.23417177,0.596122779,0.298869144,0.989181925,-0.419919289,-0.806206913,0.092264502,0
600525,-0.005797563,2017,2.45E-05,-0.406353916,-0.652849741,0.18134715,1.048751142,-0.516638557,-1.62943635,0.040207827,0
600525,-0.027417783,2018,1.57E-05,-0.244368972,-0.639705882,-0.068627451,1.412338139,1.144778929,0.05733827,-0.355195465,0
600525,0.058040503,2019,2.20E-05,0.313996065,0.793269231,0.3125,0.963607092,0.268712077,-0.460521215,0.728488193,0
600526,0.01697795,2016,1.21E-05,-0.435912575,0.211631664,-0.476575121,1.155930499,1.372180474,0.461668305,-0.225677675,1
600526,-0.010328446,2017,1.06E-05,-0.152864006,-0.805699482,-0.689119171,1.279123153,0.875188228,-0.303730554,0.547871993,1
600528,0.078010668,2016,6.94E-05,-0.294713983,0.786752827,0.870759289,2.100973785,-0.075893868,-0.721677404,-0.930234252,1
600528,0.015721695,2017,7.44E-05,0.135165383,0.875647668,0.883419689,1.245371587,-0.131020032,-0.141631465,0.628174598,1
600528,0.029290952,2018,9.68E-05,-0.240941089,0.620098039,0.970588235,1.071754496,0.239741501,0.328327945,0.133265091,1
600528,-0.036486772,2019,9.12E-05,-0.068000301,-0.605769231,0.951923077,1.040021954,0.550534792,0.57014822,0.412408066,1
600533,0.011089683,2017,1.16E-05,0.049745896,0.774611399,-0.528497409,1.038661538,0.803747856,0.097937191,0.495401291,1
600535,-0.015636105,2016,1.08E-05,-0.13449858,-0.273021002,-0.673667205,0.699318161,-0.107644082,0.886091437,0.168677717,0
600538,-0.142677861,2016,2.04E-05,-0.180004417,-0.977382876,0.082390953,0.383035698,0.342009796,-0.989375809,0.388099322,0
600538,-0.005057815,2017,3.12E-05,-0.047518619,-0.624352332,0.388601036,0.435774112,0.900249316,0.020215482,0.272159828,0
600545,0.019234717,2017,0.000114016,-0.116907958,0.917098446,0.950777202,0.708927076,0.130358926,-0.502760756,0.219292266,0
600545,0.005313214,2018,8.14E-05,-0.332119435,0.090686275,0.93627451,0.46671355,0.376973516,0.324934133,-0.252790268,0
600545,-0.013224752,2019,1.89E-05,-0.344643801,-0.237980769,0.103365385,0.802286275,0.683080938,0.435041905,-0.02059549,0
600547,-0.069495781,2017,1.47E-05,0.696514811,-0.981865285,-0.204663212,0.30072761,-0.831072106,-0.835720243,-0.010791656,1
600547,0.04691639,2018,2.71E-05,0.229206674,0.821078431,0.370098039,0.196013825,-0.149798712,-0.481616141,-0.109070539,1
600547,-0.025491528,2019,9.14E-06,-0.27505895,-0.447115385,-0.706730769,0.236910268,0.405835575,-0.942701528,0.373690117,1
600548,0.048095287,2016,8.69E-06,-0.113312663,0.631663974,-0.919224556,0.669280348,-0.101246988,0.028303377,0.014977012,1
600550,-0.027174785,2016,3.42E-05,-0.627869009,-0.447495961,0.531502423,1.484500469,0.636524255,-0.925762428,-0.959939445,1
600550,0.017416809,2017,3.34E-05,-0.082877595,0.901554404,0.450777202,1.271331438,0.759464704,-0.548389255,0.51309137,1
600550,0.025059566,2018,2.23E-05,0.25555538,0.558823529,0.161764706,0.968775865,1.50840571,0.283457326,-0.04022549,1
600550,-0.016878641,2019,1.07E-05,-0.152122685,-0.317307692,-0.408653846,0.913983847,1.283134368,-0.099810589,0.573024916,1
600551,-0.050908283,2016,2.85E-05,-0.428215557,-0.718901454,0.424878837,0.820718121,1.463662549,0.275071502,-0.256714712,1
600551,-0.130772158,2017,9.26E-06,0.031553169,-0.992227979,-0.836787565,1.052952705,1.258540635,0.46234446,0.133532167,1
600551,-0.001228339,2018,3.61E-05,-0.093301507,-0.080882353,0.549019608,1.017283657,1.19305559,0.275725955,0.236203399,1
600551,0.000954415,2019,8.06E-06,-0.112655475,0.072115385,-0.865384615,1.058147622,0.751705313,0.870924126,-0.570806683,1
600552,-0.012161464,2018,1.54E-05,0.312354904,-0.379901961,-0.080882353,0.959105333,1.06871599,-0.486884408,-0.607898114,1
600557,-0.003892534,2017,4.42E-05,0.192409492,-0.5,0.639896373,0.869586588,0.539496223,0.035701674,-0.110351575,0
600558,-0.000729521,2017,2.18E-05,-0.152690135,-0.199481865,0.049222798,1.008717855,1.557523584,0.395402247,0.017580526,1
600558,0.035996297,2018,1.13E-05,-0.208361049,0.720588235,-0.446078431,1.086968657,1.317568772,0.246670223,0.121654726,1
600558,-0.040784292,2019,2.23E-05,0.101367277,-0.65625,0.324519231,0.931294162,0.875795755,-0.068672354,0.640674066,1
600562,-0.004008894,2017,1.28E-05,-0.117995452,-0.528497409,-0.347150259,0.47844743,0.292438266,-1.930570837,0.15111395,1
600562,0.050698309,2018,1.21E-05,-0.047166511,0.855392157,-0.318627451,0.765594124,0.066791025,-2.048186251,0.944099272,1
600562,-0.119305111,2019,1.12E-05,0.001292878,-0.992788462,-0.293269231,0.971827749,0.533028382,-0.73840566,0.334079478,1
600565,-0.001961228,2016,8.29E-06,-0.473023473,-0.098546042,-0.945072698,0.759064342,0.33757911,-0.567951397,0.23334451,0
600565,-0.008208741,2017,7.95E-06,0.380578925,-0.751295337,-0.966321244,1.031481737,0.786207218,-0.01438295,0.349337222,0
600565,-0.001136085,2018,1.51E-05,-0.263524771,-0.075980392,-0.095588235,1.08576181,1.139560735,0.416749902,-0.158600224,0
600566,0.014185058,2017,2.26E-05,-0.361545502,0.844559585,0.085492228,0.804905011,-0.143420982,-0.700991891,-0.495217283,0
600567,-0.060638444,2018,1.64E-05,-0.137942668,-0.916666667,-0.056372549,0.947654437,0.58549847,0.439079008,-0.116860267,0
600569,-4.23E-05,2017,1.19E-05,-0.246771314,-0.090673575,-0.492227979,1.451351772,1.463735929,1.111325292,-0.328968836,1
600569,0.021291278,2019,1.04E-05,0.51849091,0.401442308,-0.466346154,1.096364699,0.886632174,0.726931384,0.835500995,1
600570,-0.027358376,2019,8.91E-06,-0.147597565,-0.485576923,-0.75,1.390620111,-0.408085247,-0.723937996,-0.463960727,0
600572,0.003711225,2017,1.81E-05,-0.081129265,0.367875648,-0.101036269,0.654470953,0.254810449,-0.263738796,-0.107144466,0
600572,-0.006496502,2018,1.52E-05,-0.153698347,-0.237745098,-0.090686275,0.716233579,0.764057179,0.501580855,-1.481095183,0
600572,-0.022169475,2019,7.28E-06,-0.20531083,-0.399038462,-0.949519231,0.825938913,0.750325944,0.37511951,-0.310896752,0
600575,0.147155718,2016,9.04E-06,-0.129967127,0.974151858,-0.886914378,0.8222201,1.252576976,0.464721403,0.282339148,1
600577,0.032437351,2018,2.16E-05,-0.075086328,0.671568627,0.110294118,0.903256094,1.23986018,0.639782932,-0.295661791,0
600577,-0.042735901,2019,9.06E-06,1.308682671,-0.673076923,-0.723557692,1.014363583,0.92921826,-0.392818835,0.30872757,0
600578,0.013208156,2018,8.44E-06,-0.086346853,0.31372549,-0.887254902,0.689387143,0.486430971,0.357452282,0.014186937,1
600578,-0.029705109,2019,7.63E-06,0.039496855,-0.528846154,-0.927884615,0.789234425,0.335925142,0.259025269,0.302969904,1
600580,0.000844843,2017,9.26E-06,0.10571864,0.012953368,-0.836787565,0.978078815,0.213081815,-0.837463315,0.298583361,0
600581,0.027804125,2017,1.33E-05,-0.297274668,0.96373057,-0.295336788,1.82946727,2.414801313,2.48974214,-0.617798132,1
600581,0.017330876,2019,2.72E-05,0.996816113,0.341346154,0.461538462,1.230257613,1.16455507,0.807980057,0.623550702,1
600582,-0.091372112,2016,1.80E-05,-0.198652298,-0.919224556,-0.011308562,1.054208428,-0.134305529,-0.473881936,0.136011254,1
600582,0.004365611,2017,9.19E-06,-0.06072459,0.455958549,-0.844559585,1.212424449,0.536412762,0.406719501,0.244884082,1
600582,0.023771243,2018,8.77E-06,-0.163641822,0.541666667,-0.850490196,0.904158301,0.431813591,0.180085869,-0.247113876,1
600582,-0.026171947,2019,1.73E-05,0.352688515,-0.459134615,0.014423077,0.998250891,0.567579178,0.354214103,0.024245593,1
600583,0.008414132,2016,1.08E-05,-0.162532291,0.050080775,-0.673667205,1.13788703,-0.676421268,-0.833557321,0.290583572,1
600583,-0.011904227,2018,1.02E-05,-0.189532761,-0.37254902,-0.656862745,0.979261534,0.661520785,0.500933904,0.020517392,1
600583,-0.002558552,2019,3.98E-05,-0.010928714,-0.009615385,0.704326923,1.155760478,-0.443971991,-0.515533203,0.413911609,1
600585,0.031417193,2016,2.06E-05,0.502100189,0.431340872,0.088852989,1.289954393,-1.155176092,0.133301171,0.244442481,1
600585,-0.017749737,2017,1.98E-05,0.260340719,-0.896373057,-0.03626943,1.431836654,-0.197864437,1.26848484,0.107811752,1
600585,-0.01817376,2018,8.83E-06,0.302239145,-0.492647059,-0.843137255,1.180463559,-0.165571404,1.265267123,-0.237955546,1
600585,0.021541148,2019,2.66E-05,-0.199374898,0.40625,0.454326923,1.178922841,-0.025124876,1.479919986,-0.229542178,1
600586,0.000719615,2018,6.07E-05,0.15714057,-0.026960784,0.843137255,0.969601887,0.982055954,0.48498271,-0.196606676,0
600586,0.009921895,2019,2.84E-05,1.494363908,0.213942308,0.490384615,0.973219699,0.183074364,-0.719831412,0.491231405,0
600588,-0.03695735,2016,1.81E-05,0.842155551,-0.557350565,-0.004846527,1.262501775,-0.256960024,-1.100727495,0.720014903,0
600590,0.085841297,2016,9.71E-06,-0.353318161,0.831987076,-0.819063005,0.254831258,1.477278469,-0.134522525,-0.068069441,0
600590,-0.052422121,2017,6.83E-05,-0.011927411,-0.974093264,0.852331606,1.025702644,0.952175611,-0.590081074,0.111852291,0
600590,-0.044002908,2018,1.87E-05,-0.179613523,-0.828431373,0.017156863,1.014961881,1.228137866,-0.527781253,0.310101757,0
600590,0.066155336,2019,9.21E-06,0.318739504,0.841346154,-0.6875,1.049256259,1.306077129,-0.490536489,0.115708719,0
600592,0.069711911,2016,1.01E-05,-0.407440192,0.760904685,-0.789983845,0.976861981,-0.024368257,-1.112074908,-0.144606494,1
600592,-0.023185221,2017,3.97E-05,1.098855225,-0.937823834,0.580310881,1.372324501,0.711196985,-0.670460531,0.526865635,1
600593,-0.014086842,2017,1.10E-05,0.484873047,-0.878238342,-0.621761658,0.341099919,0.541367445,0.150994818,-0.274578783,1
600596,0.039536514,2016,1.13E-05,0.909165446,0.537964459,-0.599353796,1.267780192,1.125369279,0.074415877,0.168285494,0
600596,0.062456443,2019,8.96E-06,1.109055017,0.8125,-0.737980769,1.010676013,0.53698432,-0.096300014,0.550416404,0
600597,-0.04296497,2016,1.18E-05,-0.227097007,-0.625201939,-0.518578352,1.118573557,0.453489133,0.718921652,0.551439082,1
600597,-0.002245815,2017,1.14E-05,0.083294338,-0.367875648,-0.551813472,1.215851507,0.349207835,0.224814227,-0.375566863,1
600597,-0.026975271,2018,1.15E-05,0.374019676,-0.62745098,-0.416666667,1.080393279,0.306684192,0.032981527,0.691262844,1
600597,0.048243077,2019,1.05E-05,-0.035600669,0.721153846,-0.439903846,1.118678547,0.17570461,1.081309429,-0.808996182,1
600600,0.045697508,2016,1.25E-05,0.243393822,0.605815832,-0.408723748,0.878076605,-0.047773388,0.422451412,0.053599073,1
600600,-0.004062825,2017,8.69E-06,0.134289076,-0.53626943,-0.919689119,1.204173684,-0.627086962,-0.735797347,-0.192323842,1
600600,-0.027507771,2018,7.82E-06,0.538583602,-0.642156863,-0.924019608,1.049908647,-0.210672972,0.60531633,-0.689714902,1
600600,0.006515298,2019,7.91E-06,0.489333212,0.153846154,-0.894230769,1.0646941,-0.496530301,0.494889776,-0.073703863,1
600603,-0.002941958,2017,3.68E-05,0.179869974,-0.430051813,0.525906736,1.138021871,1.551241725,0.641360811,0.245413872,0
600603,0.00347814,2018,3.55E-05,0.123932707,0.041666667,0.526960784,1.115385553,0.623835895,0.494469034,-0.625648682,0
600603,0.063842818,2019,3.02E-05,-0.095168693,0.822115385,0.540865385,0.85235238,0.703822059,0.343112255,0.321288889,0
600606,-0.002349084,2017,2.99E-05,0.070957157,-0.378238342,0.349740933,1.265404947,-0.230397576,0.418085855,0.581386368,0
600606,0.012608262,2018,1.43E-05,-0.06802832,0.294117647,-0.134803922,1.034926928,0.246021662,0.42467563,0.371057774,0
600606,-0.019952094,2019,4.83E-06,-0.093444891,-0.358173077,-0.997596154,1.104962959,0.064531877,0.807536064,0.394801373,0
600612,-0.053486746,2016,1.06E-05,-0.260458792,-0.744749596,-0.689822294,0.57150499,-0.185279431,0.347853049,-0.066225607,1
600618,0.039466233,2016,3.82E-05,-0.212224383,0.534733441,0.618739903,1.003118344,0.878488152,-0.260027419,0.69405658,1
600619,-0.00391844,2017,1.11E-05,-0.196509662,-0.505181347,-0.603626943,1.45290431,1.315404111,0.290752673,0.297934074,1
600623,-0.00394873,2016,1.71E-05,-0.121387617,-0.124394184,-0.033925687,0.959154815,0.687192366,-0.312333291,0.373743068,1
600623,0.007613154,2017,4.10E-05,-0.220999981,0.650259067,0.606217617,1.135438314,0.904528426,0.255947726,0.170985298,1
600623,-0.041769549,2018,1.60E-05,-0.335074807,-0.796568627,-0.06372549,1.213697361,1.013719414,0.981137448,-0.479972391,1
600623,0.024566149,2019,2.92E-05,0.71226404,0.447115385,0.507211538,0.925953889,0.739641334,0.405675255,0.140680382,1
600626,-0.015954755,2016,1.14E-05,-0.462429617,-0.279483037,-0.592891761,0.965653377,0.880314588,0.345774129,1.514922007,1
600626,0.007905397,2017,2.81E-05,0.345144792,0.670984456,0.303108808,1.386338058,1.193438872,-0.041489149,0.459945346,1
600626,-0.018628456,2018,8.99E-06,-0.278852858,-0.504901961,-0.825980392,0.96657758,1.205484485,0.881265325,-0.117186636,1
600628,0.001171799,2017,2.73E-05,0.025840109,0.056994819,0.279792746,0.945368485,1.322674198,0.505256753,0.275638942,1
600628,-0.031615701,2019,7.80E-05,-0.335398099,-0.545673077,0.930288462,0.747895071,0.513603145,1.230586458,-0.127253496,1
600629,0.166545891,2016,6.09E-05,-0.446811056,0.983844911,0.828756058,0.447455024,1.893392588,0.457156145,-0.895907509,1
600629,-0.001941981,2017,5.39E-05,-0.029388702,-0.339378238,0.74611399,0.790363725,1.13858005,0.115473125,-0.006710033,1
600629,-0.012826009,2018,4.33E-05,-0.123330999,-0.394607843,0.678921569,0.830520241,0.456389431,-0.073413414,-0.015612239,1
600629,-0.026625294,2019,1.90E-05,-0.159173393,-0.466346154,0.112980769,0.951540725,0.615321602,0.318997137,0.435741217,1
600630,0.013870929,2017,1.35E-05,0.07310285,0.836787565,-0.28238342,1.263321518,1.620962657,0.135808564,0.130712676,1
600630,-0.001496875,2018,3.69E-05,-0.182862701,-0.088235294,0.566176471,0.97263184,1.602100752,0.469832345,-0.521713988,1
600635,0.017490967,2016,1.02E-05,-0.32058031,0.2180937,-0.770597738,0.944811055,0.370045423,-0.132958096,0.203958159,0
600635,0.001332954,2017,9.73E-06,0.72800182,0.07253886,-0.797927461,1.098225624,0.605516513,-0.280828704,0.373867294,0
600635,-0.035848233,2018,8.56E-06,-0.292184346,-0.740196078,-0.875,0.872989492,1.268296553,-0.514328379,-0.766029351,0
600636,-0.086965656,2019,4.26E-05,-0.183640682,-0.939903846,0.745192308,0.861580475,0.79225577,-0.114900007,-0.971369228,1
600637,0.006740408,2018,6.93E-06,-0.073677896,0.132352941,-0.975490196,0.997173758,0.395949258,-0.430768875,0.103453407,1
600642,-0.016016856,2016,1.27E-05,-0.187516009,-0.282714055,-0.357027464,0.769136069,-0.258725663,0.08623144,0.196216908,1
600642,-0.005907808,2019,1.20E-05,0.062508251,-0.081730769,-0.233173077,0.720165548,-0.031011563,0.276263784,0.199333931,1
600648,0.001913293,2018,8.93E-06,-0.329239508,0.004901961,-0.835784314,1.005974799,0.774052788,0.12179906,0.359661024,1
600648,-0.022802138,2019,3.41E-05,0.045204252,-0.411057692,0.603365385,0.856718069,0.450508621,0.046922294,0.642899904,1
600650,-0.007053112,2018,1.32E-05,-0.227164273,-0.25245098,-0.210784314,1.025704628,1.213011044,0.610509514,-0.243754541,1
600650,0.014009702,2019,1.08E-05,0.096837757,0.293269231,-0.387019231,1.01074998,0.929411881,0.31648494,0.261580824,1
600651,-0.000369533,2017,4.46E-05,-0.061672372,-0.139896373,0.642487047,1.41830108,0.666299605,-0.343159536,0.234374223,1
600651,-0.019783937,2018,1.74E-05,-0.13286444,-0.526960784,-0.017156863,1.072148442,0.793456867,-0.948904883,-0.273631637,1
600655,0.034101753,2018,5.81E-06,0.139623364,0.698529412,-0.992647059,0.881989975,0.088561576,-0.564640734,0.541580675,0
600658,-0.062153877,2016,3.46E-05,-0.436045894,-0.786752827,0.544426494,1.063491715,0.047174729,-0.05826952,0.133716285,1
600658,-0.003921358,2017,2.37E-05,-0.011960816,-0.507772021,0.139896373,0.404968014,0.753821297,0.029473895,0.045659869,1
600658,-0.013344312,2018,2.19E-05,0.15089168,-0.406862745,0.137254902,0.938138195,1.356858495,0.118242915,-0.220389403,1
600668,-0.044988853,2016,2.35E-05,-0.290762483,-0.63812601,0.247172859,1.276911706,0.428007761,0.028263939,-0.295577362,1
600668,-0.000531587,2017,3.33E-05,0.042855195,-0.17357513,0.448186528,1.29627766,1.235700252,0.57813979,0.402843196,1
600673,-0.108790056,2018,8.82E-06,-0.133160578,-0.990196078,-0.845588235,0.806097037,0.01537633,-0.243015045,-0.142179573,0
600673,0.020692226,2019,7.60E-06,-0.360530622,0.394230769,-0.932692308,0.728167503,0.225504792,0.216043952,-0.447334669,0
600676,-0.035151126,2016,1.01E-05,-0.343165165,-0.537964459,-0.789983845,1.036248734,0.218280803,-0.16974603,0.837970355,1
600676,-0.000332651,2017,1.02E-05,0.048621511,-0.134715026,-0.75388601,1.04809657,1.593491433,0.658392809,0.032763964,1
600679,0.011532655,2017,2.68E-05,0.205364895,0.792746114,0.261658031,1.03909424,1.553778144,0.13258689,-0.242863472,1
600679,-0.03149695,2018,2.59E-05,-0.136521876,-0.68627451,0.333333333,0.99980691,1.479599192,0.335805719,-0.514551781,1
600679,0.161690278,2019,3.42E-05,-0.03401894,0.980769231,0.605769231,0.953720451,1.325379889,0.271399523,-0.131810378,1
600685,-0.027424251,2016,7.58E-06,-0.517229767,-0.453957997,-0.97092084,1.465462871,-1.754774716,-3.231222587,0.545963911,1
600685,0.017684449,2017,6.78E-06,0.111964636,0.909326425,-0.989637306,1.382438913,-0.236378243,-1.899835825,0.972405867,1
600685,-0.03671366,2019,6.48E-06,0.211108895,-0.608173077,-0.973557692,0.715871044,0.611964821,-1.027589369,1.121030003,1
600686,-0.011007704,2016,4.02E-05,-0.075075015,-0.205169628,0.651050081,1.150552436,1.241302342,0.584316778,-0.099901538,1
600686,0.00484825,2017,2.08E-05,-0.400600773,0.492227979,0.002590674,0.850682327,0.254572557,-1.173187903,0.030239528,1
600686,-0.090545712,2018,3.95E-05,-0.261525932,-0.980392157,0.620098039,1.154339715,1.216030199,0.4977511,-0.087462673,1
600686,-0.021143322,2019,2.65E-05,0.190559732,-0.379807692,0.451923077,0.834286065,0.693984376,-0.324584478,0.342186146,1
600688,-0.004197429,2017,5.90E-06,-0.055290837,-0.551813472,-1,0.603021577,-0.524122621,-0.038387294,0.073579661,1
600690,0.001006533,2017,9.78E-06,-0.115906372,0.044041451,-0.784974093,1.195887347,-0.904289174,0.372115198,-0.484571215,0
600690,0.001910783,2018,1.73E-05,0.031724664,0.00245098,-0.022058824,1.249036867,-0.246199597,0.777518867,-0.191948478,0
600693,0.051257203,2018,1.08E-05,-0.076040463,0.860294118,-0.544117647,0.62538872,0.698243037,0.498141446,-0.047402612,0
600693,-0.001467599,2019,1.96E-05,-0.151518485,0.021634615,0.168269231,0.585099719,0.422029315,0.289730243,0.063869891,0
600704,0.021903014,2016,7.93E-06,-0.270336785,0.298869144,-0.957996769,1.125833799,0.378086304,0.674897974,-0.291457957,1
600704,-0.001809393,2017,1.50E-05,0.067840135,-0.331606218,-0.186528497,1.083855122,0.499781441,-0.13826284,0.106493516,1
600704,-0.024143188,2018,1.44E-05,-0.190094827,-0.583333333,-0.129901961,0.9554311,0.611936371,0.019145739,0.031791287,1
600704,-0.036221782,2019,1.95E-05,0.88906848,-0.598557692,0.163461538,0.958968463,0.287865296,-0.089725671,0.566909461,1
600706,-0.004799565,2017,1.13E-05,0.023409831,-0.595854922,-0.569948187,0.717333146,0.815924642,-0.042118264,-0.132152256,1
600706,0.007006912,2018,1.08E-05,-0.271878666,0.144607843,-0.544117647,1.206407031,1.593208783,1.014768244,0.023858726,1
600706,0.069964068,2019,1.93E-05,-0.031779576,0.855769231,0.132211538,0.937361716,1.148630442,0.025606826,0.417032278,1
600707,-0.017896178,2016,2.76E-05,-0.122015853,-0.311793215,0.40549273,0.953507943,1.546092806,-0.477546244,-0.758518388,1
600707,0.011459655,2017,1.29E-05,-0.301397806,0.79015544,-0.336787565,0.708973284,0.529771145,-0.371770857,-0.244762631,1
600707,-0.016048502,2019,1.25E-05,1.033481966,-0.290865385,-0.211538462,1.311863423,0.445317803,-1.604748476,0.591031389,1
600710,0.065344588,2019,3.32E-05,0.457201827,0.831730769,0.586538462,0.812963974,1.361629218,0.169820711,0.355719311,1
600711,-0.001227463,2017,3.01E-05,-0.407666441,-0.259067358,0.357512953,1.559004995,1.315751065,0.27349611,-0.158857562,0
600712,0.064203626,2016,2.81E-05,-0.394231762,0.738287561,0.421647819,0.93745429,-0.521171046,-1.628635693,0.615735758,1
600712,-0.006650813,2017,1.50E-05,0.170578993,-0.694300518,-0.186528497,0.644355492,0.653344478,-0.380287748,0.223222083,1
600712,0.019898424,2018,2.76E-05,0.074907705,0.453431373,0.37745098,0.634765637,0.340450443,-0.358401923,-0.393965859,1
600712,0.013454453,2019,2.49E-05,-0.249806076,0.283653846,0.423076923,1.099204226,1.402457204,0.630906988,-0.788788771,1
600717,0.031216887,2016,7.34E-05,-0.396036767,0.421647819,0.880452342,1.219053579,0.072511358,-0.627669752,0.086046265,1
600717,0.017050401,2017,7.19E-05,0.021752108,0.89119171,0.875647668,1.036164996,0.722416594,0.309727396,0.374438207,1
600717,0.006645019,2018,6.29E-05,-0.172934486,0.129901961,0.860294118,0.900805073,0.669260933,0.516479591,0.005900103,1
600717,-0.000346246,2019,6.48E-05,0.067139485,0.045673077,0.899038462,0.861565202,0.364569298,0.256740359,0.347480965,1
600718,-0.010610056,2017,8.90E-06,-0.026229232,-0.810880829,-0.886010363,1.049465377,0.299352764,-1.773012985,-0.49780744,0
600718,0.02841219,2018,8.55E-06,-0.116614659,0.612745098,-0.87745098,0.972139576,-0.321746584,-2.083184937,0.713945595,0
600718,-0.071215269,2019,2.33E-05,-0.162759304,-0.891826923,0.367788462,1.035947249,0.6315414,-0.304377074,-1.166879124,0
600720,-0.113052294,2016,1.12E-05,-0.146264774,-0.961227787,-0.615508885,1.148880864,1.138238345,0.132913951,-0.372224182,1
600720,0.017559004,2017,2.37E-05,0.377556208,0.904145078,0.139896373,1.784238203,1.28365668,1.588760536,0.134393631,1
600720,-0.005691572,2018,1.00E-05,0.888448523,-0.215686275,-0.678921569,1.295830537,0.509391978,0.876459363,0.216489716,1
600720,-0.007778364,2019,9.41E-06,-0.327903553,-0.146634615,-0.653846154,1.307601767,0.573834624,1.854703004,-0.613335198,1
600728,-0.03532773,2018,8.98E-06,-0.089121735,-0.732843137,-0.830882353,1.094921742,0.643776373,-0.761931857,-0.01269523,0
600728,-0.086138893,2019,8.51E-06,-0.195799634,-0.930288462,-0.814903846,0.984312631,0.641794012,-2.042653876,0.567784946,0
600729,0.01012528,2016,1.10E-05,0.255950162,0.098546042,-0.634894992,0.973511841,1.101355756,1.029453438,0.142327207,1
600729,0.003171454,2017,1.08E-05,-0.075714712,0.31865285,-0.652849741,1.027112897,0.839705064,0.299249621,-0.118098571,1
600729,-0.016588771,2018,1.12E-05,0.016946443,-0.458333333,-0.468137255,0.968458225,0.094904203,-0.002475271,0.352104719,1
600729,0.011274719,2019,1.03E-05,-0.001699907,0.233173077,-0.480769231,0.805901611,0.584641028,0.853272402,-0.410307922,0
600731,-0.045684383,2016,2.12E-05,-0.432916706,-0.654281099,0.121163166,1.205709901,1.30316235,0.19544305,-0.311851427,1
600735,0.110424293,2016,1.23E-05,-0.412616432,0.919224556,-0.447495961,0.00024369,1.916924774,0.092616716,0.13697557,0
600735,-0.293233409,2017,1.07E-05,-0.08893683,-0.997409326,-0.665803109,0.903987439,0.701031847,-0.232339207,0.04140174,0
600735,0.052404815,2019,1.06E-05,0.067847364,0.757211538,-0.420673077,1.132452338,1.549017409,0.240115869,0.402529631,0
600738,0.001774151,2017,1.54E-05,0.14278103,0.137305699,-0.176165803,0.544595196,0.641628382,0.100875121,-0.05137239,0
600738,-0.022934958,2018,1.50E-05,-0.257942753,-0.566176471,-0.105392157,0.781438993,0.869997878,0.283246671,-0.3299615,0
600739,-0.024616026,2018,1.90E-05,0.289511353,-0.588235294,0.034313725,1.11455315,0.213866982,-0.08473979,0.077724341,1
600739,0.017379449,2019,9.41E-06,0.082520491,0.346153846,-0.653846154,1.237074071,0.440981049,0.467536175,-0.43077597,1
600746,-0.043874446,2016,1.68E-05,-0.466731112,-0.631663974,-0.046849758,1.113973339,2.2523288,0.340996775,0.211909299,1
600746,0.000792127,2017,1.72E-05,0.14584874,0,-0.132124352,0.997461711,1.956853781,0.506515935,-0.108818822,1
600746,0.042817926,2018,1.70E-05,-0.037379944,0.784313725,-0.034313725,1.260664024,1.436067676,1.062786775,-0.747784365,1
600750,0.007304173,2016,2.87E-05,-0.281291644,0.040387722,0.431340872,0.841071895,0.759464584,0.672939829,-0.102097606,1
600751,0.134966069,2019,1.93E-05,-0.125660926,0.96875,0.132211538,1.122493038,0.8850856,-1.006575753,0.828813434,0
600753,0.023611133,2019,4.08E-05,3.566778265,0.4375,0.723557692,0.681298385,1.083276896,0.648741905,-0.225297895,0
600754,-0.041859374,2016,2.90E-06,0.364899737,-0.621970921,-1,1.014683417,-0.686520718,-0.24128308,0.276628195,1
600754,0.007372753,2018,7.62E-06,0.131945,0.154411765,-0.93872549,1.291150594,-0.012858692,0.551284873,-0.661837896,1
600755,0.070036087,2016,1.84E-05,-0.202110364,0.764135703,0.008077544,1.197230734,1.059391676,0.707007798,-0.178781566,1
600755,0.002429093,2017,1.63E-05,0.199755317,0.220207254,-0.152849741,1.32129388,1.598770894,1.220071624,0.155640149,1
600755,-0.046903224,2018,1.53E-05,-0.222074416,-0.845588235,-0.085784314,1.135325351,0.742636347,0.380870757,0.064959696,1
600755,-0.054787748,2019,4.42E-05,0.266963069,-0.802884615,0.764423077,1.021890685,0.589531456,0.338570881,0.388534903,1
600757,-0.053529453,2016,3.60E-05,-0.233373305,-0.747980614,0.57996769,1.224110696,0.69727615,0.241985037,0.106475893,1
600757,-0.002512078,2017,4.26E-05,0.205335785,-0.393782383,0.632124352,1.041204017,0.994861921,0.359106473,0.132480255,1
600757,-0.01337649,2018,3.13E-05,-0.235605227,-0.409313725,0.465686275,0.943159835,0.751253727,0.316138513,0.095512265,1
600757,0.032759561,2019,7.34E-06,0.093131936,0.579326923,-0.942307692,1.040657846,0.434069184,0.268680771,-0.153800855,1
600761,0.000393261,2016,1.25E-05,-0.117072857,-0.059773829,-0.408723748,1.064107594,0.640650557,0.325702549,0.267945585,1
600761,-0.012697112,2018,1.96E-05,0.026531944,-0.392156863,0.049019608,0.797975935,-0.079331863,-0.407998667,0.287220471,1
600761,0.043218577,2019,8.57E-06,0.165744181,0.692307692,-0.807692308,1.044357578,0.452067988,0.613432929,-0.085271683,1
600765,-0.007807547,2016,1.97E-05,-0.467053403,-0.15993538,0.046849758,1.368424568,0.551156057,-0.868580346,-0.040816054,1
600765,0.010036459,2017,1.90E-05,0.228126389,0.751295337,-0.056994819,1.337213845,-0.602805567,-2.139997436,0.968493246,1
600765,0.040068832,2018,2.07E-05,0.095929911,0.759803922,0.085784314,1.050515555,0.807381154,-0.779153104,0.646817068,1
600765,-0.038991428,2019,1.94E-05,1.190280487,-0.622596154,0.146634615,1.085672985,0.977958225,-0.335784918,0.39541255,1
600771,0.000986293,2016,9.47E-06,0.355724712,-0.053311793,-0.844911147,0.735659134,0.813836365,0.160649884,-0.12688033,0
600771,-0.008153558,2017,9.11E-06,-0.51371817,-0.748704663,-0.849740933,0.736691259,0.095493101,-0.391515286,-0.453543603,0
600771,0.026527322,2018,1.00E-05,-0.287985275,0.585784314,-0.678921569,0.993281577,-0.461005971,-0.852060192,-0.225308554,0
600771,0.078374631,2019,2.83E-05,1.747244561,0.884615385,0.480769231,0.82640362,0.691291713,0.403186605,-0.395437073,0
600773,0.010667517,2017,1.13E-05,-0.040001875,0.769430052,-0.569948187,1.397543654,1.372073638,0.175182397,0.339769284,1
600773,0.034866606,2018,1.12E-05,-0.128643573,0.713235294,-0.468137255,1.026234906,0.902587093,-0.398944652,-0.074882407,1
600773,-0.016475985,2019,1.04E-05,1.354596811,-0.302884615,-0.466346154,0.977526736,0.619412223,0.015517491,0.336527873,1
600775,-0.029210186,2016,1.69E-05,-0.450960778,-0.483037157,-0.04361874,0.955472521,0.03398924,-1.229258667,0.339899602,1
600775,0.000267107,2017,2.53E-05,1.179030804,-0.069948187,0.212435233,1.159439895,1.027216969,-0.699182501,0.068708352,1
600775,-0.005091308,2018,7.50E-06,-0.343091707,-0.191176471,-0.953431373,1.16589303,0.587944122,-1.763689127,0.772873558,1
600775,-0.004381461,2019,5.16E-05,-0.13769896,-0.040865385,0.817307692,0.940903965,0.95470908,-2.208501797,1.117409718,1
600776,-0.013120706,2017,1.27E-05,3.739070659,-0.865284974,-0.360103627,1.422448586,0.999488891,-0.804574252,-0.188229241,1
600776,-0.083401695,2019,1.04E-05,-0.18870274,-0.923076923,-0.466346154,0.981961954,0.893804249,-1.47232199,0.686374,1
600777,-0.045832271,2016,1.06E-05,-0.434988933,-0.657512116,-0.689822294,0.766010667,0.371116854,-0.762275027,-0.015633133,0
600778,-0.072050881,2016,1.85E-05,-0.362095426,-0.848142165,0.017770598,0.86111982,1.50188818,0.115283008,-0.01784715,0
600780,-0.001315427,2017,1.21E-05,-0.049342072,-0.274611399,-0.440414508,0.752334992,1.107421562,0.75184974,0.149582412,1
600787,0.021510167,2016,2.04E-05,-0.029433543,0.285945073,0.082390953,1.248086114,0.148246435,-0.825708295,0.046908555,1
600787,-0.01233834,2017,1.90E-05,-0.267958651,-0.852331606,-0.056994819,0.976745439,0.32277239,-0.221806696,0.092750313,1
600787,0.055396633,2018,3.59E-05,-0.24561322,0.894607843,0.544117647,1.162100855,0.892837996,0.29253063,0.16232299,1
600790,0.008716803,2018,1.40E-05,-0.113060547,0.205882353,-0.154411765,0.938416734,0.794839292,0.358624755,-0.106000033,1
600792,-0.014737915,2016,1.79E-05,-0.252374872,-0.263327948,-0.01453958,1.154204284,0.4904742,-0.53398231,0.265039179,1
600795,-0.000373781,2019,7.70E-06,0.328296282,0.043269231,-0.915865385,0.683130402,0.131490564,0.233365616,0.351808035,1
600796,-0.04993453,2019,1.08E-05,-0.039773704,-0.757211538,-0.387019231,0.896584277,1.286118479,0.295772612,-0.083738692,1
600797,-0.035901546,2016,9.73E-06,-0.198022818,-0.544426494,-0.812600969,0.872309612,1.044072148,-0.656508845,1.322079587,1
600797,-0.033751259,2019,9.01E-06,-0.199218283,-0.569711538,-0.728365385,1.1036832,0.890678227,-0.812961333,-0.03679872,0
600798,-0.050540846,2016,1.35E-05,-0.307424759,-0.712439418,-0.260096931,0.771457818,1.254930449,0.238489686,-0.733836554,1
600798,0.023083668,2017,5.57E-05,0.012374632,0.948186528,0.766839378,1.152622483,0.187392861,-0.772304088,0.37602109,1
600798,0.061112829,2018,1.09E-05,-0.202798563,0.911764706,-0.517156863,1.101945496,1.33011764,0.708893323,0.087054727,1
600801,0.015644531,2018,1.12E-05,0.153397585,0.365196078,-0.468137255,1.390804297,-0.052043016,1.411942631,-0.42861828,0
600801,0.047568454,2019,1.05E-05,-0.191947345,0.71875,-0.439903846,1.419235499,0.303399183,1.276586415,0.074841295,0
600802,0.062715153,2016,1.24E-05,-0.195275672,0.725363489,-0.43457189,1.181131807,2.503858985,0.091728839,-0.371356379,1
600803,-0.022280772,2016,1.66E-05,-0.103319063,-0.389337641,-0.056542811,1.006145636,0.107951102,-1.113955427,-0.441831707,0
600808,0.001340798,2016,1.15E-05,-0.001081269,-0.04361874,-0.576736672,1.335420862,0.056217836,0.090782655,-0.07335733,1
600808,-0.013493673,2019,1.40E-05,0.687057196,-0.242788462,-0.115384615,0.781847066,0.728539464,0.686695887,0.317765354,1
600809,0.011843215,2018,2.56E-05,1.106448112,0.281862745,0.308823529,1.410852209,-0.70742288,0.363084867,-0.39857586,1
600809,0.04144554,2019,2.79E-05,2.046188084,0.663461538,0.478365385,1.215723268,-0.808115217,0.044754253,0.406528966,1
600811,-0.03369891,2016,8.72E-06,-0.154557249,-0.531502423,-0.91276252,1.110204219,0.012015068,0.10740292,0.093412009,0
600820,0.062940354,2016,1.94E-05,-0.414268761,0.728594507,0.037156704,0.972512258,-0.02606262,0.620559809,0.05541815,1
600820,0.012766441,2019,8.33E-06,-0.078122553,0.262019231,-0.829326923,0.952105266,0.427428597,0.729911866,0.130200294,1
600825,-0.005378404,2017,1.02E-05,0.205101057,-0.637305699,-0.75388601,0.965213528,1.455370851,0.290997254,0.14419717,1
600825,0.057211921,2018,1.04E-05,0.201024409,0.901960784,-0.620098039,0.94965793,1.407823278,-0.630408108,-0.080348959,1
600826,-0.061889103,2016,1.48E-05,-0.237343264,-0.783521809,-0.153473344,1.068984645,-0.243739349,-0.920500453,0.83159756,1
600826,-0.00372446,2017,0.000100876,-0.164668886,-0.484455959,0.935233161,1.150390738,0.755282243,-0.553368647,0.577911985,1
600826,0.008467122,2018,4.28E-05,-0.066885984,0.203431373,0.669117647,0.955595466,0.406197221,-0.044960026,-0.692595996,1
600826,0.08496961,2019,3.76E-05,-0.240506997,0.915865385,0.668269231,0.950373571,1.01801861,0.661184636,0.084271205,1
600830,0.011350444,2017,9.34E-06,0.131866293,0.784974093,-0.831606218,1.223180272,1.164495898,-0.175066417,0.745503768,1
600830,0.065134624,2018,1.71E-05,0.114898415,0.931372549,-0.031862745,1.286875796,0.914987936,-0.047054603,-0.303658625,1
600831,-0.001781179,2017,1.07E-05,0.769774337,-0.32642487,-0.665803109,1.153253993,0.91335185,-0.286735622,0.146834557,1
600831,0.036238274,2018,2.03E-05,-0.296269254,0.723039216,0.068627451,1.174454254,0.603341883,-1.176124548,0.176876734,1
600834,0.036275029,2016,1.48E-05,-0.444354302,0.483037157,-0.153473344,0.816929083,0.501100718,-0.094570979,0.713118272,1
600834,-0.06030818,2017,2.86E-05,0.089794742,-0.976683938,0.316062176,0.887176532,0.651387947,-0.235545169,0.447890587,1
600834,-0.020074234,2018,2.79E-05,0.587143606,-0.536764706,0.387254902,0.843965277,1.140591149,0.713399815,-0.433475301,1
600839,0.045888918,2016,1.74E-05,-0.213112884,0.60904685,-0.027463651,1.207395363,0.353093342,-0.184421347,-0.032991787,1
600841,0.000528589,2017,2.73E-05,-0.15079523,-0.028497409,0.279792746,0.741530305,0.770037772,-0.004170438,0.638734964,1
600841,0.04156082,2019,2.54E-05,0.294104261,0.670673077,0.4375,0.767920491,1.226263515,0.404262789,-0.103382226,1
600843,0.008062606,2018,2.24E-05,-0.134698803,0.18872549,0.176470588,1.062967432,1.693638617,0.649814985,-0.011120488,0
600843,-0.04309066,2019,9.57E-06,-0.072171859,-0.677884615,-0.620192308,0.889983731,0.586586458,-0.083466889,0.138516972,0
600846,-0.000510538,2017,1.26E-05,0.180086998,-0.165803109,-0.380829016,1.63849975,1.687563031,0.077350961,0.04145967,1
600846,-0.070178733,2019,1.12E-05,0.025990367,-0.882211538,-0.293269231,1.186152163,1.013037501,-0.133574785,0.22880568,1
600848,0.002353104,2019,1.84E-05,-0.001460548,0.09375,0.064903846,0.820442842,0.713329173,-0.200908331,0.733396837,1
600853,-0.039937057,2016,1.04E-05,-0.420770378,-0.599353796,-0.731825525,1.233634295,1.28463706,0.603874207,-0.717948627,1
600853,0.007258329,2017,1.02E-05,0.310844179,0.634715026,-0.75388601,0.908519808,1.247184295,0.286068053,0.441900079,1
600853,0.075282652,2019,8.85E-06,-0.085264807,0.875,-0.759615385,1.26369884,1.188405902,0.518063278,0.253540895,1
600855,-0.093597948,2019,1.82E-05,-0.173784599,-0.944711538,0.045673077,0.891513806,1.488736359,0.107231447,0.322013175,1
600857,-0.065379772,2016,1.53E-05,-0.241047492,-0.802907916,-0.114701131,0.694372815,0.592448855,-1.386688082,0.190656619,0
600857,-0.003945658,2017,1.72E-05,-0.020214197,-0.518134715,-0.132124352,0.699311535,0.878463453,-0.009314791,0.328205779,0
600859,-0.003117348,2018,9.35E-06,1.956516274,-0.120098039,-0.767156863,1.245774212,0.449689818,0.660100901,-0.185189614,1
600860,0.006255375,2018,9.35E-06,-0.360189428,0.117647059,-0.767156863,1.277559642,2.506380738,1.917796977,-0.618886758,1
600862,0.089674381,2016,1.09E-05,-0.375172469,0.841680129,-0.654281099,1.007822102,0.310562571,-1.261675818,0.011324255,1
600862,0.027966081,2018,2.05E-05,0.876603731,0.605392157,0.075980392,1.154346221,1.028024432,-0.986259481,1.145596187,1
600862,-0.106051128,2019,1.97E-05,0.804896446,-0.96875,0.175480769,1.061755919,0.204285209,-0.593933312,0.289456693,1
600863,-0.000305106,2017,1.83E-05,0.380339929,-0.132124352,-0.095854922,0.742615947,0.505858909,0.182496047,0.113601986,1
600863,0.020894189,2018,1.75E-05,-0.2050297,0.475490196,-0.014705882,0.761212398,0.419975042,0.020100492,0.165475351,1
600863,-0.00011188,2019,7.65E-06,0.032477235,0.050480769,-0.925480769,0.798551249,-0.071667079,0.616879664,-0.136436452,1
600869,0.054352027,2016,3.10E-05,-0.305380143,0.673667205,0.466882068,0.911697786,0.258385943,-0.578341455,0.002218156,0
600869,0.000880377,2017,8.39E-05,-0.056717398,0.020725389,0.906735751,0.750765368,0.173662119,-0.027936618,-0.076674332,0
600869,-0.012402627,2018,7.37E-05,-0.12585777,-0.384803922,0.911764706,0.587394215,0.826686403,0.215234863,-0.198991665,0
600869,-0.011957328,2019,5.48E-05,0.189273032,-0.216346154,0.846153846,0.644466544,0.8637452,-0.259707436,0.21839192,0
600871,-0.083994523,2016,6.80E-06,-0.324490356,-0.896607431,-0.990306947,0.78038682,-1.088504255,-2.297972566,0.500287346,1
600873,0.073245675,2016,2.07E-05,-0.27405859,0.777059774,0.10177706,0.991954756,0.412698568,0.600485197,-0.324175866,0
600873,-0.006602013,2017,4.03E-05,0.218259235,-0.689119171,0.593264249,0.83345991,0.383520272,-0.028857122,0.024811722,0
600875,-0.021981569,2016,2.77E-05,-0.238283284,-0.382875606,0.408723748,0.90385122,0.137062923,-0.458817454,0.357579062,1
600875,0.002088138,2017,2.10E-05,0.412369188,0.178756477,0.020725389,1.220915784,0.640723049,0.035870009,0.078323689,1
600875,-0.069822265,2019,7.86E-06,0.246064988,-0.879807692,-0.901442308,1.187101883,0.550782525,-0.595406506,0.66829166,1
600879,-0.039859841,2016,4.25E-05,-0.212371965,-0.596122779,0.680129241,1.32005379,0.241896,-0.615265408,0.260458754,1
600879,-0.004834185,2017,1.02E-05,-0.137019117,-0.601036269,-0.75388601,0.90008976,0.03769198,-1.380687094,0.363830995,1
600879,-0.000269426,2018,1.01E-05,0.029791647,-0.051470588,-0.671568627,0.941167248,0.305645673,-1.185332601,0.832782451,1
600885,0.010092918,2019,1.43E-05,0.561146206,0.221153846,-0.108173077,1.048674123,-0.864619159,-0.70099788,-0.31249168,0
600887,0.023446132,2018,3.13E-05,-0.056965632,0.536764706,0.465686275,1.045579241,-0.723487162,0.241011912,-0.111668536,0
600893,0.036458912,2016,8.93E-06,-0.190338623,0.486268174,-0.896607431,0.897562618,-0.121465821,-0.986154638,-0.020752091,1
600894,-0.054026541,2016,2.67E-05,-0.495225922,-0.757673667,0.386106624,0.908669022,0.507343852,-0.117140625,0.138018823,1
600894,0.000541556,2017,3.73E-05,0.310255212,-0.020725389,0.53626943,0.913973632,0.777877161,-0.119251015,0.474205828,1
600894,0.006552377,2018,3.69E-05,-0.120221785,0.12745098,0.566176471,1.037686801,1.342904817,0.691726793,-0.187305683,1
600894,-0.001979902,2019,3.53E-05,0.022028781,0.009615385,0.632211538,1.061512431,1.32389392,0.420926323,0.354604223,1
600897,0.010372621,2016,4.44E-05,-0.166814951,0.108239095,0.699515347,1.03584665,0.685372731,0.515225292,-0.173604766,1
600897,0.004009233,2017,5.37E-05,0.276989934,0.409326425,0.740932642,1.026000189,1.148994456,0.92872512,0.081636812,1
600897,-0.02225413,2018,5.33E-05,-0.2685826,-0.56372549,0.776960784,0.722309625,0.156179169,-0.031258506,0.475398388,1
600897,-0.020841045,2019,4.77E-05,-0.059429256,-0.367788462,0.78125,0.916609459,0.003618262,0.037638189,0.473748648,1
600900,0.052137446,2016,1.04E-05,0.127953888,0.660743134,-0.731825525,0.37226096,-0.249296243,0.686477856,0.047914651,1
600900,-0.003308426,2017,1.12E-05,0.092655935,-0.448186528,-0.582901554,0.213876328,-0.433150928,0.148405048,0.048786436,1
600900,0.025266192,2018,1.08E-05,0.082338647,0.56372549,-0.544117647,0.335795064,-0.302100138,0.207993657,0.159533729,1
600900,-0.005503918,2019,9.95E-06,0.112458589,-0.067307692,-0.540865385,0.37659174,-0.30534432,0.31889725,0.030924377,1
600917,-0.046744758,2016,1.23E-05,-0.27525797,-0.676898223,-0.447495961,1.091313747,1.090566697,-0.405616936,0.359145533,1
600917,0.006479066,2017,1.26E-05,0.018266819,0.595854922,-0.380829016,1.198726625,0.471159547,0.256683376,0.124688775,1
600917,0.000803772,2018,1.25E-05,0.022346017,-0.022058824,-0.264705882,0.82314158,0.935646948,0.3299481,0.242010224,1
600929,-0.024093477,2019,1.69E-05,0.038947291,-0.430288462,-0.004807692,1.032831297,1.222864904,0.531500259,-0.0184322,1
600936,0.003850085,2017,2.05E-05,0.014360485,0.386010363,-0.012953368,0.998122641,0.926317253,0.031017597,0.296075915,1
600936,0.011389593,2018,3.01E-05,-0.218334112,0.272058824,0.43627451,1.016278272,1.147047839,-0.202715807,-0.123958563,1
600936,0.052985744,2019,9.85E-06,-0.23944473,0.766826923,-0.560096154,1.029980515,1.100113858,-0.046464653,0.362272994,1
600939,0.001000192,2018,9.53E-06,-0.267311672,-0.014705882,-0.75,0.991653473,0.890889387,0.337609186,-0.401904943,1
600939,0.080092987,2019,1.83E-05,-0.040713203,0.894230769,0.052884615,0.966995336,0.717384197,0.195673078,0.663097784,1
600959,-0.004614982,2019,1.01E-05,-0.195420871,-0.045673077,-0.519230769,0.815923267,0.606315929,0.02837966,0.183231285,0
600962,0.002286999,2017,1.41E-05,0.03013533,0.204663212,-0.225388601,1.261304621,0.579313393,-0.514990339,0.271336426,1
600965,0.132685265,2016,1.30E-05,-0.120679966,0.957996769,-0.315024233,0.790337151,0.825187729,-0.264717323,-0.223347899,0
600967,0.034659056,2016,2.22E-05,-0.079346497,0.466882068,0.169628433,1.172575886,-0.213959613,-1.873198553,-0.003305907,1
600967,-0.031575842,2018,2.05E-05,-0.083668315,-0.68872549,0.075980392,0.824146021,0.034100284,-0.978830562,-0.2153317,1
600967,-0.008908271,2019,1.94E-05,-0.035366857,-0.163461538,0.146634615,0.911375492,0.625511915,-0.151694552,0.46581532,1
600969,0.071301722,2016,1.17E-05,-0.415107201,0.773828756,-0.531502423,0.762583092,0.741283441,-0.083310117,0.112834402,1
600969,0.002230689,2017,1.17E-05,0.179003333,0.194300518,-0.515544041,0.866055989,0.879315411,-0.214372053,0.339904615,1
600969,0.007456949,2018,1.16E-05,-0.147591313,0.156862745,-0.397058824,1.044423782,1.268335342,0.7644707,-0.339309649,1
600969,-0.014115328,2019,1.07E-05,0.06271038,-0.254807692,-0.408653846,1.026801933,0.636197461,0.271631954,0.283662338,1
600970,-0.024768943,2016,0.000113595,-0.225330977,-0.428109855,0.967689822,1.308219373,1.399841376,0.238343685,-0.870404651,1
600970,0.037262892,2017,3.75E-05,-0.013650003,0.989637306,0.546632124,1.742446452,0.517640277,0.445741401,0.181316671,1
600970,-0.020050606,2018,4.40E-05,-0.146335123,-0.534313725,0.68627451,1.391886947,0.811891336,0.647882802,0.185426307,1
600970,0.054158301,2019,5.59E-05,0.75173928,0.776442308,0.853365385,1.178660254,0.72612958,0.710857008,0.422877092,1
600973,-0.073154244,2016,5.24E-05,-0.354969198,-0.857835218,0.777059774,1.16795704,0.615229065,-0.202392912,0.117786799,1
600973,0.001027916,2017,2.24E-05,0.047048112,0.046632124,0.080310881,0.891556681,1.23605031,0.417287025,0.174626977,1
600973,-0.010657461,2018,3.50E-05,0.014081681,-0.352941176,0.524509804,0.893535359,1.049698321,0.316011338,-0.48052729,1
600973,-0.027266758,2019,2.08E-05,0.044403534,-0.480769231,0.254807692,0.954481465,0.777367439,-0.43884912,0.328329072,1
600976,0.00266477,2017,1.11E-05,-0.216530486,0.235751295,-0.603626943,0.891912138,0.001816376,-0.544775685,0.169044861,0
600976,-0.004084809,2018,9.83E-06,0.073481971,-0.154411765,-0.708333333,1.007552647,1.168411924,0.940119334,-0.191528779,0
600976,0.081334861,2019,9.11E-06,2.248062432,0.901442308,-0.713942308,0.944834152,0.290874866,0.093490148,-0.023560071,0
600977,0.027681561,2018,8.38E-06,-0.157900424,0.602941176,-0.892156863,1.104621045,0.314936152,-0.002855528,0.004525886,1
600977,0.03598441,2019,4.42E-06,-0.039671962,0.610576923,-1,1.134714335,0.833896791,-0.054586029,0.355275223,1
600979,0.009008064,2016,8.72E-06,-0.216779753,0.056542811,-0.91276252,1.091691009,1.148986615,-0.52632474,0.513048105,1
600979,0.00165616,2017,9.20E-06,-0.004943133,0.121761658,-0.841968912,0.598593514,0.385813462,-0.179931859,0.211721868,1
600979,-0.027296263,2019,2.60E-05,-0.021968085,-0.483173077,0.442307692,0.900849915,0.865103159,0.570779523,0.31453298,1
600980,0.138324976,2016,1.31E-05,-0.317984984,0.967689822,-0.308562197,1.348516415,0.798373971,-1.262193623,-0.101547622,1
600980,0.004786008,2017,3.88E-05,0.496811694,0.487046632,0.569948187,1.48045473,1.334586857,-0.064716268,0.264367506,1
600980,0.019507902,2018,3.76E-05,-0.31012489,0.446078431,0.583333333,1.184910945,0.912806643,-0.009459935,0.148071688,1
600980,-0.0037665,2019,5.48E-05,0.189014548,-0.03125,0.846153846,0.628205924,1.117887903,-0.534926647,0.242179231,1
600981,0.001672898,2017,3.01E-05,0.095108365,0.126943005,0.357512953,0.777780685,0.991552313,0.224323447,-0.227782582,1
600981,0.019852037,2018,2.14E-05,-0.331582638,0.450980392,0.105392157,1.128736014,1.760247384,0.372985531,0.039268628,1
600981,-0.099028208,2019,2.07E-05,-0.042230844,-0.951923077,0.247596154,0.885075249,1.435347511,0.057205381,0.395971537,1
600983,-0.010526716,2018,2.39E-05,-0.216357259,-0.350490196,0.235294118,1.100747497,0.998643091,0.674057013,-0.630852823,0
600984,0.01466965,2017,8.29E-05,0.162791305,0.85492228,0.896373057,0.834320596,0.758260412,0.24118373,0.370171581,1
600984,0.010043821,2018,2.76E-05,2.735044406,0.235294118,0.37745098,0.64616871,0.382725329,-0.02548647,-0.208612929,1
600984,0.026263378,2019,1.86E-05,-0.575287553,0.475961538,0.072115385,1.107425246,0.963876962,1.151023211,-0.447191167,1
600985,-0.021262439,2016,3.15E-05,-0.202830798,-0.357027464,0.476575121,1.296297624,-0.003376562,-0.611216698,0.048481864,1
600985,0.002859355,2017,3.11E-05,0.143366057,0.272020725,0.386010363,1.959156349,0.661199167,1.178847477,0.389188749,1
600988,0.039356624,2016,2.13E-05,-0.247751348,0.531502423,0.127625202,0.503966824,-0.507214916,-1.258918272,0.585239606,0
600988,-0.013676079,2017,1.93E-05,0.238158993,-0.873056995,-0.041450777,-0.021992758,-0.225922008,-1.003032261,-0.022332268,0
600988,0.019323841,2018,1.68E-05,0.91648406,0.43627451,-0.041666667,0.282841578,-0.077496121,-1.019699306,-0.074590782,0
600988,-0.05664907,2019,8.30E-06,0.240538696,-0.819711538,-0.838942308,0.136441163,0.322971405,-1.375823891,0.426251136,0
600992,0.02036523,2016,3.87E-05,-0.454757009,0.269789984,0.631663974,1.047163256,-0.480671548,-1.406706275,-0.117552963,1
600992,0.003129894,2017,3.60E-05,-0.073657536,0.310880829,0.5,1.296734381,0.774509007,-0.041232366,0.476234093,1
600992,0.066930359,2018,3.13E-05,-0.25791924,0.93872549,0.465686275,0.87579014,0.939038172,0.011571433,-0.015767314,1
600992,0.041183119,2019,2.75E-05,0.356304327,0.658653846,0.463942308,0.90638694,0.946228907,-0.017229075,0.506603963,1
600995,0.004717764,2017,1.32E-05,0.077969114,0.476683938,-0.305699482,1.01644971,1.293533843,0.747993012,0.284143703,1
600995,-0.02790595,2019,1.25E-05,-0.058499701,-0.497596154,-0.211538462,0.79696941,0.278269598,-0.076284959,0.458678185,1
601000,0.078755638,2016,3.31E-05,-0.413539824,0.789983845,0.502423263,1.100379354,0.040221427,-1.106563587,-0.169276575,1
601000,0.015586833,2017,3.26E-05,0.182428401,0.870466321,0.42746114,1.091614553,0.607019424,-0.030239981,0.730425416,1
601000,-0.019393228,2018,3.32E-05,-0.16861654,-0.519607843,0.49754902,1.069350809,0.900676551,0.514273121,0.090672615,1
601000,-0.028140633,2019,8.54E-06,0.144689264,-0.502403846,-0.810096154,0.90224682,0.437360002,0.308871973,0.447707954,1
601002,0.041553346,2016,2.72E-05,-0.29408903,0.563812601,0.392568659,1.28211395,1.247872809,0.010808495,-0.768708345,0
601002,0.016464647,2017,1.31E-05,0.138354324,0.880829016,-0.313471503,1.492020502,0.501087379,-0.385451376,0.444201916,0
601003,0.037843893,2018,1.39E-05,-0.170359097,0.745098039,-0.161764706,1.21520434,0.261808184,0.861317807,-0.054090436,1
601003,-0.071980288,2019,5.30E-05,0.367554033,-0.894230769,0.831730769,0.963963983,0.770184526,0.960945964,0.366627993,1
601006,-0.010963851,2017,1.29E-05,0.02790872,-0.823834197,-0.336787565,0.692923088,-0.367766737,0.454886119,0.249545722,1
601006,0.018141423,2019,1.10E-05,-0.012704975,0.350961538,-0.331730769,0.633344031,-0.0702079,0.330480424,0.287992826,1
601007,0.015937224,2019,2.31E-05,0.056572382,0.329326923,0.360576923,0.848636009,0.67967761,0.225064931,0.088422747,1
601008,0.042722265,2016,0.000105819,-0.523423563,0.573505654,0.961227787,0.78579235,2.009532102,0.224924064,-1.5264261,1
601008,0.037890974,2017,4.95E-05,0.385328242,0.992227979,0.691709845,1.092598842,1.058290764,-0.004627281,0.229233282,1
601008,0.045081166,2018,9.84E-05,-0.306047559,0.806372549,0.973039216,0.963891642,1.575717548,0.828291624,0.099838069,1
601008,0.03191436,2019,7.38E-05,0.078369976,0.552884615,0.920673077,1.047635243,0.978353565,-0.114988756,0.856692364,1
601016,-0.053018705,2016,3.18E-05,-0.221087793,-0.741518578,0.486268174,0.730779576,0.515410976,-0.935266941,-0.031746967,1
601016,0.002777762,2017,3.86E-05,-0.071376482,0.256476684,0.567357513,0.850684608,0.263953461,-0.17243871,0.825800079,1
601016,0.017907253,2018,3.79E-05,-0.196293047,0.414215686,0.595588235,1.051168687,1.367342492,0.57572084,-0.170009768,1
601016,-0.007700648,2019,3.39E-05,0.756636391,-0.144230769,0.598557692,0.99976831,0.674893141,0.252137013,0.305909367,1
601018,0.04922377,2016,2.73E-05,-0.25504688,0.641357027,0.399030695,0.644376283,-0.415594551,-0.102844925,-0.137332988,1
601018,0.008450787,2017,4.10E-05,0.048222047,0.694300518,0.606217617,0.394057979,0.224921918,0.056972227,0.047233427,1
601018,0.038808244,2018,7.63E-06,-0.199203557,0.75,-0.93627451,0.867442422,0.641825867,0.24053007,-0.25375513,1
601018,0.044572351,2019,4.32E-05,0.139965809,0.699519231,0.752403846,1.017375922,0.494709644,0.229444818,0.494400654,1
601019,0.083006998,2018,8.87E-05,-0.167445115,0.960784314,0.955882353,0.962888507,0.574426652,0.017334331,0.298841188,1
601019,-0.003521992,2019,5.03E-05,-0.045802118,-0.028846154,0.810096154,0.850466694,0.497691458,0.24042746,0.147340914,1
601020,-0.00893222,2017,2.01E-05,-0.148479823,-0.777202073,-0.028497409,1.310772052,1.605102511,0.184251903,0.338535292,0
601020,-0.001087527,2018,9.60E-05,-0.344816546,-0.073529412,0.968137255,1.307352507,0.925579474,-0.013091742,0.181564421,0
601020,0.006925817,2019,4.69E-05,0.05289089,0.158653846,0.776442308,0.872468889,1.113556893,-0.06546549,0.404294316,0
601021,-0.011894633,2016,3.56E-05,0.031246476,-0.221324717,0.567043619,0.901765137,-0.296937233,0.288513735,0.227452324,0
601021,-0.008854731,2017,3.23E-05,0.271838736,-0.772020725,0.419689119,1.14718953,0.064624398,0.106949002,-0.005086563,0
601021,0.014156078,2018,6.28E-05,-0.228904368,0.323529412,0.855392157,0.999225076,-0.238183924,0.219660962,0.084362145,0
601021,0.00187376,2019,3.98E-05,0.598950226,0.091346154,0.704326923,1.048942863,-0.527765365,0.326276255,0.416614694,0
601038,0.007747667,2016,1.59E-05,-0.432322246,0.046849758,-0.088852989,1.053989577,0.810170693,-0.163531582,-0.125117511,1
601038,-0.000265534,2017,4.18E-05,0.684064586,-0.124352332,0.619170984,1.043621504,1.141612097,0.376749208,0.39611106,1
601038,0.033780971,2018,2.99E-05,0.006707441,0.693627451,0.431372549,1.139543014,1.534518465,0.508144782,-0.095629411,1
601038,0.033887037,2019,8.03E-06,0.759389917,0.588942308,-0.875,1.237874444,1.801436722,0.485705073,0.042501288,1
601058,0.003821837,2017,3.22E-05,0.224733829,0.380829016,0.411917098,0.85309347,0.775438396,0.396376429,0.262118735,0
601058,0.022268713,2018,1.97E-05,0.203153494,0.504901961,0.053921569,0.780927998,1.197067251,0.125019413,0.277148313,0
601068,0.004358688,2019,1.64E-05,-0.130584904,0.132211538,-0.019230769,1.036427958,1.304809875,0.230240443,0.770001113,1
601069,0.0950779,2018,4.32E-05,-0.114293261,0.975490196,0.671568627,0.130500284,-0.399560758,-1.088222325,-0.449156014,1
601069,0.006935141,2019,2.94E-05,-0.106803155,0.161057692,0.521634615,0.572123017,0.317308908,-0.838550233,0.534933622,1
601088,0.001510996,2018,1.38E-05,-0.211532026,-0.007352941,-0.166666667,0.938259455,-0.015495645,0.998316326,-0.086809274,1
601088,0.013658903,2019,2.87E-05,0.339002264,0.288461538,0.497596154,0.888861256,-0.182041178,0.521751928,0.539456582,1
601098,-0.013268164,2016,1.02E-05,-0.332323402,-0.234248788,-0.770597738,0.828556611,0.263814273,0.684050328,-0.045089347,1
601098,0.004910729,2017,3.99E-05,0.088609058,0.494818653,0.588082902,0.646476427,0.639122392,0.389944213,-0.065255985,1
601098,-0.035418589,2018,1.92E-05,-0.127809741,-0.737745098,0.039215686,0.565757855,0.038787141,-0.44720493,0.094470926,1
601100,-0.017226885,2016,2.55E-05,0.782299793,-0.302100162,0.337641357,0.915751591,0.75822904,0.140922104,-0.462720307,0
601106,-0.018993446,2019,2.87E-05,0.188178421,-0.34375,0.497596154,0.938216028,0.809979674,0.506056885,0.368477852,1
601107,0.094410345,2016,2.19E-05,-0.263707235,0.857835218,0.153473344,1.021807895,0.318946169,-0.041349857,-0.074156,1
601107,-0.001836752,2017,5.57E-05,0.191440387,-0.334196891,0.766839378,0.824890416,0.575518045,0.332801618,0.201975283,1
601107,0.012179003,2018,3.40E-05,-0.14949923,0.286764706,0.50245098,0.799307029,1.133289675,0.523935585,0.022501062,1
601107,-0.027735349,2019,2.02E-05,-0.088825822,-0.490384615,0.213942308,0.996042662,0.590307765,0.477850303,0.221361523,1
601111,0.018889686,2016,3.66E-05,-0.091807186,0.256865913,0.596122779,1.32516741,-1.005963974,0.493702558,0.522919143,1
601111,0.005321699,2017,3.55E-05,0.075535594,0.53626943,0.487046632,1.243452699,-1.392476474,-0.19267915,0.111264006,1
601111,-0.007910814,2019,4.30E-05,0.166480969,-0.151442308,0.75,1.320347032,-0.109631397,0.462032243,0.434632303,1
601113,0.065124914,2018,8.52E-06,-0.311264038,0.928921569,-0.879901961,0.762115157,1.218326409,0.810313339,-0.680191609,0
601117,-0.019617047,2016,0.000110217,-0.023587165,-0.327948304,0.964458805,1.192715705,-0.156089737,-0.234013118,-0.282951454,1
601117,0.018260142,2017,8.41E-05,-0.10170529,0.911917098,0.909326425,1.043850161,0.403462688,0.682435163,0.254913482,1
601117,-0.06177716,2018,5.83E-05,-0.103501125,-0.919117647,0.823529412,1.012456644,0.525189075,0.441113466,0.104156034,1
601117,0.009366687,2019,0.000110674,0.679535627,0.197115385,0.975961538,1.19271567,-0.022293579,0.543911364,-0.095040448,1
601118,-0.05490105,2019,1.49E-05,0.032414529,-0.805288462,-0.081730769,0.818740296,0.626540446,-0.470085137,0.901210202,1
601126,0.028762304,2016,1.16E-05,-0.454337352,0.382875606,-0.55088853,1.040045525,0.584674872,-0.124180644,-0.126519266,0
601126,-0.009738589,2017,2.62E-05,0.193198929,-0.795336788,0.248704663,1.067865847,1.094736298,-0.173823848,0.240393318,0
601126,0.004996195,2018,2.42E-05,-0.003498818,0.080882353,0.259803922,1.000412405,1.468059547,0.653079443,-0.301742343,0
601126,-0.066441121,2019,1.05E-05,0.69769886,-0.865384615,-0.439903846,0.901746321,0.952511441,-0.735922511,0.763104841,0
601127,-0.026664621,2018,1.11E-05,-0.375564442,-0.617647059,-0.490196078,0.462005537,0.284007912,0.233168906,-0.449086494,0
601127,-0.025522563,2019,9.95E-06,6.950413228,-0.449519231,-0.540865385,0.975839783,0.833116526,-0.207352997,0.543268787,0
601139,0.019504889,2017,1.28E-05,0.036732314,0.919689119,-0.347150259,0.742870572,0.501185075,0.07792541,-0.088713083,1
601139,0.006903113,2018,1.15E-05,0.156226373,0.139705882,-0.416666667,0.756980606,0.695077135,0.560989005,0.027370961,1
601139,-0.035913308,2019,9.84E-06,0.025415895,-0.596153846,-0.567307692,0.88440442,-0.131660731,0.276062139,0.104133341,1
601163,0.002679412,2018,2.17E-05,0.056069138,0.024509804,0.117647059,0.955244032,1.09108229,0.34574977,0.102256443,0
601168,0.006271761,2018,9.62E-06,-0.088319355,0.120098039,-0.732843137,0.965508965,0.542043718,0.52890747,-0.245823786,1
601177,-0.083732964,2016,1.10E-05,-0.275334039,-0.893376414,-0.634894992,1.111256719,1.255214081,-0.163813255,-0.111860293,1
601177,-0.000841149,2017,3.38E-05,0.443489243,-0.212435233,0.455958549,0.834794889,0.83944747,-0.429769029,0.048785434,1
601177,-0.016562673,2018,2.35E-05,-0.136303769,-0.455882353,0.218137255,0.942295358,0.59363489,-0.41999672,0.288142878,1
601179,0.046588663,2016,7.50E-05,-0.38580947,0.615508885,0.88368336,1.151692232,-0.029861529,-0.115313002,-0.162578568,1
601179,0.001411086,2017,0.000108068,0.065799943,0.082901554,0.943005181,0.934442288,0.558403443,0.109491876,0.275876206,1
601179,0.014878505,2018,7.38E-05,0.313400007,0.343137255,0.914215686,1.012871063,0.8133844,0.351422886,-0.174747619,1
601179,-0.040119289,2019,1.54E-05,-0.155689446,-0.644230769,-0.060096154,0.73193615,0.874539187,0.164063799,0.510476161,1
601186,-0.001606389,2016,4.89E-05,-0.285962225,-0.088852989,0.731825525,1.559519704,-1.142941006,-0.198108061,-0.384997215,1
601186,0.010373324,2017,3.72E-05,0.162119056,0.764248705,0.531088083,1.071285676,-0.158238582,0.432447667,0.274302389,1
601186,0.009436923,2018,3.99E-05,-0.153168879,0.223039216,0.62254902,1.166537109,-0.158441048,0.605146108,-0.238523969,1
601186,0.041996182,2019,2.83E-05,-0.105947933,0.680288462,0.480769231,1.131883182,0.411224843,0.732582805,0.674433687,1
601188,0.108301534,2016,1.39E-05,-0.3205078,0.909531502,-0.224555735,0.884587732,0.901114689,-0.541485562,0.128411728,1
601208,0.038174579,2016,1.22E-05,-0.407748668,0.512116317,-0.460420032,1.054931169,1.273116894,0.208149518,-0.016769574,0
601208,0.001944541,2017,3.73E-05,0.068542881,0.163212435,0.53626943,0.899569119,1.162528159,0.076552828,0.140511414,0
601208,0.000661656,2018,2.50E-05,0.450039321,-0.029411765,0.291666667,1.13531667,1.574166761,0.581706969,-0.558158135,0
601208,-0.053676071,2019,1.09E-05,1.448616528,-0.788461538,-0.350961538,0.999890001,0.644406773,-0.863406395,0.41996728,0
601212,0.068240973,2018,3.77E-05,-0.428257935,0.941176471,0.588235294,0.541965147,0.544748745,-1.243133141,-0.464953228,0
601212,-0.012461092,2019,3.61E-05,0.008639193,-0.225961538,0.646634615,0.790602344,0.718180649,-0.876077056,1.017745749,0
601216,0.023059139,2016,1.90E-05,-0.316409938,0.321486268,0.027463651,1.037923409,-0.391550134,-0.185031215,0.431262094,0
601216,0.010047947,2017,2.79E-05,0.02651387,0.75388601,0.292746114,1.184166701,-0.09054603,-0.284716392,0.509332833,0
601216,0.034501717,2018,8.99E-06,-0.135352098,0.708333333,-0.825980392,1.211101551,1.306491722,0.557665495,0.020422445,0
601216,-0.039254191,2019,7.65E-06,1.081195072,-0.625,-0.925480769,1.037890706,0.936782026,0.176699392,0.350800358,0
601222,0.016983989,2016,8.78E-06,-0.340111356,0.214862682,-0.906300485,0.61945405,1.400675869,0.478289653,-0.262784258,0
601222,-0.003424917,2017,3.54E-05,-0.064509176,-0.453367876,0.484455959,1.313692493,-0.169814827,-1.096601057,-0.099971991,0
601222,-0.017372454,2018,2.71E-05,0.192173234,-0.468137255,0.370098039,1.137857404,0.929543218,0.029029895,0.181973347,0
601222,-0.032517739,2019,2.53E-05,0.507135478,-0.555288462,0.432692308,1.146289223,0.759885558,0.125017766,-0.039954696,0
601226,-0.0139522,2016,5.19E-05,-0.454435777,-0.256865913,0.764135703,1.12481454,0.247443707,-0.616530134,0.116348187,1
601226,0.004275912,2017,5.01E-05,0.181052924,0.448186528,0.696891192,1.222702763,0.966028832,-0.143073796,0.561986891,1
601226,-0.001181159,2018,5.01E-05,-0.188910408,-0.078431373,0.75,0.802532889,0.803163029,-0.408839925,-0.141599691,1
601226,-0.026212307,2019,5.41E-05,0.074720485,-0.461538462,0.838942308,1.032999771,0.978720301,0.352333461,0.386182926,1
601228,0.020258243,2018,1.81E-05,-0.274028503,0.463235294,-0.007352941,0.877786105,0.725755201,0.204471186,-0.160497153,1
601228,0.008358272,2019,1.91E-05,0.04417087,0.185096154,0.120192308,0.83843352,0.240964439,-0.067974672,0.605936093,1
601233,-0.140022277,2016,1.08E-05,0.72393079,-0.974151858,-0.673667205,1.284072985,0.380792304,-0.2004584,0.057598918,0
601233,0.001875348,2017,1.06E-05,-0.106525446,0.155440415,-0.689119171,1.916454841,1.376287401,1.130101555,-0.084479466,0
601238,0.000901488,2017,9.43E-06,0.001607912,0.028497409,-0.821243523,0.804479061,0.729437005,0.681853239,0.459617263,1
601238,-0.057928103,2018,2.49E-05,-0.172437326,-0.909313725,0.286764706,0.905429149,-0.075287993,0.084216839,-0.059102159,1
601238,-0.017297743,2019,8.05E-06,0.440133622,-0.322115385,-0.867788462,1.071487406,-0.058955444,-0.42354127,0.701481569,1
601311,-0.00544276,2019,1.92E-05,0.665381247,-0.0625,0.125,1.161438282,0.416075472,-0.678899339,0.396424636,0
601326,-0.007730277,2018,3.68E-05,-0.279533733,-0.264705882,0.56372549,0.932230417,0.916898334,-0.180482602,0.16726708,1
601326,0.000357515,2019,3.27E-05,0.051465998,0.064903846,0.579326923,0.900936534,0.611326,0.049199514,0.644545547,1
601333,-0.004623903,2017,1.38E-05,-0.237015859,-0.580310881,-0.25388601,1.131000699,0.098182716,0.009335919,0.40005222,1
601333,0.026091923,2019,1.33E-05,-0.050330458,0.466346154,-0.149038462,0.915001153,0.253340903,0.228953446,0.459967424,1
601339,0.000302893,2017,2.43E-05,-0.194574164,-0.064766839,0.176165803,0.576341365,0.803017247,0.498972558,0.267243151,0
601339,0.002686425,2018,2.41E-05,-0.255456543,0.029411765,0.25245098,0.750803662,0.570687867,0.442079092,-0.006323501,0
601339,0.007860593,2019,1.01E-05,0.635783047,0.177884615,-0.519230769,0.761174615,0.948679295,0.471151555,-0.062856691,0
601360,-0.033407899,2019,9.18E-06,-0.343716289,-0.567307692,-0.697115385,1.029332144,0.603020549,-1.347354209,0.317792867,0
601368,0.095174951,2016,2.47E-05,-0.301191579,0.867528271,0.302100162,1.01908225,0.84289902,-0.051943742,0.177430983,1
601368,0.002774165,2017,2.34E-05,-0.074023669,0.251295337,0.134715026,0.851496453,1.154240292,0.293217197,0.193525579,1
601368,0.008389755,2018,1.12E-05,-0.149546332,0.200980392,-0.468137255,0.718770469,0.8804882,0.159304666,0.185532107,1
601368,-0.011869107,2019,1.02E-05,-0.06483542,-0.211538462,-0.497596154,0.771081341,0.904796697,0.498995241,0.125702736,1
601369,-0.036028034,2016,4.51E-05,-0.021627439,-0.547657512,0.712439418,0.886860162,0.827132434,-0.105807842,-0.064414539,1
601369,-0.003949103,2017,6.54E-05,0.020453376,-0.520725389,0.823834197,1.172080456,1.059611801,0.16130337,-0.115735297,1
601369,-0.017983124,2018,8.65E-05,0.000298162,-0.490196078,0.950980392,0.939216169,0.776431857,-0.054649386,0.181945192,1
601369,-0.003395429,2019,9.37E-05,0.314284519,-0.026442308,0.956730769,0.95396555,0.675560652,0.697095036,-0.190843241,1
601390,0.009289602,2016,0.000116738,-0.141700242,0.059773829,0.97092084,1.36050299,-0.948848988,-0.10761015,-0.224678323,1
601390,0.038679844,2019,5.72E-05,0.059693771,0.637019231,0.858173077,1.061804375,0.441570067,0.585496975,0.684617943,1
601500,0.004340476,2017,4.04E-05,-0.303103406,0.453367876,0.598445596,1.058569876,1.780348518,0.28050064,0.225495995,0
601500,0.050887326,2018,3.75E-05,-0.179782346,0.857843137,0.578431373,0.902547557,0.651994047,-0.619239224,0.042958277,0
601500,0.029323281,2019,5.25E-05,-0.04553441,0.514423077,0.829326923,0.843155561,1.219938552,0.433345129,0.230480972,0
601515,0.070762821,2019,9.90E-06,0.056691971,0.858173077,-0.545673077,1.011475588,1.197361687,0.478479124,-0.17247447,0
601567,0.000417011,2017,1.11E-05,-0.172708624,-0.038860104,-0.603626943,0.56554407,0.173320342,0.049021892,0.157435562,0
601567,-0.035360238,2018,1.07E-05,0.199543289,-0.735294118,-0.571078431,0.786561602,1.012658898,0.448143596,-0.418941307,0
601567,0.035962172,2019,2.93E-05,2.133216574,0.608173077,0.514423077,1.066987549,0.738084585,0.199021159,0.175069325,0
601588,0.083830351,2016,1.14E-05,-0.423232237,0.82552504,-0.592891761,1.405853469,0.155106615,0.458382676,0.13475266,1
601588,0.002341444,2017,6.88E-05,0.082746697,0.20984456,0.860103627,0.962586763,0.660551508,0.298706549,0.327270715,1
601588,0.015086463,2018,3.18E-05,-0.262187869,0.350490196,0.475490196,1.025532128,1.014347695,0.26020909,0.600902825,1
601588,0.051446346,2019,2.14E-05,-0.136544065,0.754807692,0.290865385,1.073342914,0.708498053,0.768458509,0.527671984,1
601599,0.000372756,2017,2.08E-05,-0.218705205,-0.041450777,0.002590674,1.096114619,0.661793451,-0.526883363,0.038649765,0
601599,-0.087419918,2018,2.19E-05,-0.111600711,-0.977941176,0.137254902,1.067027818,1.327814868,0.319337443,-0.491160404,0
601599,0.027820434,2019,1.99E-05,0.135521182,0.492788462,0.194711538,1.017144596,1.954799444,1.291269197,-0.356436201,0
601600,-0.00253696,2017,1.67E-05,0.005597904,-0.396373057,-0.14507772,1.416373375,0.074645502,1.242365076,-0.69465077,1
601606,-0.078549067,2019,1.08E-05,-0.243248211,-0.913461538,-0.387019231,0.795136406,1.134642939,-0.63728628,0.973813451,1
601607,-0.032589856,2018,6.63E-06,0.021134746,-0.700980392,-0.982843137,0.896797028,-0.110860041,-0.052686117,-0.292689629,1
601607,0.004300932,2019,8.62E-06,0.158200343,0.129807692,-0.793269231,0.151222385,0.748649041,0.571443124,-0.75911104,1
601608,0.034319879,2018,2.64E-05,-0.219856686,0.700980392,0.352941176,0.944716898,-0.035965923,-1.908235425,-0.07405163,1
601608,-0.049376679,2019,2.75E-05,0.078840822,-0.75,0.463942308,1.159761984,1.163163618,0.344497811,0.314806457,1
601611,0.020340296,2017,3.85E-05,-0.023692352,0.922279793,0.562176166,0.764913276,-0.187803511,-0.793784299,0.510283045,1
601611,0.01939693,2018,5.90E-05,-0.212017881,0.441176471,0.833333333,1.036644557,0.859478536,-0.021201761,0.008587947,1
601611,0.015785088,2019,2.26E-05,0.159772912,0.324519231,0.334134615,0.993412561,0.696047949,0.377088485,0.299637259,1
601616,0.081106732,2016,1.26E-05,-0.365411162,0.802907916,-0.379644588,0.937153091,0.871974085,-0.280932225,0.194757941,0
601618,0.071162825,2016,0.000100337,-0.338043007,0.767366721,0.951534733,1.625663553,-0.652334165,0.00591431,-0.241143385,1
601618,0.008620657,2017,5.29E-05,-0.081844492,0.707253886,0.725388601,0.870838381,-0.119266171,0.176585607,0.396983422,1
601618,0.025624857,2018,3.83E-05,-0.167807849,0.566176471,0.600490196,0.898359619,0.279916804,0.229664741,0.074062089,1
601618,-0.001978745,2019,5.20E-05,0.200187579,0.012019231,0.822115385,0.972202486,0.80340754,0.862080242,0.429746333,1
601633,-0.013086974,2017,1.82E-05,-0.141586577,-0.862694301,-0.098445596,0.412943718,-0.257820341,-0.053579238,0.417102788,0
601636,-0.038346612,2016,2.22E-05,0.028249355,-0.576736672,0.169628433,1.110095172,0.529520691,-0.180153389,0.045125389,0
601636,-0.001898346,2017,1.06E-05,-0.065795695,-0.336787565,-0.689119171,2.071366377,0.650555593,1.662436538,0.058930973,0
601636,-0.014134515,2018,1.04E-05,0.578299075,-0.426470588,-0.620098039,1.271737943,0.702888095,0.310063843,0.281825591,0
601636,-0.003376094,2019,1.83E-05,2.156665869,-0.024038462,0.052884615,1.279815257,0.73871064,1.391972774,-0.304841416,0
601668,0.017569842,2016,8.19E-05,-0.200426309,0.221324717,0.915993538,1.674788861,-0.985389219,0.33079008,-0.114992697,1
601668,0.005679118,2017,8.35E-05,0.06791609,0.569948187,0.904145078,0.86252508,-0.424921667,0.580998372,0.351662108,1
601668,-0.025572944,2018,6.23E-05,-0.15181342,-0.600490196,0.852941176,1.086526047,-0.044581857,0.808214217,0.313634012,1
601668,-0.007099555,2019,6.87E-05,0.004264422,-0.122596154,0.911057692,1.037709286,0.096176557,0.820485809,0.229151447,1
601669,0.031799655,2016,0.000123288,-0.315038733,0.444264943,0.977382876,1.564135188,-0.327950934,0.614006528,-0.618596933,1
601669,0.004002559,2017,0.000130573,-0.0278354,0.406735751,0.971502591,0.485809829,0.018122991,0.273010846,0.194158302,1
601669,-0.001543286,2018,0.000121763,-0.343472837,-0.093137255,0.990196078,0.94462642,0.234804586,0.362489005,-0.080193591,1
601669,0.013235719,2019,7.41E-05,0.111663677,0.271634615,0.923076923,1.012173599,0.444736614,0.697569129,0.54472376,1
601678,0.000801788,2017,2.37E-05,0.097113591,0.002590674,0.139896373,1.482959798,1.128216156,0.819900834,-0.335481597,0
601717,-0.017874414,2018,9.34E-06,0.041658501,-0.487745098,-0.769607843,0.807843525,0.562545368,0.218879314,-0.101997052,1
601718,0.009774094,2016,9.38E-06,-0.547362265,0.085621971,-0.857835218,1.131016328,-0.596507444,-1.015959611,0.145846108,1
601718,-0.021866458,2019,7.29E-06,-0.157122542,-0.394230769,-0.947115385,-0.076958896,1.250860727,0.317445267,-0.895878958,1
601727,-0.031772795,2016,2.34E-05,-0.175164428,-0.505654281,0.243941842,0.784113656,1.758499738,1.664557245,-0.282701247,1
601727,-0.04748608,2019,3.34E-05,-0.171805007,-0.733173077,0.591346154,0.96699602,0.248066336,-0.297275494,0.554934341,1
601766,-0.03757675,2016,4.18E-05,-0.234679168,-0.573505654,0.660743134,1.16045545,-0.832851375,-0.082094975,-0.058293709,1
601766,0.001642849,2017,7.45E-05,0.055989411,0.116580311,0.886010363,0.949757609,-0.411811433,-0.076211395,0.293927543,1
601766,0.044364127,2018,6.89E-05,-0.308199893,0.799019608,0.887254902,0.874976306,-0.060226559,0.146699917,0.17498371,1
601766,0.004881525,2019,5.01E-05,0.102229567,0.139423077,0.807692308,0.886875105,0.376693554,0.471334103,0.605258935,1
601777,-0.00904941,2018,9.06E-06,0.030849334,-0.296568627,-0.81127451,1.157436201,1.253769575,-0.122544442,0.164444048,0
601789,0.003552952,2016,4.50E-05,-0.270063982,-0.021001616,0.709208401,0.721479343,1.012584971,-0.593471724,-0.785166276,0
601789,0.007881175,2017,5.51E-05,0.171751888,0.668393782,0.761658031,0.885079793,0.91562265,0.078085974,0.197772643,0
601789,0.037118557,2018,4.15E-05,0.155639978,0.730392157,0.644607843,0.898925354,0.268713808,-1.216863162,1.130170109,0
601789,0.062920183,2019,1.98E-05,-0.218879181,0.814903846,0.1875,1.281078406,1.210981959,-0.49424682,0.897325059,1
601798,-0.04596974,2016,1.26E-05,-0.235397258,-0.66720517,-0.379644588,1.074071625,0.858182264,-0.840086241,0.15645209,1
601800,0.022133048,2016,4.48E-05,-0.294189382,0.308562197,0.702746365,1.578412584,-0.316963943,0.611692855,-0.668803194,1
601800,0.012675697,2017,5.25E-05,0.000729863,0.816062176,0.71761658,0.770770657,-0.069500988,0.602746749,0.126211616,1
601800,-0.02771287,2018,2.99E-05,-0.32832488,-0.644607843,0.431372549,1.144476696,0.186012476,0.841221619,-0.353421895,1
601800,0.033823932,2019,6.01E-05,-0.106714505,0.584134615,0.877403846,1.115466348,0.599460804,0.935032172,0.612956799,1
601858,0.04526438,2018,1.25E-05,-0.318886888,0.808823529,-0.264705882,1.11045527,0.886087647,0.179828296,-0.337882684,1
601866,0.056712854,2016,2.42E-05,-0.318953528,0.683360258,0.282714055,1.085582325,0.065728762,-0.33266626,0.075531835,1
601866,0.003770791,2017,1.85E-05,0.0761022,0.375647668,-0.088082902,1.082386595,0.333535578,-0.026476917,0.174103487,1
601869,-0.024190626,2019,3.09E-05,-0.213673011,-0.432692308,0.550480769,1.037922879,0.51411232,-1.22744987,0.702173768,0
601872,0.003567136,2018,1.52E-05,0.359076454,0.044117647,-0.090686275,0.810553289,0.440411141,0.156847498,-0.030369316,1
601872,-0.013827559,2019,3.70E-05,-0.042771644,-0.245192308,0.661057692,1.001143087,0.595475673,0.453199881,0.658470154,1
601877,0.103292771,2016,2.67E-05,0.128459907,0.896607431,0.386106624,1.167339268,0.752492081,1.038914694,-0.279593539,0
601877,-0.010732851,2017,3.32E-05,0.028070618,-0.813471503,0.445595855,0.938543509,0.190573722,-0.34455374,-0.76741436,0
601877,-0.085181497,2018,3.88E-05,0.175303258,-0.973039216,0.615196078,0.995952934,0.262588447,0.438667473,0.215830773,0
601877,-0.004495375,2019,1.54E-05,0.247710928,-0.043269231,-0.060096154,1.019549731,-0.420328234,0.042916736,-0.002571056,0
601880,0.035959768,2016,4.09E-05,-0.351455198,0.473344103,0.657512116,0.63243331,0.326051576,-0.781852978,-0.303725247,1
601880,0.017062275,2017,4.66E-05,0.094147641,0.893782383,0.668393782,0.803412206,0.468188862,-0.083604729,0.163591052,1
601880,0.012273319,2018,2.01E-05,-0.197477251,0.289215686,0.06127451,0.761355798,0.661208599,0.304201861,-0.140395641,1
601880,-0.014492367,2019,2.84E-05,-0.011203332,-0.262019231,0.490384615,0.804802245,0.416574598,0.098270842,0.542627198,1
601886,-0.021266039,2016,8.93E-06,-0.181919842,-0.360258481,-0.896607431,1.111877954,1.012874223,-0.088761188,-0.344685819,0
601888,-0.004191571,2017,1.26E-05,0.364905473,-0.549222798,-0.380829016,0.993862321,-0.374336699,-0.012894895,-0.399206175,1
601888,-0.034372627,2018,6.19E-05,0.712272388,-0.723039216,0.848039216,0.918818685,-1.172681401,-0.077687378,-0.940989146,1
601899,0.013916724,2016,6.54E-06,0.079566256,0.156704362,-0.996768982,0.674410494,-0.881275267,-0.90377674,0.12963338,1
601899,-0.002144493,2017,6.70E-06,0.028722768,-0.362694301,-0.992227979,0.725976269,-0.783273422,-0.025167258,-0.163873463,1
601899,-0.007283715,2018,5.35E-06,0.181889253,-0.254901961,-0.995098039,0.845174877,-0.275214113,-0.107155685,0.159320804,1
601899,-0.032573488,2019,1.51E-05,1.210868215,-0.557692308,-0.067307692,0.932353214,-0.310559584,-0.280123744,0.490257936,1
601900,-0.002626669,2017,3.67E-05,0.013210767,-0.404145078,0.520725389,1.058569381,0.807989672,-0.18054125,0.230049694,1
601900,0.023317101,2018,4.21E-05,-0.038848025,0.534313725,0.654411765,0.9423045,1.178176293,0.64428169,-0.21994137,1
601900,0.006459895,2019,2.33E-05,-0.127195436,0.151442308,0.367788462,0.91762829,0.692843698,-0.295896229,-0.274358821,1
601919,-0.013509633,2018,7.59E-05,-0.319493986,-0.419117647,0.919117647,1.218744373,0.529240611,0.378536082,-0.04711361,1
601919,-0.017772344,2019,4.82E-05,7.687796763,-0.331730769,0.783653846,1.070494097,0.437054192,0.531391138,0.463743811,1
601928,-0.019977732,2016,1.82E-05,-0.360892574,-0.334410339,0.001615509,0.81561283,-0.044410252,0.087861499,-0.02516936,1
601928,-0.000990597,2017,9.74E-06,0.307960433,-0.230569948,-0.792746114,0.747323405,0.769807514,0.04530863,0.295942428,1
601928,0.001203942,2018,1.02E-05,-0.138082827,-0.012254902,-0.656862745,0.811502469,0.944771285,0.440295037,-0.223342628,1
601949,-0.117079365,2018,1.97E-05,-0.189723184,-0.995098039,0.053921569,1.160793215,1.331915243,-0.185339857,-0.257357939,1
601949,0.042710239,2019,8.51E-05,0.213898422,0.6875,0.944711538,1.079710235,1.089968587,-0.125779825,0.142378775,1
601952,0.019379461,2019,9.59E-06,0.099682818,0.375,-0.615384615,0.779996487,0.508815713,-0.211723194,-0.023052008,1
601958,-0.024506872,2016,1.27E-05,-0.138708763,-0.415185784,-0.357027464,1.424371236,-0.019890695,-0.651581388,0.013360353,1
601958,0.003286281,2017,1.33E-05,0.059600714,0.323834197,-0.295336788,1.43194351,1.108815572,0.230920848,-0.101259449,1
601965,-0.004896263,2016,2.41E-05,-0.08559772,-0.13085622,0.273021002,1.265647151,0.53056108,-0.340147135,-0.28571891,1
601965,0.012853363,2018,1.10E-05,0.231601967,0.303921569,-0.504901961,0.771367013,0.96854432,0.61570746,-0.369566831,1
601966,-0.008366838,2017,2.45E-05,0.081099895,-0.756476684,0.18134715,0.904093176,0.457993023,-0.157998686,0.188042493,0
601985,-0.010092743,2016,9.46E-06,-0.277681024,-0.201938611,-0.851373183,0.830449881,-0.287181609,0.173797806,-0.12144034,1
601985,-0.000143661,2017,2.86E-05,-0.011090978,-0.10880829,0.316062176,0.680616044,-0.002279937,0.2869999,0.248995343,1
601985,0.026831107,2018,4.71E-05,-0.259827104,0.593137255,0.727941176,0.777890119,0.145525071,0.047928914,0.045552208,1
601985,-0.00135229,2019,4.91E-05,0.253084321,0.024038462,0.793269231,0.800913191,0.267445746,0.214404355,0.362524974,1
601989,0.032421795,2018,1.40E-05,-0.29059477,0.669117647,-0.154411765,0.921481049,0.190019535,-0.475215686,0.411269615,1
601989,-0.040627441,2019,1.28E-05,0.014262613,-0.653846154,-0.180288462,0.796735142,0.528099061,-0.246511945,0.752440269,1
601991,0.028072671,2018,7.56E-06,-0.303431056,0.610294118,-0.943627451,0.715296334,0.286471358,0.130666063,0.103310125,1
601991,-0.0134863,2019,1.57E-05,0.26429012,-0.240384615,-0.040865385,0.81389533,0.553222534,0.201503193,0.573155557,1
601992,-0.009924522,2016,1.40E-05,-0.49746382,-0.198707593,-0.211631664,1.330401676,0.918455438,0.464908254,-0.560090241,1
601992,-0.001253067,2017,2.17E-05,0.14560279,-0.266839378,0.044041451,1.402763594,0.399319193,-0.021289306,0.590430927,1
601996,0.000683887,2017,2.55E-05,-0.162848546,-0.010362694,0.225388601,1.431909495,0.743308447,0.074921481,0.553276538,0
601996,-0.017668195,2018,3.48E-05,-0.174125032,-0.480392157,0.519607843,1.00111308,0.768174445,0.045699457,-0.094921875,0
601996,0.025237417,2019,1.85E-05,0.319579377,0.454326923,0.069711538,0.899287579,0.823179202,-0.224828982,0.57719889,0
603000,-0.001102817,2017,3.69E-05,1.128834231,-0.238341969,0.528497409,1.214281619,0.530717415,-0.811464189,0.526130459,1
603002,0.0283686,2016,1.39E-05,-0.199647565,0.37641357,-0.224555735,1.020905053,1.357306562,-0.164480319,-0.437849065,0
603011,-0.040729375,2018,9.90E-06,-0.091630566,-0.784313725,-0.693627451,0.834304752,1.223536385,-0.827826808,-0.334460848,0
603011,0.025806622,2019,8.81E-06,0.002931992,0.459134615,-0.762019231,1.020989119,1.731091309,0.385649508,-0.554002681,0
603012,0.012157051,2016,1.18E-05,-0.194001295,0.127625202,-0.518578352,1.345076577,0.560029022,-0.27979381,0.038318238,0
603015,-0.03266897,2018,3.30E-05,-0.153123685,-0.703431373,0.495098039,1.044672327,0.754706858,-0.457403043,0.021643941,0
603015,0.037533726,2019,1.01E-05,0.119721504,0.629807692,-0.519230769,0.870006363,1.064941332,-0.030262879,-0.302993451,0
603017,-0.066889617,2016,1.15E-05,-0.456854236,-0.815831987,-0.576736672,0.874972856,0.966904784,-0.388030022,-0.103100259,0
603017,0.003008364,2017,5.56E-05,0.356385368,0.292746114,0.764248705,0.824671278,0.612754187,-0.06355438,-0.310448815,0
603017,0.009337569,2018,6.64E-05,-0.180841814,0.220588235,0.87745098,1.041295145,1.427879709,0.462123936,-0.433118679,0
603017,0.018643045,2019,7.94E-05,0.080973889,0.358173077,0.932692308,1.175870092,0.959709759,0.10607657,0.508032399,0
603018,0.004422785,2016,5.41E-05,-0.275963579,-0.001615509,0.799676898,1.001887092,1.851922835,0.985061041,-0.531050431,0
603018,0.003658735,2018,1.08E-05,-0.058518249,0.049019608,-0.544117647,0.69897379,0.47827522,0.020976301,-0.010170762,0
603018,-0.056264733,2019,1.82E-05,-0.01051534,-0.8125,0.045673077,0.951620021,1.026702173,0.883147146,0.350354783,0
603019,0.023037886,2016,5.29E-05,0.609663278,0.31825525,0.786752827,1.191519243,0.746102718,-0.507541287,0.607028986,1
603019,-0.018099095,2017,5.41E-05,0.057864108,-0.898963731,0.748704663,1.101690306,-1.583373542,-4.152727214,-0.377058316,1
603021,0.001908695,2016,3.83E-05,-0.398667601,-0.033925687,0.621970921,0.964155824,1.68700351,0.155894861,0.588598107,0
603021,0.003373012,2017,1.17E-05,-0.156162373,0.331606218,-0.515544041,1.181756866,0.059479213,-1.102175616,0.174698875,0
603021,-0.043857488,2018,1.17E-05,0.282286312,-0.825980392,-0.375,1.068316856,1.15295426,0.575036643,0.110739687,0
603025,0.014124389,2017,4.16E-05,-0.221966915,0.839378238,0.616580311,1.000688305,0.768546948,-0.239643686,-0.166459943,1
603025,-0.017745161,2019,1.26E-05,4.242434719,-0.329326923,-0.192307692,1.054533878,1.181333388,-0.031434187,-0.077629344,1
603029,0.008688351,2017,4.86E-05,-0.100790688,0.70984456,0.68134715,1.000145296,2.308299704,0.721630902,-0.860568691,0
603029,0.099935823,2018,2.56E-05,0.03336532,0.982843137,0.308823529,1.119983179,1.531028157,0.634417551,-0.3488736,0
603029,0.019957879,2019,1.14E-05,-0.155994824,0.379807692,-0.269230769,0.91018541,0.935058334,0.300023528,0.140466295,0
603032,-0.019148618,2018,5.64E-05,-0.34361582,-0.512254902,0.806372549,1.024241343,-0.217504815,-1.540634453,0.0879961,0
603032,0.059391027,2019,5.99E-05,-0.238237477,0.800480769,0.870192308,1.145652672,0.960032643,-0.475653536,1.028310397,0
603033,-0.037596495,2018,7.23E-05,0.749486006,-0.757352941,0.899509804,0.849230425,1.058510815,0.861381902,0.096384726,0
603033,0.079094383,2019,0.00015716,0.148625245,0.889423077,0.990384615,0.902984897,0.683291688,0.538298667,-0.304157129,0
603050,0.017032069,2018,2.62E-05,-0.005311427,0.404411765,0.343137255,1.151411876,1.137150849,0.039924615,-0.453979142,0
603050,0.019465793,2019,2.22E-05,0.163055306,0.377403846,0.317307692,0.952967686,1.029879672,-0.58383936,0.427411764,0
603056,0.029936165,2019,1.07E-05,-0.198726382,0.521634615,-0.408653846,1.06047416,0.925468271,0.132868096,-0.294630021,0
603060,-0.003338693,2017,2.30E-05,0.780895561,-0.450777202,0.111398964,1.068386227,1.686570582,0.401883709,-0.096921811,1
603060,0.018819142,2018,1.06E-05,0.302711117,0.426470588,-0.588235294,0.968572916,0.566909204,0.487609416,0.661794304,1
603060,-0.040828724,2019,1.74E-05,0.18433721,-0.661057692,0.016826923,0.894653242,0.582940181,0.449159555,-0.099434765,1
603066,0.106434578,2016,1.39E-05,-0.344978585,0.899838449,-0.224555735,0.945603104,2.598901183,0.856629548,-0.245575232,0
603066,0.008202988,2017,1.19E-05,-0.21553375,0.683937824,-0.492227979,1.117984169,2.621608153,1.729954706,0.119103391,0
603066,0.02952629,2018,2.31E-05,0.241851255,0.62745098,0.193627451,1.070563543,1.434561594,0.566479677,-0.203735386,0
603066,0.036741362,2019,1.09E-05,-0.148750667,0.622596154,-0.350961538,1.246307946,1.661264655,1.313861311,-0.630864303,0
603069,0.043985153,2018,1.22E-05,1.036095813,0.796568627,-0.301470588,0.967300887,1.09175786,0.408869128,-0.654121707,1
603077,-0.020720395,2016,3.68E-05,-0.253779604,-0.34733441,0.602584814,0.610605217,0.99178475,0.157004693,-0.145015707,0
603077,0.005349429,2017,1.19E-05,0.081960554,0.541450777,-0.492227979,0.631328697,0.443016655,-0.000931468,0.176998259,0
603077,0.01399737,2018,1.14E-05,-0.316031155,0.318627451,-0.431372549,0.683885654,0.872842929,0.261028164,-0.353594231,0
603088,-0.065250679,2019,1.28E-05,0.002366362,-0.860576923,-0.180288462,0.921469361,0.479397741,-0.43099756,0.307326066,0
603090,-0.024217258,2018,1.43E-05,0.044237862,-0.585784314,-0.134803922,1.199430992,1.629121646,0.070199699,0.430449832,0
603090,-0.052252191,2019,1.28E-05,-0.133119727,-0.776442308,-0.180288462,0.922081474,0.671235134,0.451293692,-0.124720478,0
603098,-0.021374143,2018,4.39E-05,-0.298057415,-0.553921569,0.683823529,1.019940381,1.304562336,0.597478999,-0.072551146,0
603098,0.069492486,2019,1.88E-05,3.315684488,0.853365385,0.098557692,0.919012542,1.045942047,0.22517187,0.776298209,0
603100,0.039585208,2016,2.40E-05,-0.272276391,0.544426494,0.266558966,1.127244523,1.499509407,0.26214568,-0.175027409,1
603100,0.004018724,2017,2.29E-05,0.094846503,0.414507772,0.106217617,1.134655413,1.532468445,0.10046175,0.131970432,1
603100,-0.003062046,2018,1.08E-05,-0.13264485,-0.117647059,-0.544117647,1.087891377,0.992945814,0.158629633,0.157544691,1
603100,-0.054958705,2019,4.00E-05,1.224800828,-0.807692308,0.709134615,0.957074702,0.779667717,-0.340618809,0.080501716,1
603101,0.001282207,2017,1.19E-05,-0.191038976,0.067357513,-0.492227979,1.24149704,1.347461334,-0.04941419,0.60982208,0
603106,0.184787784,2018,2.60E-05,-0.294586054,1,0.338235294,1.612345876,0.523828599,-1.173255025,0.868384994,0
603116,0.019258135,2016,1.15E-05,-0.287378178,0.263327948,-0.576736672,0.961791654,0.865758692,-0.092529846,-0.221439528,0
603126,-0.007486545,2018,5.96E-05,-0.291756114,-0.262254902,0.838235294,1.128055364,1.706364748,0.450395075,0.000756355,1
603126,0.011675698,2019,7.98E-05,1.260326539,0.245192308,0.935096154,1.041568109,1.301920685,0.299578688,0.563219959,1
603128,0.128087572,2016,7.11E-05,-0.321876366,0.951534733,0.873990307,1.143675269,1.152292144,0.602952713,-0.321018013,1
603128,0.008037082,2017,6.90E-05,0.588917276,0.67357513,0.862694301,1.133953715,1.514981437,0.289906753,0.116103138,1
603128,-0.005110053,2018,3.59E-05,-0.384462344,-0.193627451,0.544117647,1.11943895,0.391236224,-0.028408764,-0.126375013,1
603128,0.081862415,2019,4.14E-05,2.127345041,0.903846154,0.728365385,1.169511262,1.48437058,0.579453066,0.15005462,1
603129,0.09905327,2018,3.19E-05,2.249465873,0.980392157,0.480392157,1.011090282,0.667686669,0.028909768,-0.072210361,0
603129,0.12325767,2019,2.10E-05,0.804192085,0.956730769,0.269230769,1.413315292,-0.357367044,0.291773194,-0.79130428,0
603131,-0.072713037,2018,7.78E-05,0.157846812,-0.948529412,0.924019608,1.06674633,1.093865226,0.254936415,0.128738867,0
603131,-0.076766946,2019,4.86E-05,0.025305824,-0.911057692,0.788461538,1.256953221,1.023973851,-0.66147678,-0.514241308,0
603166,-0.017375136,2018,1.15E-05,0.012024937,-0.470588235,-0.416666667,0.951828266,0.980683773,0.018244365,-0.00638125,0
603167,0.003395254,2017,1.29E-05,0.070306989,0.344559585,-0.336787565,1.221893027,0.308850122,-0.220979075,0.097106566,1
603167,0.03027599,2018,1.14E-05,-0.217843101,0.644607843,-0.431372549,0.812219021,1.002618925,0.808182822,0.068340392,1
603167,0.033843873,2019,9.90E-06,0.116474,0.586538462,-0.545673077,0.928338652,0.567573841,0.030064365,0.561482734,1
603168,-0.007365405,2017,1.09E-05,-0.188503293,-0.720207254,-0.629533679,0.929563897,1.053301634,-0.253647855,0.247679944,0
603168,0.030358063,2018,9.56E-06,0.048906903,0.649509804,-0.742647059,1.070549427,1.295157838,-0.480891534,0.445382838,0
603168,0.25180133,2019,9.41E-06,0.19272805,0.990384615,-0.653846154,1.009651325,0.929889734,0.156550431,-0.448138212,0
603169,0.043147586,2016,7.86E-05,-0.594264568,0.57996769,0.893376414,1.307152064,1.379406493,0.528063231,-0.270493987,1
603169,0.026377277,2017,3.20E-05,0.428721227,0.961139896,0.404145078,1.125248123,1.331464088,0.028655105,0.015172089,1
603169,-0.000820101,2018,3.58E-05,-0.433289935,-0.06372549,0.536764706,1.195569781,1.823855667,0.174040463,-0.373979604,1
603169,0.052981154,2019,3.42E-05,0.041172267,0.764423077,0.605769231,1.132069507,1.481637547,-0.114064948,0.405972938,1
603200,0.025184558,2018,2.18E-05,0.529138685,0.56127451,0.12745098,1.107247888,0.231804419,-0.224186689,0.245033767,0
603200,0.022157376,2019,9.57E-06,-0.472094194,0.411057692,-0.620192308,0.877498245,1.800481149,1.421780272,-1.677911612,0
603203,-0.051245667,2018,1.33E-05,0.298250464,-0.875,-0.198529412,1.013474766,0.278817178,-0.448305834,0.497971804,0
603227,-0.068265022,2016,5.74E-05,-0.430775216,-0.82552504,0.815831987,0.856091361,2.68455281,1.273531816,-0.690341106,1
603227,0.055934526,2018,9.30E-06,-0.035790005,0.897058824,-0.779411765,1.011936473,1.181637403,0.521741749,-0.435054605,1
603227,-0.00134797,2019,9.85E-06,0.382120372,0.026442308,-0.560096154,1.012460066,0.97118937,0.238216412,0.430329307,1
603233,0.002927596,2018,1.04E-05,1.149237163,0.036764706,-0.620098039,1.078314933,-0.350505955,-0.134254328,-0.267263813,0
603238,-0.011808798,2019,2.48E-05,-0.449744725,-0.209134615,0.415865385,-0.063212785,0.924859245,1.068595819,-2.364867223,0
603266,0.000567974,2018,1.13E-05,-0.025031495,-0.034313725,-0.446078431,0.843702862,0.515322341,-0.732139217,0.366870466,0
603266,-0.029480064,2019,1.02E-05,0.041939986,-0.524038462,-0.497596154,1.192777986,1.32798611,-0.941951018,0.623246011,0
603268,0.023175249,2018,1.18E-05,0.04317045,0.529411765,-0.352941176,0.557771946,0.821194341,0.547002678,-0.607850411,0
603278,-0.040440184,2019,1.11E-05,0.100410869,-0.651442308,-0.319711538,0.48072449,1.418635056,0.09427364,0.597764763,0
603289,0.048857821,2018,1.10E-05,0.126264659,0.840686275,-0.504901961,0.92880487,0.772134034,-0.798379149,0.197217279,0
603299,-0.015473602,2018,2.18E-05,-0.099751168,-0.443627451,0.12745098,1.004273594,1.709254759,1.454010664,-0.194755068,1
603299,-0.034887747,2019,9.71E-06,0.233087826,-0.579326923,-0.586538462,0.966649451,1.039778965,0.267005818,0.06157828,1
603300,0.030330399,2018,1.01E-05,0.024744213,0.647058824,-0.671568627,1.041036688,1.312428118,0.042691213,-0.115733036,0
603300,0.0322761,2019,8.97E-06,0.882811076,0.567307692,-0.735576923,0.873528818,1.322438668,0.125850328,0.251106837,0
603301,0.026196829,2019,9.80E-06,-0.161417403,0.471153846,-0.572115385,-0.340031378,1.291177133,0.770454261,-2.046005434,0
603306,0.037688717,2018,1.25E-05,0.068141544,0.737745098,-0.264705882,0.611167637,0.309760624,-0.202727623,0.124495428,0
603308,0.032733843,2019,1.10E-05,0.401844404,0.574519231,-0.331730769,1.354846292,0.667304678,-0.962974408,-0.264260413,0
603311,0.007288812,2017,1.46E-05,-0.086770595,0.639896373,-0.20984456,1.047400638,1.549744213,0.307268165,0.28819937,0
603311,0.022956795,2018,1.37E-05,0.134021329,0.517156863,-0.171568627,0.78691352,0.675512802,0.114042837,-0.146006156,0
603311,0.033748917,2019,1.14E-05,0.014157943,0.581730769,-0.269230769,0.538604494,1.464317815,0.881820811,-1.568705782,0
603318,-0.179891951,2016,2.28E-05,0.115920583,-0.990306947,0.2180937,1.070839956,0.655764035,-0.941886272,-0.773253433,0
603318,0.013097255,2017,1.11E-05,0.724721558,0.821243523,-0.603626943,0.843024304,-0.027199224,-0.45166914,0.095207408,0
603318,0.040245919,2018,2.21E-05,-0.66200244,0.764705882,0.149509804,0.6203671,-0.039119589,-0.049514428,0.252960617,0
603319,0.00160448,2017,1.40E-05,-0.105907762,0.10880829,-0.233160622,0.943568723,1.287942542,0.102053662,0.280822969,0
603329,0.086982103,2019,0.000252813,-0.242389732,0.923076923,1,1.164698782,1.810606451,0.611169041,-0.15781825,0
603333,0.006519719,2016,3.63E-05,-0.16701359,0.030694669,0.583198708,1.217252829,1.116775669,-0.277341257,0.306325457,0
603333,-0.012456468,2017,5.11E-05,0.571675931,-0.85492228,0.704663212,0.713051577,0.612638935,-0.095104131,0.19854516,0
603333,0.007368964,2018,6.83E-05,-0.32800576,0.151960784,0.884803922,0.769106227,0.595014856,0.351248425,0.061203219,0
603333,0.01915943,2019,6.45E-05,-0.159523495,0.370192308,0.896634615,0.690207375,1.271211597,0.12798436,0.259347032,0
603335,-0.012879645,2018,1.15E-05,-0.113779424,-0.397058824,-0.416666667,1.234198272,1.499154149,0.212739292,-0.519549341,0
603335,0.104671601,2019,3.00E-05,-0.105268577,0.942307692,0.538461538,0.885722604,0.967867804,-0.216804796,0.461540668,0
603338,-0.048257004,2016,1.42E-05,-0.023821863,-0.689822294,-0.198707593,0.889138682,1.456259967,0.625032996,-0.3802214,0
603338,0.000206209,2017,6.62E-05,0.755723472,-0.077720207,0.839378238,1.307264395,-0.443593356,-1.037640617,0.537446521,0
603338,0.016039703,2018,1.17E-05,0.787102376,0.375,-0.375,0.974892922,0.218537885,0.105199851,0.372995892,0
603339,0.040157674,2017,2.73E-05,-0.22951423,0.997409326,0.279792746,1.124766421,1.939537822,0.423751853,0.479073805,0
603339,-0.003822981,2018,1.27E-05,-0.128816883,-0.139705882,-0.24754902,1.006106711,1.118478155,0.205368194,0.052199165,0
603355,-0.039592918,2016,1.29E-05,-0.493964303,-0.592891761,-0.331179321,1.261291629,-0.062241192,-0.325310961,-0.357055174,0
603356,-0.002776212,2019,1.11E-05,-0.349240907,-0.014423077,-0.319711538,0.810146005,0.601693865,0.310181803,-0.118999087,0
603357,0.012123524,2018,1.04E-05,-0.221990943,0.284313725,-0.620098039,0.989464979,0.761969509,0.216320197,0.108398596,1
603377,-0.003843422,2017,1.26E-05,0.099910207,-0.492227979,-0.380829016,0.669080276,-0.605692305,-0.491981996,0.557434507,0
603377,0.022915349,2018,2.29E-05,0.080139717,0.514705882,0.18872549,0.837528592,0.44148855,0.7979399,0.055012781,0
603385,-0.003843354,2018,5.48E-05,0.53723681,-0.142156863,0.791666667,1.032591505,1.005343448,0.351199639,-0.02220305,0
603385,0.000813794,2019,2.24E-05,-0.282806173,0.069711538,0.329326923,1.114456604,1.175681765,0.542591558,-0.012786883,0
603393,0.000708394,2017,2.42E-05,-0.021939742,-0.007772021,0.170984456,0.843190385,0.159200719,-0.931214132,0.212959435,0
603393,0.01134985,2018,1.11E-05,1.210902384,0.269607843,-0.490196078,0.84557404,0.448634476,0.013104434,-0.224952713,0
603393,-0.06397975,2019,1.03E-05,-0.399082607,-0.853365385,-0.480769231,0.938096435,0.357853404,0.088699938,0.225043192,0
603396,-0.042412059,2018,2.21E-05,0.231517783,-0.81372549,0.149509804,1.213845012,1.06687127,-0.297860106,-0.12881505,0
603396,-0.008157702,2019,1.81E-05,1.077489503,-0.15625,0.038461538,1.399300993,1.211847032,-0.185482541,-0.277654002,0
603458,0.007881214,2018,5.13E-05,-0.08218872,0.176470588,0.757352941,1.065464218,0.762105608,0.165690458,-0.066338972,0
603458,0.041734999,2019,4.48E-05,0.030767669,0.675480769,0.766826923,1.126159423,1.109223488,0.850169997,0.114307313,0
603500,0.040863157,2019,7.22E-05,-0.140411779,0.653846154,0.918269231,1.126272429,1.115242364,-0.108171086,0.130299571,0
603515,0.006000982,2017,1.04E-05,-0.096747311,0.577720207,-0.712435233,0.759396805,0.361773182,-0.034700197,-0.168546722,0
603515,0.065931656,2019,9.51E-06,-0.059012188,0.838942308,-0.637019231,1.098181932,0.049430815,0.116718124,0.044419333,0
603517,0.045652853,2018,1.21E-05,0.791940942,0.81127451,-0.318627451,0.96770327,-0.08175511,0.175292103,-0.250474122,0
603535,0.034411109,2018,2.42E-05,0.032299972,0.705882353,0.259803922,1.125141391,0.833471015,0.179291666,-0.170675872,0
603535,-0.030088585,2019,1.09E-05,0.76303042,-0.536057692,-0.350961538,1.061963731,0.673298612,0.136908641,0.301295533,0
603556,0.007142309,2017,8.41E-05,-0.228475021,0.626943005,0.909326425,0.647871703,1.198458172,0.034704403,-0.313054821,0
603556,0.021347255,2018,2.53E-05,0.07223746,0.485294118,0.299019608,1.105134439,1.377445461,0.235994813,0.476082955,0
603556,0.022483128,2019,8.30E-06,-0.167542727,0.420673077,-0.838942308,1.12887165,0.319675247,-0.329701264,0.131485319,0
603567,0.030907855,2016,1.32E-05,-0.206074564,0.418416801,-0.28917609,1.099832492,0.512197721,-0.368738032,0.495834182,0
603569,-0.008799435,2017,2.09E-05,-0.190787187,-0.766839378,0.012953368,0.987299554,1.562811639,0.420602761,-0.182759315,0
603569,-0.005336028,2018,2.82E-05,-0.193314725,-0.203431373,0.394607843,1.111701781,0.989611793,-0.159134686,0.398746015,0
603569,0.013579808,2019,5.17E-05,-0.156647912,0.286057692,0.819711538,1.070635168,0.735192168,0.146932444,0.42119352,0
603577,0.028898302,2018,0.000146899,0.173269949,0.617647059,0.995098039,1.194776047,1.853342029,0.821497881,-0.298752704,0
603577,-0.064539686,2019,0.000145576,-0.122755255,-0.855769231,0.987980769,1.085445743,0.824859963,-0.288423541,0.253671411,0
603579,-0.041791239,2018,8.28E-06,-0.048309018,-0.799019608,-0.901960784,1.379563111,0.175131127,-0.640505217,0.358161666,0
603579,0.013230724,2019,9.59E-06,0.528503804,0.269230769,-0.615384615,1.045897794,0.812110451,0.636089932,0.004129976,0
603600,-0.131710872,2016,2.57E-05,-0.426776491,-0.967689822,0.340872375,0.701709532,1.955601001,-0.579237059,-0.351316161,0
603600,-0.009024789,2018,1.14E-05,0.174236344,-0.294117647,-0.431372549,1.021603586,0.680303018,-0.010908334,0.477479712,0
603606,0.045334406,2016,0.000147863,-0.172535013,0.599353796,0.990306947,0.939221467,0.902173413,-0.200423249,-0.139392773,0
603606,-0.00170342,2017,0.000132573,0.506811291,-0.316062176,0.976683938,0.876971566,0.625355843,-0.221787656,0.253537688,0
603606,-0.011506889,2018,4.62E-05,0.668970957,-0.367647059,0.723039216,0.893155843,0.652026485,0.056358837,0.112215871,0
603606,0.030722044,2019,5.99E-05,0.380243209,0.536057692,0.870192308,1.307811169,0.37723573,-0.271896447,0.318883761,0
603609,0.0682002,2016,1.25E-05,-0.01643758,0.754442649,-0.408723748,1.082650826,0.63895305,-0.051006846,-0.236656137,0
603609,-0.013410592,2017,4.24E-05,0.253216213,-0.870466321,0.629533679,0.410828932,0.424765708,-0.209480245,-0.603241017,0
603609,0.003740158,2018,2.79E-05,0.258958401,0.051470588,0.387254902,0.516032671,0.198299241,-0.185105097,-1.019623121,0
603609,0.034579641,2019,3.44E-05,-0.297558047,0.59375,0.617788462,1.018540744,1.203911264,0.573168223,-0.042486128,0
603611,-0.002254245,2017,2.27E-05,0.232150855,-0.373056995,0.090673575,0.925100307,1.250257711,0.245289313,0.254647938,0
603616,0.029419798,2018,1.06E-05,-0.343416368,0.62254902,-0.588235294,1.13171483,0.778047664,-0.023387327,0.272827179,0
603616,-0.012309156,2019,1.89E-05,-0.221841972,-0.221153846,0.103365385,0.945265809,1.452071299,0.743301721,0.197479249,0
603617,0.144326073,2018,3.43E-05,-0.15558579,0.995098039,0.507352941,0.789833956,0.69861912,0.059398137,-0.17435787,0
603617,0.046032512,2019,2.09E-05,-0.004631117,0.706730769,0.259615385,0.876327345,0.945706592,-0.079383934,-0.277735958,0
603618,0.107409853,2016,5.17E-05,-0.411725313,0.906300485,0.760904685,1.186805891,1.963920853,0.636390999,0.485067913,0
603618,0.000996042,2017,2.54E-05,0.161619303,0.041450777,0.222797927,1.026288857,1.411891992,0.150841003,0.195860267,0
603618,-0.034119284,2018,4.67E-05,-0.235602572,-0.715686275,0.725490196,1.061325396,1.287870993,-0.327977857,0.036318642,0
603618,-0.035236493,2019,5.24E-05,0.146462099,-0.588942308,0.826923077,1.053478818,1.203639905,-0.501927012,0.645313048,0
603619,0.009763666,2018,1.04E-05,-0.430109142,0.227941176,-0.620098039,1.120006664,1.656588196,0.452289392,-0.338840033,0
603619,0.022283726,2019,3.94E-05,-0.223829493,0.415865385,0.697115385,0.926930338,0.988861708,-0.633471522,1.071444963,0
603636,-0.094290887,2019,1.55E-05,-0.216564936,-0.947115385,-0.048076923,1.145324669,0.757128221,-1.369027152,0.105129766,0
603637,-0.015487999,2018,1.28E-05,-0.108399137,-0.446078431,-0.240196078,0.966369481,1.980040648,1.857163613,-0.385560066,0
603637,0.036622987,2019,3.20E-05,-0.249923651,0.620192308,0.572115385,0.71116542,0.269796506,-0.018899139,0.60510219,0
603639,0.012836269,2018,1.03E-05,0.127701497,0.301470588,-0.634803922,1.043688405,0.668737838,0.841642514,-0.483431434,0
603639,0.030337777,2019,9.28E-06,0.204293726,0.533653846,-0.675480769,1.000556001,0.988911428,1.073685101,-0.535057213,0
603656,-0.053114741,2018,2.48E-05,-0.165668341,-0.887254902,0.276960784,0.91566071,0.890544381,-0.574378209,0.248570803,0
603656,-0.022551104,2019,2.10E-05,0.069231546,-0.40625,0.269230769,1.034220865,1.233498697,-0.054306483,0.203856592,0
603660,-0.040098151,2018,1.01E-05,-0.42109082,-0.779411765,-0.671568627,1.136004183,0.148025864,-1.203045908,0.385392514,0
603660,-0.024904164,2019,9.53E-06,-0.245274874,-0.442307692,-0.632211538,0.846443863,0.537338625,-0.479770596,-1.494678399,0
603661,0.035667626,2019,9.12E-06,-0.039539221,0.603365385,-0.711538462,1.032348227,0.694205098,-0.202376148,0.76332711,0
603663,-0.055880512,2018,2.40E-05,-0.012923046,-0.897058824,0.237745098,1.006698276,0.508795475,-0.342158187,0.57500646,0
603663,-0.010465528,2019,2.12E-05,0.035142658,-0.189903846,0.283653846,0.821262888,1.082959541,0.323761261,0.063050968,0
603665,-0.049534152,2019,1.01E-05,-0.221643813,-0.752403846,-0.519230769,0.881539766,0.563567578,0.716688008,-0.333331465,0
603667,0.004763844,2017,1.44E-05,-0.149097406,0.479274611,-0.21761658,0.615531086,-0.263341913,-1.72711327,1.082847663,0
603667,-0.031958439,2019,1.16E-05,0.214749697,-0.550480769,-0.252403846,1.217926022,0.722684346,0.159686712,0.186493373,0
603668,0.015564604,2018,3.38E-05,0.146826674,0.360294118,0.5,0.722913778,0.787094968,-0.196653337,0.336946232,0
603668,0.028437513,2019,3.37E-05,-0.295302264,0.504807692,0.59375,0.754093105,0.858004359,0.276438478,-0.343319467,0
603679,0.027281881,2018,5.50E-05,-0.147342203,0.600490196,0.796568627,0.782689191,0.748519988,-0.65322018,-0.050672917,0
603680,0.037591757,2019,2.39E-05,-0.10379548,0.632211538,0.384615385,1.024188682,1.169865015,0.419930765,0.264836634,0
603685,-0.053802328,2019,4.39E-05,-0.263497138,-0.793269231,0.759615385,1.106343783,1.062556549,0.438843417,-0.007648048,0
603686,0.018069171,2016,2.31E-05,-0.29236671,0.234248788,0.231017771,0.900580566,0.633378131,0.071687304,-0.076360315,0
603686,0.001425844,2017,1.20E-05,-0.188918442,0.085492228,-0.461139896,0.637908498,0.823055122,0.096402601,0.211927218,0
603688,0.11097334,2016,3.50E-05,0.155429944,0.922455574,0.557350565,0.975411926,1.204884457,-0.268637822,-0.060233473,0
603688,0.002428727,2017,2.30E-05,-0.066548743,0.21761658,0.111398964,1.27571366,0.625319125,-0.950425543,-0.228408496,0
603688,-0.022981134,2019,1.97E-05,-0.019653137,-0.415865385,0.175480769,1.342851465,0.600605747,-0.838502079,-0.527544866,0
603696,0.009012301,2018,1.31E-05,0.349203136,0.210784314,-0.218137255,0.9461754,1.596197406,0.239490471,0.051152812,0
603698,-0.004086047,2017,6.54E-05,0.064373599,-0.538860104,0.823834197,1.044258948,0.865017871,-0.428900331,0.405617469,1
603698,0.011853723,2019,9.87E-06,0.578686372,0.247596154,-0.555288462,1.067905559,0.601327877,-0.539548483,0.62822792,1
603699,0.03653428,2016,1.25E-05,-0.063433282,0.489499192,-0.408723748,0.827939886,0.403250944,-0.593202884,0.091606975,0
603699,0.004133022,2017,1.18E-05,-0.171379166,0.430051813,-0.505181347,0.70438685,0.325237943,-0.629212727,0.720756465,0
603699,0.024523816,2018,3.47E-05,0.351364085,0.546568627,0.512254902,0.57049419,0.625571265,0.010045924,-0.33620265,0
603699,0.040660638,2019,1.66E-05,-0.32077551,0.651442308,-0.012019231,1.033075516,0.67186236,0.615855025,-0.043799132,0
603706,-0.073187997,2019,2.00E-05,-0.215894999,-0.896634615,0.201923077,1.001732168,1.083064084,-0.033790688,0.888078358,0
603727,0.000159235,2017,8.47E-05,0.06236185,-0.080310881,0.914507772,1.272288217,1.081170893,-0.163907397,0.244309852,0
603727,0.010277967,2018,3.23E-05,0.077390759,0.240196078,0.485294118,0.930256084,1.306034683,-0.034187604,0.511808588,0
603727,0.007102281,2019,9.20E-06,0.025446025,0.163461538,-0.692307692,1.217833346,0.009568064,-0.177266554,0.487071907,0
603730,-0.011354315,2019,1.02E-05,0.04368787,-0.201923077,-0.497596154,1.19407959,-0.156243897,-0.635453914,0.166629156,0
603733,0.032118254,2019,8.72E-06,1.357497464,0.560096154,-0.769230769,0.579387251,0.641221762,0.325412645,-0.827436858,0
603737,0.041556078,2019,8.15E-06,1.640399452,0.668269231,-0.858173077,1.082492921,-0.287026305,0.50349358,-0.251764509,0
603766,-0.012381034,2016,1.98E-05,-0.224373004,-0.231017771,0.053311793,1.297879066,0.675548676,0.013954841,-0.381957003,0
603766,-0.009415372,2017,3.58E-05,-0.227405161,-0.784974093,0.497409326,1.026148153,0.959944252,0.135360377,0.190909064,0
603766,0.004291656,2018,4.46E-05,-0.090348266,0.06127451,0.693627451,1.112875949,1.076531576,0.646452919,-0.023026546,0
603766,0.035886144,2019,8.32E-06,-0.031735759,0.605769231,-0.831730769,1.101814082,0.725096926,0.031348152,0.556327404,0
603777,-0.012459178,2018,9.26E-06,0.174215905,-0.387254902,-0.789215686,0.875777267,1.533707413,0.592090499,-0.217987173,0
603789,0.00140922,2017,3.24E-05,0.239274666,0.080310881,0.422279793,0.748828033,1.320331151,0.922423175,0.332926416,0
603789,-0.029417209,2019,1.08E-05,-0.065482267,-0.519230769,-0.387019231,0.802404248,0.407485297,0.674495523,0.064568787,0
603799,0.005013804,2019,7.73E-06,1.902796458,0.141826923,-0.911057692,1.132965656,-0.296257579,-1.152467106,0.426137582,0
603803,-0.035316435,2018,4.61E-05,-0.100352398,-0.730392157,0.715686275,1.281609141,0.859945595,-0.909269938,0.428103166,0
603803,0.02528769,2019,2.39E-05,-0.257746385,0.456730769,0.384615385,0.991675475,1.058911248,-1.503541267,0.17098275,0
603810,-0.048158915,2019,9.70E-06,-0.36305478,-0.745192308,-0.59375,0.87982052,0.774595228,0.905246175,-0.239696022,0
603811,0.036442008,2018,1.01E-05,1.071202909,0.725490196,-0.671568627,0.87739804,0.927653885,0.421558329,-0.289551081,0
603822,0.043476923,2018,1.11E-05,-0.008479952,0.786764706,-0.490196078,1.08553721,0.816613135,0.111598181,0.258051506,0
603822,-0.00548957,2019,9.30E-05,0.126461926,-0.064903846,0.954326923,0.971853429,0.99111704,-0.00264731,0.601352904,0
603825,-0.024384682,2019,1.01E-05,-0.435105418,-0.435096154,-0.519230769,1.236621151,1.048152951,-0.245413519,-1.829597385,0
603828,0.029209119,2016,3.70E-05,-0.316222685,0.395799677,0.605815832,1.145350827,1.164217607,0.079697338,-0.15211273,0
603828,0.005560768,2017,4.76E-05,0.737018157,0.554404145,0.67357513,0.773276514,1.047975934,0.313772915,0.488868587,0
603828,-0.012922843,2018,6.69E-05,-0.470364268,-0.401960784,0.879901961,0.632990415,-0.186473551,-0.801306537,0.753624326,0
603828,0.02969964,2019,1.93E-05,-0.125630356,0.519230769,0.132211538,1.060176723,0.754042404,0.063909315,0.280313609,0
603829,-0.084668651,2018,1.26E-05,-0.050056753,-0.968137255,-0.257352941,1.178562452,1.095958284,-0.005720938,-0.108426491,0
603838,-0.055235343,2019,1.15E-05,-0.302592279,-0.810096154,-0.262019231,0.792070775,0.638740405,0.273838823,0.223421102,0
603843,-0.00716482,2017,2.19E-05,-0.31544589,-0.70984456,0.059585492,0.821883617,0.499074909,-0.068642914,0.690850191,0
603843,-0.021722806,2018,2.13E-05,-0.166141614,-0.56127451,0.102941176,0.882763749,0.902971631,0.287373335,-0.506425124,0
603843,0.071234628,2019,9.53E-06,-0.160433916,0.862980769,-0.632211538,1.058401966,1.500796461,0.429867841,0.623004704,0
603856,0.055326233,2018,5.07E-05,0.415666305,0.892156863,0.754901961,0.767871914,0.435828167,-0.516982176,-0.489632241,0
603856,-0.017527,2019,1.93E-05,-0.206967936,-0.326923077,0.132211538,1.024992067,0.70982843,0.30980056,0.095594275,0
603858,-0.0034943,2017,5.74E-05,-0.194726012,-0.455958549,0.777202073,1.103258844,0.698670631,-0.088635596,0.19590735,0
603858,0.037797878,2018,4.61E-05,0.52437344,0.742647059,0.715686275,0.950587651,0.0085962,-0.511622748,-0.039904284,0
603858,0.0465733,2019,3.97E-05,-0.190496559,0.716346154,0.701923077,0.81077223,0.467771946,0.101274842,-0.223558674,0
603860,-0.023603117,2018,2.45E-05,-0.041738022,-0.571078431,0.267156863,0.962546911,1.322624467,0.138573504,0.103624747,1
603861,-0.015268364,2018,4.22E-05,-0.20768487,-0.43872549,0.656862745,0.849851171,1.560793245,0.368516072,-0.194867021,0
603861,-0.026714416,2019,3.56E-05,0.023181793,-0.46875,0.634615385,0.819023542,0.476698016,-0.520539497,0.234849752,0
603869,0.081808279,2016,9.44E-06,-0.40017445,0.806138934,-0.8546042,1.096168053,1.155783132,0.291324373,0.332421778,0
603869,-0.004184101,2017,1.56E-05,0.102584395,-0.544041451,-0.168393782,1.066675689,1.369587405,0.068619705,0.016276112,0
603869,-0.027858745,2018,9.85E-06,-0.13212328,-0.647058824,-0.705882353,1.111387014,0.211096272,-0.786338328,0.599163548,0
603869,0.015044777,2019,1.64E-05,-0.197647374,0.3125,-0.019230769,0.96854631,1.216617751,-0.203797194,0.257272519,0
603871,0.002881226,2019,5.38E-05,-0.001260643,0.110576923,0.836538462,1.021952639,0.042348768,0.144419988,0.15555379,0
603876,-0.01106421,2019,9.22E-06,1.256529554,-0.194711538,-0.685096154,1.099863489,0.578073458,-1.197502035,0.404166926,0
603885,-0.00262575,2017,1.13E-05,-0.16280574,-0.401554404,-0.569948187,1.274785758,-0.622372281,-0.330726401,0.232045143,0
603885,0.018860019,2018,3.12E-05,-0.308464569,0.428921569,0.458333333,1.227800872,-0.24690152,0.077279036,0.100808093,0
603885,0.013044825,2019,8.73E-05,0.661973687,0.266826923,0.949519231,1.253010193,-0.000607011,0.546430163,0.253089095,0
603888,0.002263659,2017,3.22E-05,0.166235792,0.199481865,0.411917098,1.185668115,0.791904099,-0.72789458,0.395896339,1
603888,0.015979596,2019,2.13E-05,-0.060673927,0.331730769,0.286057692,1.278432947,0.763057032,-1.172155908,-0.034232587,1
603889,-0.075894282,2016,1.25E-05,-0.309810629,-0.870759289,-0.408723748,1.136068301,0.344770579,-0.435288454,-0.252453719,0
603889,0.001653968,2017,4.84E-05,-0.136365678,0.119170984,0.676165803,0.449101595,0.710765602,0.364131216,-0.280034227,0
603889,-0.003598164,2018,2.38E-05,-0.170554854,-0.12745098,0.230392157,0.679487926,0.558938541,-0.179690702,-0.241795496,0
603896,0.052502424,2018,9.10E-06,-0.091146251,0.867647059,-0.803921569,1.168408158,1.009427983,0.256767581,0.021272648,0
603909,-0.119105565,2017,3.74E-05,-0.335264345,-0.989637306,0.541450777,0.474484732,1.728729071,0.688868557,-0.135936428,0
603909,0.015044152,2018,1.03E-05,-0.021071899,0.345588235,-0.634803922,0.545759998,0.868122104,0.093307365,-0.687291982,0
603916,-0.11671897,2018,2.35E-05,0.943777414,-0.992647059,0.218137255,1.047920238,1.41099742,0.576701272,0.127713769,0
603916,-0.006842748,2019,1.04E-05,-0.017872904,-0.110576923,-0.466346154,1.215162752,0.77673417,0.997669066,-0.438606096,0
603926,-0.015974715,2019,8.99E-06,0.42171063,-0.288461538,-0.733173077,0.822504208,0.647141178,-0.031729465,0.656429144,0
603928,0.04365442,2018,3.49E-05,-0.211732975,0.789215686,0.522058824,1.097800819,0.939050252,0.004203664,0.099571944,0
603928,-0.002533607,2019,2.02E-05,-0.016078955,-0.007211538,0.213942308,0.952349801,1.135634372,-0.121508618,0.447347494,0
603937,0.069097227,2018,2.82E-05,0.332513017,0.946078431,0.394607843,1.34713895,1.502008927,0.159720743,-0.057009352,0
603937,0.031466454,2019,1.31E-05,-0.163441405,0.543269231,-0.15625,1.079276262,1.078189566,0.524741898,0.383830244,0
603963,0.03036786,2018,1.17E-05,0.003493914,0.651960784,-0.375,1.092594958,2.254969785,1.182610354,-1.436110701,0
603966,0.050046055,2018,5.88E-05,-0.05224606,0.850490196,0.830882353,1.21876427,1.506481271,0.42516051,-0.143208676,0
603966,-0.019084974,2019,2.28E-05,0.218944819,-0.348557692,0.348557692,1.051408843,1.47276735,0.289569664,-0.072741715,0
603969,-0.03367247,2016,5.14E-05,-0.547716592,-0.528271405,0.754442649,1.121508866,1.699662039,-0.10889586,-0.743778054,0
603969,0.021795092,2017,3.85E-05,0.090198536,0.943005181,0.562176166,1.350380393,1.332183222,0.024988538,0.317237147,0
603969,0.020233097,2018,3.69E-05,-0.059656402,0.460784314,0.566176471,1.147187939,0.907496807,0.205153253,0.247644798,0
603969,0.065928584,2019,6.09E-05,-0.042507922,0.836538462,0.884615385,0.973108026,1.180455063,0.242449915,0.487021879,0
603978,-0.063554804,2018,2.56E-05,-0.115797489,-0.931372549,0.308823529,1.165580261,0.641493595,-0.082553123,-0.444023772,0
603978,-0.198094673,2019,2.47E-05,-0.169122621,-1,0.408653846,1.004955774,1.118745259,-0.684439491,0.278610629,0
603979,0.011056009,2018,9.97E-06,0.216217416,0.262254902,-0.68627451,0.950137168,1.021297762,0.36017231,0.225087042,0
603979,0.054816903,2019,2.53E-05,0.728545725,0.78125,0.432692308,0.833895134,0.306068224,0.25030765,0.367519711,0
603987,-0.003720462,2017,1.15E-05,-0.004659788,-0.481865285,-0.544041451,0.918668671,2.018070795,0.430229996,-0.093850154,0
603987,0.044667838,2018,1.10E-05,1.393200509,0.801470588,-0.504901961,0.880474034,1.004970614,0.348183567,-0.423206445,0
603987,0.016869872,2019,8.60E-06,0.479610542,0.334134615,-0.802884615,0.808087786,0.954664858,1.511361989,-2.00665886,0
603988,-0.009409909,2016,6.27E-05,-0.542148753,-0.185783522,0.841680129,1.15952438,0.447650096,-0.450268794,-0.317615877,0
603988,0.004236929,2017,5.72E-05,0.13727499,0.445595855,0.774611399,1.146556209,0.399853489,-1.363669159,1.086417379,0
603988,-0.015259007,2018,7.09E-05,0.200133788,-0.43627451,0.897058824,1.021193078,1.129721958,0.045454838,-1.183606403,0
603988,-0.153505393,2019,2.62E-05,0.363367999,-0.997596154,0.444711538,1.213125589,0.481775422,-0.290568494,0.569953901,0
603991,0.016686687,2018,4.59E-05,0.517743919,0.399509804,0.713235294,0.907787305,1.392233697,0.079834329,-0.135311714,0
603991,0.053703666,2019,3.74E-05,0.624258585,0.774038462,0.665865385,0.927913494,1.322667888,-0.124082817,-0.000610756,0
603998,0.052525882,2018,9.91E-06,-0.096664451,0.870098039,-0.691176471,1.470996901,2.212762633,1.554836604,-0.663131364,0
603999,0.001393163,2017,3.62E-05,-0.072396663,0.077720207,0.505181347,1.380245767,1.200543217,-0.297130912,0.58263046,1
603999,0.046965959,2018,3.57E-05,0.048471093,0.823529412,0.529411765,1.30099993,0.632251878,-0.386081764,0.345503541,1
603999,-0.009158002,2019,4.29E-05,-0.125531626,-0.170673077,0.747596154,1.262483256,1.63357261,0.222616514,-0.082040067,1
