asset,beta_bri,ch4mkt_beta,ch4smb_beta,ch4vmg_beta,ch4pmo_beta,year,br,compounded_xret,compounded_xret_beta,rank_beta,rank_br
6,0.061684374,1.224147967,1.247844919,0.767667088,0.00809814,2018,1.28E-05,0.2674101,-0.051235571,0.916666667,-0.240196078
8,-0.009676211,1.019138288,0.33285336,-0.292688106,-0.112288445,2016,5.16E-05,-0.322403628,-0.340896118,-0.195476575,0.757673667
8,0.001622485,0.886615942,-0.202230401,-0.872531972,0.280459994,2017,2.09E-05,-0.247817124,-0.322403628,0.111398964,0.012953368
8,-0.048057413,0.878599896,0.628802777,-0.265922769,-0.057867866,2019,9.54E-06,-0.256721741,-0.229533231,-0.742788462,-0.627403846
11,0.070894886,1.13236036,1.078382542,0.33602093,0.187823107,2019,1.30E-05,-0.225864392,0.718574377,0.860576923,-0.165865385
12,0.018372956,1.211919453,0.503305395,0.356961189,-0.229565563,2016,3.83E-05,-0.296138339,-0.198277905,0.243941842,0.621970921
12,0.003384335,1.46844093,0.721799332,0.006927909,0.104842224,2017,1.35E-05,-0.079703538,-0.296138339,0.334196891,-0.28238342
12,-0.030519485,1.389545416,0.719596662,0.418182527,0.226670151,2018,2.57E-05,0.188846423,-0.079703538,-0.678921569,0.323529412
12,-0.039340847,1.066217485,0.902628348,0.025901685,0.03344519,2019,1.19E-05,1.059974196,0.188846423,-0.629807692,-0.240384615
16,-0.010997549,1.589378134,0.072272942,-0.527751621,0.117073951,2018,1.93E-05,0.624161418,-0.212296127,-0.360294118,0.041666667
19,0.031039691,1.008949474,1.208226337,0.088209127,0.163740576,2019,1.91E-05,-0.085059288,0.135782751,0.538461538,0.120192308
21,-0.021486313,1.131703346,1.019739432,-0.692608066,0.239103024,2016,2.51E-05,-0.2112828,-0.228081148,-0.363489499,0.321486268
21,0.004425119,1.060231051,0.505004565,-0.235986264,0.426970377,2017,1.08E-05,0.188620373,-0.2112828,0.46373057,-0.652849741
31,-0.00288533,1.189930367,0.108342701,-0.249000492,0.569279764,2017,2.67E-05,0.12209808,-0.236499368,-0.42746114,0.259067358
31,-0.018377526,1.295490412,1.574666661,1.367866302,0.431951833,2018,5.92E-06,-0.219331797,0.12209808,-0.50245098,-0.990196078
32,0.000154624,1.052319286,0.98104965,-0.72199709,-0.160510184,2016,4.68E-05,-0.526468029,0.017255992,-0.066235864,0.725363489
32,0.083873037,1.197861496,0.681418366,-0.54170445,-0.002052875,2018,1.89E-05,1.168592659,0.314456787,0.965686275,0.031862745
32,0.008415748,1.092323681,0.730676199,-0.512615317,0.271603434,2019,1.97E-05,-0.138768803,1.168592659,0.189903846,0.175480769
35,0.005006339,0.859242855,0.466151764,-0.621560598,0.010633793,2017,8.81E-06,-0.12082868,-0.04799894,0.5,-0.898963731
35,-0.044088777,0.816675628,0.80091092,-0.264192376,0.405273907,2019,4.22E-05,-0.119732565,-0.162974964,-0.6875,0.737980769
36,0.044231746,1.155382814,1.045981549,-0.157869243,0.717487376,2016,2.48E-05,-0.28155691,0.091975865,0.583198708,0.308562197
37,-0.04719841,0.874514299,1.268009547,-0.173534567,-0.364243709,2019,3.32E-05,-0.337294114,-0.059739335,-0.725961538,0.586538462
39,0.05418576,1.370492689,0.340898871,-0.06330012,0.679546003,2016,2.01E-05,-0.272276566,0.273429266,0.670436187,0.0726979
39,0.008939906,1.071228745,0.511519261,-0.199160589,0.117574674,2017,3.19E-05,0.013193088,-0.272276566,0.720207254,0.401554404
39,-0.015167844,1.72971818,0.975722659,0.642729109,0.196432251,2018,2.48E-05,-0.322696611,0.013193088,-0.433823529,0.276960784
40,-0.007105717,0.747439054,0.954203842,0.364659741,-0.244828022,2019,8.59E-06,-0.058998452,-0.559088849,-0.125,-0.805288462
50,0.00080047,1.609973479,0.934303815,-0.057658164,0.238188248,2018,8.29E-06,0.132559398,-0.064551357,-0.024509804,-0.897058824
55,0.016602331,1.067959061,1.404957328,0.104031971,0.157148998,2016,6.25E-05,-0.221132864,-0.411505827,0.205169628,0.838449111
55,-0.008503455,0.788629637,0.719976533,-0.266521724,0.297273996,2017,3.57E-05,-0.074416991,-0.221132864,-0.759067358,0.494818653
55,0.063496161,1.408929613,1.168994275,0.55374787,0.26506964,2018,6.19E-05,-0.149733938,-0.074416991,0.924019608,0.848039216
55,-0.063572007,1.072313433,1.285039524,0.070134959,0.034794098,2019,5.78E-05,0.047863148,-0.149733938,-0.850961538,0.862980769
59,0.011299721,1.076608938,0.796677322,0.605678067,-0.281648272,2019,2.76E-05,0.797015222,-0.270647977,0.235576923,0.471153846
60,-0.03631131,1.274643455,0.085198791,-1.269888327,0.623857153,2016,9.04E-06,-0.339990675,0.061161393,-0.55088853,-0.886914378
60,-0.00500978,1.506559248,0.993607026,0.675385399,-0.165005604,2018,2.36E-05,-0.202874188,-0.033393137,-0.18872549,0.225490196
60,-0.025697404,1.305245525,0.717221872,0.406900758,0.040409224,2019,1.63E-05,0.219126756,-0.202874188,-0.454326923,-0.024038462
65,-0.04954178,1.207761923,0.625116394,-0.894213672,-0.084818335,2016,8.13E-05,-0.520266378,0.090783823,-0.705977383,0.909531502
65,0.028572002,0.963377407,1.059215084,-0.363177516,-0.490647341,2017,0.000192438,0.132845187,-0.520266378,0.966321244,0.989637306
65,0.025055216,1.47250809,0.677220378,-0.057319353,0.695937881,2018,0.000110069,-0.165083947,0.132845187,0.556372549,0.980392157
65,0.027258252,1.282325965,1.210120677,0.456468795,0.016784143,2019,0.000201098,0.176098413,-0.165083947,0.485576923,0.995192308
69,-0.004805404,1.399157135,-0.6391298,0.115337016,0.264071987,2017,1.08E-05,0.034928684,-0.292330618,-0.598445596,-0.652849741
70,-0.019887329,1.028948021,1.232290122,-0.348242642,-0.0472222,2016,3.41E-05,-0.390256724,-0.113351472,-0.331179321,0.525040388
70,0.001826791,1.008635636,1.141974571,0.174581346,-0.240415905,2017,1.10E-05,1.000893613,-0.390256724,0.147668394,-0.621761658
70,-0.038285549,0.988232684,0.868422195,-1.869387668,0.143864354,2019,9.36E-06,-0.177640255,-0.211873373,-0.615384615,-0.663461538
88,-0.05390295,1.170967536,0.476646,-0.208394057,0.491139385,2016,2.63E-05,-0.381722289,0.614701504,-0.754442649,0.360258481
88,0.030071015,1.05413304,1.062781404,-0.041666918,-0.608288087,2017,3.78E-05,-0.177024709,-0.381722289,0.971502591,0.551813472
88,0.023693541,1.265161756,0.815878299,0.092772586,0.23313725,2018,1.21E-05,0.071539667,-0.177024709,0.539215686,-0.318627451
88,-0.007109237,1.202264,0.730605322,0.246596344,0.164512561,2019,1.23E-05,0.004991045,0.071539667,-0.129807692,-0.221153846
89,0.033396623,1.110828078,1.027629341,0.196565979,0.637429849,2016,2.58E-05,-0.174571306,0.091190642,0.457189015,0.34733441
89,0.003437511,1.108940899,-0.047220034,0.400567865,0.202039353,2017,1.16E-05,0.144915447,-0.174571306,0.349740933,-0.528497409
89,-0.037219412,0.859888887,-0.140874968,-0.119063612,0.219311119,2018,4.48E-05,-0.134802545,0.144915447,-0.75245098,0.703431373
89,0.012665202,0.829064161,-0.344793366,-0.070161417,-0.067241955,2019,3.15E-05,-0.001212601,-0.134802545,0.257211538,0.5625
90,-0.029972222,1.13468186,0.828424119,-0.394437853,0.115658227,2016,1.66E-05,-0.322281195,0.265611036,-0.486268174,-0.056542811
90,0.003882695,0.985631453,1.357500422,0.952667686,-0.159755776,2017,2.09E-05,0.059439259,-0.322281195,0.39119171,0.012953368
90,0.020841717,1.175817997,0.936442569,0.350707678,0.303842338,2018,4.12E-05,0.467283144,0.059439259,0.473039216,0.637254902
90,0.026089545,1.170872465,0.937913331,0.492163739,0.056706981,2019,2.03E-05,-0.161159567,0.467283144,0.463942308,0.223557692
99,0.015919511,0.985833067,1.337062256,-0.323022405,0.203799494,2018,1.34E-05,-0.037222313,0.106739863,0.37254902,-0.193627451
99,-0.000200354,1.091166636,0.591246016,-0.47862519,0.581333742,2019,1.24E-05,-0.025499337,-0.037222313,0.048076923,-0.213942308
100,0.029985757,1.228951174,-0.322940469,-0.625328803,0.215994064,2018,7.17E-06,0.874545986,0.160913544,0.637254902,-0.965686275
151,-0.002421692,1.112184625,-0.142272038,-1.449939719,-0.141285607,2016,4.82E-05,-0.363174933,0.09215488,-0.105008078,0.728594507
151,0.035621271,0.999389846,1.047561381,-0.702449716,-0.179713192,2017,9.28E-05,-0.00778693,-0.363174933,0.984455959,0.924870466
151,-0.006665953,1.151425651,1.342615769,-0.192932233,0.318085455,2018,0.000119437,-0.275758433,-0.00778693,-0.245098039,0.982843137
151,-0.005548357,1.206562553,0.757776904,-0.535342593,0.740658945,2019,6.23E-05,-0.155431407,-0.275758433,-0.069711538,0.894230769
153,-0.069614404,0.888324299,1.226747744,0.118218346,0.136693212,2018,1.32E-05,0.236939445,-0.033576339,-0.93872549,-0.210784314
156,-0.003546019,1.017597633,0.421274848,-0.255733383,0.05773095,2017,1.23E-05,0.15256975,-0.353444074,-0.461139896,-0.406735751
157,0.033094591,1.201505037,0.020928867,0.015657877,0.520909377,2016,6.66E-05,-0.069239394,0.108810457,0.453957997,0.857835218
157,0.004012932,0.962650178,0.528927258,0.510555722,-0.127654796,2017,9.28E-05,0.514150317,-0.069239394,0.411917098,0.924870466
157,0.001492929,0.721933385,0.496108575,0.378005431,0.012802344,2018,7.58E-05,0.101317382,0.514150317,-0.009803922,0.916666667
157,-0.011493436,0.970018899,0.748684258,0.84305948,-0.009636804,2019,5.74E-05,0.454091323,0.101317382,-0.204326923,0.860576923
158,-0.049328835,1.094366293,0.996129882,-0.833513907,0.055059521,2016,2.27E-05,-0.437159726,0.120653597,-0.702746365,0.211631664
158,-0.034614117,1.038078648,1.284942615,0.249925006,0.07191838,2017,1.12E-05,-0.223190951,-0.437159726,-0.961139896,-0.582901554
158,0.043911675,1.084605732,1.276143102,-0.102662551,-0.134051384,2018,1.09E-05,0.89826548,-0.223190951,0.794117647,-0.517156863
158,-0.022846063,1.191893927,1.158656262,-0.659067971,0.666505934,2019,1.90E-05,0.083579196,0.89826548,-0.413461538,0.112980769
159,0.003389126,0.517317357,1.444371528,-1.105114388,-1.072169922,2017,1.22E-05,1.046892888,-0.467193619,0.339378238,-0.422279793
159,0.01637884,1.18308715,1.426793425,0.050283261,0.62455394,2018,1.15E-05,-0.383109778,1.046892888,0.389705882,-0.416666667
159,0.059663221,1.140929485,2.486061126,1.056116478,-0.218246498,2019,1.07E-05,0.242992541,-0.383109778,0.802884615,-0.408653846
301,-0.073660642,0.837417254,1.608654038,1.161102334,0.166486051,2018,1.06E-05,0.018157155,-0.133408661,-0.950980392,-0.588235294
301,0.040315672,0.797938822,0.59356608,0.106231413,-0.147215201,2019,2.27E-05,2.730486664,0.018157155,0.649038462,0.338942308
333,0.037148742,1.392260932,-1.007998818,0.128731582,-0.179368015,2018,9.26E-06,0.166788676,0.004049963,0.732843137,-0.789215686
338,0.001038612,1.198548759,0.102984818,-0.132919307,0.573981451,2016,9.65E-06,0.35691073,0.703547209,-0.050080775,-0.828756058
338,-0.006221198,1.227888207,0.250646537,0.347866547,0.010856204,2017,1.87E-05,0.457625761,0.35691073,-0.67357513,-0.069948187
338,-0.009702333,1.488216484,-0.110251473,0.39533513,0.009902441,2018,2.23E-05,0.139016629,0.457625761,-0.316176471,0.161764706
338,0.009920071,1.24617242,0.412450052,1.228894248,-0.252355596,2019,1.49E-05,0.305767557,0.139016629,0.211538462,-0.081730769
400,0.03669429,1.287826642,0.19922442,0.152097792,-0.238120665,2016,2.63E-05,-0.568676677,0.146059273,0.49273021,0.360258481
400,0.001087379,1.144283554,0.554193742,-0.274537809,-0.083895491,2017,4.18E-05,0.148901977,-0.568676677,0.049222798,0.619170984
400,-0.005555383,0.977874731,1.066894164,0.17687652,-0.167195016,2018,1.40E-05,0.442173909,0.148901977,-0.208333333,-0.154411765
400,-0.06829824,0.966569409,0.886754089,0.259073044,-0.377934457,2019,1.20E-05,-0.048095781,0.442173909,-0.870192308,-0.233173077
401,-0.000498062,1.373868979,-0.323706215,-0.903098415,-0.686332297,2017,2.70E-05,1.00537635,-0.43192804,-0.163212435,0.272020725
401,-0.063495955,1.52359522,0.285517532,-0.508741519,0.504126832,2018,1.50E-05,-0.077951312,1.00537635,-0.928921569,-0.105392157
401,-0.057961521,1.160997384,0.45226218,0.96049627,-0.212404425,2019,7.13E-06,-0.213769501,-0.077951312,-0.834134615,-0.954326923
403,0.029181008,0.851615913,0.639246494,0.62709612,0.251097122,2019,1.19E-05,-0.257120631,1.737904854,0.512019231,-0.240384615
404,0.00993412,1.190422599,1.302835323,0.39014607,0.182422157,2016,2.64E-05,-0.455425347,-0.104196813,0.095315024,0.373182553
413,0.000928753,1.169090772,0.655351841,-0.34466581,0.532691064,2018,7.51E-06,-0.481808607,-0.154710933,-0.019607843,-0.948529412
413,0.031216181,1.082176995,1.136766117,0.139582508,-0.424630097,2019,6.67E-06,-0.23316809,-0.481808607,0.540865385,-0.96875
415,0.00243675,1.20984121,-0.407278806,-0.813178493,0.265771404,2017,3.94E-05,-0.329963984,-0.133825543,0.222797927,0.577720207
423,-0.010137993,1.008076177,0.212646199,1.072966418,-0.323083281,2017,1.20E-05,-0.257692399,-0.252810693,-0.803108808,-0.461139896
423,0.007852671,0.764150656,-0.371202746,-0.158035151,-0.139138151,2018,8.85E-06,-0.085383871,-0.257692399,0.174019608,-0.840686275
425,0.020734499,0.721736806,0.735363805,0.149459238,-0.276348487,2016,4.28E-05,0.125090687,0.212643396,0.273021002,0.683360258
425,0.00983218,1.189105351,0.657012979,0.611814129,-0.065581367,2017,3.10E-05,0.050107334,0.125090687,0.740932642,0.378238342
425,0.004729652,1.214113479,0.430366444,0.613952894,-0.103895009,2018,5.69E-05,0.305635281,0.050107334,0.071078431,0.81372549
425,-0.002439183,1.242783652,0.440683733,0.45439902,0.135857048,2019,2.48E-05,0.071627698,0.305635281,-0.004807692,0.415865385
426,0.018948439,1.33002788,-0.198427333,-2.002983092,0.661808821,2016,1.66E-05,-0.211307585,0.181734796,0.260096931,-0.056542811
426,0.005508686,1.118480371,0.051661352,-0.896533212,0.132142845,2017,1.29E-05,-0.263410978,-0.211307585,0.549222798,-0.336787565
428,0.007145351,0.962843555,1.086495717,0.195459061,-0.065853955,2019,1.95E-05,-0.169288328,0.111969458,0.165865385,0.163461538
488,-0.005605918,1.414333768,-0.086183226,0.453983871,0.148855575,2017,9.84E-06,-0.356002561,-0.013455323,-0.64507772,-0.777202073
488,-0.062052673,1.5259819,1.318210583,1.329557739,-0.284384872,2018,8.98E-06,-0.047311389,-0.356002561,-0.921568627,-0.830882353
488,-0.011187325,1.216291565,0.817222331,0.694479551,0.039766507,2019,8.13E-06,0.668631987,-0.047311389,-0.197115385,-0.860576923
498,0.003749949,1.15924469,1.174863829,0.043793901,0.352660545,2016,3.49E-05,-0.413479064,0.223086522,-0.01453958,0.554119548
498,0.009412138,1.515932545,0.418520699,0.034040896,-0.197991821,2017,0.000114165,0.264962364,-0.413479064,0.730569948,0.953367876
498,-0.008287271,0.950365726,1.31435488,0.666263054,-0.198296267,2018,2.53E-05,-0.085778958,0.264962364,-0.272058824,0.299019608
498,0.1445407,1.014419139,0.540686065,0.183533449,-0.355981557,2019,3.56E-05,0.137111844,-0.085778958,0.975961538,0.634615385
506,0.151622028,1.056402245,1.077907044,2.283634851,-0.441645177,2018,3.84E-05,-0.397343129,0.199292735,0.99754902,0.602941176
506,-0.04408806,0.845073264,0.943028666,-0.771298158,-0.1371875,2019,2.08E-05,-0.14680882,-0.397343129,-0.685096154,0.254807692
507,0.020222995,1.050048996,0.700394736,-0.542444025,0.316306133,2016,8.10E-05,-0.274035015,1.30933081,0.266558966,0.906300485
507,0.016757734,0.939845052,1.46997417,-0.10357422,-0.986245954,2017,8.14E-05,-0.347979932,-0.274035015,0.883419689,0.89119171
507,0.029702141,1.248063668,1.147719938,0.102699146,0.320837561,2018,7.80E-05,-0.15547455,-0.347979932,0.629901961,0.926470588
507,-0.004245769,0.988918716,0.603260677,0.29431855,-0.182103385,2019,6.96E-05,0.148525821,-0.15547455,-0.038461538,0.913461538
514,0.031277666,1.263797793,0.952370004,-0.107444171,0.140601781,2016,2.40E-05,-0.408399738,-0.023993552,0.424878837,0.266558966
514,-0.020939801,0.985714335,1.646514706,0.672735218,-0.211105537,2019,2.22E-05,-0.11752715,-0.219621915,-0.375,0.317307692
516,0.027190613,1.147700432,0.69656362,-0.590920862,-0.127383043,2016,1.45E-05,-0.145102081,-0.057617375,0.369951535,-0.172859451
519,-0.081762952,1.091983398,0.596689915,-1.999787394,0.84679085,2016,1.06E-05,-0.392954556,-0.023501798,-0.886914378,-0.689822294
520,0.004227345,1.032528928,0.427539142,-1.083490254,0.127597036,2017,2.89E-05,0.104317294,-0.479804232,0.443005181,0.32642487
523,0.005468457,1.219243658,0.951845717,0.349240287,0.171040923,2017,3.42E-05,-0.180495865,-0.23004304,0.544041451,0.466321244
523,0.021443349,1.033023673,1.367227059,0.223114944,0.483779307,2019,2.11E-05,-0.538565784,-0.00236774,0.403846154,0.276442308
524,0.005572637,0.965419193,1.588555034,-0.375741552,0.020976496,2017,2.99E-05,-0.044601977,-0.332390346,0.556994819,0.349740933
524,0.029792271,1.072609303,0.541183196,-0.092374561,-0.067939948,2018,4.79E-05,-0.275371756,-0.044601977,0.634803922,0.730392157
524,0.032306951,1.057193666,0.913448383,0.268798019,-0.097318125,2019,1.63E-05,0.233862589,-0.275371756,0.569711538,-0.024038462
528,0.028602389,1.25264047,0.909778207,0.62999557,0.327674299,2016,0.000126078,0.239461948,0.330033373,0.379644588,0.983844911
528,0.011339407,1.486011407,0.629804082,0.445489013,-0.047872491,2017,9.80E-05,-0.185923565,0.239461948,0.78238342,0.932642487
528,-0.006804649,1.281244512,1.259686383,0.811512543,-0.180685834,2018,3.46E-05,-0.045058657,-0.185923565,-0.24754902,0.509803922
528,0.008837966,1.31044068,0.088951869,0.162744193,-0.156063631,2019,3.25E-05,0.325326927,-0.045058657,0.192307692,0.574519231
530,0.014154521,0.982881349,1.652394118,0.332365112,-0.209315296,2019,1.27E-05,0.153234461,-0.233588132,0.295673077,-0.189903846
533,0.003029059,0.363103052,1.113401815,0.804706923,-0.251992345,2017,1.12E-05,-0.233604402,-0.66569752,0.295336788,-0.582901554
533,0.009551806,0.503902498,0.346339936,-0.276307493,-0.105990401,2018,2.23E-05,-0.063288915,-0.233604402,0.225490196,0.161764706
533,-0.099336084,1.021828986,2.149318995,0.23478703,-0.439974334,2019,3.39E-05,0.049932014,-0.063288915,-0.956730769,0.598557692
541,0.002723257,0.844112847,0.710135663,0.179828809,0.149618018,2019,1.09E-05,0.127667571,0.006453279,0.100961538,-0.350961538
546,0.120349258,1.005440555,1.011950169,-0.680344198,0.307560977,2016,1.99E-05,0.2134332,0.068117913,0.948303716,0.066235864
546,-0.01037016,0.989101089,1.00488001,-0.034883147,-0.507320822,2017,7.82E-06,-0.290110589,0.2134332,-0.808290155,-0.974093264
548,-0.01698834,1.151768731,1.254090286,-0.400758449,0.259633684,2016,2.08E-05,-0.395909895,-0.07730007,-0.295638126,0.105008078
548,0.003418003,1.126910915,0.97576156,-0.215755704,0.192059218,2017,2.28E-05,0.005173325,-0.395909895,0.347150259,0.103626943
548,0.01854,0.965598889,1.122565066,0.06778407,0.021051795,2018,1.23E-05,-0.176778903,0.005173325,0.421568627,-0.279411765
550,-0.006545808,1.110031035,0.98291821,1.609135863,-0.043844126,2016,1.24E-05,-0.322048705,-0.128031567,-0.153473344,-0.43457189
551,-0.026059594,1.099221815,1.302994666,0.158288018,-0.215298272,2016,6.58E-05,-0.375754322,-0.004169555,-0.441033926,0.851373183
551,-0.005330376,1.112768381,1.636880789,0.26471688,-0.297292031,2017,3.82E-05,0.145159803,-0.375754322,-0.632124352,0.556994819
551,0.028695169,1.198038878,1.265617768,-0.026464894,0.216947917,2018,8.10E-05,0.437802743,0.145159803,0.615196078,0.931372549
551,-0.016328019,1.09600237,1.485734231,0.388870579,-0.208462402,2019,8.66E-05,-0.149692676,0.437802743,-0.298076923,0.947115385
552,0.01387303,1.26149741,0.365702429,-0.271390313,0.616886644,2016,2.36E-05,-0.070912524,0.004918763,0.153473344,0.250403877
552,-0.043299995,1.203798343,1.490636095,1.447132006,-0.187090317,2018,1.18E-05,-0.156426946,-0.153683639,-0.823529412,-0.352941176
554,-0.011098632,1.222817993,-0.430359017,-2.087590087,0.146408934,2017,1.83E-05,-1.28E-05,-0.282761704,-0.829015544,-0.095854922
560,-0.076173286,0.841904737,-0.028851881,-1.406764283,-0.330699037,2016,1.64E-05,-0.175229362,-0.027119622,-0.873990307,-0.066235864
560,0.004844508,0.875774198,-0.133047377,-1.232422001,0.511161299,2017,6.45E-06,-0.156257873,-0.175229362,0.489637306,-0.997409326
561,-0.005893755,1.201991903,0.667301887,-1.378228528,0.046919892,2017,1.30E-05,0.148313717,-0.42474185,-0.658031088,-0.321243523
561,-0.038769472,0.89982988,1.001825145,-0.679092575,0.119364207,2018,3.86E-05,0.014990246,0.148313717,-0.764705882,0.610294118
561,-0.080661144,1.01569106,0.382189291,-1.450855523,0.841334375,2019,1.68E-05,-0.073569987,0.014990246,-0.920673077,-0.009615385
566,0.00389295,0.727046563,0.446774718,0.007883994,0.179715686,2017,8.79E-06,-0.503333724,-0.023022545,0.393782383,-0.906735751
568,-0.003108898,1.155551335,0.815847581,1.821742035,-0.316683763,2017,1.30E-05,0.336373285,0.185581623,-0.432642487,-0.321243523
570,0.000259244,0.936540012,1.422621524,0.431243845,0.354949248,2018,4.20E-05,-0.140699131,0.199951782,-0.044117647,0.651960784
582,0.023690814,0.404258336,2.55948418,0.334847162,-1.029609726,2017,5.33E-05,0.187622372,-0.335359999,0.950777202,0.730569948
582,0.058133605,1.165302487,0.907860129,-0.336293127,0.400795549,2018,5.47E-05,0.195823087,0.187622372,0.906862745,0.789215686
582,-0.052447993,0.956992526,1.192831898,0.647164097,-0.468611312,2019,3.60E-05,-0.222597503,0.195823087,-0.778846154,0.644230769
586,0.051805486,0.778951201,-0.486486261,-0.736482415,-0.971948949,2016,4.94E-05,-0.45960285,-0.122478655,0.657512116,0.741518578
586,-0.028073995,1.123651188,0.780268343,0.606926316,0.839173133,2018,1.32E-05,-0.23755945,0.120561163,-0.651960784,-0.210784314
589,0.017991159,1.009762916,1.044514362,-0.396478239,0.372218043,2016,1.50E-05,-0.416427742,0.041434339,0.231017771,-0.137318255
592,0.053750366,1.123863704,0.809076581,-0.906041608,0.060854809,2016,1.04E-05,-0.491078769,-0.198230554,0.66720517,-0.731825525
596,0.037590204,1.044624851,1.61078463,1.225495414,0.423549359,2016,1.22E-05,0.737688234,0.059046798,0.508885299,-0.460420032
598,-0.025136203,1.286469592,0.42140251,0.198084408,0.30480906,2016,9.90E-05,-0.274946063,0.059641307,-0.431340872,0.948303716
598,0.000277171,1.101963715,1.033873999,0.535083139,-0.237183822,2017,6.54E-05,0.120533866,-0.274946063,-0.067357513,0.823834197
599,0.04098631,1.009753266,1.044375825,0.055420047,0.142871023,2018,1.26E-05,-0.069579138,-0.097207364,0.772058824,-0.257352941
599,0.015353077,1.156198272,1.216718627,0.266382649,0.049685233,2019,4.60E-05,-0.027242234,-0.069579138,0.317307692,0.774038462
600,-0.000397128,1.085204976,0.91882707,-0.163668463,-0.38408248,2017,9.77E-06,0.185101009,-0.547635615,-0.142487047,-0.787564767
600,0.014347708,1.225386749,0.80172958,-0.462803114,0.458288541,2018,9.20E-06,-0.232547616,0.185101009,0.330882353,-0.794117647
600,-0.047545419,1.034356901,1.37089094,0.898136005,-0.051438159,2019,9.16E-06,-0.020667165,-0.232547616,-0.735576923,-0.704326923
607,-0.049860325,1.010427235,1.61057249,0.280125075,-0.831318843,2019,2.77E-05,-0.183022364,-0.280913593,-0.754807692,0.475961538
610,0.051346119,1.078093484,2.202314613,0.569823221,-0.152497481,2019,1.25E-05,0.230341678,-0.210695189,0.75,-0.211538462
619,-0.00577722,1.121172616,0.839482579,-0.321823913,0.057062738,2017,4.61E-05,-0.140369338,-0.340448456,-0.650259067,0.655440415
619,0.019394603,0.892839063,0.461721035,-0.171687307,0.361237695,2018,4.26E-05,-0.133630667,-0.140369338,0.43872549,0.664215686
619,-0.000695542,0.751365136,1.055827807,0.504701488,-0.079009512,2019,1.34E-05,0.091566454,-0.133630667,0.036057692,-0.146634615
625,0.022091418,1.224418855,-0.335793823,0.504215545,0.127140856,2016,1.05E-05,-0.385535638,0.087712744,0.305331179,-0.709208401
625,-0.015812869,1.210869051,0.466795616,0.443838755,0.138679308,2019,9.68E-06,1.354312929,0.639003183,-0.28125,-0.596153846
626,0.202967848,1.388251092,-0.157958565,-1.566636745,-0.324364742,2016,2.10E-05,-0.62390293,-0.422002697,0.996768982,0.111470113
628,0.003707782,0.803751334,1.222968416,0.058644886,-0.350067061,2016,1.24E-05,-0.140390654,-0.28628208,-0.017770598,-0.43457189
628,-0.011211931,0.938380246,1.242383217,-0.429475057,0.033856209,2017,1.21E-05,0.232502197,-0.140390654,-0.836787565,-0.440414508
628,-0.020003491,0.958070807,1.539550942,0.763030976,0.415581032,2018,1.22E-05,-0.197731569,0.232502197,-0.531862745,-0.301470588
628,-0.020197508,0.959651959,1.273591766,0.383366032,0.070976879,2019,1.08E-05,-0.046567485,-0.197731569,-0.362980769,-0.387019231
630,-0.010178547,0.95914831,0.765660889,0.600296025,-0.087120064,2018,1.02E-05,-0.223452394,0.110236704,-0.333333333,-0.656862745
632,0.076273514,1.059206752,1.059275117,-0.457001167,0.192231356,2016,1.43E-05,-0.067405924,-0.264090952,0.780290792,-0.192245557
651,0.014020782,1.314565421,-0.72071534,0.484692102,-0.396210701,2018,1.81E-05,0.064275579,0.164214938,0.321078431,-0.007352941
652,0.008856205,1.24924718,0.948407298,0.131307865,0.285177031,2016,2.96E-05,-0.413523496,0.137120069,0.053311793,0.444264943
657,0.079190263,1.109312585,-1.372935974,-3.092579346,0.616992467,2016,1.69E-05,-0.185429603,-0.199194981,0.79644588,-0.04361874
659,0.027080429,0.404107309,0.776468187,0.322752212,0.230041959,2019,1.06E-05,0.441362042,-0.259139215,0.483173077,-0.420673077
665,-0.043944392,1.209725782,1.597250064,0.38387067,0.352638619,2016,5.22E-05,-0.288203868,-0.187279073,-0.634894992,0.767366721
665,0.002418618,0.990744375,0.863554302,0.0313681,0.101419218,2017,2.20E-05,-0.060247014,-0.288203868,0.215025907,0.069948187
668,0.00292712,0.994049327,0.499000043,-0.661000249,0.334721366,2017,1.40E-05,0.460466863,-0.354571179,0.284974093,-0.233160622
668,0.047980929,1.056027351,0.557880651,-0.102398598,0.284610872,2018,1.40E-05,0.158201796,0.460466863,0.833333333,-0.154411765
672,-0.060058401,1.101048487,-0.145440176,-0.113366601,-0.017823172,2016,2.61E-05,-0.0073813,0.510017992,-0.773828756,0.350565428
672,-0.013397744,0.73979403,-0.022526858,-1.656627752,-0.697803905,2017,0.000114742,0.387605013,-0.0073813,-0.867875648,0.955958549
672,-0.034578487,1.910689851,1.878930748,2.373458248,0.205074047,2018,4.79E-05,0.961340189,0.387605013,-0.725490196,0.730392157
672,-0.000990973,1.192189398,0.458615542,1.055420781,-0.112119524,2019,0.000133611,-0.240530007,0.961340189,0.03125,0.985576923
677,-0.000147949,0.797608439,1.447150326,0.040163158,0.155931683,2017,1.65E-05,-0.165438365,-0.228563564,-0.111398964,-0.147668394
678,-0.000269958,0.53275261,1.338523108,-1.436464505,-0.228106156,2017,1.76E-05,0.334515965,-0.360021673,-0.126943005,-0.111398964
680,0.035994964,1.216676453,0.985057698,0.0082774,0.251388732,2016,8.54E-05,-0.378576991,0.089040159,0.476575121,0.925686591
680,0.021059917,1.448788716,1.3430058,0.158355529,-0.317607072,2017,8.21E-05,0.185696597,-0.378576991,0.935233161,0.893782383
680,0.015116101,1.225790375,1.147966024,0.279924897,0.121613769,2018,9.18E-05,-0.180021536,0.185696597,0.352941176,0.963235294
680,0.094100971,1.236941717,1.197240688,0.613662842,-0.560896119,2019,9.58E-05,0.122673689,-0.180021536,0.935096154,0.963942308
681,-0.006426137,0.942558444,1.165274082,-0.174219305,-0.313289057,2017,6.00E-05,-0.335204483,0.809556394,-0.683937824,0.79015544
681,0.017096597,1.13806614,-0.219782033,-1.499358241,-0.546158412,2018,4.01E-05,-0.051582489,-0.335204483,0.406862745,0.62745098
681,-0.018851464,1.179188135,-0.302392529,-1.245786385,0.524829647,2019,9.63E-06,-0.314221279,-0.051582489,-0.341346154,-0.605769231
685,-0.000556078,1.101024913,0.210742977,0.08865878,0.086326746,2017,9.37E-06,0.086066799,-0.269729853,-0.176165803,-0.82642487
690,-0.005574631,0.896731616,0.365869261,0.066853566,0.12863353,2019,9.51E-06,0.11869248,-0.248946015,-0.072115385,-0.637019231
700,0.015106515,1.078972487,1.319701855,-0.059240606,0.112839515,2019,1.04E-05,-0.257294498,1.017811339,0.314903846,-0.466346154
701,-0.013492008,1.13779575,0.823330436,-0.611695772,-0.305266006,2016,8.63E-06,-0.448493952,-0.30187346,-0.243941842,-0.922455574
701,-0.02806391,0.96041476,1.590354477,-0.040345029,0.031259964,2018,7.34E-06,-0.249550077,-0.128712759,-0.649509804,-0.960784314
703,-0.01618948,1.208599542,0.719162296,0.269542709,-0.085453403,2016,1.08E-05,0.457012197,0.432433396,-0.285945073,-0.673667205
703,-0.012476597,1.014180626,-0.196814034,-0.465827106,-0.181614355,2017,5.30E-05,-0.074565351,0.457012197,-0.857512953,0.727979275
703,-0.069786166,1.282139164,0.358249393,0.715568711,-0.084566702,2018,5.64E-05,-0.115338817,-0.074565351,-0.941176471,0.806372549
703,0.063054063,1.164626874,-0.009296129,0.289481751,-0.248117761,2019,6.00E-05,0.289104169,-0.115338817,0.817307692,0.875
708,0.001700975,1.401581329,0.047240639,-0.16885605,0.551969651,2017,1.87E-05,0.458907843,-0.202693302,0.129533679,-0.069948187
708,-0.05704033,1.085649056,0.739840055,1.085941015,-0.136161352,2019,1.54E-05,0.234031823,1.33839116,-0.824519231,-0.060096154
709,-0.013805455,1.024968093,0.421341876,-1.497016898,1.371563033,2016,2.25E-05,-0.283341963,0.533809538,-0.253634895,0.185783522
709,0.002097119,1.301537337,-0.355873533,-1.160047381,-0.065780225,2017,3.02E-05,-0.001571571,-0.283341963,0.18134715,0.365284974
709,-0.009732004,1.175828085,1.349689769,1.2882811,-0.076782944,2018,5.36E-05,-0.304057467,-0.001571571,-0.318627451,0.779411765
709,0.009605987,0.835394411,0.443352638,0.694487641,-0.238654368,2019,1.94E-05,0.187690261,-0.304057467,0.206730769,0.146634615
710,2.79E-05,1.333342999,0.410814855,-0.328947958,0.57899607,2019,1.00E-05,-0.505433316,0.651053236,0.055288462,-0.526442308
713,-0.004345616,0.89973865,1.148901048,-0.403276727,-0.109383803,2017,3.21E-05,1.159787502,-0.286828944,-0.559585492,0.409326425
713,-0.006590714,0.029681011,-0.482423323,-1.616796229,-0.045693315,2018,9.49E-06,-0.026957692,1.159787502,-0.242647059,-0.75245098
713,0.030164569,0.608928586,2.025761792,0.137921694,-0.196424786,2019,8.22E-06,0.234502787,-0.026957692,0.528846154,-0.846153846
719,0.026458192,1.211572619,1.405460832,1.458215814,-0.375492765,2016,1.10E-05,-0.35353209,-0.007831195,0.366720517,-0.634894992
719,-0.003996672,1.009901265,0.379178277,-0.191296259,0.04916968,2017,1.08E-05,0.081019217,-0.35353209,-0.523316062,-0.652849741
719,-0.012009305,0.956782847,0.982933106,0.177064467,0.208608614,2018,1.23E-05,-0.034453346,0.081019217,-0.37745098,-0.279411765
719,0.01076101,0.820085586,0.623878058,0.247764873,-0.186940114,2019,9.56E-06,0.014935884,-0.034453346,0.228365385,-0.622596154
721,0.002924579,0.93075074,1.600304415,1.426119015,1.016544784,2017,1.29E-05,0.064020011,-0.515197119,0.28238342,-0.336787565
721,-0.004699183,0.820258028,1.632230936,0.265120988,-0.216504039,2018,1.31E-05,0.042166004,0.064020011,-0.174019608,-0.218137255
723,0.026239136,1.461674185,1.974982314,2.127308003,0.066274653,2019,1.40E-05,0.18943578,-0.41039774,0.473557692,-0.115384615
735,-0.029123661,0.971060923,1.203967341,0.027919655,0.282275934,2016,1.11E-05,1.043528064,-0.04549528,-0.476575121,-0.618739903
735,-0.0016053,0.942800427,0.520912034,-0.040679661,0.014916623,2017,2.01E-05,-0.247791785,1.043528064,-0.303108808,-0.028497409
735,0.064044199,0.738073784,-0.220669063,-1.694305819,0.260236483,2018,1.05E-05,0.024151347,-0.247791785,0.926470588,-0.595588235
751,-0.053621187,1.293001842,0.315149308,-0.84904429,0.356745193,2016,1.40E-05,-0.34630384,-0.125511473,-0.751211632,-0.211631664
751,-0.003817876,1.322164918,-0.071151074,-0.850121114,-0.215436923,2017,1.32E-05,0.066693761,-0.34630384,-0.489637306,-0.305699482
751,0.009899811,1.230363447,1.520818026,0.530323482,-0.239598874,2018,1.15E-05,-0.280373247,0.066693761,0.230392157,-0.416666667
751,0.022285345,1.000956962,0.928566804,0.329489422,-0.271693061,2019,1.02E-05,0.232941982,-0.280373247,0.418269231,-0.497596154
753,0.067541958,1.19573072,1.266467693,-0.267937429,0.698229705,2016,1.08E-05,-0.375393827,0.031335634,0.747980614,-0.673667205
756,0.042240172,0.789244851,1.41774094,0.08100193,-0.054383718,2018,1.10E-05,0.442194344,-0.108633229,0.779411765,-0.504901961
758,-0.050272274,1.389466156,0.117171304,-0.624403907,0.371378257,2016,0.000122255,-0.367995445,-0.106572785,-0.709208401,0.974151858
758,0.003047822,1.439872341,-0.141580001,-1.192562221,-0.199204003,2017,0.000139482,0.205982257,-0.367995445,0.300518135,0.979274611
758,0.002622065,1.352276026,1.149674507,0.500199666,-0.087695739,2018,8.12E-05,-0.248038631,0.205982257,0.022058824,0.933823529
758,-0.016177048,1.219717603,0.767206866,-0.050083804,0.178383404,2019,3.64E-05,0.119071919,-0.248038631,-0.295673077,0.651442308
759,0.041512784,1.151856603,0.906963203,0.018754214,0.290274033,2016,2.61E-05,-0.185166704,0.263750991,0.560581583,0.350565428
759,0.014694502,0.926974399,0.279856005,-0.33642709,0.084667729,2018,1.29E-05,-0.089475836,-0.034915321,0.338235294,-0.230392157
761,0.01362258,0.758015069,0.257300343,-0.612097581,0.59257204,2016,1.26E-05,-0.239338328,-0.269549594,0.147011309,-0.379644588
761,-0.019554771,0.894849696,0.730801275,0.375573985,0.05645447,2019,1.01E-05,0.42225771,-0.25851004,-0.355769231,-0.519230769
767,-0.024693283,1.122539947,0.470283502,-0.746707642,0.601168309,2016,4.36E-05,-0.267906237,-0.066676818,-0.421647819,0.693053312
767,0.002077156,1.006785411,0.579474651,0.052177532,-0.056002974,2017,1.88E-05,0.108816453,-0.267906237,0.176165803,-0.064766839
768,0.000367523,1.475578869,-0.032210722,-1.337303868,-0.324331102,2017,1.00E-05,-0.001621673,-0.1595899,-0.044041451,-0.761658031
777,0.003407966,1.058708556,0.851415686,0.044101762,-0.153623567,2019,9.98E-06,0.039864426,-0.184968454,0.120192308,-0.53125
778,-0.045668273,0.960565659,0.114754727,-0.898560996,0.412566649,2016,1.02E-05,-0.368162134,0.431516023,-0.651050081,-0.770597738
778,-0.018330673,1.194991487,1.026531739,0.411502664,0.309670633,2018,9.72E-06,-0.202708904,0.05973277,-0.5,-0.715686275
778,0.028124615,0.92601816,0.408274412,0.410788776,-0.062815035,2019,1.86E-05,0.156651865,-0.202708904,0.497596154,0.072115385
779,-0.186966283,1.084970249,1.77888308,0.60112446,-0.545879312,2016,1.86E-05,-0.048049674,-0.386501117,-0.996768982,0.021001616
779,0.024853758,0.794247621,1.486894859,0.532323123,-0.123977305,2019,2.27E-05,-0.108768342,-0.041045115,0.451923077,0.338942308
785,-0.040121091,1.084937743,1.008329622,-0.500337387,0.035817782,2016,1.24E-05,-0.308948756,-0.008838128,-0.602584814,-0.43457189
785,2.18E-05,1.231023042,0.891051756,0.101150591,1.228805975,2017,1.16E-05,0.298775005,-0.308948756,-0.088082902,-0.528497409
786,0.039145679,1.206581247,-0.350105708,-0.404884667,-0.172562201,2016,8.38E-06,0.171350969,0.740299391,0.525040388,-0.935379645
786,0.00032711,1.306208236,1.040048464,0.538612811,-0.339286805,2017,7.97E-06,-0.011856055,0.171350969,-0.059585492,-0.961139896
786,-0.033807772,1.406956343,0.005665032,0.345598641,0.326820324,2019,5.89E-06,0.835137473,0.163334389,-0.572115385,-0.987980769
789,0.004216486,1.25494836,0.799622778,-0.052253694,0.472042275,2016,3.94E-05,0.562877424,0.161935198,-0.008077544,0.641357027
792,-0.023968037,1.131324459,0.39279173,0.131336348,0.097676239,2016,8.60E-06,0.019824261,-0.266443985,-0.411954766,-0.925686591
792,0.0037509,1.269803527,0.273222096,-0.271474207,-0.122371005,2017,8.26E-06,-0.383660873,0.019824261,0.373056995,-0.950777202
793,-0.023194247,1.188381096,0.241875639,-0.862212153,-0.013166003,2016,8.32E-06,-0.174106227,0.009021453,-0.392568659,-0.938610662
793,-0.0249385,0.595500329,0.568623948,-0.104828861,-0.144599139,2017,8.05E-06,-0.605869699,-0.174106227,-0.943005181,-0.958549223
797,0.093327018,1.126088451,0.321733236,-1.146982537,0.194824266,2016,8.88E-05,-0.273567167,0.243951925,0.851373183,0.932148627
797,-0.006932865,1.026789285,0.798086763,0.335665139,-0.260995594,2017,7.19E-05,-0.15085577,-0.273567167,-0.702072539,0.875647668
797,0.021295061,1.372976585,0.709515032,0.233348356,0.566506695,2018,6.94E-05,0.005495058,-0.15085577,0.482843137,0.892156863
797,-0.044553617,1.077133399,0.765580583,0.063515961,0.298753867,2019,9.38E-05,-0.185568009,0.005495058,-0.694711538,0.959134615
798,0.007737873,0.849508907,0.868341897,0.085948221,0.249497937,2018,3.75E-05,-0.055774291,-0.070381114,0.171568627,0.578431373
798,0.119828631,0.966761865,1.366282556,0.265393971,-0.210758769,2019,2.33E-05,0.315783782,-0.055774291,0.951923077,0.367788462
800,0.005271217,1.306858911,0.454211879,-0.066344247,0.249331146,2017,1.31E-05,0.299652938,-0.2758111,0.531088083,-0.313471503
801,-8.20E-05,1.078886247,0.259687211,-1.511783996,0.350424043,2017,2.16E-05,0.337986501,-0.538703458,-0.103626943,0.041450777
801,0.048015354,1.232812754,0.377392314,-1.51471568,0.714877704,2018,1.04E-05,-0.04928779,0.337986501,0.835784314,-0.620098039
801,-0.047064706,1.121120701,0.716649954,-1.043644197,0.672408466,2019,9.95E-06,0.146702568,-0.04928779,-0.723557692,-0.540865385
806,0.011958116,0.24985991,0.543549001,-0.691164355,0.126319801,2017,1.13E-05,0.035488923,-0.682545954,0.803108808,-0.569948187
807,-0.061515975,1.193350576,0.434064649,-0.722173425,0.629305854,2016,2.21E-05,-0.286642085,0.085846702,-0.780290792,0.163166397
807,0.000881644,1.637605924,-0.619556066,-1.1863944,-0.151570406,2017,3.29E-05,-0.108316252,-0.286642085,0.023316062,0.435233161
807,0.039886887,1.904530746,0.995432403,0.339821361,0.524226589,2018,4.13E-06,-0.084425896,-0.108316252,0.75245098,-0.99754902
807,0.031659084,1.605634989,1.088335613,0.129516478,0.599665951,2019,1.49E-05,1.689884546,-0.084425896,0.545673077,-0.081730769
811,-0.020634704,1.317122965,1.580431986,0.591498407,-0.764442836,2017,1.40E-05,0.842572262,-0.590161366,-0.917098446,-0.233160622
815,-0.001776677,0.89115301,0.419492362,-0.310713903,0.171801522,2017,1.75E-05,0.117638515,-0.38229005,-0.321243523,-0.113989637
815,-0.009535773,1.350535299,0.611339698,-0.621018655,0.311167115,2018,1.72E-05,-0.283091076,0.117638515,-0.308823529,-0.029411765
815,0.209527272,1.317232958,0.293149884,-1.208069763,1.022330832,2019,1.50E-05,-0.235862358,-0.283091076,0.983173077,-0.072115385
820,-0.000521276,0.725262489,0.032607295,-0.550425915,0.427219601,2017,1.49E-05,-0.224247682,-0.780787261,-0.168393782,-0.194300518
825,-0.000740241,1.321723167,-0.573882381,-0.726640982,0.033778293,2017,2.12E-05,-0.28183433,0.362563217,-0.202072539,0.033678756
825,0.020572614,1.072817635,0.389896828,0.446147044,-0.072595667,2019,1.83E-05,1.276028292,-0.172361323,0.391826923,0.052884615
829,-0.004012887,0.993433773,0.325788637,-1.373060778,-0.315040283,2017,1.12E-05,-0.218211455,-0.329958745,-0.531088083,-0.582901554
829,-0.064170889,0.595230235,0.873576558,-0.475334385,0.303020254,2018,1.84E-05,0.113366237,-0.218211455,-0.93627451,0.007352941
829,0.009224349,0.984273157,0.628306737,-1.225079484,0.657953533,2019,1.78E-05,0.248005345,0.113366237,0.194711538,0.03125
830,-0.007489888,1.620702613,0.796392667,1.02784563,0.094816683,2019,2.45E-05,1.555179421,-0.280033511,-0.137019231,0.401442308
833,0.020626575,1.214550513,1.242740747,0.429274006,0.385122709,2018,9.10E-06,-0.155362956,0.004509986,0.470588235,-0.803921569
833,-0.013977058,1.01248276,1.476608942,1.043426852,-0.157797453,2019,8.94E-06,-0.012193786,-0.155362956,-0.25,-0.745192308
836,-0.064103744,0.921297893,0.862387912,-0.399809472,0.170452152,2016,1.26E-05,-0.22268812,-0.034564647,-0.799676898,-0.379644588
836,0.007203819,1.041030781,1.443508782,-0.43752955,-0.089189285,2018,1.44E-05,-0.269849895,-0.071449712,0.149509804,-0.129901961
837,0.025968196,0.992916026,1.106678537,-0.337310342,-0.332658254,2016,2.01E-05,-0.324949616,-0.158505264,0.363489499,0.0726979
837,0.000712658,0.845244709,0.85462817,-0.638651214,-0.098416545,2017,1.86E-05,-0.112621736,-0.324949616,-0.005181347,-0.080310881
837,0.042052509,1.30266559,0.930980366,-0.296975564,0.167709609,2018,2.91E-05,-0.191112582,-0.112621736,0.776960784,0.419117647
837,-0.005928234,0.961901013,1.171751303,0.079815306,0.158682498,2019,1.86E-05,-0.161262445,-0.191112582,-0.086538462,0.072115385
851,-0.007961172,1.132781487,1.361138428,-0.088247336,-0.472715243,2016,7.63E-06,-0.183973328,-0.304084995,-0.163166397,-0.967689822
851,0.01031919,1.19289784,1.238433274,-1.022612416,-0.166077204,2018,7.42E-06,0.385829741,0.076624627,0.245098039,-0.955882353
852,0.01798474,1.061131201,0.004137919,-1.030255207,0.057000129,2016,3.87E-05,-0.542791574,0.31459052,0.227786753,0.631663974
852,-0.025509281,0.857295593,0.158431255,-1.08262571,-0.046348811,2017,1.24E-05,0.250685057,-0.542791574,-0.945595855,-0.39119171
852,-0.083589843,1.268906275,1.392803083,-0.064864696,0.356369611,2018,1.16E-05,-0.338746859,0.250685057,-0.965686275,-0.397058824
856,-0.026584304,-1.44965104,5.173009593,4.065478277,-3.529061539,2017,1.39E-05,-0.027426973,-0.646394265,-0.953367876,-0.248704663
856,0.025967449,1.218390965,1.423332627,-0.487868317,-0.175704381,2018,2.21E-05,-0.372724258,-0.027426973,0.573529412,0.149509804
858,0.069595274,1.135372077,0.419794013,0.791719953,0.374517995,2016,1.50E-05,0.345571663,0.760743397,0.757673667,-0.137318255
858,-0.005708778,1.334749011,0.487255926,1.72045297,-0.400347582,2017,2.93E-05,0.584723048,0.345571663,-0.647668394,0.336787565
859,-0.002762343,0.970981188,1.380031159,-0.019403561,0.307781001,2017,2.95E-05,0.628955452,-0.414435561,-0.417098446,0.341968912
860,-0.006815849,0.950129404,0.851296446,0.706157385,-0.260560523,2017,2.59E-05,0.598077679,0.856264126,-0.699481865,0.233160622
860,-0.003984207,1.093942903,0.076310542,-0.142175696,-0.199795135,2018,2.58E-05,0.206646265,0.598077679,-0.144607843,0.328431373
860,0.024638533,1.381925917,-0.776724575,0.326532854,-1.051057192,2019,2.86E-05,-0.269808464,0.206646265,0.449519231,0.495192308
863,0.095169711,0.901102071,-0.234520754,-0.68210987,-0.837402094,2016,5.38E-05,-0.389122893,-0.208146349,0.864297254,0.793214863
863,0.009673827,1.149049088,0.070445614,0.193172093,0.104916257,2017,2.01E-05,0.227869621,-0.389122893,0.735751295,-0.028497409
863,-0.042780193,0.784995098,0.381868774,-0.143987345,0.408078664,2018,3.07E-05,-0.20627289,0.227869621,-0.818627451,0.448529412
863,-0.015540049,0.599283144,0.677604025,0.694426551,0.249276159,2019,9.36E-06,-0.07506969,-0.20627289,-0.274038462,-0.663461538
868,0.003942794,1.072511857,0.586930497,-0.50087004,-0.076230822,2017,1.20E-05,-0.419878378,0.071849626,0.401554404,-0.461139896
869,0.082509093,1.004953547,0.315101317,0.41380931,-0.433343842,2019,1.56E-05,0.092517738,0.067583211,0.908653846,-0.043269231
876,-0.019362329,0.701758064,0.06789295,0.21332781,-0.222284477,2018,6.06E-06,0.699463507,1.768603547,-0.517156863,-0.987745098
877,-0.07428199,1.304862713,0.34829034,-0.634933625,0.643964737,2016,1.37E-05,-0.470918766,1.026164512,-0.867528271,-0.243941842
877,0.010273641,0.576898867,2.073704917,-0.396236308,-0.817767483,2017,2.47E-05,0.757842342,-0.470918766,0.761658031,0.194300518
877,0.007664983,1.424024972,1.344568962,0.852884495,0.136704888,2018,2.18E-05,0.331815729,0.757842342,0.166666667,0.12745098
877,0.048599496,1.276660416,0.584640005,0.800309632,-0.241857288,2019,1.94E-05,-0.124049233,0.331815729,0.725961538,0.146634615
878,-0.039449114,1.369837555,0.508576494,0.302718937,0.207991892,2019,6.06E-06,0.199359736,-0.016917354,-0.632211538,-0.985576923
880,0.038347001,1.219277454,0.812606196,-0.392585666,0.293865478,2016,1.59E-05,-0.38230784,-0.114002159,0.515347334,-0.088852989
881,-0.015867012,1.155003091,0.354117222,0.118916698,-0.617115639,2016,1.91E-05,-0.48384773,-0.148594977,-0.276252019,0.030694669
881,-0.009270007,0.696883442,-0.288887369,-1.544458147,-0.12108659,2017,9.05E-06,-0.207396896,-0.48384773,-0.78238342,-0.867875648
881,0.015159521,1.038984957,1.658720303,0.095325769,0.433417202,2018,1.66E-05,-0.100575229,-0.207396896,0.355392157,-0.046568627
881,-0.022257109,1.064426861,1.052421973,0.157886541,-0.35826932,2019,2.46E-05,0.400220839,-0.100575229,-0.401442308,0.40625
883,0.006462385,0.952952465,-0.21967053,-0.064736668,0.23442546,2017,9.57E-06,0.064596916,-0.178331883,0.593264249,-0.805699482
883,0.01660254,0.721261654,0.462445932,0.298608601,-0.003632719,2018,9.33E-06,-0.180730419,0.064596916,0.394607843,-0.772058824
885,0.027466671,1.115185616,1.154832712,0.836810369,0.02521617,2019,2.16E-05,0.040896959,-0.107515356,0.487980769,0.298076923
886,-0.072089413,1.056909871,1.338101693,0.181417159,0.428764632,2016,4.60E-05,-0.034862519,-0.240398141,-0.851373183,0.722132472
886,-0.00132202,0.782226471,0.989172422,-0.208363192,-0.35080362,2017,4.62E-05,-0.178634206,-0.034862519,-0.277202073,0.658031088
886,0.052731305,0.762754934,0.453817262,-1.31683651,0.217749109,2018,3.01E-05,0.144181238,-0.178634206,0.87254902,0.43627451
893,0.002827451,0.687808151,0.872973881,-0.695752973,-0.28141989,2017,9.03E-06,0.286450638,-0.555112508,0.269430052,-0.870466321
898,-0.006131551,1.513049998,-0.94117032,-0.695151115,0.093058429,2017,2.06E-05,-0.089843771,0.009767059,-0.668393782,-0.002590674
898,0.00596817,1.506829089,0.942393962,1.424478587,-0.26599261,2018,2.54E-05,-0.348811741,-0.089843771,0.105392157,0.306372549
898,-0.020029583,0.982587255,0.137743018,0.827071949,-0.205365551,2019,2.98E-05,0.823951591,-0.348811741,-0.360576923,0.53125
901,-0.001498457,1.172196017,0.361651716,-1.098295179,0.526599872,2017,1.74E-05,0.230394714,-0.455278354,-0.287564767,-0.121761658
903,-0.058717157,1.055083328,0.664900794,-0.129650181,0.309211271,2016,2.41E-05,-0.446158971,0.129856653,-0.770597738,0.273021002
903,0.001798666,0.994835224,1.619486474,1.05659142,-0.254480066,2017,2.60E-05,0.125912743,-0.446158971,0.142487047,0.235751295
903,-0.000791057,0.832641392,0.964263168,0.16429718,0.169729606,2018,2.91E-05,0.883964197,0.125912743,-0.06127451,0.419117647
903,-0.034831626,0.932820226,1.154255082,0.370160608,-0.390054361,2019,2.66E-05,-0.2829627,0.883964197,-0.576923077,0.454326923
905,0.013159523,1.262387079,0.800030789,-0.698755364,0.374498286,2016,2.30E-05,-0.4055291,0.240191114,0.143780291,0.224555735
905,0.031658505,1.058460567,1.768912792,0.43658011,-0.512805574,2017,3.26E-05,-0.042586833,-0.4055291,0.974093264,0.42746114
905,-0.02382441,1.144409712,2.003715384,1.022710876,-0.07947014,2018,4.03E-05,-0.166631493,-0.042586833,-0.578431373,0.632352941
905,-0.00797619,1.068215306,1.104386878,0.136697355,0.05939341,2019,3.43E-05,0.01947427,-0.166631493,-0.153846154,0.610576923
911,-0.003691753,1.077756505,0.472026819,-0.503728626,0.037127641,2017,2.11E-05,0.230096037,-0.507465779,-0.476683938,0.028497409
917,-0.016824902,1.167094368,1.110624037,-0.71430721,0.057741364,2019,2.02E-05,-0.233671207,-0.112295439,-0.314903846,0.213942308
920,0.005577049,1.357662195,0.419956717,-0.967427146,-0.03285941,2017,1.20E-05,0.242763789,-0.508191374,0.559585492,-0.461139896
922,0.05464439,0.925864509,0.878972415,-0.147601298,-0.502892854,2019,1.08E-05,0.156245843,-0.293154204,0.778846154,-0.387019231
923,-0.007367207,1.400792666,1.268613309,0.119883103,0.599306799,2018,1.17E-05,-0.274928616,0.190377048,-0.257352941,-0.375
925,-0.111250365,0.984497384,1.244491134,-0.500906257,-0.350025135,2016,1.03E-05,-0.588800926,0.06013813,-0.954765751,-0.741518578
925,0.017102062,1.025649847,0.994007916,-0.287762623,0.313385804,2018,1.82E-05,0.01135027,0.128151261,0.409313725,0
926,-0.032329959,1.14478568,0.806301737,0.488825042,0.134427008,2016,1.02E-05,-0.405943588,0.046406789,-0.512116317,-0.770597738
926,-0.000866849,0.798081055,0.384555312,0.308608931,0.002789437,2017,9.34E-06,-0.051992283,-0.405943588,-0.215025907,-0.831606218
926,-0.006122912,1.016053075,0.29679785,0.28412736,0.445110768,2018,9.03E-06,-0.24204479,-0.051992283,-0.225490196,-0.81372549
927,0.009854024,1.491082704,-0.087482548,-1.163907906,0.0974505,2017,4.48E-05,0.071211661,-0.27223254,0.743523316,0.647668394
928,0.01500509,1.207351503,1.122660364,0.473220124,-0.077019393,2016,8.41E-05,-0.460247495,0.337674277,0.179321486,0.922455574
928,0.023986569,1.113494089,2.350677641,0.752346816,-0.800022761,2017,3.48E-05,0.152011808,-0.460247495,0.953367876,0.476683938
928,-0.026845241,1.405948453,1.939665694,1.426420633,0.303412798,2018,2.24E-05,-0.312373326,0.152011808,-0.625,0.176470588
928,0.102736484,1.338301763,1.580580246,0.421689114,0.366257768,2019,1.87E-05,1.417976933,-0.312373326,0.939903846,0.088942308
930,0.060892882,0.954663382,0.809541324,-0.203606401,-0.252397403,2019,9.10E-06,0.311461882,-0.105508348,0.810096154,-0.716346154
932,0.103269252,1.844158364,0.777850607,1.817389937,0.854383381,2018,1.03E-05,-0.171157808,-0.226368838,0.985294118,-0.634803922
932,-0.027680499,1.318681116,0.096419478,0.546782465,0.358291827,2019,1.90E-05,0.766723254,-0.171157808,-0.487980769,0.112980769
935,0.04876166,1.105595231,0.854854595,0.297464697,0.072443762,2016,1.17E-05,-0.331504549,2.399738547,0.63812601,-0.531502423
935,-0.048804816,1.39733008,0.615630924,0.439397287,0.848564341,2018,1.12E-05,-0.203563207,0.017496487,-0.852941176,-0.468137255
935,-0.044658263,1.008685806,0.845606367,0.137651904,-0.323242121,2019,9.42E-06,0.063088229,-0.203563207,-0.699519231,-0.646634615
936,0.000453174,1.14177787,0.666913388,-0.476449066,0.274338357,2017,1.06E-05,0.452292647,-0.145653965,-0.033678756,-0.689119171
948,-0.004888501,1.310711271,1.124876465,-0.249514689,0.636275277,2017,2.26E-05,0.288750327,-0.162598585,-0.611398964,0.085492228
949,0.013503382,0.929619144,1.473345987,0.786229318,0.005958801,2017,1.48E-05,-0.025040886,-0.369586284,0.829015544,-0.199481865
949,0.010030145,0.735314529,1.278854579,0.671569712,0.265091539,2018,1.54E-05,0.174648983,-0.025040886,0.232843137,-0.080882353
949,0.014626194,0.887496067,1.047525427,0.369965948,-0.164045921,2019,1.38E-05,1.417294799,0.174648983,0.298076923,-0.129807692
951,0.009815078,1.21673764,0.825572052,0.424863706,0.329198864,2016,1.47E-05,-0.100083177,0.606684826,0.088852989,-0.163166397
955,0.013540689,1.070936982,0.073470348,-1.527506383,-0.022949133,2017,1.18E-05,0.034012943,-0.285290162,0.831606218,-0.505181347
955,-0.00662949,1.077860844,1.795245689,0.320334635,0.917844041,2019,9.96E-06,-0.405118752,0.961789138,-0.103365385,-0.533653846
957,0.061491507,1.200238276,0.858816553,0.050653272,-0.013124235,2016,1.45E-05,-0.42457208,-0.485589876,0.712439418,-0.172859451
957,0.008257986,1.043458897,1.047075891,-0.433248989,-0.160387344,2017,1.42E-05,0.113825377,-0.42457208,0.689119171,-0.222797927
957,-0.034049924,1.239599323,0.594066711,-0.647835222,-0.152293719,2018,1.37E-05,-0.145208181,0.113825377,-0.713235294,-0.171568627
957,-0.006629869,1.211239397,1.713577032,0.295479772,-0.601486029,2019,2.44E-05,-0.080522033,-0.145208181,-0.105769231,0.399038462
959,0.001243788,1.063494568,0.155954805,-0.407662853,-0.059291655,2017,1.02E-05,-0.15651545,-0.421187201,0.062176166,-0.75388601
960,0.018512687,1.089175519,0.238616375,-1.738204605,0.794414516,2016,9.11E-06,-0.130918592,0.159956779,0.250403877,-0.877221325
960,0.010591682,1.356110182,0.579126831,0.180987832,0.2554128,2019,7.92E-06,0.84522652,-0.245429948,0.225961538,-0.891826923
965,0.012399551,1.282431534,1.032454814,-0.03065364,0.387092522,2016,1.70E-05,-0.446386964,0.443539203,0.134087237,-0.037156704
967,0.081917238,0.970765751,1.640309755,-0.118243448,0.082510793,2016,1.04E-05,-0.200471169,0.086570406,0.809369952,-0.731825525
967,-0.001705797,0.841682783,0.621648372,-0.134839156,-0.266253615,2017,1.04E-05,-0.161438726,-0.200471169,-0.31865285,-0.712435233
969,0.044903779,1.160644588,0.777393123,-0.167326736,-4.19E-05,2016,1.24E-05,-0.295104282,-0.387457016,0.589660743,-0.43457189
969,0.005211691,1.394549644,0.294115817,-0.791768697,0.082806396,2017,1.19E-05,0.337072586,-0.295104282,0.520725389,-0.492227979
969,-0.001715019,1.108869464,0.840076469,-0.556273793,0.177915848,2018,2.17E-05,-0.230006459,0.337072586,-0.098039216,0.117647059
969,-0.010309015,1.191155787,1.858415669,0.167690008,-0.162194776,2019,2.13E-05,0.286705823,-0.230006459,-0.185096154,0.286057692
975,-0.000428017,0.424614115,0.840002349,0.15578393,0.01833917,2017,1.01E-05,0.300940074,0.121485531,-0.14507772,-0.759067358
975,0.008177265,0.694184981,0.321793971,-0.116554664,0.075132574,2018,7.50E-06,0.185505656,0.300940074,0.193627451,-0.953431373
978,-0.013773655,1.147399342,0.522373948,0.012062787,0.379820635,2017,1.11E-05,-0.051344328,-0.363012069,-0.875647668,-0.603626943
978,0.00808585,0.829919263,1.213270292,0.422566221,0.025611045,2018,2.27E-05,-0.209522131,-0.051344328,0.191176471,0.18627451
978,0.001316036,0.926526174,1.090964516,0.466349397,0.012425003,2019,1.04E-05,0.326495869,-0.209522131,0.074519231,-0.466346154
998,-0.021747716,1.174690591,1.404071265,0.9455749,0.138016575,2016,4.05E-05,-0.151126695,0.143081353,-0.379644588,0.654281099
998,0.068229482,0.944760119,0.767855272,-0.000841802,-0.053902663,2019,1.08E-05,-0.051466034,0.149319212,0.850961538,-0.387019231
1696,0.022828478,1.076816108,-0.269882719,-1.625225848,-0.233648318,2016,1.21E-05,-0.353815792,-0.294641262,0.311793215,-0.476575121
1965,-0.001303348,0.749262767,0.42674158,-0.124835141,0.38796125,2019,6.82E-06,0.124273493,-0.179658295,0.028846154,-0.966346154
1979,0.003796076,1.791787386,-0.17114308,0.829978526,0.410902352,2017,2.86E-05,0.080854865,-0.075314129,0.378238342,0.316062176
1979,0.032157205,1.643064248,-0.546930331,0.728213212,0.46054275,2018,3.58E-05,-0.195609705,0.080854865,0.664215686,0.536764706
1979,-0.027814736,1.267014584,-0.480553516,0.402611578,0.56665465,2019,1.38E-05,-0.313169577,-0.195609705,-0.495192308,-0.129807692
2006,-0.072482442,1.006364198,1.144412872,-0.026252878,-0.139710429,2016,2.13E-05,-0.311055081,-0.422363743,-0.8546042,0.127625202
2006,-0.008755698,0.931330337,1.019225539,0.137101413,0.78355834,2018,4.82E-05,-0.202360084,0.067613305,-0.291666667,0.737745098
2006,-0.020869798,1.019243643,1.164737575,0.184961426,-0.626403994,2019,2.83E-05,0.725391148,-0.202360084,-0.370192308,0.480769231
2007,-0.007790521,0.853333185,0.851537744,0.973524906,0.20013578,2017,1.17E-05,0.415053348,-0.123955893,-0.735751295,-0.515544041
2010,-0.02786721,0.99582493,0.45511523,-0.295654119,0.439733322,2016,1.36E-05,-0.216132861,-0.231645858,-0.460420032,-0.250403877
2010,-0.001205152,0.55097223,-0.014038321,-0.321630921,-0.26087658,2017,1.49E-05,-0.379676409,-0.216132861,-0.256476684,-0.194300518
2010,-0.01344204,0.385303101,-0.441377046,-0.499321627,0.30039612,2018,7.58E-06,-0.275750657,-0.379676409,-0.416666667,-0.941176471
2010,0.041567606,1.145332785,0.991362789,0.586838664,-0.396827313,2019,1.31E-05,0.412951476,-0.275750657,0.673076923,-0.15625
2011,-0.018514684,1.212402673,1.382675062,0.273361373,-0.785094869,2017,1.10E-05,-0.306767693,-0.443551989,-0.901554404,-0.621761658
2014,0.001587771,1.134828096,0.354685722,-0.333534929,0.452686694,2017,1.24E-05,0.264808697,-0.18914222,0.106217617,-0.39119171
2015,0.022416944,0.382455131,0.958037113,-0.281893772,0.160207632,2018,4.27E-05,-0.087944599,0.067804078,0.509803922,0.666666667
2015,-0.044216535,0.817115774,0.873016261,0.171279186,-0.184293092,2019,5.14E-05,0.718890569,-0.087944599,-0.692307692,0.814903846
2016,0.004779664,1.052291727,1.829379009,0.388558913,0.00899159,2017,1.36E-05,-0.432220556,0.65029473,0.484455959,-0.272020725
2017,0.038657295,1.210999552,1.477914184,0.015222669,-0.138234445,2016,1.34E-05,-0.448602613,-0.236769573,0.518578352,-0.273021002
2019,-0.007643359,1.117534567,0.423779651,0.160244423,0.083870413,2017,2.32E-05,-0.293533086,0.047641428,-0.730569948,0.124352332
2019,0.027979872,1.251614448,0.33596329,-0.682902434,-0.115064764,2018,4.81E-05,0.85718497,-0.293533086,0.607843137,0.735294118
2019,0.041135335,1.218188238,0.570119906,-0.262233552,-0.424019887,2019,2.14E-05,-0.258898125,0.85718497,0.65625,0.290865385
2023,0.046088715,0.971182704,0.306679405,-1.386782405,0.249492404,2016,1.12E-05,0.203060483,-0.410435025,0.612277868,-0.615508885
2027,-0.002760295,0.934620569,-0.183136075,-0.311624649,-0.508342813,2017,2.19E-05,-0.45599487,0.197834802,-0.414507772,0.059585492
2027,-0.006486304,1.493149905,-1.165907132,-0.888689893,-0.038041155,2018,2.10E-05,0.058240373,-0.45599487,-0.235294118,0.095588235
2027,0.0868104,1.229087648,-0.275212631,0.460042908,-1.046858883,2019,1.92E-05,0.684371498,0.058240373,0.920673077,0.125
2031,-0.022767542,1.009303748,1.23337334,-0.043673438,-0.328893394,2019,9.55E-06,-0.057051653,-0.122569397,-0.408653846,-0.625
2034,0.002543458,0.853902743,0.102705033,-1.094323302,-0.558600071,2017,1.02E-05,-0.141494956,-0.21775678,0.225388601,-0.75388601
2035,-0.004185701,0.839321915,1.305266157,1.728313316,-0.692341284,2017,1.17E-05,-0.233892189,-0.005566209,-0.546632124,-0.515544041
2035,0.033264875,1.30965515,-0.628427172,0.053652258,-0.150449515,2018,1.21E-05,-0.156995383,-0.233892189,0.683823529,-0.318627451
2037,-0.001782957,1.258981334,0.487971785,-0.818907771,0.210264304,2017,1.23E-05,-0.072059932,-0.402960708,-0.329015544,-0.406735751
2037,-0.044050714,1.143854095,-0.249812987,-1.173435218,0.714422882,2018,2.08E-05,-0.149398947,-0.072059932,-0.830882353,0.090686275
2037,-0.025855652,1.094390221,1.140213505,0.765718387,-0.389764501,2019,1.82E-05,-0.093867623,-0.149398947,-0.456730769,0.045673077
2040,0.025718926,1.45253236,0.876050275,-0.443859534,-0.21487637,2016,3.83E-05,-0.489722151,0.181731526,0.353796446,0.621970921
2040,0.034035223,0.514102654,1.825283457,-0.610086798,-1.310832791,2017,2.49E-05,0.209493482,-0.489722151,0.981865285,0.199481865
2041,0.000805837,0.833981944,0.173541613,-0.684866862,-0.006190682,2017,1.38E-05,0.580763225,-0.49057979,0.005181347,-0.25388601
2041,0.010527096,0.506628752,-0.209450518,-0.872105003,0.00609039,2018,1.46E-05,0.14449732,0.580763225,0.25,-0.120098039
2041,0.065227728,0.699407653,1.386612275,-0.48007784,-0.095371525,2019,1.29E-05,0.178893983,0.14449732,0.829326923,-0.170673077
2042,-0.00102499,1.214463879,1.327930135,0.570838981,0.223901791,2016,4.48E-05,0.072037131,0.027024703,-0.085621971,0.702746365
2042,0.000260827,1.149678509,0.888199217,0.651980364,0.078307934,2017,3.29E-05,0.010858064,0.072037131,-0.07253886,0.435233161
2042,0.024798878,0.952888964,0.709190259,0.004505443,0.22407429,2018,1.08E-05,-0.134046148,0.010858064,0.551470588,-0.544117647
2042,0.012104076,0.69938285,1.167679865,0.558267785,-0.022707197,2019,9.71E-06,-0.23708106,-0.134046148,0.25,-0.586538462
2043,-0.00633544,0.870799183,1.044091208,0.749222841,-0.029864962,2018,1.21E-05,0.391537214,-0.190359674,-0.227941176,-0.318627451
2045,0.003749518,1.041642346,1.932486303,0.950625564,-0.505442149,2017,1.10E-05,-0.241257245,-0.55374298,0.370466321,-0.621761658
2046,0.009353588,1.138770221,1.108904408,-1.163096997,-0.822139609,2017,1.09E-05,0.157518724,-0.40932369,0.725388601,-0.629533679
2047,0.091275504,1.095902486,0.373314621,-0.466006002,0.381794201,2016,0.000404733,-0.330567085,-0.144962402,0.844911147,1
2047,0.008159569,1.726648014,0.184661225,-0.074669201,-0.219911288,2017,0.000284434,-0.050501251,-0.330567085,0.68134715,1
2047,-0.010136331,0.473943985,0.839942108,-0.04031837,-0.289457324,2018,0.000143723,-0.107784134,-0.050501251,-0.330882353,0.992647059
2047,-0.008639875,0.546246073,0.530259169,0.540450188,-0.567471225,2019,0.000182636,-0.315137034,-0.107784134,-0.161057692,0.992788462
2051,0.096647675,1.137659237,0.986052592,0.359666182,0.548018162,2016,9.77E-05,-0.256132146,0.26376743,0.877221325,0.945072698
2051,0.025874988,1.363268397,1.108849182,0.485321946,-0.967296338,2017,0.000163301,-0.237813079,-0.256132146,0.958549223,0.984455959
2051,0.017156609,1.337107348,1.34351502,0.999347778,-0.196358278,2019,0.000221909,-0.12218531,-0.375202131,0.336538462,0.997596154
2053,-0.001361557,0.301926519,0.383823001,-1.238814072,-0.030043803,2017,8.67E-06,-0.223944221,-0.198190966,-0.284974093,-0.922279793
2053,0.036486947,0.886392322,1.522299777,0.532974296,-0.200761486,2019,6.58E-06,0.066841455,-0.107259779,0.615384615,-0.971153846
2057,0.005714938,1.250686276,1.611348633,-0.360705098,-0.040752449,2017,1.04E-05,1.892337693,-0.197614368,0.57253886,-0.712435233
2057,-0.019168592,1.191658113,1.796606699,0.237673161,-0.074464647,2018,1.02E-05,-0.489283584,1.892337693,-0.514705882,-0.656862745
2057,-0.032608631,1.489317509,1.850682969,1.246457954,0.240458635,2019,1.71E-05,0.004824405,-0.489283584,-0.560096154,0.002403846
2060,-0.005151058,1.098120189,1.118970422,-0.490162109,0.579314409,2016,1.61E-05,-0.304920945,0.209262121,-0.137318255,-0.075928918
2060,0.011638878,1.197644924,0.724729331,0.014878492,0.327424146,2017,3.12E-05,0.094284934,-0.304920945,0.795336788,0.388601036
2060,0.041094567,1.006654301,0.800289506,0.143684144,0.268883171,2018,1.46E-05,-0.097642013,0.094284934,0.774509804,-0.120098039
2060,-0.029798387,0.933264427,0.84186262,0.41841086,-0.155656227,2019,1.43E-05,0.210322555,-0.097642013,-0.53125,-0.108173077
2061,-0.004472464,1.368584719,1.016106852,0.463893898,0.061542936,2018,5.22E-05,-0.127392519,-0.427040181,-0.171568627,0.769607843
2061,0.018344806,1.131684642,1.096214204,0.430720064,-0.084124172,2019,3.30E-05,0.007530689,-0.127392519,0.355769231,0.581730769
2063,0.00446074,1.068833611,1.380786092,0.407651262,-0.668303466,2016,2.14E-05,-0.196555447,-0.335997481,0.001615509,0.134087237
2064,-0.011615951,1.165854808,1.230265941,0.710214299,0.229683228,2016,1.58E-05,-0.156093662,-0.006686405,-0.2180937,-0.092084006
2065,-0.004919289,0.727796733,0.028333572,-0.809428558,0.05884574,2017,2.05E-05,-0.190354692,-0.216809652,-0.616580311,-0.012953368
2065,0.023173411,0.875371834,0.27877977,-0.994438932,-0.144595392,2018,2.08E-05,0.792215693,-0.190354692,0.526960784,0.090686275
2067,-0.019740004,1.218979961,0.676591192,-0.124731803,0.10480265,2017,1.15E-05,-0.130811017,-0.334943954,-0.911917098,-0.544041451
2068,0.036104273,1.075055228,1.119192471,0.69881473,-0.0277061,2019,3.65E-05,0.78760908,-0.163298095,0.612980769,0.653846154
2073,-0.038900187,1.405652081,1.133500031,0.198809563,0.030032202,2018,2.37E-05,-0.344267932,0.000400569,-0.767156863,0.227941176
2073,-9.83E-05,0.970082181,1.276555959,-0.74597887,0.02050911,2019,2.33E-05,0.228013546,-0.344267932,0.052884615,0.367788462
2075,0.057092167,0.871027787,0.796760075,0.284724824,-1.243931841,2019,1.13E-05,-0.132206167,0.583065377,0.788461538,-0.274038462
2077,-0.178799024,0.985922504,0.379210147,-1.137219541,-0.210420816,2016,9.68E-06,-0.272610124,-0.507927802,-0.987075929,-0.822294023
2078,-0.037226227,0.961122612,1.118049474,-0.462782154,0.654218233,2016,8.87E-06,0.312059689,0.508038036,-0.560581583,-0.899838449
2078,-0.002504658,1.269345451,0.641386644,0.968391151,0.490670665,2017,8.36E-06,-0.297646433,0.312059689,-0.39119171,-0.943005181
2078,-0.032688217,1.658270239,1.038559669,1.460270373,-0.098541149,2018,5.55E-05,0.377507215,-0.297646433,-0.705882353,0.799019608
2078,0.050665515,1.413192405,0.560327508,0.756676334,-0.163272007,2019,3.78E-05,0.394227297,0.377507215,0.745192308,0.670673077
2079,-0.065413286,1.17113987,1.287284859,-0.289396672,-0.071975289,2016,1.14E-05,-0.156300968,-0.347741741,-0.806138934,-0.592891761
2079,-0.00475008,1.166530082,1.416762225,0.018318172,0.126267698,2017,2.29E-05,0.143220926,-0.156300968,-0.590673575,0.106217617
2079,0.013129701,1.126914021,0.795137889,-1.528445033,-0.531573176,2018,2.15E-05,0.79211591,0.143220926,0.31127451,0.107843137
2079,-0.05633394,1.031100861,0.871416258,-1.649521691,1.092916599,2019,1.96E-05,-0.05390702,0.79211591,-0.817307692,0.168269231
2080,-0.025010417,1.68234319,1.096288244,0.632094706,-0.200409757,2018,9.29E-06,0.723034209,0.394389339,-0.593137255,-0.781862745
2080,-0.051728935,1.333211552,0.686080203,0.299412143,0.147971558,2019,8.33E-06,0.694672782,0.723034209,-0.771634615,-0.829326923
2081,-0.028653169,1.369765146,0.553784031,0.708437893,-0.150014436,2016,1.99E-05,-0.082515716,0.095146192,-0.473344103,0.066235864
2081,-0.000454427,1.566417147,0.465644045,0.584756916,0.007413898,2017,3.56E-05,0.026347042,-0.082515716,-0.155440415,0.492227979
2081,0.004942671,1.46997107,-0.337626551,-0.053173553,-0.107371566,2018,1.80E-05,-0.230724744,0.026347042,0.078431373,-0.009803922
2083,-0.031842325,1.143253066,1.19302875,0.751395385,-0.087530403,2016,3.46E-05,-0.225711813,0.227044056,-0.508885299,0.544426494
2084,-0.004591132,1.13592197,1.550717084,0.340613934,0.298800564,2017,1.06E-05,-0.021202698,-0.463271592,-0.575129534,-0.689119171
2084,0.080836218,1.029062647,0.822157548,-0.272120065,0.319662427,2019,8.60E-06,-0.355309362,1.074624965,0.896634615,-0.802884615
2085,0.004770781,0.407392486,-0.025824202,-0.222013803,-0.041652506,2017,1.08E-05,-0.205867029,-0.511103224,0.481865285,-0.652849741
2085,-0.070573214,0.700337525,0.068140263,-0.169590228,0.800408312,2018,9.98E-06,-0.123373799,-0.205867029,-0.946078431,-0.681372549
2088,-0.003198635,1.259719661,1.295922469,0.010830286,-0.028267592,2017,1.27E-05,-0.167093731,0.28894721,-0.437823834,-0.360103627
2090,-0.002814232,0.626746822,1.47878851,0.282747997,-0.332428689,2017,1.08E-05,0.372539545,-0.395489318,-0.422279793,-0.652849741
2091,-0.001071472,0.894720166,0.927190685,-0.16603565,-0.365231671,2017,8.81E-06,-0.083348318,-0.324689461,-0.235751295,-0.898963731
2092,0.002436638,1.120433927,1.187049873,0.737734208,-0.281264732,2016,6.89E-06,-0.243449597,0.489644258,-0.030694669,-0.987075929
2092,0.006622841,1.179820537,0.973181573,0.292343352,-0.362894321,2017,3.17E-05,-0.169354107,-0.243449597,0.606217617,0.398963731
2092,-0.014337018,1.264198351,1.362647292,0.910084614,-0.394272274,2018,1.81E-05,-0.439866347,-0.169354107,-0.428921569,-0.007352941
2092,-0.04564021,1.321440597,1.097794329,0.814911433,-0.342232712,2019,5.77E-06,1.242797435,-0.439866347,-0.709134615,-0.990384615
2095,0.002316531,1.164810265,0.721569159,-0.372375018,0.620357261,2017,1.39E-05,-0.344654204,0.022957376,0.207253886,-0.248704663
2095,-0.02081544,1.194369235,0.607689417,-1.300475859,-0.164837459,2018,8.27E-05,-0.164452644,-0.344654204,-0.546568627,0.943627451
2095,-0.010626409,1.331707088,0.908272944,-0.520022397,-0.348555759,2019,3.63E-05,-0.32308804,-0.164452644,-0.192307692,0.649038462
2096,-0.000528484,0.912629522,1.117005515,-0.550299925,0.089228502,2017,1.05E-05,-0.072357885,-0.370047345,-0.170984456,-0.699481865
2097,0.010308512,1.087003308,1.955518936,1.319923256,-0.147660336,2016,5.31E-05,-0.261707388,-0.149128673,0.105008078,0.789983845
2097,0.004045976,1.061351149,0.784320577,-0.267735357,-0.052992999,2017,6.29E-05,-0.045314908,-0.261707388,0.422279793,0.810880829
2097,0.000497408,1.024192656,1.151010885,-0.080599839,-0.183549511,2018,1.16E-05,-0.042881105,-0.045314908,-0.039215686,-0.397058824
2097,-0.006465278,1.077703838,0.59133659,-0.028380863,0.02822783,2019,1.87E-05,0.433177012,-0.042881105,-0.100961538,0.088942308
2099,-0.023255555,1.106268764,1.103936515,-0.051286023,0.034543838,2016,1.31E-05,-0.226765138,-0.307977151,-0.395799677,-0.308562197
2103,0.011506837,1.081576507,2.451533897,1.136488479,-1.766275371,2019,9.73E-06,-0.352386683,0.379472013,0.240384615,-0.581730769
2104,0.040573595,1.264883867,1.358843858,0.21955163,-0.174538586,2016,1.29E-05,-0.285876476,-0.437780542,0.554119548,-0.331179321
2104,0.013582063,1.075223619,1.369032689,-0.151795454,0.342317561,2017,2.56E-05,0.040028697,-0.285876476,0.834196891,0.227979275
2104,-0.008702843,1.200952996,1.109913628,-0.771368062,0.078344238,2018,3.41E-05,0.165970847,0.040028697,-0.286764706,0.504901961
2104,-0.068838863,1.182229201,0.46873241,-1.363706302,0.750539488,2019,3.07E-05,-0.315390713,0.165970847,-0.872596154,0.548076923
2109,0.004184393,0.76709748,-0.424751123,-1.44222253,-0.013516624,2017,1.46E-05,-0.001971253,-0.305401259,0.437823834,-0.20984456
2109,-0.00635801,1.28853625,1.313832688,0.204333282,-0.009941652,2018,1.38E-05,-0.250646957,-0.001971253,-0.230392157,-0.166666667
2110,-0.102425671,1.359924582,-0.430142632,-0.814463261,0.823013675,2016,1.10E-05,0.368641339,1.092641547,-0.94184168,-0.634894992
2110,0.004280224,1.224427917,1.152028835,0.712479588,-0.313195128,2017,8.76E-06,-0.028591803,0.368641339,0.450777202,-0.909326425
2110,0.049073479,2.033218993,2.059062975,3.238818491,1.04433784,2018,1.68E-05,-0.268445882,-0.028591803,0.843137255,-0.041666667
2110,0.015420529,1.328403746,0.468448192,1.470670142,-0.294066241,2019,7.12E-06,0.062743132,-0.268445882,0.319711538,-0.956730769
2111,0.134597962,1.13796781,1.081775116,-0.234765444,0.152452278,2016,3.17E-05,-0.425902397,-0.321012278,0.961227787,0.483037157
2111,0.000811857,1.125232203,0.734772092,-0.720428068,0.214854796,2017,1.03E-05,0.193540697,-0.425902397,0.007772021,-0.730569948
2111,-0.013440819,1.197673637,0.534286706,-0.835660855,0.7735902,2018,9.61E-06,0.172708998,0.193540697,-0.414215686,-0.735294118
2112,0.03770642,0.997732199,1.893785383,1.097398885,-0.020809265,2018,5.18E-05,0.10249541,0.081433177,0.740196078,0.762254902
2112,-0.046732451,0.967227059,2.28555147,0.520785523,-1.026570829,2019,1.44E-05,-0.1408367,0.10249541,-0.716346154,-0.103365385
2114,-0.013310776,1.125561198,0.180062014,-1.648879828,0.182506014,2016,1.16E-05,-0.5973148,-0.285165772,-0.237479806,-0.55088853
2114,0.003901417,1.148405682,-0.260629397,-1.641969587,-0.12245132,2017,1.05E-05,-0.01511227,-0.5973148,0.398963731,-0.699481865
2116,0.040744476,1.131473403,0.44660806,-0.508273143,-0.095296746,2016,3.46E-05,-0.400378365,-0.158443936,0.557350565,0.544426494
2116,0.01339115,0.934922369,1.405001416,0.525584069,0.03675715,2017,2.31E-05,0.442812339,-0.400378365,0.823834197,0.119170984
2116,0.034774306,1.212788357,1.130666291,0.192542659,0.326796717,2018,3.47E-05,-0.328722174,0.442812339,0.710784314,0.512254902
2116,0.039472235,1.012666936,1.092737868,1.118056467,-0.241476495,2019,4.18E-05,-0.120840616,-0.328722174,0.641826923,0.733173077
2120,0.021174715,0.500147174,0.830033467,-0.248500905,0.574479174,2017,8.63E-06,-0.015543265,0.218191446,0.937823834,-0.92746114
2120,0.054441286,0.637450044,-0.359611083,-0.881566378,-0.163422062,2018,7.89E-06,0.022301512,-0.015543265,0.889705882,-0.919117647
2120,0.003260385,0.79399377,-0.204685814,-0.162012766,-0.009152399,2019,7.32E-06,-0.455541298,0.022301512,0.112980769,-0.944711538
2121,0.021901151,0.983441919,1.040877534,0.083796447,-0.32151619,2016,2.18E-05,-0.249402961,-0.27929179,0.295638126,0.147011309
2121,0.005307874,0.827664404,0.391591987,-0.704561402,-0.19034247,2017,6.78E-06,-0.255698196,-0.249402961,0.533678756,-0.989637306
2126,-0.007161106,0.901856927,1.309346947,0.429627814,-0.202683958,2017,8.75E-06,-0.182003854,-0.113244098,-0.707253886,-0.911917098
2131,-0.007030389,0.950641837,0.849735511,-0.760059399,0.446275328,2019,1.69E-05,-0.400929141,0.995200511,-0.117788462,-0.004807692
2135,0.060838626,0.996114451,1.26670376,-0.444038502,0.246157753,2016,8.67E-05,-0.36938839,0.006226582,0.705977383,0.928917609
2135,-0.021474169,1.020188914,0.586390483,-0.84260439,-0.305305769,2017,0.000107283,0.079468567,-0.36938839,-0.924870466,0.940414508
2135,0.030159202,1.111742905,1.114160635,-0.065991662,0.233208701,2018,8.54E-05,0.311097562,0.079468567,0.639705882,0.946078431
2135,0.008282118,0.854957295,0.361926358,-0.196224364,0.04911163,2019,5.45E-05,0.028851049,0.311097562,0.182692308,0.841346154
2140,-0.102823332,1.18295147,0.556594121,0.29508118,-0.011021656,2016,5.24E-05,-0.431011352,-0.151309644,-0.945072698,0.777059774
2140,-0.002142004,1.273267319,0.705206191,-0.217441907,-0.42566835,2017,8.82E-05,0.371685156,-0.431011352,-0.360103627,0.922279793
2140,0.011309531,1.052002206,1.179355686,-0.308940547,0.437002494,2018,0.000120799,-0.248616298,0.371685156,0.267156863,0.987745098
2140,0.308767671,1.036873812,0.841572368,-0.76239281,0.486096325,2019,0.000107126,0.124147065,-0.248616298,0.997596154,0.971153846
2146,0.031834198,1.192272027,0.569093272,0.18131514,0.655032061,2016,2.31E-05,-0.128880551,0.505142214,0.447495961,0.231017771
2146,-0.001612158,1.622005523,-0.229725234,-0.028502475,0.028792227,2017,1.86E-05,0.117056992,-0.128880551,-0.305699482,-0.080310881
2146,0.018011745,1.814196914,-0.10860085,0.900472287,0.801205158,2018,1.83E-05,-0.108723358,0.117056992,0.416666667,0.00245098
2149,-0.039412243,1.031201011,1.490983518,-0.283289652,0.358898161,2016,4.32E-05,-0.376900552,-0.294590198,-0.586429725,0.686591276
2149,0.003893182,0.65829076,0.230208168,-1.014453536,-0.522557094,2017,2.40E-05,0.340292517,-0.376900552,0.396373057,0.160621762
2149,0.026244168,1.27849584,1.846372359,0.323309674,0.029410994,2018,2.34E-05,-0.292795001,0.340292517,0.580882353,0.203431373
2149,-0.016570152,1.31463104,1.502262886,0.767094378,0.303253689,2019,1.04E-05,1.349623653,-0.292795001,-0.305288462,-0.466346154
2150,-0.001993919,0.916522438,0.759842473,-0.236671188,0.207903538,2019,1.31E-05,-0.150857635,0.280623802,0.007211538,-0.15625
2151,0.021952412,1.107385408,0.260339438,-0.413700989,0.083455093,2016,9.20E-06,-0.091762256,-0.179716364,0.302100162,-0.870759289
2151,0.003272485,1.122376585,0.285883355,-1.452644349,0.275383248,2017,8.57E-06,-0.107355396,-0.091762256,0.321243523,-0.932642487
2151,-0.03011445,1.027483006,-0.811147428,-2.375893561,0.054449514,2018,9.22E-06,0.358575845,-0.107355396,-0.669117647,-0.791666667
2151,-0.046828277,0.829420799,0.178954046,-1.715528891,0.812340252,2019,8.04E-06,0.324420561,0.358575845,-0.71875,-0.870192308
2152,-0.004067683,0.975022368,0.39073601,-1.067899155,-0.326813981,2018,9.06E-06,0.879984611,0.168400513,-0.151960784,-0.81127451
2152,-0.064656799,1.157264451,-0.155337267,-0.976125787,0.564491601,2019,1.09E-05,0.003800728,0.879984611,-0.858173077,-0.350961538
2155,-0.025891211,1.043219572,0.21541006,-0.207762951,0.467721639,2016,1.06E-05,-0.296224802,-0.280584844,-0.437802908,-0.689822294
2158,-0.0057877,1.252321509,1.051479386,-0.42705299,0.697608065,2018,1.18E-05,0.661326246,-0.043640399,-0.218137255,-0.352941176
2161,-0.041893367,0.074430951,0.741642397,-0.456741912,0.120896624,2018,1.14E-05,0.09907217,-0.271523585,-0.801470588,-0.431372549
2163,0.014192259,1.220881695,0.137827537,-1.731968536,0.440564674,2016,1.31E-05,-0.356029265,0.136537692,0.163166397,-0.308562197
2163,0.087233385,0.798881608,1.004696489,-0.377009852,0.575906953,2018,2.34E-05,0.720074619,-0.049904183,0.970588235,0.203431373
2163,-0.092229163,0.994133126,0.65184431,-0.634700467,0.157816282,2019,2.27E-05,0.883418398,0.720074619,-0.942307692,0.338942308
2164,0.003838534,0.94966538,1.40555657,-0.135429168,0.002136993,2017,3.24E-05,-0.271135209,-0.439535071,0.383419689,0.422279793
2164,-0.004297122,0.962729318,1.252902343,0.198134996,0.15046499,2018,6.48E-05,-0.28686289,-0.271135209,-0.166666667,0.867647059
2164,-0.035835336,1.0712772,2.30480875,1.440006881,-1.028466167,2019,2.06E-05,0.658747752,-0.28686289,-0.59375,0.240384615
2165,0.014560374,1.151008524,1.234579774,0.469910462,0.062397956,2016,2.44E-05,-0.343067482,-0.336404933,0.172859451,0.28917609
2165,0.001821304,1.065546112,0.772869606,-0.667964177,0.122458714,2017,2.52E-05,0.191628529,-0.343067482,0.14507772,0.204663212
2165,0.008062184,0.96108464,0.980057877,-0.077301139,0.218543494,2018,2.41E-05,-0.10429498,0.191628529,0.18627451,0.25245098
2165,0.028707395,0.871066363,1.418957354,1.007232504,-0.701239697,2019,9.28E-06,0.040634544,-0.10429498,0.507211538,-0.675480769
2169,0.02373069,0.890934854,0.978969696,-0.887381477,0.204417706,2019,8.19E-06,0.22740733,0.858392222,0.442307692,-0.853365385
2170,0.029191243,1.17706276,0.667891747,-0.718495951,0.087904988,2016,1.15E-05,-0.541735322,-0.1281972,0.392568659,-0.576736672
2171,-0.040146194,1.040397576,1.255592391,-0.280006487,-0.264566724,2016,1.98E-05,-0.088223037,-0.152321255,-0.605815832,0.053311793
2174,-0.025554491,1.091566015,0.813085867,-0.286268814,-0.048070515,2017,9.07E-06,-0.160509563,-0.381744457,-0.948186528,-0.862694301
2179,0.001573859,0.913605794,0.248605637,-0.10237196,-0.022111798,2017,1.19E-05,0.102141646,0.23571929,0.103626943,-0.492227979
2179,0.06665198,0.749326495,-0.474675684,-1.308213609,0.563143397,2019,9.88E-06,0.909310914,0.212675929,0.846153846,-0.552884615
2181,-0.003941513,0.734441601,0.832993929,-0.684512071,0.262338474,2017,1.89E-05,0.145221809,-0.251951689,-0.515544041,-0.062176166
2183,-0.030334543,1.163455731,0.932132833,-0.459529562,0.599438577,2018,6.66E-06,0.106946677,-0.284500584,-0.674019608,-0.980392157
2183,-0.02376303,1.128054526,0.922285346,-0.021554854,-0.217045704,2019,7.81E-06,0.058140131,0.106946677,-0.425480769,-0.908653846
2186,0.009412692,0.968183143,0.764179505,0.259580811,0.204009897,2016,1.35E-05,-0.29001047,0.030508087,0.066235864,-0.260096931
2186,-0.001356933,0.863259896,0.366425208,-0.313846489,0.231703496,2017,6.47E-05,-0.190283525,-0.29001047,-0.28238342,0.821243523
2186,-0.023299413,0.894601927,0.523113078,0.196596992,0.186877153,2019,1.09E-05,-0.058611908,-0.068281821,-0.423076923,-0.350961538
2189,-0.034953702,1.144977296,0.866200605,-0.663861446,0.034007838,2019,1.09E-05,-0.071016346,-0.249727541,-0.581730769,-0.350961538
2196,-0.009448498,1.013152311,1.528709589,0.12635169,0.207095878,2018,1.00E-05,-0.22213086,-0.139202403,-0.306372549,-0.678921569
2201,-0.09958573,1.008347375,0.046529042,-1.791066757,-0.031102633,2016,1.52E-05,-0.299384584,-0.15090314,-0.932148627,-0.117932149
2201,-0.008606098,1.034940171,0.550930739,-1.738351707,-0.045270344,2017,1.23E-05,-0.006176712,-0.299384584,-0.764248705,-0.406735751
2201,-0.052807488,0.983240077,1.081994507,-0.31918865,-0.17164323,2018,1.16E-05,0.953332195,-0.006176712,-0.882352941,-0.397058824
2202,-0.000825392,1.364795067,-0.377196758,-0.04331633,-0.21145034,2017,7.52E-06,0.079165452,0.060428537,-0.207253886,-0.979274611
2203,0.105567085,0.680312298,0.236112666,0.011746755,0.290458665,2019,9.30E-06,0.206410971,-0.197099958,0.944711538,-0.670673077
2204,-0.076693934,1.157389646,1.112604606,0.262841713,0.23720223,2016,3.76E-05,-0.027004919,-0.005230374,-0.877221325,0.612277868
2204,-0.00072763,1.156602941,0.176059258,-0.345776715,0.04023198,2017,3.31E-05,-0.100927672,-0.027004919,-0.196891192,0.440414508
2204,0.024108723,0.758487128,0.933146431,0.291103519,0.282383047,2018,1.04E-05,0.173385908,-0.100927672,0.544117647,-0.620098039
2204,-0.047968338,0.636786935,0.718491472,-0.801468743,0.268254273,2019,3.82E-05,-0.151571861,0.173385908,-0.740384615,0.682692308
2205,-0.063834673,1.116323984,0.428052693,-0.70412267,-0.391902667,2016,1.56E-05,-0.571836134,0.133989466,-0.79644588,-0.098546042
2205,-0.019418027,1.253861337,1.572876783,0.229582024,0.363236522,2018,1.22E-05,-0.254804065,0.612928351,-0.522058824,-0.301470588
2209,-0.172351244,1.163251905,0.58996276,0.289628974,-0.534954234,2016,1.08E-05,-0.466485683,-0.42691303,-0.983844911,-0.673667205
2209,-0.010802851,0.463405876,1.149486163,-1.116805064,0.338082194,2017,1.14E-05,-0.033338393,-0.466485683,-0.816062176,-0.551813472
2209,0.008930358,0.954088294,1.211358971,-0.10972408,0.106320028,2018,1.17E-05,-0.162242391,-0.033338393,0.208333333,-0.375
2212,-0.00581293,0.886862711,0.384316052,-1.027390804,0.123549564,2017,2.87E-05,0.139180045,-0.080467625,-0.655440415,0.323834197
2212,0.006517287,0.543668328,0.086498958,-1.314409417,0.243477206,2018,2.83E-05,0.912434317,0.139180045,0.125,0.401960784
2212,0.000308727,0.824439203,0.45581683,-0.108061458,-0.08442871,2019,2.48E-05,-0.267890085,0.912434317,0.0625,0.415865385
2213,0.000912325,0.727334938,-0.521321935,-1.193130764,0.41200165,2017,1.35E-05,-0.469719985,-0.371641861,0.033678756,-0.28238342
2213,0.036986959,0.511877024,0.53726901,-0.362012518,-0.045854294,2018,1.30E-05,1.341058883,-0.469719985,0.727941176,-0.223039216
2217,-0.006170292,1.352034966,1.043282321,0.513164555,0.024022122,2019,3.15E-05,-0.326631405,-0.057133856,-0.09375,0.5625
2218,-0.01645287,1.020206206,1.482183714,0.39543529,-0.219751915,2016,7.97E-05,-0.378194658,-0.055363922,-0.28917609,0.899838449
2218,0.009462348,1.102541334,1.191421224,0.384014744,-0.085543173,2017,1.43E-05,0.067136076,-0.378194658,0.733160622,-0.220207254
2218,-0.057649314,1.06442562,1.228910338,-0.157614194,-0.205025589,2019,1.46E-05,0.637771775,0.096228702,-0.829326923,-0.098557692
2225,0.004475596,0.706930171,0.949988696,-0.392947669,0.058191819,2017,9.85E-06,-0.069372994,-0.109122013,0.468911917,-0.774611399
2225,0.047221061,0.630138974,1.409037996,0.32065453,-0.330470597,2018,9.89E-06,-0.077060229,-0.069372994,0.828431373,-0.696078431
2225,-0.017132581,0.891304891,0.554690189,-0.191194412,0.177546712,2019,8.73E-06,0.000755519,-0.077060229,-0.319711538,-0.766826923
2226,0.0485486,0.770156688,0.160336727,-0.490647099,-0.87398891,2016,9.14E-05,-0.23082731,-0.26781652,0.634894992,0.938610662
2226,0.000365572,1.038807997,0.853356536,-0.610836627,0.093510262,2017,6.04E-05,-0.01727662,-0.23082731,-0.049222798,0.792746114
2226,-0.025212914,0.917295821,1.348510072,-0.377535939,-0.10797003,2019,1.70E-05,0.242372111,0.056440567,-0.444711538,0
2227,-0.005591606,0.892963001,0.145011031,-1.350926421,-0.028988371,2017,1.22E-05,-0.045022203,-0.322737111,-0.642487047,-0.422279793
2227,-0.06213118,1.180232446,1.227399541,-0.354181147,0.582485027,2019,1.08E-05,0.244579186,0.142948213,-0.838942308,-0.387019231
2230,-0.062279327,1.187656535,-0.498429503,-2.303378219,1.436855056,2019,7.87E-06,0.785227407,0.115667283,-0.841346154,-0.899038462
2231,0.033508836,1.319913785,0.630275421,-0.419455368,0.208948998,2017,1.23E-05,0.357923335,-0.466609397,0.979274611,-0.406735751
2246,0.024157939,0.781959779,0.884832656,-2.496270418,-1.795462909,2017,9.05E-06,-0.085544906,-0.420990257,0.955958549,-0.867875648
2246,0.016789848,1.220959219,0.599505426,-0.92765207,0.609641682,2018,2.01E-05,-0.057104515,-0.085544906,0.401960784,0.06127451
2246,-0.014565936,1.181683954,0.979489934,-0.489037431,0.785617291,2019,1.93E-05,-0.052219271,-0.057104515,-0.264423077,0.132211538
2247,0.002368148,0.699746612,-0.481605101,-1.184418965,0.712472029,2018,2.26E-05,-0.476978538,-0.597640981,0.007352941,0.183823529
2248,-0.060908641,1.130267215,1.777207473,1.047547881,-0.193710073,2016,3.10E-05,-0.077071058,-0.089123823,-0.777059774,0.466882068
2248,-0.0366216,0.774022602,1.071474037,-0.646692254,0.970388833,2018,1.07E-05,-0.234390472,0.016784667,-0.75,-0.571078431
2248,0.079212125,0.769138849,0.70586108,0.389059537,-0.079726449,2019,1.15E-05,-0.168294352,-0.234390472,0.891826923,-0.262019231
2249,-0.011040267,0.974583345,1.413826674,0.153407304,0.052021846,2018,7.75E-06,-0.180908512,-0.008239621,-0.362745098,-0.931372549
2249,0.020824046,1.133389027,2.154552022,0.708639543,-0.612959946,2019,7.84E-06,0.432692587,-0.180908512,0.396634615,-0.90625
2250,-0.092934296,1.104232602,1.212775169,1.538824731,-0.079977295,2016,1.15E-05,-0.388713551,-0.016296232,-0.925686591,-0.576736672
2250,-0.007980603,0.712175054,-0.118910281,-0.336275179,-0.161730522,2017,1.05E-05,0.25413699,-0.388713551,-0.740932642,-0.699481865
2266,0.003367157,1.202336215,0.584026745,-0.507114097,-0.01196234,2017,6.29E-05,0.251475017,-0.241701028,0.329015544,0.810880829
2266,-0.030568073,0.67932319,0.68406026,0.18699232,0.2850691,2018,2.57E-05,-0.195957928,0.251475017,-0.681372549,0.323529412
2266,0.01549198,0.567702417,0.510999728,-0.055411237,0.277970852,2019,2.11E-05,0.283103888,-0.195957928,0.322115385,0.276442308
2268,0.032581823,1.152121332,-0.830587298,-2.193363367,0.28731471,2018,1.13E-05,-0.139893992,0.10589671,0.674019608,-0.446078431
2270,-0.00133718,1.520000091,0.323782996,-0.868401175,0.703326951,2017,1.27E-05,-0.016450974,-0.187820421,-0.279792746,-0.360103627
2271,0.015438799,1.161545042,1.439473184,1.037969371,0.112776109,2016,8.81E-06,-0.228883491,1.132633569,0.18901454,-0.903069467
2274,0.028762634,0.943132493,1.104858237,-0.346678546,0.259476324,2016,1.21E-05,-0.246809663,-0.248331388,0.386106624,-0.476575121
2274,0.005196937,0.988471793,0.715561144,-0.943290844,-0.391816908,2017,8.49E-05,0.659432079,-0.246809663,0.515544041,0.919689119
2274,0.044987889,1.133473603,1.256905808,0.509486733,0.19463745,2018,1.21E-05,-0.271705329,0.659432079,0.803921569,-0.318627451
2276,0.03162443,1.020415935,-0.332303962,-0.967672036,-0.946368937,2016,9.27E-05,-0.425784572,-0.49871377,0.43457189,0.94184168
2276,-0.000439033,1.131716032,0.403325265,-1.333972763,0.427393905,2017,4.95E-05,-0.077597053,-0.425784572,-0.150259067,0.691709845
2276,-0.042375967,1.149215597,0.801013983,-0.819185068,0.417169519,2018,7.25E-05,0.297015925,-0.077597053,-0.81127451,0.904411765
2276,-0.023042091,1.06808227,1.018937357,-0.116741159,-0.066587181,2019,1.39E-05,-0.075293345,0.297015925,-0.418269231,-0.120192308
2277,-0.013751553,1.274810777,1.171425121,0.77430521,-0.143164039,2016,1.12E-05,-0.289092606,0.110554625,-0.250403877,-0.615508885
2278,-0.048858802,0.320001204,-0.154470336,-0.683810996,0.360077443,2018,1.34E-05,-0.283692433,0.052223767,-0.855392157,-0.193627451
2279,-0.002633631,1.296700069,0.982750411,-0.365232256,0.164489212,2017,1.03E-05,-0.309398409,-0.222413376,-0.406735751,-0.730569948
2279,0.03510779,1.002002409,0.514859002,-1.681370887,-0.759711178,2018,9.72E-06,0.030441685,-0.309398409,0.715686275,-0.715686275
2283,-0.001009166,0.713520327,1.060664389,0.629717412,0.830676079,2017,2.52E-05,-0.00663666,-0.390844172,-0.233160622,0.204663212
2292,0.02715761,1.421278985,0.560848231,-0.96974102,0.385007496,2018,1.88E-05,0.294168734,-0.29337942,0.598039216,0.022058824
2292,0.001807926,1.25295414,1.238139627,-0.598217871,0.11701624,2019,1.74E-05,-0.242545183,0.294168734,0.086538462,0.016826923
2294,0.034862482,1.075803182,-0.314298276,-0.421474854,0.054063712,2019,8.50E-06,0.092356427,0.33991376,0.596153846,-0.817307692
2296,-0.000423562,1.085831728,1.369029183,-0.930107022,0.407396166,2016,6.40E-05,-0.417416273,-0.414889071,-0.075928918,0.844911147
2296,0.003059795,1.071626591,0.656802032,-0.519324715,0.471943428,2017,1.14E-05,-0.008793639,-0.417416273,0.303108808,-0.551813472
2297,-0.029306372,1.156603737,1.228872152,-0.369585814,0.390099938,2019,1.20E-05,0.209592046,-0.25709199,-0.514423077,-0.233173077
2298,-0.068365122,0.990757211,0.980125006,-0.731345813,-0.283366416,2016,1.04E-05,-0.358108694,-0.351383928,-0.828756058,-0.731825525
2298,0.002250732,1.222352922,0.420561197,-0.584771906,0.206820184,2017,1.29E-05,0.002290655,-0.358108694,0.196891192,-0.336787565
2300,-0.020192107,1.104935229,1.055537331,0.298953336,-0.037660855,2016,1.32E-05,-0.533394981,0.452830927,-0.337641357,-0.28917609
2300,0.011857886,0.871143918,0.890078671,-1.321983953,-0.679466663,2017,2.53E-05,0.414816228,-0.533394981,0.800518135,0.212435233
2302,-0.000451877,1.134597786,0.77384077,-0.098748774,0.068979061,2016,1.94E-05,-0.519520714,2.040065395,-0.079159935,0.037156704
2302,0.021042121,0.492396764,2.061627821,0.051944978,-0.953777816,2017,5.38E-05,0.02590005,-0.519520714,0.932642487,0.743523316
2302,-0.026494042,1.240925528,1.718113412,1.107797805,0.121281449,2018,1.84E-05,-0.1440526,0.02590005,-0.612745098,0.007352941
2303,-0.005586271,0.959565271,0.74370165,-0.454898607,0.0258635,2018,3.72E-05,-0.049734182,-0.065895555,-0.210784314,0.575980392
2303,0.023196842,1.047673973,0.779227769,-0.013627103,-0.186201688,2019,5.46E-05,-0.179693709,-0.049734182,0.432692308,0.84375
2305,-0.000568881,1.122701585,0.633943509,-0.583299083,0.62717618,2016,3.75E-05,-0.450530526,-0.04388037,-0.082390953,0.60904685
2305,0.004042205,1.155964492,0.507512334,0.841018412,-0.115132821,2017,3.41E-05,-0.137742473,-0.450530526,0.419689119,0.461139896
2305,-0.050909598,0.923847654,0.754604145,-0.266924075,0.9800054,2018,1.62E-05,0.050614445,-0.137742473,-0.870098039,-0.06127451
2307,-0.022054304,1.152156295,0.965032913,-0.489305859,0.584568107,2016,1.83E-05,-0.518443207,1.276550271,-0.386106624,0.004846527
2307,0.031898019,1.121831612,2.881915946,1.256325981,-1.405555536,2017,3.65E-05,0.199376943,-0.518443207,0.976683938,0.507772021
2307,-0.021427738,1.093068245,1.724025057,0.748026242,0.209459512,2018,9.66E-06,-0.126557851,0.199376943,-0.556372549,-0.723039216
2307,0.055839021,1.183454698,1.900423175,0.980416385,-1.004685181,2019,8.17E-06,-0.253517654,-0.126557851,0.786057692,-0.855769231
2312,-0.047384491,1.163712137,1.096596038,-0.758780087,0.617893594,2019,8.95E-06,0.849527093,0.318588175,-0.730769231,-0.740384615
2314,-0.003738048,0.995036173,0.749230584,0.17844353,0.324878122,2018,9.30E-06,0.234794799,-0.267042819,-0.134803922,-0.779411765
2314,0.035221877,1.075386548,1.347658968,0.24921664,-0.182196933,2019,8.09E-06,-0.116831845,0.234794799,0.598557692,-0.862980769
2315,-0.00400874,0.798892176,1.410843346,-0.293068482,0.109191753,2017,2.20E-05,0.175478671,-0.413974809,-0.525906736,0.069948187
2315,-0.026449296,1.428216347,1.400249684,-0.699150345,-0.509907903,2018,1.20E-05,0.13159032,0.175478671,-0.610294118,-0.325980392
2315,0.115709771,1.128225726,0.440639272,-1.085004881,-0.011985414,2019,1.03E-05,0.2726539,0.13159032,0.947115385,-0.480769231
2316,-0.005303016,0.763762067,0.661617845,-0.332962256,-0.113768984,2018,1.04E-05,-0.25747716,-0.166777083,-0.198529412,-0.620098039
2320,0.054615955,1.09484975,2.808458171,0.227808608,0.17128499,2016,2.44E-05,0.725726793,-0.099616071,0.676898223,0.28917609
2320,0.012889902,1.173035291,1.856019403,0.444278182,-0.399573211,2017,2.27E-05,-0.295647358,0.725726793,0.81865285,0.090673575
2321,-0.00467567,1.059864973,1.035928708,1.17335233,0.330839177,2017,1.08E-05,0.054508336,-0.451362487,-0.588082902,-0.652849741
2321,0.136228004,0.623614937,0.964969595,-0.029493569,-0.981823485,2019,1.12E-05,-0.229123323,-0.421530781,0.971153846,-0.293269231
2323,-0.025708146,1.037535414,1.786162545,0.559192538,0.246654325,2016,0.000124974,-0.51019286,-0.225651658,-0.43457189,0.980613893
2325,0.006098281,1.296363333,0.198411054,1.290976884,-1.237085779,2016,2.25E-05,-0.499592633,-0.217771182,0.021001616,0.185783522
2325,0.013467771,1.334435027,0.867082528,-0.233901083,0.438505175,2017,5.92E-05,-0.164964227,-0.499592633,0.82642487,0.784974093
2325,0.049885594,0.963125033,1.186289531,-0.247435452,0.594366499,2018,7.33E-05,-0.027612917,-0.164964227,0.848039216,0.909313725
2325,0.008385659,1.147294834,1.026026894,0.102686616,0.168835105,2019,1.60E-05,-0.193566156,-0.027612917,0.1875,-0.03125
2326,-0.023527959,1.082496089,1.313064661,-0.425510396,-0.46868434,2016,1.24E-05,-0.499607083,-0.331057914,-0.399030695,-0.43457189
2326,0.007741885,1.046244998,0.185974627,-1.330721255,-0.152808996,2017,1.10E-05,0.162417866,-0.499607083,0.658031088,-0.621761658
2326,0.00677385,1.275360867,1.151171011,0.129511731,0.339538781,2018,1.07E-05,0.683185917,0.162417866,0.134803922,-0.571078431
2329,0.03254585,1.110856019,1.082682385,-0.013038662,0.226215906,2019,1.06E-05,-0.25471102,0.335088261,0.572115385,-0.420673077
2331,0.003935389,1.319143128,1.394685099,-0.675073629,-0.130306091,2018,3.78E-05,0.091088761,0.364883564,0.056372549,0.590686275
2331,-0.028175312,0.94130227,0.574575102,-0.927205513,0.599711434,2019,2.20E-05,0.075873437,0.091088761,-0.504807692,0.3125
2334,0.003977799,0.80347089,0.956343116,-0.300135857,-0.151471177,2017,1.94E-05,-0.055050189,-0.188887219,0.404145078,-0.038860104
2334,-0.023853441,0.974777917,0.439618404,-1.137520568,0.132687669,2018,1.02E-05,-0.245574066,-0.055050189,-0.580882353,-0.656862745
2335,0.090359771,0.918844692,1.084246691,-0.618931151,0.182458695,2019,1.72E-05,0.841490071,0.211910526,0.927884615,0.007211538
2337,-0.00287859,1.070877366,0.778962972,-0.494479721,0.157787233,2017,4.84E-05,0.195967038,-0.423554119,-0.424870466,0.676165803
2337,-0.002977567,1.0884859,1.26729732,0.28460423,-0.009045028,2018,2.63E-05,-0.212632745,0.195967038,-0.115196078,0.348039216
2337,0.011657062,0.868420405,1.822136725,0.329943061,-0.872683381,2019,1.11E-05,-0.078267504,-0.212632745,0.242788462,-0.319711538
2340,0.078802234,1.169165782,0.654249925,0.428209184,-0.477907583,2016,3.95E-05,-0.011265166,-0.115556096,0.793214863,0.644588045
2340,-0.079099843,1.436960328,1.038358982,0.04707471,-0.350996321,2018,7.75E-06,0.046358221,-0.228292107,-0.960784314,-0.931372549
2340,0.003369572,1.168903264,0.820371172,-0.054127794,-0.007209042,2019,7.14E-06,0.856789288,0.046358221,0.117788462,-0.951923077
2341,0.018438927,0.930688816,1.685831336,-0.001945319,-0.382375413,2016,8.99E-06,0.408109695,-0.146334516,0.247172859,-0.890145396
2341,0.0322668,1.174424078,0.149152113,-0.25122163,-0.333921499,2019,8.51E-06,-0.02551476,-0.171307772,0.564903846,-0.814903846
2342,-0.039108654,0.859219658,1.379335534,0.78481023,-0.179292971,2016,5.71E-05,-0.629737947,0.711831276,-0.583198708,0.812600969
2342,0.008559414,1.184230504,0.66772962,-0.938761667,-0.402496014,2017,0.000190456,-0.07150723,-0.629737947,0.702072539,0.987046632
2342,-0.00135565,1.16446872,1.234555786,-0.193727853,0.339796757,2018,6.63E-05,-0.194548046,-0.07150723,-0.085784314,0.875
2342,-0.007623914,1.047136761,1.23813941,0.041741024,0.056706017,2019,0.000121123,0.534972406,-0.194548046,-0.141826923,0.980769231
2344,0.01377612,1.121856668,0.762591242,0.173438952,-0.154837487,2016,9.91E-06,-0.410019678,-0.151642192,0.150242326,-0.793214863
2344,-0.003939892,1.240631286,0.416709902,-0.136793637,0.328730706,2017,9.69E-06,-0.051421788,-0.410019678,-0.512953368,-0.800518135
2344,-0.008632874,1.076877514,0.959735016,-0.190243297,0.48696752,2018,9.48E-06,-0.110626737,-0.051421788,-0.279411765,-0.754901961
2347,0.017222869,0.47322142,0.622881692,-0.854491881,-0.191729149,2017,2.83E-05,0.215838725,-0.47867086,0.896373057,0.313471503
2348,0.001436096,0.88176447,1.570081086,0.093755129,-0.120096305,2019,1.38E-05,-0.066183191,-0.2863219,0.076923077,-0.129807692
2352,0.031676892,1.106032215,1.222538112,-0.030829193,0.027424941,2016,2.11E-05,-0.162489202,0.091183488,0.437802908,0.114701131
2352,0.012237306,0.742829437,0.343106204,-0.652143776,0.020677667,2017,6.25E-05,-0.252439261,-0.162489202,0.805699482,0.797927461
2352,0.022493582,0.741239427,-0.126341808,-0.493792901,0.276712831,2018,2.34E-05,0.596471035,-0.252439261,0.512254902,0.203431373
2352,-0.030487223,0.803418527,-0.047281237,0.264774173,-0.446966924,2019,1.42E-05,0.225161239,0.596471035,-0.540865385,-0.110576923
2353,0.166639048,0.885482981,0.49405876,-0.272813902,-0.197720895,2016,2.33E-05,0.018886679,-0.19042547,0.987075929,0.237479806
2353,-0.008864217,0.973028398,0.54948155,-0.742245183,-0.097103924,2017,2.93E-05,0.408692461,0.018886679,-0.774611399,0.336787565
2353,-0.02960019,1.242712108,-0.184362976,-1.154427782,-0.071839938,2018,1.84E-05,0.322030657,0.408692461,-0.664215686,0.007352941
2353,-0.012955627,0.994531125,0.187630122,-0.267791264,-0.178725467,2019,1.77E-05,0.433163608,0.322030657,-0.235576923,0.024038462
2354,-0.011205005,0.999481539,1.143350848,-0.391282081,0.13077495,2017,8.08E-06,-0.628465939,-0.576214138,-0.834196891,-0.955958549
2354,-0.030483406,1.200774441,0.869185,-0.552124258,0.366734285,2018,8.42E-06,-0.502488971,-0.628465939,-0.676470588,-0.889705882
2354,-0.042231514,1.315767546,1.715186768,-0.214463893,-0.369174558,2019,1.58E-05,0.066634113,-0.502488971,-0.668269231,-0.038461538
2357,0.02493249,1.227138932,1.047151979,-0.391605922,0.182003795,2016,1.09E-05,-0.094692509,-0.321591253,0.34733441,-0.654281099
2358,-0.009483783,1.025146926,0.165112813,-0.19050924,-0.433600821,2016,4.24E-05,-0.119127177,0.097737384,-0.18901454,0.670436187
2358,-0.004112357,0.657184016,-0.016122095,-0.232907297,0.21282381,2018,3.86E-05,-0.511292455,-0.336004012,-0.161764706,0.610294118
2360,-0.008670999,0.808870367,1.385514526,-0.550961234,-0.232496775,2016,1.44E-05,-0.332494722,-0.308049615,-0.169628433,-0.18901454
2360,0.012351995,0.928334644,0.767155217,-0.084523598,-0.120988651,2019,1.05E-05,0.545160577,-0.059477824,0.252403846,-0.439903846
2361,0.009898961,1.325973969,0.429053625,-1.341582146,-0.114541044,2017,1.36E-05,-0.005603726,-0.455313619,0.74611399,-0.272020725
2361,-0.000717051,1.089952048,0.655720431,-0.532468,0.649168828,2018,2.45E-05,0.06435699,-0.005603726,-0.058823529,0.267156863
2361,-0.042530028,0.896011933,0.991416014,-0.25052332,-0.072794821,2019,3.71E-05,0.139781147,0.06435699,-0.670673077,0.663461538
2362,-0.006008248,1.213691247,1.819553851,0.324020654,0.051999159,2017,1.21E-05,-0.26107552,-0.024214227,-0.663212435,-0.440414508
2362,0.001789035,1.057534114,0.412781532,-1.480655834,0.723660952,2019,1.99E-05,0.137803766,0.163274784,0.084134615,0.194711538
2366,0.112157012,0.862448259,0.321442884,-0.301879304,-0.481471597,2016,4.01E-05,-0.397472904,-0.132520111,0.938610662,0.647819063
2366,-0.003860625,0.505869791,0.450708441,-0.251727754,0.210631976,2017,6.25E-05,-0.345377145,-0.397472904,-0.494818653,0.797927461
2366,0.074882071,0.956254638,0.01775667,-0.748723682,-0.449308599,2018,1.22E-05,-0.553287741,-0.345377145,0.953431373,-0.301470588
2366,-0.036430118,1.18634865,0.527159211,-0.305476501,-0.468046529,2019,1.12E-05,-0.171692124,-0.553287741,-0.600961538,-0.293269231
2367,-0.021641568,1.130294149,-0.351058367,-0.638386183,-0.341088707,2016,3.63E-05,-0.483376074,-0.242938869,-0.369951535,0.583198708
2367,-0.000936374,0.717868811,0.298163974,-0.214458229,0.002375525,2017,3.89E-05,0.450566251,-0.483376074,-0.225388601,0.57253886
2367,-0.008637617,1.113407037,1.282803862,0.163145638,0.160534831,2018,2.12E-05,0.229459172,0.450566251,-0.281862745,0.098039216
2367,-0.079015369,1.129623953,1.212122199,-0.435984545,0.081505982,2019,4.19E-05,0.054152835,0.229459172,-0.915865385,0.735576923
2372,-0.002111073,1.090563165,0.828155125,0.250536863,0.3034041,2016,3.09E-05,0.242061592,0.716544411,-0.10177706,0.46365105
2372,0.002663127,1.032676741,0.536722505,0.782315486,0.317590035,2017,2.52E-05,0.201208866,0.242061592,0.233160622,0.204663212
2372,0.033783668,1.041125347,-0.129849997,-0.070582445,0.252417019,2018,1.32E-05,-0.314588608,0.201208866,0.696078431,-0.210784314
2372,0.002839646,1.064354736,-0.181353655,0.375104496,0.064416174,2019,3.51E-05,0.788415012,-0.314588608,0.105769231,0.627403846
2373,0.004445307,0.849613316,0.971987817,-0.867535219,0.011692176,2017,8.80E-06,0.295325491,-0.048946225,0.466321244,-0.901554404
2373,-0.049257001,0.897983133,2.078834773,-0.239918216,-0.309845565,2018,8.35E-06,0.382251942,0.295325491,-0.857843137,-0.894607843
2375,-0.046838823,1.378173092,-0.042201893,0.59136552,-0.569720192,2016,4.24E-05,-0.407287282,-0.219565869,-0.680129241,0.670436187
2375,-0.003873833,1.074844943,0.866813528,0.089426433,0.222796406,2017,0.000154338,0.098816252,-0.407287282,-0.497409326,0.981865285
2375,-0.004230765,1.241428098,0.616789982,-0.296708301,0.340372307,2018,3.23E-05,0.717401087,0.098816252,-0.164215686,0.485294118
2375,0.030306422,1.208794771,0.890632198,0.600428213,0.085292055,2019,1.68E-05,-0.234772827,0.717401087,0.53125,-0.009615385
2376,-0.042306866,0.94291974,0.539580306,-1.134316668,-0.640623354,2018,5.19E-05,-0.143652174,-0.277273801,-0.808823529,0.764705882
2376,-0.00761372,1.118883962,-0.666321614,-1.605059475,0.301832764,2019,1.89E-05,-0.092573725,-0.143652174,-0.139423077,0.103365385
2378,0.062187354,1.095510018,-0.540560145,-2.292602273,0.406373266,2016,1.31E-05,-0.279657398,-0.147090653,0.718901454,-0.308562197
2378,0.006351803,1.618508,0.721994112,-0.052175805,0.64567727,2017,2.47E-05,0.10623188,-0.279657398,0.585492228,0.194300518
2380,0.011736629,1.016792191,1.85446697,0.057366379,-0.07939622,2016,1.54E-05,-0.299277879,-0.468017643,0.121163166,-0.108239095
2381,0.007790132,0.694717918,1.2164632,-0.534054586,0.062870582,2017,5.34E-05,0.254340744,-0.272889534,0.663212435,0.733160622
2383,-0.041215629,1.034207023,0.480450352,-1.35814156,0.24783679,2016,5.40E-05,0.0435101,0.297601058,-0.618739903,0.79644588
2383,0.000339615,1.171518119,1.069463788,-0.265000052,0.277159664,2017,6.86E-05,-0.324245631,0.0435101,-0.051813472,0.85492228
2383,0.004863866,0.694893027,-0.369566403,-2.109651252,0.129501996,2018,4.13E-05,-0.159990985,-0.324245631,0.073529412,0.639705882
2383,-0.057411111,0.972690445,0.037239846,-1.904826492,0.76835531,2019,1.30E-05,-0.198507227,-0.159990985,-0.826923077,-0.165865385
2386,-0.041177648,1.447198196,1.737606449,0.374095624,0.443979757,2018,1.08E-05,-0.190803733,-0.15605751,-0.791666667,-0.544117647
2386,0.012664351,1.185095933,1.531664475,0.971451163,-0.220819976,2019,2.00E-05,1.075484198,-0.190803733,0.254807692,0.201923077
2389,-0.021213147,0.846532712,-0.95479861,-2.518031642,0.588799283,2017,8.97E-06,-0.186101186,-0.365618636,-0.922279793,-0.880829016
2392,-0.066716256,0.933898061,1.052502215,-0.396328484,0.220917144,2016,2.44E-05,-0.433318658,0.186467895,-0.812600969,0.28917609
2392,-0.00372592,1.039984338,1.588664658,-0.190008714,-0.226472482,2017,2.32E-05,0.022205957,-0.433318658,-0.487046632,0.124352332
2392,0.026788778,1.009417306,2.115489971,0.472660534,0.00621054,2018,2.34E-05,0.12587199,0.022205957,0.590686275,0.203431373
2394,0.061331562,1.14628842,1.175189386,0.847445897,-0.121268638,2016,2.06E-05,-0.27838036,-0.001592899,0.709208401,0.088852989
2394,-0.001776952,1.175270737,0.911002439,0.579151772,0.129230623,2017,1.03E-05,-0.000404997,-0.27838036,-0.323834197,-0.730569948
2394,-0.005645112,0.802489814,0.773707033,0.497585665,0.267152649,2018,1.95E-05,-0.049459897,-0.000404997,-0.213235294,0.046568627
2394,-0.00585116,0.601719949,0.396918597,0.105556034,0.048624881,2019,2.18E-05,-0.035015308,-0.049459897,-0.076923077,0.305288462
2398,0.030097238,1.09230226,0.972990218,-0.216453147,0.042158491,2016,1.87E-05,-0.210031625,-0.027394551,0.408723748,0.024232633
2398,0.006031266,1.03873023,1.410823888,0.214358082,-0.243897613,2017,4.88E-05,0.267413589,-0.210031625,0.582901554,0.686528497
2398,-0.027034369,0.794313636,1.613807045,0.757870594,-0.073339734,2018,2.76E-05,0.634814912,0.267413589,-0.629901961,0.37745098
2398,0.015834352,1.170592588,1.124916519,0.531981414,-0.065593483,2019,2.30E-05,-0.328590933,0.634814912,0.326923077,0.355769231
2401,-0.039428436,1.205299489,1.643065702,-0.015936722,-0.216986583,2016,1.46E-05,-0.248958726,-0.290984122,-0.589660743,-0.166397415
2401,-0.062952811,1.61797229,1.921191222,-0.059731366,-0.095731493,2018,1.30E-05,0.354596438,0.148722602,-0.926470588,-0.223039216
2401,-0.012638079,0.980503511,0.111560922,-1.147819558,-0.08807982,2019,2.47E-05,-0.266698004,0.354596438,-0.233173077,0.408653846
2405,-0.214346425,1.167782361,0.397780416,-1.250354538,-0.533427592,2016,1.09E-05,0.009484862,-0.207319807,-1,-0.654281099
2405,-0.001243227,1.240573741,0.755076052,-0.281496062,-0.125097415,2017,3.66E-05,0.178064355,0.009484862,-0.264248705,0.515544041
2409,0.129748386,1.316328613,-0.733612466,-3.327732515,0.201572835,2018,1.08E-05,2.442106559,-0.239917212,0.987745098,-0.544117647
2409,0.027662273,1.130700707,0.229560775,-1.775458138,1.079659727,2019,9.89E-06,0.533728645,2.442106559,0.490384615,-0.548076923
2410,-0.073512901,1.24158615,0.341389544,-0.293000693,-0.060709719,2016,1.24E-05,0.467349367,0.321396641,-0.861066236,-0.43457189
2410,-0.021922092,0.995049291,1.403758041,0.906293891,-0.631434745,2017,1.19E-05,0.176871135,0.467349367,-0.92746114,-0.492227979
2410,0.047303132,0.78938483,-0.237172944,-1.857460376,-0.620223695,2018,1.03E-05,1.093157654,0.176871135,0.830882353,-0.634803922
2416,0.001864427,1.404010406,0.91339542,-0.795798692,-0.102294263,2017,1.83E-05,0.088984167,-0.330444102,0.150259067,-0.095854922
2421,-0.005337362,1.166051103,0.734120825,-0.166763728,0.504554939,2017,1.15E-05,-0.092920247,-0.344134393,-0.634715026,-0.544041451
2424,-0.015497411,1.059420988,1.061967716,0.073119031,0.244553234,2019,1.09E-05,-0.127008241,-0.150648995,-0.271634615,-0.350961538
2425,-0.029456039,0.986937829,1.147164881,0.353346798,0.040156179,2019,1.03E-05,-0.528778495,1.701966916,-0.521634615,-0.480769231
2430,0.007057235,1.185309748,1.571200782,0.582900317,0.238869489,2016,2.20E-05,0.614615904,-0.069047591,0.037156704,0.15993538
2434,-0.105120337,1.046484988,1.613089632,0.59641272,-0.297903496,2016,1.09E-05,-0.447423033,0.451588071,-0.948303716,-0.654281099
2435,0.022993117,0.958750344,1.312479336,0.674957353,-0.367720334,2019,1.25E-05,0.521054616,-0.206640634,0.427884615,-0.211538462
2438,-0.000350224,0.960408584,1.023506272,0.731439564,-0.694461066,2016,9.78E-06,-0.298101695,-0.241067922,-0.0726979,-0.806138934
2443,-0.066269494,1.183120985,0.587061317,-0.584123576,-0.415725336,2016,4.23E-05,-0.273360287,-0.367311863,-0.809369952,0.66720517
2443,0.040035593,1.021965641,0.003719639,-2.572291593,0.27796165,2017,3.75E-05,0.062872962,-0.273360287,0.994818653,0.546632124
2443,-0.021338705,0.634427873,0.849789684,0.073715574,-0.141088915,2018,3.81E-05,-0.040794376,0.062872962,-0.551470588,0.598039216
2443,-0.03009269,0.951220277,0.867317558,-0.251619245,0.283780834,2019,4.90E-05,-0.049171266,-0.040794376,-0.538461538,0.790865385
2446,0.082486927,1.15248965,1.322531127,0.575832749,-0.810140867,2016,1.28E-05,-0.443970908,-0.355056795,0.812600969,-0.340872375
2449,0.001905934,1.130923798,1.406107579,-0.195460293,0.246324319,2016,1.15E-05,-0.160946523,0.244004739,-0.037156704,-0.576736672
2449,0.005198418,1.415334242,1.313916711,0.499889126,-0.305682389,2017,3.60E-05,0.256220425,-0.160946523,0.518134715,0.5
2449,-0.034145919,0.925097487,0.841123326,-0.785100924,-0.143389758,2018,1.12E-05,-0.116715593,0.256220425,-0.718137255,-0.468137255
2449,0.014669737,1.117717934,-0.001486179,-0.701603316,0.233473595,2019,1.04E-05,-0.137566012,-0.116715593,0.300480769,-0.466346154
2451,0.005170948,1.000388085,1.209219066,-0.482958686,0.035970827,2016,1.47E-05,-0.52009776,0.639514486,0.011308562,-0.163166397
2451,0.028383799,0.95385826,1.098260782,-0.545986132,-1.743935259,2019,1.06E-05,-0.118227494,-0.304059576,0.502403846,-0.420673077
2452,0.131286241,0.938651401,2.569998091,1.225209578,-0.166103245,2016,3.45E-05,-0.4133199,-0.433301771,0.954765751,0.537964459
2452,-0.003207935,1.262707207,0.719609359,-0.410991176,0.307937328,2017,1.10E-05,-0.012531484,-0.4133199,-0.440414508,-0.621761658
2455,-0.029182738,1.335286764,0.434143192,-0.654801463,0.102010029,2016,1.62E-05,-0.389515706,-0.012777419,-0.479806139,-0.0726979
2455,-0.003639672,1.201113903,1.099352082,-0.366633347,0.496485853,2018,1.46E-05,-0.22941396,0.046715421,-0.129901961,-0.120098039
2455,-0.012011324,1.016010588,0.924034142,-0.087229602,0.118567221,2019,1.27E-05,0.633811407,-0.22941396,-0.21875,-0.189903846
2457,0.099353336,1.096735601,0.609681528,-0.841786569,0.063112551,2016,1.04E-05,-0.554768401,0.709449012,0.886914378,-0.731825525
2457,-0.004498996,1.352123155,1.034774643,-0.546571395,-0.464350428,2017,2.18E-05,0.056594822,-0.554768401,-0.567357513,0.049222798
2457,0.062620977,1.266421926,0.361403373,-1.292378635,0.482655223,2018,2.19E-05,-0.078448907,0.056594822,0.919117647,0.137254902
2457,0.05561283,1.140519293,0.91577599,0.329023517,0.046371049,2019,1.86E-05,0.184433077,-0.078448907,0.783653846,0.072115385
2459,0.006222743,0.949284443,1.163123961,-0.111649826,0.246299449,2016,4.34E-05,-0.233376564,-0.054461765,0.024232633,0.689822294
2459,0.006480787,0.796316315,0.013193042,-2.070079222,-0.392091589,2017,4.21E-05,0.016092846,-0.233376564,0.598445596,0.624352332
2459,-0.007427835,0.434374563,0.245625586,-0.269341321,0.31298088,2018,1.34E-05,0.463826575,0.016092846,-0.259803922,-0.193627451
2467,-0.021489192,1.155442821,1.653303184,0.140091843,-0.13934822,2016,4.37E-05,-0.326217458,-0.494160944,-0.366720517,0.69628433
2467,0.002285007,1.102415854,1.04056873,-0.621285433,0.476326157,2017,8.09E-05,0.912936298,-0.326217458,0.202072539,0.888601036
2467,-0.039468827,1.16719943,1.56390806,-0.509137231,0.288448246,2018,5.42E-05,0.136242856,0.912936298,-0.774509804,0.784313725
2467,0.259570721,1.052719263,0.642743774,-1.92496597,0.496875812,2019,4.10E-05,-0.366149248,0.136242856,0.992788462,0.725961538
2468,-0.04596824,0.760136445,1.327056107,-0.104433801,0.202128265,2016,1.13E-05,-0.32976149,-0.122012565,-0.663974152,-0.599353796
2468,0.006753849,0.907126197,0.729757751,-0.176769944,0.361129262,2017,4.47E-05,0.462511361,-0.32976149,0.611398964,0.64507772
2468,0.05353023,0.557834679,-0.150435927,-0.366384044,0.483169833,2018,1.08E-05,-0.348396281,0.462511361,0.882352941,-0.544117647
2468,-0.008624938,1.150228346,0.243342238,0.71326119,-0.445938672,2019,1.07E-05,-0.543235252,-0.348396281,-0.158653846,-0.408653846
2469,0.015393197,1.115981438,0.910090486,-0.410616876,0.473266,2018,1.34E-05,0.039847913,0.033195925,0.357843137,-0.193627451
2469,-0.00937531,1.096768076,1.694034002,0.569517396,-0.007412194,2019,3.43E-05,0.239189576,0.039847913,-0.173076923,0.610576923
2471,-0.021707985,1.021421811,-0.602730413,-0.837052775,-0.783656876,2016,2.52E-05,-0.377894686,-0.215356285,-0.37641357,0.324717286
2471,0.005038633,0.990823126,0.770942742,-0.080971913,0.0792304,2017,1.74E-05,-0.063046285,-0.377894686,0.507772021,-0.121761658
2474,-0.070819411,1.158024482,0.320654919,-1.555028711,0.598595621,2019,1.03E-05,-0.110274996,-0.182634568,-0.887019231,-0.480769231
2476,-0.023531824,1.125533489,0.612941359,-1.078814621,0.182903004,2016,1.21E-05,-0.45609541,-0.046937807,-0.402261712,-0.476575121
2476,-0.0088528,1.313646049,1.557256498,-0.403753591,-0.176077955,2017,1.20E-05,0.430001534,-0.45609541,-0.769430052,-0.461139896
2478,-0.007995019,1.120061183,1.110839599,-0.042378706,0.247898401,2016,1.48E-05,-0.202201039,0.050534789,-0.166397415,-0.153473344
2480,-0.020393414,0.946699338,1.266643088,-0.18917594,-0.021999819,2016,2.39E-05,-0.051003035,-0.279883512,-0.340872375,0.256865913
2480,-0.002059502,0.979250272,0.406802145,-0.539134418,0.098969913,2017,2.38E-05,-0.387656217,-0.051003035,-0.349740933,0.150259067
2483,0.045473889,0.947780578,0.99987438,-0.53796854,0.215115467,2016,3.15E-05,-0.364621101,-0.091488624,0.602584814,0.476575121
2483,0.002774816,1.146552106,0.546393998,-0.770837809,0.234516602,2017,3.10E-05,-0.019637401,-0.364621101,0.25388601,0.378238342
2483,0.010304386,1.118952213,0.899708439,-0.355464519,0.555125789,2018,6.00E-05,0.072577809,-0.019637401,0.242647059,0.840686275
2483,0.028780331,0.849352871,1.374953528,0.593045972,-0.696681731,2019,5.83E-05,0.075594606,0.072577809,0.509615385,0.865384615
2486,-0.10222849,1.036737797,1.250968793,-0.304588451,0.232183894,2018,4.24E-05,0.067330585,-0.057164937,-0.987745098,0.661764706
2486,0.045325442,0.689604747,1.612014099,0.49210312,-0.596597491,2019,2.41E-05,-0.26429182,0.067330585,0.704326923,0.391826923
2487,-0.101841935,0.977509456,0.437914077,-1.130807272,-0.389181214,2016,1.50E-05,-0.425360514,-0.301295101,-0.938610662,-0.137318255
2487,-0.017218105,1.104546318,0.608173594,-0.518773064,0.238869853,2017,1.36E-05,0.149857267,-0.425360514,-0.89119171,-0.272020725
2492,0.015601357,1.768642377,2.800043031,1.014499723,0.004418429,2017,1.22E-05,-0.274404718,-0.232364965,0.873056995,-0.422279793
2497,0.047798432,1.043828941,1.072370145,0.416892886,-0.599792784,2016,2.12E-05,0.072298478,0.2469895,0.628432956,0.121163166
2497,-0.011054396,0.997425978,1.720842843,0.195250399,-0.50632472,2017,1.86E-05,-0.347146402,0.072298478,-0.82642487,-0.080310881
2497,-0.023770085,1.771927444,1.511836134,-0.073763122,0.237488775,2018,9.10E-06,0.304853862,-0.347146402,-0.575980392,-0.803921569
2498,-0.046247175,0.857465625,1.031129006,-0.395550406,-0.218061145,2016,4.58E-05,-0.397438205,-0.161189757,-0.670436187,0.718901454
2498,-0.000588276,0.859603553,0.00767439,-0.79950839,0.123333442,2017,3.46E-05,0.336543362,-0.397438205,-0.18134715,0.471502591
2498,-0.001855796,0.755884411,0.86540174,0.145867107,-0.009439988,2018,3.47E-05,0.562321248,0.336543362,-0.102941176,0.512254902
2498,0.03679558,1.00628477,1.807812314,0.288743499,-0.720305917,2019,1.02E-05,-0.23619229,0.562321248,0.625,-0.497596154
2505,0.112889727,0.882766405,1.450153885,0.272650444,0.333319142,2016,8.45E-06,-0.396493772,-0.112792747,0.94184168,-0.928917609
2505,0.004317714,-0.037814861,0.067382343,-0.095605107,-0.45404104,2018,1.17E-05,0.125143357,-0.093421059,0.066176471,-0.375
2505,-0.014706382,0.514910835,1.296793817,-0.124808381,-0.641718917,2019,9.62E-06,-0.019723831,0.125143357,-0.269230769,-0.608173077
2506,0.006885213,0.932221789,0.406266044,-0.410030672,0.167781246,2017,9.51E-06,0.406649663,0.004427123,0.613989637,-0.813471503
2506,-0.002228482,0.365209837,0.167331939,-0.57497604,-0.028532486,2018,8.68E-06,-0.615730545,0.406649663,-0.107843137,-0.860294118
2506,0.023154153,0.595586278,0.527694604,0.02932685,0.293741494,2019,8.63E-06,0.313229523,-0.615730545,0.430288462,-0.788461538
2512,-0.130797971,1.101660861,0.642618817,0.65290774,0.121443113,2016,5.23E-05,-0.407399196,-0.215842731,-0.964458805,0.773828756
2512,-0.001639503,0.739817516,0.57743966,0.173392297,-0.098799947,2017,0.000236613,-0.536872184,-0.407399196,-0.308290155,0.992227979
2512,-0.006945098,0.779676299,1.191023244,-1.943851901,-0.725623416,2019,6.76E-05,-0.267197594,0.100537033,-0.115384615,0.90625
2514,0.112120108,0.480019668,0.987451866,-0.719028354,-0.578156564,2016,1.01E-05,-0.292315027,-0.349837196,0.935379645,-0.789983845
2514,-0.019635199,1.07241821,1.027680724,-0.025636894,-0.313910342,2017,2.10E-05,0.034328975,-0.292315027,-0.904145078,0.020725389
2514,0.023152182,0.814018502,0.655460369,0.185245102,0.168133079,2018,2.23E-05,-0.353389264,0.034328975,0.524509804,0.161764706
2514,-0.066449725,0.49651487,0.660213808,0.165168486,-0.398749758,2019,5.21E-05,0.048705544,-0.353389264,-0.867788462,0.824519231
2520,0.131151641,1.021078753,0.73476033,-0.544846521,-0.390789444,2018,4.50E-05,-0.094803923,0.00114475,0.992647059,0.705882353
2520,0.00030144,0.916440077,0.194073643,-1.427707966,0.650173878,2019,1.99E-05,0.14037774,-0.094803923,0.060096154,0.194711538
2523,-0.046366822,1.130580264,1.293440248,0.400138003,-0.019059977,2016,2.88E-05,-0.16387873,0.082250336,-0.673667205,0.43457189
2523,-0.006182179,1.019675111,1.055054059,0.061018771,-0.109269227,2017,5.21E-05,0.077604217,-0.16387873,-0.670984456,0.707253886
2523,0.010371792,0.210477111,0.568011821,-0.388612178,-0.198988982,2018,3.63E-05,-0.27112724,0.077604217,0.24754902,0.551470588
2524,0.07121236,1.16595905,1.115837328,-0.724498127,0.674778715,2016,5.43E-05,-0.478345906,0.165060005,0.770597738,0.806138934
2524,0.028714578,1.133994121,0.94762683,-1.013928772,0.475287442,2017,3.97E-05,0.061683805,-0.478345906,0.968911917,0.580310881
2526,0.012940499,1.01181821,0.686874683,-0.607541167,-0.102331111,2016,2.80E-05,-0.271682036,-0.238381507,0.140549273,0.418416801
2527,-0.039848351,0.976282054,1.213562735,-0.596031982,0.411230088,2019,8.66E-06,0.51768298,-0.07837085,-0.641826923,-0.78125
2529,-0.030454533,0.874870891,1.673151057,0.437565292,-0.745295963,2016,1.24E-05,-0.38066915,-0.158866281,-0.49273021,-0.43457189
2529,-4.47E-05,1.060121471,0.609569681,-0.574600534,-0.157007452,2017,1.23E-05,-0.278406471,-0.38066915,-0.093264249,-0.406735751
2529,0.010158777,0.486817407,-0.147053413,-1.080152971,0.033349759,2018,1.12E-05,-0.2563931,-0.278406471,0.237745098,-0.468137255
2529,-0.024529704,1.355991004,1.831417304,0.26190416,0.083977815,2019,1.08E-05,0.311831,-0.2563931,-0.4375,-0.387019231
2530,-0.010884546,0.198048053,0.541952482,-0.580188441,0.247456878,2017,2.07E-05,0.055123876,-0.511881076,-0.821243523,0
2532,0.005501181,1.12733756,0.972227757,-0.79865496,0.017569381,2017,1.19E-05,0.374201368,-0.401832447,0.546632124,-0.492227979
2533,-0.00088782,1.142208689,0.995007917,-0.12904848,-0.057134627,2018,1.02E-05,0.059544845,0.07229672,-0.066176471,-0.656862745
2534,-0.001952127,1.218521725,0.54027997,-0.571328101,-0.339796528,2017,6.27E-05,0.01630046,-0.277062634,-0.341968912,0.805699482
2534,0.006076587,0.85432462,1.831057825,0.695521501,0.015409184,2018,3.76E-05,0.245699628,0.01630046,0.107843137,0.583333333
2534,0.01868788,1.044115861,1.602674602,0.831728628,-0.432316763,2019,3.96E-05,0.852524499,0.245699628,0.360576923,0.699519231
2535,0.111096868,0.776355709,-0.030886908,-1.487925785,-0.303309102,2016,1.05E-05,-0.298788402,-0.356655774,0.925686591,-0.709208401
2537,0.009290226,0.688372363,-0.50316615,-1.396867125,0.211111308,2018,8.72E-06,-0.241439438,-0.207856914,0.218137255,-0.852941176
2537,-0.052776703,0.493170271,0.212324755,-0.098893492,0.166183031,2019,8.63E-06,-0.074849023,-0.241439438,-0.78125,-0.788461538
2539,-0.004645642,0.959656293,0.646855224,-0.467358982,0.131348173,2017,2.68E-05,0.10636211,-0.500477537,-0.585492228,0.261658031
2539,-0.026698329,0.977026668,1.310184342,-0.042885199,0.445911524,2018,7.77E-06,0.494705586,0.10636211,-0.620098039,-0.926470588
2539,0.124199124,1.01556631,1.098147218,0.653308376,0.134019446,2019,2.32E-05,0.276041423,0.494705586,0.959134615,0.362980769
2540,-0.009541592,1.125161383,1.426765457,0.284093441,0.220862752,2016,1.34E-05,-0.266667153,-0.195496212,-0.192245557,-0.273021002
2540,0.00725493,1.020524975,0.493345733,-0.032963924,-0.005047382,2017,3.13E-05,-0.042848539,-0.266667153,0.632124352,0.396373057
2540,-0.018779862,0.550458319,0.638104757,-0.10537887,0.183718055,2018,2.06E-05,-0.052265264,-0.042848539,-0.509803922,0.083333333
2540,-0.003891962,0.999936568,1.137117134,0.407339117,0.026504681,2019,1.92E-05,0.163680809,-0.052265264,-0.033653846,0.125
2542,0.009507894,1.203283169,1.194985114,-0.214498695,0.385579911,2016,5.22E-05,-0.564572575,0.571959193,0.075928918,0.767366721
2542,-0.015361354,1.136595874,1.179180033,-0.38278988,-0.491216587,2017,6.87E-05,-0.16494041,-0.564572575,-0.880829016,0.857512953
2542,0.033129832,1.175900684,0.815161273,-0.184148639,0.452872662,2018,2.96E-05,-0.254157151,-0.16494041,0.681372549,0.424019608
2542,-0.001783447,1.035608487,0.994147153,0.216009234,0.184206017,2019,1.87E-05,-0.120726673,-0.254157151,0.016826923,0.088942308
2543,0.079380427,1.050827334,1.158177413,0.068837965,-0.065715102,2016,2.94E-05,-0.225677713,0.387026669,0.799676898,0.441033926
2543,-0.019714858,1.053056928,0.262503562,0.169306581,-0.002238556,2017,5.44E-05,-0.088065094,-0.225677713,-0.909326425,0.75388601
2543,0.053850206,1.054006499,0.950424385,0.546296547,-0.020081396,2018,4.03E-05,-0.191257519,-0.088065094,0.884803922,0.632352941
2543,-0.000923173,0.843630689,0.456972722,0.377175425,-0.683453135,2019,3.45E-05,-0.029512458,-0.191257519,0.033653846,0.620192308
2544,-0.030744215,1.309396729,0.121096424,-1.642628801,0.390628511,2016,4.94E-05,-0.408981619,-0.298444847,-0.499192246,0.741518578
2544,0.00259865,0.833657634,0.619634212,-0.05798561,0.17108635,2017,9.93E-06,-0.057074338,-0.408981619,0.227979275,-0.766839378
2544,0.005444688,1.064969235,0.146427147,-1.785840994,0.200483034,2018,1.94E-05,-0.001220989,-0.057074338,0.095588235,0.044117647
2544,-0.104721867,1.097054117,-0.147217301,-2.590197609,1.292425947,2019,8.88E-06,0.001157305,-0.001220989,-0.963942308,-0.757211538
2545,-0.051987233,1.404885239,1.111387217,0.243368532,0.109260193,2016,1.32E-05,-0.516085939,0.35330636,-0.728594507,-0.28917609
2545,-0.003895633,1.170327651,0.230070262,-0.767917136,-0.437837101,2017,1.20E-05,0.054596549,-0.516085939,-0.502590674,-0.461139896
2545,-0.094829078,1.25528648,1.63487489,0.90891796,0.343461144,2018,6.34E-05,0.210696081,0.054596549,-0.985294118,0.862745098
2545,-0.00189815,1.008988238,0.047911492,-0.69867913,0.724744382,2019,7.76E-05,-0.026696449,0.210696081,0.014423077,0.927884615
2551,0.002026576,1.082463533,0.966474507,-0.111152702,0.136489882,2017,6.82E-06,-0.179807037,-0.433122375,0.17357513,-0.984455959
2551,0.013993526,1.135392244,1.617180358,-0.111771016,0.363419617,2018,6.93E-06,0.684385254,-0.179807037,0.316176471,-0.975490196
2551,-0.038311777,1.165346069,1.075643745,0.094963274,0.024980433,2019,6.40E-06,-0.38095446,0.684385254,-0.617788462,-0.975961538
2552,0.147485854,0.781437938,1.06219075,-0.832710168,0.17400639,2016,1.34E-05,-0.456517233,-0.197430322,0.977382876,-0.273021002
2552,0.015323586,0.52221752,1.893981865,-1.19657465,-0.012038354,2017,1.18E-05,0.04101779,-0.456517233,0.865284974,-0.505181347
2552,-0.116767271,0.938501521,0.578620827,-1.437262726,-1.05925097,2019,3.26E-05,-0.205111409,0.847699732,-0.990384615,0.576923077
2553,0.009127709,1.131740972,0.633106466,-0.209976839,0.520886921,2018,1.54E-05,0.054068681,-0.048954354,0.213235294,-0.080882353
2553,0.050086612,1.047004791,1.723977914,0.554015742,-0.033314908,2019,1.17E-05,0.651901753,0.054068681,0.742788462,-0.247596154
2554,0.018372739,1.05655846,0.945753904,-0.232188028,0.151263995,2016,2.85E-05,-0.472269398,-0.193012167,0.240710824,0.424878837
2554,-0.007372889,0.780047303,0.577660253,-1.598503126,-0.330315089,2017,8.34E-05,0.138964358,-0.472269398,-0.727979275,0.901554404
2554,-0.026781676,1.149090035,1.320601115,0.431379198,-0.024594632,2018,3.58E-05,-0.324673501,0.138964358,-0.62254902,0.536764706
2554,0.082913441,1.24316543,1.686429653,-0.034552618,0.128155021,2019,9.52E-05,0.130561697,-0.324673501,0.911057692,0.961538462
2556,0.057666805,1.326830471,0.735880989,-0.145326011,0.523991703,2018,2.23E-05,0.495560028,0.114026634,0.904411765,0.161764706
2556,0.060846142,1.075118006,1.16258576,0.155942975,0.320510442,2019,1.71E-05,0.293860597,0.495560028,0.807692308,0.002403846
2557,-0.001137385,1.036169353,0.394508929,0.486271603,0.095308439,2017,2.38E-05,0.669217226,0.058738346,-0.243523316,0.150259067
2557,-0.012220242,0.978671123,-0.137826801,-0.585903078,-0.204098125,2018,1.16E-05,1.143529249,0.669217226,-0.382352941,-0.397058824
2559,0.006208028,0.96846705,0.955652483,-0.203245187,0.086992573,2018,1.22E-05,0.083207151,0.175669141,0.112745098,-0.301470588
2563,-0.085894038,0.742092643,0.780085576,0.339731678,-0.175423233,2018,9.87E-06,-0.33263754,-0.214125405,-0.975490196,-0.700980392
2565,0.006086808,0.548196502,1.110949352,0.700754319,0.109523763,2018,2.12E-05,-0.347162386,1.363141816,0.110294118,0.098039216
2571,-0.079077401,1.515931256,1.359651977,2.365302242,-0.373184538,2018,1.06E-05,-0.018573241,-0.147063066,-0.958333333,-0.588235294
2573,0.097640768,1.20402162,1.753639937,1.145591129,0.109230458,2016,1.17E-05,-0.392578661,0.095772068,0.880452342,-0.531502423
2573,-0.001180435,0.960101051,0.728395268,-0.387252689,-0.335474801,2017,1.04E-05,-0.295848336,-0.392578661,-0.248704663,-0.712435233
2573,0.084317315,1.423460615,1.262828937,-0.665456644,1.202986609,2019,3.89E-05,-0.051627834,-0.313812338,0.913461538,0.689903846
2576,-0.062772721,1.342563025,2.115972974,0.276713355,0.55893559,2018,1.45E-05,-0.093866516,0.310604983,-0.924019608,-0.12254902
2576,-0.012454101,1.215954294,1.583859662,-0.06011529,0.669665975,2019,1.27E-05,0.033183618,-0.093866516,-0.223557692,-0.189903846
2578,-0.037489384,1.072480032,0.52684863,-0.657952118,0.348426068,2016,4.24E-05,-0.121710098,-0.087745229,-0.570274637,0.670436187
2578,-0.000244569,0.726468241,1.536438267,0.864398818,-0.491627056,2017,6.82E-05,-0.076414666,-0.121710098,-0.121761658,0.849740933
2578,-0.052969232,0.932341407,-0.008230395,-0.402504602,0.08903687,2018,4.14E-05,-0.047806294,-0.076414666,-0.884803922,0.642156863
2578,0.048714588,0.507862895,0.579014065,-0.060027408,-0.134762354,2019,3.14E-05,-0.097564114,-0.047806294,0.728365385,0.560096154
2580,-0.003711885,1.088100598,1.349103917,-0.641985139,0.205340034,2017,1.30E-05,-0.105198688,-0.228340088,-0.479274611,-0.321243523
2580,-0.077995824,0.798624483,1.864393106,-0.355127667,0.323528874,2018,2.56E-05,-0.042024477,-0.105198688,-0.955882353,0.308823529
2580,-0.050528116,1.248862231,1.331759866,0.018179084,0.252806631,2019,1.12E-05,0.260040021,-0.042024477,-0.764423077,-0.293269231
2582,-0.004268016,0.415331042,1.82177615,0.441751841,0.105697688,2017,4.86E-05,-0.172857988,-0.105078644,-0.556994819,0.68134715
2583,0.000538718,0.890685347,0.078617668,0.061775881,0.206261976,2017,4.02E-05,-0.002964079,-0.4893029,-0.023316062,0.590673575
2583,-0.001081623,1.04241713,-0.196823189,-1.291719199,0.073095612,2018,3.78E-05,-0.109172634,-0.002964079,-0.071078431,0.590686275
2583,-0.01657794,1.394934429,0.198604949,-0.80068067,0.259354625,2019,1.47E-05,-0.345070601,-0.109172634,-0.307692308,-0.091346154
2593,-0.068176065,0.929486479,1.278730858,-0.746824147,-0.060893618,2016,2.24E-05,-0.361322131,-0.320344024,-0.822294023,0.182552504
2593,0.003855577,1.15179281,0.735791283,-0.640039763,0.139319601,2017,3.12E-05,0.14193648,-0.361322131,0.388601036,0.388601036
2593,0.004143743,0.969604773,1.049128924,-0.174169224,0.163749713,2018,4.19E-05,-0.102934034,0.14193648,0.058823529,0.649509804
2593,-0.111916926,1.031272133,1.310688752,0.263664126,0.344134359,2019,1.11E-05,0.083116543,-0.102934034,-0.983173077,-0.319711538
2596,0.01090413,0.87265358,1.075314195,0.012152518,-0.388701124,2016,2.63E-05,0.224461164,-0.13702346,0.111470113,0.360258481
2596,0.131002833,0.491565996,1.187490098,-0.859245971,0.508595357,2018,8.57E-06,-0.188441319,-0.223813422,0.990196078,-0.87254902
2596,0.032744669,1.154535888,0.969530406,-0.32787489,0.201193794,2019,8.34E-06,-0.284798942,-0.188441319,0.576923077,-0.824519231
2598,0.006744202,1.119768104,1.02378927,-0.353784076,-0.292729614,2017,1.39E-05,-0.042706362,-0.361125572,0.60880829,-0.248704663
2598,-0.017360878,1.159449089,0.68701616,-0.149638113,0.227174036,2018,2.62E-05,-0.108570266,-0.042706362,-0.465686275,0.343137255
2603,0.001391789,1.022436404,0.433598208,0.282625534,0.088756949,2017,9.56E-06,-0.178387675,-0.211467904,0.075129534,-0.808290155
2603,-0.040898947,0.942746744,0.208296665,-0.264899258,-0.323668651,2018,9.53E-06,1.698001181,-0.178387675,-0.786764706,-0.75
2603,-0.023182624,1.06843602,0.782203186,0.407745909,0.271982566,2019,8.74E-06,-0.079476316,1.698001181,-0.420673077,-0.764423077
2606,0.016056625,1.144624311,0.923759448,-0.503749655,0.059849001,2016,4.21E-05,-0.766945633,1.124467186,0.198707593,0.663974152
2606,-0.091030499,0.915440689,2.074710208,0.802964064,0.001293375,2018,3.57E-05,0.327857804,0.168003359,-0.982843137,0.529411765
2606,-0.074932921,1.008362939,1.571088778,0.112051501,-0.482309772,2019,4.40E-05,-0.078949632,0.327857804,-0.90625,0.762019231
2610,-0.05482403,1.060881784,1.139810479,-0.00895386,-0.188480732,2016,3.30E-05,-0.151219753,-0.488236085,-0.760904685,0.495961228
2611,0.002858656,0.969241542,0.678456721,-0.526471221,-0.366953665,2018,1.03E-05,0.179621125,-0.385055834,0.034313725,-0.634803922
2611,0.220919089,1.107378277,1.155090767,-0.049166753,-0.281466568,2019,4.70E-05,-0.01106962,0.179621125,0.985576923,0.778846154
2613,0.066992397,1.008251032,1.322198336,0.171808148,-0.137433508,2016,1.28E-05,-0.383476539,-0.185927034,0.744749596,-0.340872375
2613,-0.001687035,0.83818833,1.454447403,-0.205721122,-0.2341494,2017,1.11E-05,-0.077605009,-0.383476539,-0.313471503,-0.603626943
2613,0.008297985,1.005691794,1.407922903,0.147712579,0.257212079,2018,6.52E-05,0.495907276,-0.077605009,0.198529412,0.870098039
2613,0.020228627,1.084366612,1.26236789,0.477351523,-0.323113561,2019,5.08E-05,-0.185483321,0.495907276,0.382211538,0.8125
2615,0.006376633,1.116990806,0.801627462,0.005991892,0.175488605,2017,2.69E-05,-0.091287722,-0.447036874,0.588082902,0.266839378
2615,-0.020281834,0.841175179,0.715749807,-0.100588861,0.405510192,2018,1.18E-05,-0.148656255,-0.091287722,-0.541666667,-0.352941176
2615,0.023692341,1.022666106,1.478806431,0.379562136,-0.055196003,2019,9.32E-06,-0.048538111,-0.148656255,0.439903846,-0.665865385
2620,0.199936959,0.95839556,0.386824232,-1.084996446,-0.490929118,2016,1.19E-05,-0.570997559,0.070633741,0.993537964,-0.49273021
2620,-0.055082492,1.14861138,1.868302495,0.451831973,0.184000102,2018,1.11E-05,-0.124579209,-0.134010163,-0.892156863,-0.490196078
2622,0.00156996,0.481429182,-0.195108844,-2.018865129,0.447013516,2018,2.30E-05,-0.075743353,-0.339091987,-0.004901961,0.191176471
2622,0.081051242,1.240292684,1.796982358,-0.267180646,-1.030347628,2019,1.03E-05,0.556093684,-0.075743353,0.899038462,-0.480769231
2623,-0.068432752,1.112711186,1.370321843,-0.07299806,-0.181976685,2016,2.29E-05,-0.375478293,-0.255059888,-0.831987076,0.221324717
2628,0.034333483,0.830854996,0.777748014,-0.08361725,0.594377803,2018,2.17E-05,-0.273412909,0.159126746,0.703431373,0.117647059
2630,-0.006112355,0.750963573,0.666057816,-0.234981202,-0.40791403,2017,0.000104566,-0.535450497,-0.10892086,-0.665803109,0.937823834
2630,-0.026804649,1.013261971,1.531114304,-0.837671956,-0.146113072,2019,6.58E-05,0.067108754,-0.351149361,-0.471153846,0.901442308
2632,0.022060265,0.968433207,1.267502869,-0.039323305,-0.466556036,2018,1.28E-05,0.213413891,-0.205422043,0.5,-0.240196078
2637,0.00645475,0.881277407,1.087732431,0.710466496,-0.297761943,2019,1.81E-05,0.521954832,0.438411804,0.149038462,0.038461538
2639,-0.02471931,0.891892407,2.167454722,0.313324054,0.494392828,2016,1.29E-05,-0.301294694,-0.231037597,-0.424878837,-0.331179321
2639,0.004054187,0.652753583,0.690375528,-1.386521741,-0.202031052,2017,1.37E-05,0.254442584,-0.301294694,0.424870466,-0.259067358
2639,-0.036460778,0.626715827,0.320654855,-0.638465091,0.278449962,2018,1.26E-05,-0.170653323,0.254442584,-0.74754902,-0.257352941
2640,0.002635492,0.53917882,0.597592057,-0.268335832,0.045683324,2017,6.24E-05,-0.452224997,-0.304069634,0.230569948,0.795336788
2640,-0.017515916,1.169906361,0.258030507,-0.816594604,0.4274394,2018,1.78E-05,-0.228629256,-0.452224997,-0.477941176,-0.012254902
2640,0.010070207,0.974342108,0.088301617,-0.757668524,-0.234421664,2019,9.04E-06,-0.466568423,-0.228629256,0.21875,-0.725961538
2641,-0.009253881,0.763395556,0.500536151,-0.045724779,0.460372127,2018,2.22E-05,0.660204154,0.168836456,-0.299019608,0.159313725
2642,0.001069386,0.994910767,0.857346924,-0.947325006,-0.468710971,2016,1.05E-05,-0.638943072,-0.058275347,-0.046849758,-0.709208401
2644,0.063072331,0.976960759,0.947748831,-0.702648646,0.179605094,2016,1.59E-05,0.094615009,-0.181885069,0.731825525,-0.088852989
2644,-0.000609291,1.072736061,0.547220338,-0.19302437,0.255560921,2017,5.86E-05,-0.337677133,0.094615009,-0.186528497,0.779792746
2644,0.005265243,1.086235473,0.43063325,-0.059594608,-0.081205542,2018,0.000102678,0.195926604,-0.337677133,0.088235294,0.975490196
2644,0.004454186,0.8047285,0.41758675,0.221464177,-0.20578577,2019,3.48E-05,0.061443516,0.195926604,0.134615385,0.622596154
2645,-0.004619737,0.976733172,2.083772437,-0.298080095,0.12210456,2017,2.90E-05,9.95E-06,0.081512629,-0.577720207,0.329015544
2649,-0.007251607,0.962024801,1.403885954,0.006385349,-0.036515029,2017,9.86E-06,-0.02820863,-0.17896377,-0.712435233,-0.772020725
2649,-0.028991531,1.352979702,0.923719165,-0.926949961,-0.413290783,2018,3.16E-05,0.038238754,-0.02820863,-0.661764706,0.473039216
2649,-0.00568363,1.086251673,0.484545808,-1.278381322,0.445040451,2019,4.94E-05,0.135490538,0.038238754,-0.074519231,0.798076923
2651,-0.000486607,1.508952564,0.578161892,-0.10312594,0.42576843,2018,1.14E-05,-0.010995487,-0.056265849,-0.053921569,-0.431372549
2659,0.014764577,0.955476258,0.957042406,-0.478307609,-0.547510122,2016,8.35E-05,-0.124275781,-0.148200145,0.176090468,0.919224556
2660,0.030256984,0.655677133,0.938372259,-0.76827928,-0.867104569,2018,1.03E-05,0.204388324,-0.094286923,0.642156863,-0.634803922
2664,-0.005868711,0.893357867,0.758561504,-0.490932916,-0.552222225,2019,1.07E-05,0.17540182,-0.005262516,-0.079326923,-0.408653846
2665,-0.037310294,0.847257632,0.949994439,-0.48959465,0.216621486,2016,0.00010323,-0.204395652,-0.099366728,-0.563812601,0.957996769
2667,-0.056054341,0.773290006,1.798127256,0.163653655,-0.738386454,2016,1.31E-05,-0.447521058,-0.398583851,-0.764135703,-0.308562197
2667,-0.000980495,0.915976881,0.175601584,-1.104099462,0.570120948,2017,1.19E-05,0.294855151,-0.447521058,-0.227979275,-0.492227979
2667,-0.013271689,0.922926074,1.869844519,0.545055325,-0.070932856,2018,1.18E-05,-0.202202916,0.294855151,-0.404411765,-0.352941176
2667,-0.01572062,1.042452572,0.558909527,-0.649922929,0.187911654,2019,1.04E-05,1.122823708,-0.202202916,-0.278846154,-0.466346154
2669,-0.062357088,1.103752642,0.596910118,0.369376115,-0.707135778,2016,1.40E-05,-0.283056546,0.197987737,-0.789983845,-0.211631664
2669,0.016218018,0.529335396,0.794646248,-0.343063585,0.881917663,2018,3.01E-05,0.198170356,-0.429122522,0.384803922,0.43627451
2669,-0.085781239,1.151796702,1.448411762,0.354683449,-0.281159377,2019,4.36E-05,-0.137436118,0.198170356,-0.925480769,0.754807692
2672,0.046358845,0.931652205,0.509402508,-0.190035628,0.098011956,2019,8.20E-06,-0.169140251,-0.207320443,0.711538462,-0.850961538
2678,-0.073707212,1.176065949,1.406845198,0.005551176,0.478228443,2016,1.05E-05,-0.338424573,0.029380434,-0.864297254,-0.709208401
2678,-0.000448583,0.850608827,1.009406445,0.310565525,0.619454885,2017,2.04E-05,0.160352522,-0.338424573,-0.152849741,-0.015544041
2678,-0.002410757,0.855630169,0.615383851,-0.317779882,0.082398919,2018,9.56E-06,-0.053460677,0.160352522,-0.110294118,-0.742647059
2682,-0.016709281,1.460253141,0.866586512,0.020211993,-0.280777242,2017,1.16E-05,-0.040974819,-0.389676264,-0.888601036,-0.528497409
2682,0.017265817,1.174773527,1.097353452,-0.142522223,0.474453076,2018,2.07E-05,-0.224087605,-0.040974819,0.411764706,0.085784314
2682,0.022662811,1.157590665,1.511755484,0.725059214,-0.333903944,2019,9.82E-06,-0.154915153,-0.224087605,0.425480769,-0.569711538
2683,-0.037781827,1.103312398,0.47835788,-0.070251615,0.870466338,2018,1.11E-05,1.941437315,0.309799197,-0.759803922,-0.490196078
2683,-0.027128876,1.02465633,0.517376852,-0.436782427,-0.131519369,2019,1.00E-05,-0.206383126,1.941437315,-0.478365385,-0.526442308
2685,-0.111825845,1.973475857,1.172775248,0.765736623,0.936707664,2017,2.03E-05,-0.29635276,-0.1120307,-0.987046632,-0.018134715
2685,-0.019870192,1.286835799,0.796804478,0.012218106,0.442072061,2018,9.71E-06,0.00497825,-0.29635276,-0.529411765,-0.718137255
2688,0.011331951,1.156324901,0.748825934,0.961640245,-0.710658033,2016,1.03E-05,-0.417008808,-0.207916937,0.114701131,-0.741518578
2692,0.004648199,0.944596229,0.993015045,-0.063435886,0.465729481,2017,1.25E-05,-0.071853947,-0.619268902,0.471502591,-0.386010363
2696,-0.007328596,0.890948562,0.682597358,-0.783456183,0.452618435,2019,2.03E-05,-0.197247355,-0.021746973,-0.132211538,0.223557692
2707,-0.045920137,0.763917347,1.248782093,-0.364478672,-0.551273306,2016,2.19E-05,-0.277923463,-0.361880399,-0.660743134,0.153473344
2707,-0.011622674,0.643350279,0.993872257,0.150570705,0.471916292,2017,3.34E-05,-0.377653975,-0.277923463,-0.847150259,0.450777202
2707,-0.023676373,1.240109874,0.720311442,-0.409584285,0.222620702,2018,2.86E-05,0.173070087,-0.377653975,-0.573529412,0.409313725
2707,-0.047934428,1.341749532,0.819474066,0.07547969,-0.378507897,2019,2.83E-05,-0.156588736,0.173070087,-0.737980769,0.480769231
2715,0.039555935,1.069773236,0.646968304,-0.737836793,-0.016408672,2016,1.15E-05,-0.506754107,-0.117220362,0.541195477,-0.576736672
2715,0.005020644,0.884896603,0.901566527,-0.022498215,-0.159211448,2017,2.12E-05,0.117336222,-0.506754107,0.505181347,0.033678756
2715,0.021703371,1.094266601,1.066308384,0.335630848,-0.002577519,2018,2.40E-05,0.530363171,0.117336222,0.492647059,0.237745098
2715,0.001592411,0.971666889,0.956201354,0.233889065,0.02551217,2019,1.15E-05,-0.217071793,0.530363171,0.079326923,-0.262019231
2722,0.006966474,0.96547538,2.756903884,0.311333569,-0.269890047,2017,2.45E-05,-0.139150457,-0.503303546,0.619170984,0.18134715
2722,-0.021697282,1.00621853,0.940666086,-0.468756094,-0.324309933,2018,1.16E-05,-0.195754574,-0.139150457,-0.558823529,-0.397058824
2722,0.053483857,0.96180436,1.148351531,0.425354542,-0.156593107,2019,9.74E-06,0.045309355,-0.195754574,0.771634615,-0.576923077
2723,-0.002032532,1.343904235,1.297321002,-0.22977811,-0.437567964,2017,1.61E-05,-0.30549588,-0.213755264,-0.347150259,-0.158031088
2723,0.049821701,0.877915186,1.525321303,-0.290831016,-0.223637331,2019,1.25E-05,-0.007192031,0.619332505,0.740384615,-0.211538462
2724,0.045083832,1.054267265,1.508939189,0.405882175,-0.160339072,2016,1.18E-05,-0.549678428,0.002967818,0.592891761,-0.518578352
2724,0.00235862,1.24642888,1.111513752,-0.013501375,0.211681772,2017,1.15E-05,0.046779884,-0.549678428,0.212435233,-0.544041451
2730,0.009695427,1.477341951,-0.634934603,-1.505785088,0.130858301,2017,2.62E-05,0.013159602,-0.535027495,0.738341969,0.248704663
2731,0.004301306,0.748073871,0.742301523,0.001380694,0.155188624,2018,1.53E-05,-0.254122096,0.179703385,0.06372549,-0.085784314
2737,-0.001151309,1.14994185,0.768509988,0.713366214,0.73861734,2017,2.22E-05,-0.258007324,0.418311,-0.24611399,0.075129534
2737,-0.028617856,0.623657727,0.341487217,-0.444215183,-0.397157652,2018,1.05E-05,0.00584188,-0.258007324,-0.659313725,-0.595588235
2737,0.011334528,0.993851746,-0.019074936,-0.209020645,-0.723254646,2019,1.97E-05,0.098585512,0.00584188,0.237980769,0.175480769
2738,0.015284678,1.048452901,0.841712312,0.226923399,-0.472423451,2016,8.18E-05,0.068612231,-0.002746144,0.182552504,0.91276252
2738,0.001432002,0.852267556,1.734700823,0.03362888,-0.231654076,2017,6.56E-05,-0.200621169,0.068612231,0.088082902,0.831606218
2738,0.075243556,1.644511951,1.872338283,1.078595037,-0.298600566,2018,2.48E-05,-0.158136114,-0.200621169,0.955882353,0.276960784
2743,-0.043723685,0.906113124,1.305780752,-0.094509448,-0.204568793,2016,3.54E-05,-0.438282798,-0.150341852,-0.628432956,0.563812601
2743,-0.033111597,1.60932157,1.023734028,-0.474656961,0.248469488,2017,4.59E-05,-0.139415766,-0.438282798,-0.958549223,0.652849741
2743,0.032243288,1.285509748,0.572467283,-0.868882325,1.076206707,2018,2.35E-05,0.02389833,-0.139415766,0.666666667,0.218137255
2743,-0.002016286,1.134703517,1.199230067,0.45399563,0.116179653,2019,1.12E-05,-0.059781318,0.02389833,0.004807692,-0.293269231
2752,-0.075080167,0.686014578,0.616481414,0.273973531,-0.533074601,2019,9.12E-06,0.013869404,-0.161116545,-0.908653846,-0.711538462
2755,-0.017478347,0.981311909,1.427077869,1.145736158,-0.550024053,2016,1.50E-05,-0.504001818,-0.157016098,-0.308562197,-0.137318255
2755,-0.020154463,1.559828871,1.992101752,-0.50710607,-0.181244195,2017,2.32E-05,0.208374363,-0.504001818,-0.914507772,0.124352332
2761,0.128140723,0.665351988,-0.163647654,-1.029483276,-0.624986794,2019,1.55E-05,-0.061463246,-0.111744028,0.963942308,-0.048076923
2762,0.01267369,1.430439693,1.35848446,-0.185125179,0.596311485,2017,2.30E-05,-0.189991518,-0.476242575,0.813471503,0.111398964
2767,0.03345568,1.10309583,1.9157341,1.321543369,-0.523065549,2016,1.65E-05,-0.426657795,-0.285312624,0.460420032,-0.059773829
2767,0.007342585,1.033092963,1.490900026,-0.483079356,0.314565643,2017,1.55E-05,0.093961376,-0.426657795,0.64507772,-0.17357513
2767,-0.006429702,1.360666947,1.187692867,-0.624968136,0.64979267,2018,1.36E-05,-0.214799523,0.093961376,-0.232843137,-0.178921569
2769,0.137097085,1.004229987,0.112565421,0.366404128,-1.889953318,2016,7.99E-05,-0.185885859,-0.584159054,0.964458805,0.903069467
2769,-0.000603854,1.157835725,1.638796176,-0.374150684,0.495569373,2017,4.75E-05,-0.23386333,-0.185885859,-0.183937824,0.670984456
2769,0.020293765,1.147678292,1.640446379,0.253172987,-0.131924388,2018,4.61E-05,-0.258964935,-0.23386333,0.465686275,0.715686275
2769,0.002414075,1.091907371,1.120574967,0.305097307,-0.59835456,2019,1.04E-05,-0.163442786,-0.258964935,0.096153846,-0.466346154
2772,0.026211564,0.872784784,0.184360796,-0.83949337,0.339419455,2018,1.46E-05,-0.012318295,0.016383084,0.578431373,-0.120098039
2772,0.013419532,0.912610665,1.011161576,0.049757551,0.022815489,2019,1.46E-05,0.873185289,-0.012318295,0.28125,-0.098557692
2774,-0.005314451,1.168574189,2.373251334,0.63150234,0.119164474,2018,2.88E-05,-0.199044364,-0.130101608,-0.200980392,0.414215686
2774,0.060766831,0.837348351,1.05094118,-0.032880855,-0.230941034,2019,6.03E-05,-0.050397057,-0.199044364,0.805288462,0.882211538
2781,-0.047334886,1.284005194,1.444566848,0.673284417,0.409548747,2018,3.08E-05,-0.228920729,0.123502855,-0.848039216,0.455882353
2783,0.048560682,1.290012434,1.842901362,1.120477673,-0.992703598,2019,7.90E-06,-0.074672989,-0.247689682,0.723557692,-0.896634615
2785,-0.015817725,1.247554423,1.871985493,-0.002717768,0.200036707,2017,6.78E-05,0.015278622,-0.55839486,-0.883419689,0.844559585
2785,0.00361468,1.103349685,1.562672094,0.389149351,0.679664211,2018,7.67E-05,0.498797561,0.015278622,0.046568627,0.921568627
2785,0.007860923,0.851501971,1.338501454,0.680296524,-0.052478203,2019,4.96E-05,0.191885607,0.498797561,0.180288462,0.802884615
2787,0.063260902,1.625254045,1.931898709,0.699536135,0.676776107,2018,1.02E-05,-0.090116029,-0.286744381,0.921568627,-0.656862745
2789,0.001942651,1.374870858,2.571652674,1.60839645,-0.239903955,2017,2.61E-05,-0.137121593,-0.334013493,0.160621762,0.240932642
2791,-0.00035249,0.990274668,1.95910403,-0.029281048,0.139341316,2017,7.13E-05,0.288305512,-0.47971475,-0.137305699,0.873056995
2791,-0.01556186,1.003912041,1.553772833,0.13290879,0.386652285,2018,5.66E-05,4.87687935,0.288305512,-0.450980392,0.81127451
2791,-0.002687104,0.94970818,0.940450603,-0.306767361,0.135465436,2019,3.10E-05,1.038063644,4.87687935,-0.012019231,0.552884615
2793,0.117747791,0.794474374,0.535027111,0.447256339,0.447943019,2019,9.16E-06,-0.25711921,0.45017303,0.949519231,-0.704326923
2799,0.007600463,1.622247004,2.110332791,-0.187229194,0.539422,2017,2.40E-05,-0.258568936,-0.090102382,0.647668394,0.160621762
2799,0.0708642,0.730428114,-0.153813323,-1.530521399,-0.544127697,2018,1.20E-05,0.389230195,-0.258568936,0.948529412,-0.325980392
2801,0.010720779,1.860876757,1.77289848,0.378684043,1.429829994,2017,0.000250535,0.008660759,-0.351066708,0.772020725,0.994818653
2801,0.003055504,1.405703775,1.43245302,-0.050150911,0.225312831,2018,0.000120592,0.543154221,0.008660759,0.039215686,0.985294118
2801,-0.00710656,0.915041228,1.096994408,0.258878849,0.144456652,2019,0.00011505,0.246930693,0.543154221,-0.127403846,0.978365385
2802,-0.022775087,1.580678014,1.993862797,0.567796574,1.364336936,2017,1.20E-05,-0.182502269,-0.215349724,-0.930051813,-0.461139896
2802,0.006301816,1.401498342,2.24906609,1.074086379,0.376225362,2018,1.24E-05,0.156673671,-0.182502269,0.12254902,-0.267156863
2802,-0.046015055,0.960221952,0.553813648,-0.363199171,0.37315251,2019,1.00E-05,0.356476751,0.156673671,-0.711538462,-0.526442308
2803,0.025995275,0.778923453,1.224829304,0.414960968,-0.101024965,2018,3.65E-05,1.096230254,0.008722591,0.575980392,0.556372549
2811,-0.001522691,-0.058787407,2.960866244,0.734173858,0.081541999,2017,0.000111464,-0.03857476,-0.379966339,-0.29015544,0.948186528
2811,-0.043139146,1.356541117,0.913673771,-0.271893748,0.800070027,2018,7.24E-05,0.019440102,-0.03857476,-0.821078431,0.901960784
2811,0.036609347,1.009051797,1.395703667,0.290547422,-0.152852968,2019,6.09E-05,-0.136989142,0.019440102,0.617788462,0.884615385
2818,0.00770246,0.939339545,0.455406642,-0.135062553,0.358709147,2019,2.06E-05,0.008116352,-0.027925296,0.175480769,0.240384615
2822,-0.009640554,0.676371531,-1.125104328,-3.145855121,-0.676282703,2017,1.21E-05,0.085889424,-0.559687815,-0.79015544,-0.440414508
2822,-0.015413174,1.227844364,2.114303651,0.746327542,0.391182448,2018,2.49E-05,0.349115298,0.085889424,-0.441176471,0.286764706
2822,-0.029364238,1.022500754,0.91062491,0.504056959,-0.009082016,2019,2.18E-05,-0.291637039,0.349115298,-0.516826923,0.305288462
2826,0.037493748,1.405210946,0.737746693,-1.005277109,0.155950865,2018,1.20E-05,0.086409732,-0.377323845,0.735294118,-0.325980392
2828,-0.01820013,1.042166705,0.871370148,-0.80609572,-0.680889228,2018,1.22E-05,-0.350719882,-0.238541153,-0.495098039,-0.301470588
2828,-0.002164654,1.132482849,1.356042209,-0.195241696,-0.072660902,2019,1.12E-05,-0.088429354,-0.350719882,0,-0.293269231
2829,-0.050113022,0.45188194,1.32147109,-0.81632578,-0.062154048,2018,1.13E-05,0.65236896,-0.332250978,-0.865196078,-0.446078431
2831,-0.044659658,0.650107562,0.046992094,-0.564336418,0.624165954,2018,1.07E-05,0.428667899,-0.158592718,-0.838235294,-0.571078431
2831,0.052831157,0.829365453,0.096503159,-0.339681054,0.616656501,2019,1.02E-05,0.073231631,0.428667899,0.762019231,-0.497596154
2842,-0.012512255,1.258324505,1.571967332,0.228610058,-0.155896014,2018,2.38E-05,-0.46678193,0.406657585,-0.389705882,0.230392157
2842,-0.053933551,1.187826509,0.246718488,-0.527689792,0.251553745,2019,2.11E-05,-0.036499309,-0.46678193,-0.795673077,0.276442308
2843,-0.013423919,1.519457577,1.160140224,-0.525763137,0.602329556,2018,3.63E-05,-0.074869884,-0.083446327,-0.411764706,0.551470588
2843,-0.006413113,0.986951592,0.871752982,0.088076579,-0.139148898,2019,6.09E-05,0.018681714,-0.074869884,-0.098557692,0.884615385
2868,0.031921887,1.104013605,1.725065903,0.392353478,-0.193877103,2018,9.02E-05,-0.149407641,0.217383725,0.659313725,0.960784314
2868,0.039247623,1.055930974,1.393947591,0.989601255,-0.253225079,2019,8.43E-05,-0.264858072,-0.149407641,0.639423077,0.939903846
2869,0.024600361,1.173315066,2.117934506,-0.035739591,-0.013877785,2018,1.06E-05,0.680965837,0.515605101,0.549019608,-0.588235294
2869,0.00733945,1.047390268,0.61558928,-1.03661245,0.493913475,2019,1.72E-05,-0.453915044,0.680965837,0.168269231,0.007211538
2883,0.00926318,1.391133577,2.427559394,0.472314148,0.120018655,2018,2.44E-05,0.157685937,-0.253851752,0.215686275,0.264705882
2883,0.026019266,1.325227157,1.482151828,1.001223266,0.072625607,2019,3.52E-05,-0.307188049,0.157685937,0.461538462,0.629807692
2889,0.016058949,1.95624565,2.388292837,0.745603473,1.004665244,2018,8.26E-05,-0.059756179,-0.386335577,0.37745098,0.941176471
2889,-0.050060811,1.168884554,0.798862504,-0.211624959,-0.167850083,2019,2.35E-05,0.081514112,-0.059756179,-0.759615385,0.379807692
2892,-0.004902666,1.396954638,2.605683193,1.072220286,-0.776791461,2018,1.27E-05,-0.251134792,0.610869718,-0.183823529,-0.24754902
2899,0.059418136,1.671133419,1.052208677,-0.057298781,1.798195259,2018,2.02E-05,-0.050358386,-0.341853811,0.909313725,0.066176471
2903,-0.062318313,0.872383938,0.62441075,-1.221437466,-0.253340569,2019,1.25E-05,-0.008646606,-0.044513322,-0.84375,-0.211538462
2912,0.082342742,1.68839028,-0.094411725,-1.694868677,-0.198669403,2018,1.17E-05,0.717485413,-0.008806687,0.958333333,-0.375
2912,0.02034104,0.993901164,-0.674160798,-1.742554233,0.69254891,2019,1.05E-05,-0.604279281,0.717485413,0.387019231,-0.439903846
2917,0.126340372,1.020635724,0.983082942,0.002861997,-0.551299774,2019,2.19E-05,-0.10283172,0.045399775,0.961538462,0.310096154
2918,0.058731797,1.251369061,0.691773308,-0.359118352,0.467622446,2019,9.73E-06,0.048557275,1.548143276,0.795673077,-0.581730769
2928,0.052991551,1.300457213,0.818676634,0.198597754,0.643242111,2019,1.06E-05,0.489107138,0.326392734,0.769230769,-0.420673077
2929,-0.03966131,1.179818573,1.177053738,-0.558778728,0.162197008,2019,1.77E-05,-0.115066511,-0.05898632,-0.637019231,0.024038462
2941,0.017334492,1.028135233,1.182729594,0.264193617,-2.00444429,2019,4.97E-05,-0.253894277,-0.461183208,0.34375,0.805288462
300001,0.0367886,1.034322586,0.182137523,-0.899250423,-0.862042114,2016,9.82E-06,-0.329106608,-0.239087908,0.495961228,-0.802907916
300001,0.000466852,0.848588823,0.885230343,-0.474306702,-0.178867139,2017,1.86E-05,0.563262208,-0.329106608,-0.031088083,-0.080310881
300004,0.047219855,0.965373055,1.194052148,-0.283835284,-0.460300351,2016,2.62E-05,-0.677697209,-0.395790443,0.621970921,0.357027464
300004,0.000583349,1.201602332,0.969912662,-0.12813602,0.089453568,2017,7.19E-05,0.181116633,-0.677697209,-0.018134715,0.875647668
300004,-0.015541471,0.315067319,1.49583144,-0.364011301,-0.302790344,2018,4.46E-05,0.157035442,0.181116633,-0.448529412,0.693627451
300004,0.067895457,1.332033313,1.959853087,0.287707305,-0.184891654,2019,3.83E-05,0.020364416,0.157035442,0.848557692,0.685096154
300008,-0.150374518,0.764446489,0.920701755,-1.237269057,0.033182678,2016,1.12E-05,-0.425727316,-0.386136831,-0.980613893,-0.615508885
300008,-0.017598792,0.790990076,1.025085265,-1.398457811,0.224389814,2017,2.00E-05,-0.20788243,-0.425727316,-0.893782383,-0.031088083
300008,0.026987062,0.995639454,0.261606234,-1.476109972,0.744460821,2018,1.11E-05,-0.175591363,-0.20788243,0.595588235,-0.490196078
300008,-0.036839501,1.126696695,0.675768428,-2.684534934,0.777675252,2019,1.10E-05,0.629588076,-0.175591363,-0.610576923,-0.331730769
300011,0.119869813,1.203482037,1.956499487,1.051931065,-0.114713033,2016,2.26E-05,-0.607680918,-0.3276342,0.945072698,0.195476575
300011,0.008219591,0.825279613,0.647901977,-0.839396204,0.022872168,2017,4.03E-05,-0.035073148,-0.607680918,0.686528497,0.593264249
300011,-0.004096834,1.231223016,1.217353705,-0.334180821,0.325629849,2018,8.96E-06,-0.072000076,-0.035073148,-0.156862745,-0.833333333
300012,0.004145231,0.956618087,0.930532157,0.075025529,0.197199112,2017,7.94E-06,0.86201744,0.227588594,0.432642487,-0.968911917
300015,0.000435,0.666283265,-0.280580797,-0.215230925,0.326033288,2017,1.69E-05,0.235290867,1.065379302,-0.03626943,-0.142487047
300017,-0.030160906,0.847666548,1.193405722,0.867453699,-0.317872083,2016,9.66E-06,-0.123746565,-0.466869019,-0.489499192,-0.82552504
300017,0.006488473,0.820084653,1.931213299,0.815949106,0.723774883,2017,2.53E-05,-0.006422776,-0.123746565,0.601036269,0.212435233
300017,-0.056351187,1.080210296,0.421307075,-1.378577866,-0.133819388,2018,8.60E-06,-0.221698128,-0.006422776,-0.901960784,-0.865196078
300017,-0.108567009,0.918088094,-0.763804525,-2.374291956,0.169530328,2019,1.62E-05,-0.320737766,-0.221698128,-0.973557692,-0.028846154
300018,-0.04901878,1.166282079,0.726725667,-0.810608917,-0.762435402,2016,2.48E-05,-0.420586881,-0.315292954,-0.699515347,0.308562197
300018,0.057264341,1.184790596,2.458431152,-0.160295861,0.009551856,2019,1.04E-05,-0.040932334,-0.23272284,0.790865385,-0.466346154
300019,0.015523239,1.022673076,1.028701034,-0.546557403,-0.185823646,2016,1.38E-05,-0.342607774,-0.437674925,0.192245557,-0.231017771
300019,0.001178468,1.07232195,1.860427771,-0.721253973,0.380648415,2017,1.27E-05,-0.014972746,-0.342607774,0.059585492,-0.360103627
300019,-0.0847025,1.159976276,2.386838982,0.680089641,0.096427289,2018,1.40E-05,0.749130054,-0.014972746,-0.970588235,-0.154411765
300019,-0.021909746,1.183867304,1.257789628,0.46491566,-0.005738558,2019,1.17E-05,0.491267288,0.749130054,-0.396634615,-0.247596154
300021,0.018772961,1.084881107,0.883063669,-0.671763986,0.204080738,2016,1.16E-05,-0.378856785,0.07752239,0.253634895,-0.55088853
300021,-0.016462096,0.761571677,0.690883724,-0.562192963,0.394288954,2018,1.96E-05,-0.25248341,0.142067614,-0.453431373,0.049019608
300021,0.091103955,0.924594762,0.970724669,-0.263670931,-0.411331224,2019,2.00E-05,0.196589957,-0.25248341,0.930288462,0.201923077
300024,-0.00934471,1.328799304,1.011585068,-0.547451101,-0.000438081,2018,1.98E-05,-0.116030032,-0.137974718,-0.301470588,0.058823529
300024,-0.020444155,0.956596071,0.439205278,-0.740391399,0.045816875,2019,8.45E-06,-0.231679448,-0.116030032,-0.365384615,-0.819711538
300027,-0.018740829,1.037621551,0.387625958,-0.665731276,-0.139132684,2018,2.56E-05,-0.26408038,-0.215119843,-0.507352941,0.308823529
300031,-0.000875661,0.781124405,0.773055259,-0.317264201,-0.310203949,2017,1.19E-05,-0.111465491,-0.259908657,-0.220207254,-0.492227979
300032,0.014229999,0.914119969,0.694903221,-0.350290399,-0.675192526,2016,2.23E-05,-0.602119321,-0.311508618,0.166397415,0.176090468
300034,-0.00657275,1.395160137,0.426188365,-1.846014869,0.503301112,2018,2.63E-05,0.245480561,0.576135047,-0.240196078,0.348039216
300034,0.0897197,1.117249024,0.889156717,-0.154609456,-0.01686777,2019,2.10E-05,0.709503957,0.245480561,0.925480769,0.269230769
300035,-0.004632971,1.464343896,2.053920464,0.95812163,0.288270264,2017,1.07E-05,0.033782628,-0.346719264,-0.582901554,-0.665803109
300035,0.020189689,1.393437828,1.939386179,-0.118036398,-0.034407441,2018,9.65E-06,0.608722041,0.033782628,0.458333333,-0.727941176
300036,-0.030704381,1.181383161,1.188412744,-0.652910192,-0.457427686,2016,5.65E-05,0.234504377,-0.340638801,-0.495961228,0.809369952
300036,-0.002333605,1.279045205,1.305022188,-0.125657992,-0.256799095,2017,2.01E-05,-0.282856511,0.234504377,-0.375647668,-0.028497409
300036,-0.004102799,1.064195034,0.208867574,-1.993794848,-0.499750568,2018,9.54E-06,0.682517367,-0.282856511,-0.159313725,-0.745098039
300039,-0.003673628,1.158891249,1.0119295,0.374851789,0.012049985,2017,1.26E-05,-0.227298116,-0.191997762,-0.471502591,-0.380829016
300040,-0.001230171,1.3491478,0.69855168,-0.252623628,0.285069179,2017,3.97E-05,0.021902879,-0.42469297,-0.261658031,0.580310881
300040,-0.034828876,1.066381634,1.690876305,0.028923883,-0.055233535,2018,3.66E-05,0.02284402,0.021902879,-0.727941176,0.558823529
300040,-0.006866496,1.210799525,1.866396474,0.502767,-0.334906621,2019,4.37E-05,0.456025621,0.02284402,-0.112980769,0.757211538
300041,0.016808398,0.978127669,1.493540301,-0.165816245,-0.151450272,2016,1.22E-05,-0.257632333,-0.117280317,0.208400646,-0.460420032
300041,-0.009157531,1.20573827,0.952332213,0.168386431,-0.75412023,2017,1.11E-05,0.051997137,-0.257632333,-0.779792746,-0.603626943
300041,-0.051325319,1.088940911,1.114291516,-0.15144456,0.398610556,2018,2.18E-05,0.576526794,0.051997137,-0.87745098,0.12745098
300041,-0.019002387,0.5453562,0.744765093,0.169382943,-0.191543398,2019,2.76E-05,-0.062134502,0.576526794,-0.346153846,0.471153846
300043,-0.002900996,1.173191905,0.587237573,-1.490868157,0.473066804,2018,9.65E-06,-0.171116548,0.196379227,-0.112745098,-0.727941176
300044,-0.022951601,0.583814355,2.452279818,0.60192014,0.460792436,2017,1.70E-05,0.008763218,-0.364245961,-0.935233161,-0.137305699
300044,-0.039366073,1.306643904,1.216370687,-0.964153464,-0.690124429,2018,8.59E-06,-0.083410167,0.008763218,-0.772058824,-0.870098039
300044,-0.039311435,1.198852835,0.435972146,-1.189270641,0.192416321,2019,7.37E-06,-0.251906092,-0.083410167,-0.627403846,-0.939903846
300045,0.014036317,0.980439926,0.472661811,-0.990497744,-0.554364884,2016,1.10E-05,-0.103542897,-0.475342116,0.15993538,-0.634894992
300045,-0.004866396,1.135258296,0.64229976,-1.205516238,0.20680103,2017,3.89E-05,-0.047975134,-0.103542897,-0.606217617,0.57253886
300045,0.010932728,0.86287771,-0.329284069,-2.624170324,0.217063426,2018,2.04E-05,0.414128204,-0.047975134,0.257352941,0.071078431
300045,-0.073471065,1.097604428,0.513449306,-1.690235722,0.888575781,2019,9.45E-06,-0.2466467,0.414128204,-0.899038462,-0.644230769
300048,0.095869482,1.075428485,0.025026715,1.662851283,-1.919515809,2016,1.64E-05,-0.424366915,-0.380694943,0.870759289,-0.066235864
300048,-0.01010691,1.045505023,1.183909528,-0.923494606,-0.497138621,2017,4.63E-05,-0.082582681,-0.424366915,-0.800518135,0.663212435
300048,-0.003457627,1.078644368,1.299525531,-0.412145279,0.037531266,2018,5.16E-05,0.314835954,-0.082582681,-0.125,0.759803922
300048,-0.06173176,1.157796861,1.730909391,0.416559195,-0.780118162,2019,5.68E-05,0.231823878,0.314835954,-0.836538462,0.855769231
300050,-0.004258102,0.771296479,1.908648952,0.270656592,0.249151617,2017,8.54E-06,0.040794934,-0.411623304,-0.554404145,-0.937823834
300053,0.003487005,1.288508857,1.340780893,-0.482734618,0.564850474,2017,3.72E-05,-0.151209699,-0.14946392,0.35492228,0.531088083
300053,0.039985034,1.199131319,-0.054520771,-2.505815983,-0.21898361,2018,1.13E-05,0.071876116,-0.151209699,0.754901961,-0.446078431
300055,-0.004421572,1.116170371,1.46405977,0.396003896,-0.314310083,2017,1.08E-05,-0.385430978,-0.385245356,-0.562176166,-0.652849741
300056,0.060313685,0.980588861,2.843084417,0.760556759,0.099354838,2016,1.97E-05,-0.602509342,-0.173024446,0.702746365,0.046849758
300056,0.020477547,1.272893531,1.271597903,0.312573661,0.343792074,2017,1.89E-05,0.11396838,-0.602509342,0.924870466,-0.062176166
300056,-0.039335137,0.873575632,-0.800278489,-2.362077187,1.515090888,2018,8.71E-06,-0.261897212,0.11396838,-0.769607843,-0.855392157
300058,-0.026171292,1.065889719,0.33774606,-1.205784579,-0.197483916,2018,9.00E-06,0.812403618,-0.259408549,-0.607843137,-0.821078431
300058,0.144513525,1.131465548,0.768044257,-0.957782131,0.209760572,2019,1.78E-05,-0.229160196,0.812403618,0.973557692,0.03125
300065,-0.023616138,0.974853762,0.80111979,-0.982056225,-0.511456804,2016,2.26E-05,-0.457984633,-0.011688945,-0.40549273,0.195476575
300065,-0.001708019,0.820526949,1.34263035,-1.322962771,0.617516653,2018,2.98E-05,-0.19386386,-0.157233342,-0.095588235,0.428921569
300066,0.039690176,1.103406586,1.756175317,0.318265572,-0.098817307,2016,1.20E-05,-0.34285292,-0.441197948,0.55088853,-0.486268174
300066,-0.054460379,0.998206426,1.194741383,-0.634146474,0.205111779,2018,1.08E-05,-0.090140914,0.447351903,-0.889705882,-0.544117647
300067,0.007626229,1.438407044,0.79641447,0.312787422,0.814278099,2017,1.13E-05,0.043322564,-0.099965329,0.652849741,-0.569948187
300069,-0.027266272,1.139150171,0.319387975,-0.466399839,-0.747239908,2016,4.93E-05,-0.64069695,0.002905237,-0.450726979,0.738287561
300069,0.005614669,0.766416248,0.242643687,-0.722592982,0.529554561,2017,2.57E-05,0.302114712,-0.64069695,0.564766839,0.230569948
300069,0.02052919,0.52222736,0.75854657,0.196968052,-0.377947779,2018,2.59E-05,0.07360684,0.302114712,0.468137255,0.333333333
300069,-0.100674606,1.141898097,1.533111926,-0.048041068,0.225684229,2019,1.20E-05,0.074646064,0.07360684,-0.959134615,-0.233173077
300070,0.018833682,1.328543922,0.936276911,0.256241201,0.10749475,2019,4.48E-05,-0.106920557,0.035224466,0.362980769,0.766826923
300072,-0.004862882,0.807752211,1.517934297,1.62185666,-0.219480988,2017,8.74E-06,-0.562586023,-0.381409482,-0.603626943,-0.914507772
300074,-0.001645552,1.364244525,1.572668382,0.01288478,-0.077643069,2017,2.27E-05,0.074597867,-0.445264499,-0.310880829,0.090673575
300074,-0.046873447,0.89865784,1.282375341,-0.450286671,-0.878382432,2019,1.96E-05,-0.073337559,0.03649349,-0.721153846,0.168269231
300079,-0.011106698,1.102763742,1.436795656,-0.224571347,-0.219952545,2016,3.67E-05,-0.385770738,-0.324468213,-0.208400646,0.599353796
300079,-0.004529961,0.965031971,0.762090554,-0.459497978,0.065458696,2017,5.44E-05,0.540387148,-0.385770738,-0.569948187,0.75388601
300079,0.007641044,1.188573913,1.162099047,-0.58911402,0.120581552,2018,8.19E-05,-0.176454636,0.540387148,0.164215686,0.93872549
300079,-0.115942076,0.831730378,0.831325814,-1.412964043,0.11547476,2019,6.67E-05,0.599938813,-0.176454636,-0.987980769,0.903846154
300080,-0.03311097,1.010377043,1.021513803,0.391643047,1.050163287,2018,1.72E-05,-0.261578378,0.208003214,-0.708333333,-0.029411765
300082,-0.022796454,1.164243791,1.115088831,-0.128932191,-0.108735934,2017,4.62E-05,0.39743701,-0.28560967,-0.932642487,0.658031088
300082,-0.009816091,1.187077922,1.415455377,0.196822634,0.14797892,2018,5.21E-05,0.016788589,0.39743701,-0.323529412,0.767156863
300082,0.014680537,0.983008566,1.067552738,0.455839787,-0.043907015,2019,2.99E-05,0.960322828,0.016788589,0.302884615,0.536057692
300087,0.007017924,0.910834477,0.096223872,0.039000068,-0.321110384,2016,9.61E-06,-0.046744585,0.223646735,0.033925687,-0.831987076
300087,-0.004340803,0.282604945,0.130694163,-0.287344306,0.13821218,2018,8.04E-06,0.430140233,-0.128919585,-0.169117647,-0.914215686
300087,0.012690727,0.443576154,0.890299619,0.147142809,-0.708166135,2019,3.81E-05,0.673425733,0.430140233,0.259615385,0.680288462
300091,0.085563568,0.954106865,1.148329093,-0.348860774,-0.171701517,2016,2.11E-05,0.014468045,-0.089991571,0.828756058,0.114701131
300091,0.00030887,0.764341566,0.585004015,0.043339487,-0.126238573,2017,3.01E-05,-0.325366435,0.014468045,-0.062176166,0.357512953
300091,0.051970985,0.83623512,-0.00796748,-0.580822218,0.371384459,2018,8.78E-06,-0.300746214,-0.325366435,0.865196078,-0.848039216
300091,-0.086776354,1.326855241,1.440855712,0.801066324,-1.127115684,2019,8.03E-06,0.174858336,-0.300746214,-0.9375,-0.875
300092,-0.001682164,1.062749588,1.141026298,-0.233310614,-0.428494264,2016,1.32E-05,-0.509182508,-0.18047026,-0.092084006,-0.28917609
300092,0.043898375,1.267578584,1.447581269,0.141713392,-0.949737416,2018,1.32E-05,0.004522079,0.186325688,0.791666667,-0.210784314
300092,-0.009647672,1.017980557,1.353479756,0.506662617,-0.522749925,2019,2.33E-05,0.134793298,0.004522079,-0.177884615,0.367788462
300093,-0.079149981,0.606802517,1.24713601,0.024359803,-1.627323275,2016,2.66E-05,-0.525405315,-0.404535795,-0.880452342,0.37641357
300095,0.112094568,0.915694088,0.87352678,-0.348620845,-0.602445173,2016,1.12E-05,-0.442217805,-0.192257905,0.932148627,-0.615508885
300099,0.09447721,0.62901741,2.30321632,-0.55997192,-0.329535174,2016,3.39E-05,-0.497987284,0.086817468,0.861066236,0.52180937
300100,-0.050870256,1.368869076,2.628557497,0.797051497,0.251424482,2018,1.86E-05,-0.29530012,-0.305568049,-0.867647059,0.014705882
300101,-0.01110681,1.057377429,0.731330948,-0.421046541,-0.725218899,2016,2.39E-05,-0.005936641,-0.506692825,-0.211631664,0.256865913
300101,0.000814465,1.141171714,0.731254708,-1.475771675,0.644963693,2017,1.12E-05,-0.284502124,-0.005936641,0.010362694,-0.582901554
300101,-0.065401385,0.825904405,0.171628113,-2.494754506,1.209181412,2019,8.70E-06,0.596924639,0.061898801,-0.862980769,-0.776442308
300102,0.007858714,0.849542071,1.363461257,0.132158614,-0.168207872,2017,9.80E-06,-0.124684216,-0.240899046,0.665803109,-0.779792746
300102,-0.027053096,0.845426878,1.010859541,-0.968593377,-0.421990455,2018,1.88E-05,-0.236574367,-0.124684216,-0.632352941,0.022058824
300103,0.060264413,1.100090836,1.373388353,-0.217216819,-0.329212867,2016,3.36E-05,-0.378388719,0.008573413,0.699515347,0.518578352
300103,0.019169857,0.802453049,0.995478067,0.086181014,-0.375024251,2018,2.69E-05,-0.21835549,0.346548671,0.433823529,0.360294118
300105,0.014302973,1.191481109,1.369698168,0.034401056,0.003709292,2016,1.44E-05,-0.376921723,-0.202574979,0.169628433,-0.18901454
300110,0.02500023,0.884326163,0.972882742,0.792851622,-0.098345985,2018,3.20E-05,-0.110118404,-0.050477698,0.553921569,0.482843137
300114,-0.110398082,1.262629598,-0.313285846,-1.940469438,-0.059799999,2016,1.23E-05,-0.336638119,-0.330265767,-0.951534733,-0.447495961
300114,0.005219374,1.058737506,0.051491729,-1.485109542,0.49846689,2017,1.21E-05,0.019494386,-0.336638119,0.523316062,-0.440414508
300114,-0.009596553,0.972964657,0.205316449,-1.773340571,0.050399228,2018,1.07E-05,0.207457453,0.019494386,-0.31127451,-0.571078431
300114,0.013366502,1.12339571,0.460365511,-0.755330643,0.209105964,2019,1.02E-05,0.321314892,0.207457453,0.276442308,-0.497596154
300117,0.021404709,1.099699353,1.13380824,-0.26407225,-0.06917857,2016,5.42E-05,-0.518232631,0.180502696,0.279483037,0.802907916
300117,-0.002811504,0.984471147,2.926853054,0.750543162,-1.635962111,2017,2.46E-05,-0.065341343,-0.518232631,-0.419689119,0.189119171
300117,0.03166537,1.178106243,1.392013791,0.284642584,0.067162448,2019,8.01E-06,0.719351098,-0.265352629,0.548076923,-0.879807692
300118,0.021596779,1.057867479,1.522759282,0.876996495,-0.737850898,2016,9.75E-06,-0.233435524,-0.266425654,0.28917609,-0.809369952
300118,0.003170022,0.766440786,0.790012153,-0.330470791,-0.018479434,2017,2.80E-05,-0.061018296,-0.233435524,0.316062176,0.300518135
300118,-0.070786511,1.20402506,1.047224808,0.864528633,0.013400367,2019,3.06E-05,0.289885308,0.460079917,-0.884615385,0.545673077
300123,-0.018141093,0.858717674,1.767625187,0.509344914,-0.371081434,2016,1.04E-05,-0.043435027,-0.169531019,-0.31825525,-0.731825525
300130,-0.003610876,1.145100246,1.223481209,-0.614177915,0.12088992,2017,1.74E-05,0.185997004,0.273336432,-0.466321244,-0.121761658
300130,0.084690834,1.066236377,-0.434931398,-1.948220225,0.051354444,2018,1.67E-05,-0.131603796,0.185997004,0.968137255,-0.044117647
300130,-0.06234841,1.200000512,0.143702433,-0.831428587,-0.027735178,2019,1.47E-05,-0.164054544,-0.131603796,-0.846153846,-0.091346154
300135,0.049802292,0.968766269,0.981386908,-0.843997516,0.001159389,2016,4.56E-05,-0.506968587,-0.024265736,0.644588045,0.715670436
300135,0.005724544,1.193767241,2.029376378,0.751771773,-0.442794749,2017,2.91E-05,0.109804562,-0.506968587,0.575129534,0.331606218
300135,0.033497198,1.19031276,1.385667026,0.139150233,0.301100927,2018,3.84E-05,-0.253903685,0.109804562,0.68627451,0.602941176
300135,-0.00948911,1.127504501,1.761726458,1.046968862,-0.228872214,2019,3.18E-05,0.12269312,-0.253903685,-0.175480769,0.569711538
300139,0.002995094,1.224966687,1.243883647,0.409813274,-0.377615528,2016,1.35E-05,0.248413518,-0.297830518,-0.024232633,-0.260096931
300139,-0.003652834,1.321822634,1.542577115,0.111890854,0.177974839,2017,1.22E-05,-0.175631357,0.248413518,-0.468911917,-0.422279793
300139,0.002590711,0.053391952,0.356446857,-2.00982002,-0.423162249,2018,1.50E-05,-0.370580927,-0.175631357,0.017156863,-0.105392157
300140,-0.051804705,1.22324349,0.383041876,-1.508393678,0.080237859,2016,2.78E-05,-0.534186722,-0.206047191,-0.722132472,0.415185784
300140,0.008499345,1.253372585,1.100631956,-0.492092186,-0.300007489,2017,9.08E-06,0.369142927,-0.534186722,0.699481865,-0.857512953
300140,-0.139434324,1.425038105,-0.676600575,-1.537216896,0.058509804,2018,2.71E-05,-0.239732,0.369142927,-1,0.370098039
300140,-0.03965666,1.191507738,1.535539356,-0.047783592,0.602561966,2019,2.93E-05,-0.316243631,-0.239732,-0.634615385,0.514423077
300143,-0.000613875,0.946825348,1.638041572,1.159993828,-0.20833439,2017,3.47E-05,-0.355643915,-0.154322791,-0.189119171,0.474093264
300147,-0.003160324,0.972479557,0.847123592,-0.136294033,0.226287018,2017,8.93E-06,-0.102520411,-0.305759362,-0.435233161,-0.883419689
300147,0.006231757,0.857708835,1.409992133,-0.02029698,0.219488591,2018,1.83E-05,0.486653034,-0.102520411,0.115196078,0.00245098
300148,0.09427107,0.946279892,0.651347934,-0.551852139,0.187392878,2016,1.01E-05,-0.71538328,0.322582325,0.8546042,-0.789983845
300148,-0.003994875,0.894185707,2.558451679,1.214330836,-0.605064242,2018,2.20E-05,-0.029772512,-0.117049399,-0.147058824,0.144607843
300148,0.046536303,1.056234783,1.497268586,-0.203624084,-0.456057465,2019,8.90E-06,-0.164759089,-0.029772512,0.713942308,-0.754807692
300151,-0.045030362,1.007972824,1.254872133,-0.568980372,-0.547457529,2016,1.05E-05,-0.501098018,-0.183614112,-0.641357027,-0.709208401
300152,-0.008589565,1.036046988,1.711158138,-0.726301557,0.745006238,2018,2.47E-05,-0.537787704,0.630617211,-0.276960784,0.274509804
300153,-0.003443344,1.182217276,0.585969505,-0.645163715,-0.88594592,2016,1.25E-05,-0.438996379,-0.454382105,-0.117932149,-0.408723748
300153,0.001251509,1.11862826,2.130885595,0.079860708,0.420470898,2017,0.000108254,-0.150679361,-0.438996379,0.064766839,0.945595855
300153,-0.00592718,1.321972778,1.380865246,-0.987937368,0.030252876,2018,9.25E-05,-0.29044696,-0.150679361,-0.223039216,0.965686275
300153,-0.102528532,1.164023315,1.187293851,-0.024717926,-0.311259025,2019,0.00010261,0.458695497,-0.29044696,-0.961538462,0.96875
300157,-0.036248981,0.728641039,0.873954946,-1.311584713,-0.819163398,2017,8.64E-06,-0.22290636,-0.348384288,-0.966321244,-0.924870466
300158,0.018677644,0.980943449,1.591315128,-0.004841908,0.260123602,2018,9.95E-06,-0.027761125,0.042670465,0.424019608,-0.68872549
300159,0.061547275,1.036589776,1.194140879,-0.529954574,-0.166433334,2016,1.07E-05,-0.47171019,-0.275953736,0.715670436,-0.676898223
300162,0.012299026,1.25072842,1.501419731,-0.478344458,0.526858049,2017,1.15E-05,-0.041224021,-0.358570487,0.808290155,-0.544041451
300164,0.02334013,0.977566206,0.472241865,-0.779655208,0.280876348,2016,2.48E-05,0.040852173,-0.151448032,0.324717286,0.308562197
300164,-0.009935538,1.099864992,-0.053017852,-1.854641872,-0.066375234,2017,1.11E-05,-0.101412702,0.040852173,-0.797927461,-0.603626943
300164,-0.010326335,1.197993371,0.777191338,-0.618124215,-0.182724026,2018,1.07E-05,-0.396069309,-0.101412702,-0.340686275,-0.571078431
300164,0.048800745,1.179060726,1.060338086,0.391979317,-0.186094794,2019,9.98E-06,0.083964168,-0.396069309,0.730769231,-0.53125
300166,0.002681942,1.10274989,0.884782686,-0.031409978,1.112161363,2017,2.95E-05,-0.178400163,0.080439876,0.238341969,0.341968912
300169,-0.011271652,0.966907126,1.151923057,-0.028494867,0.515294979,2018,9.88E-06,0.32471687,0.331464021,-0.365196078,-0.698529412
300169,0.021874923,0.939117603,1.351475977,0.056165804,-0.207609634,2019,9.00E-06,-0.063212037,0.32471687,0.408653846,-0.730769231
300172,0.046761099,1.150905757,1.29140588,0.413544435,-0.256533963,2016,1.26E-05,-0.46116552,0.113510404,0.618739903,-0.379644588
300172,-0.002259565,0.912815705,1.065761759,-0.184734357,0.378809195,2019,1.94E-05,0.257961656,-0.210348426,-0.002403846,0.146634615
300176,-0.137749307,0.809979245,0.164465942,-0.290260708,-0.164222687,2019,2.09E-05,0.306977642,-0.644041967,-0.995192308,0.259615385
300177,0.001309887,1.128462865,1.028190326,-0.394027958,0.18153937,2017,5.26E-05,-0.007543786,0.13063835,0.069948187,0.722797927
300177,0.032047557,1.385884123,0.519498958,-0.576971851,-0.244418528,2018,7.96E-05,0.099105953,-0.007543786,0.661764706,0.928921569
300177,-0.035054864,0.951433982,-0.296731132,-2.597876875,0.828239705,2019,5.90E-05,-0.000403917,0.099105953,-0.584134615,0.867788462
300179,-0.070741449,1.122340096,1.544226201,0.341740487,-0.08111525,2016,1.51E-05,-0.233255444,-0.150466342,-0.838449111,-0.121163166
300183,0.001866986,1.171184748,0.996747142,0.296853223,0.298723436,2017,1.45E-05,0.017576963,-0.235250695,0.152849741,-0.212435233
300183,-0.037162508,1.029042393,0.588942434,-1.788243433,0.810200679,2019,7.70E-06,0.04557152,-0.00048016,-0.612980769,-0.915865385
300187,-0.04731851,1.543864923,1.76213466,-0.245979448,0.967969261,2019,1.83E-05,0.522952108,-0.203885076,-0.728365385,0.052884615
300188,-0.083412849,0.750980541,1.164647654,-0.493790554,-0.96189379,2016,7.76E-05,0.680543652,-0.359639882,-0.890145396,0.886914378
300188,-0.040666729,1.112990629,1.136113705,-0.335852438,0.205199087,2017,8.30E-05,-0.035849616,0.680543652,-0.968911917,0.898963731
300188,-0.003662046,0.860493927,-0.229693528,-2.558980484,-0.733019881,2018,5.40E-05,0.100444,-0.035849616,-0.132352941,0.781862745
300188,0.001810444,1.075502585,-0.163681618,-1.395583247,-0.073762058,2019,1.58E-05,-0.129871952,0.100444,0.088942308,-0.038461538
300189,0.009456236,0.989130942,0.382907374,-0.018254217,-0.326712031,2016,1.98E-05,0.126458205,-0.427774734,0.0726979,0.053311793
300189,-0.000827931,1.252954509,0.806962568,-0.513260941,-0.095222779,2017,1.06E-05,0.024775738,0.126458205,-0.20984456,-0.689119171
300190,-0.001287483,0.96084119,1.580244863,0.681997339,0.027627356,2017,1.08E-05,0.408412727,-0.339149867,-0.272020725,-0.652849741
300191,0.00986965,0.863097668,0.119421348,-1.948122507,-0.467689607,2016,3.64E-05,-0.342779406,-0.426797271,0.092084006,0.592891761
300191,-0.041462078,1.226646632,1.00606775,-0.169247349,0.006307446,2018,1.09E-05,0.002797366,0.017719862,-0.794117647,-0.517156863
300191,0.009616918,1.005081909,1.030346241,0.015085457,0.220263602,2019,2.07E-05,0.215523135,0.002797366,0.209134615,0.247596154
300193,-0.000193804,1.178422075,1.275946227,0.224820017,0.554528078,2017,1.63E-05,0.430591093,-0.311528822,-0.113989637,-0.152849741
300193,-0.010426222,0.884415178,1.4581507,0.132359163,-0.078537737,2018,1.36E-05,-0.078365568,0.430591093,-0.345588235,-0.178921569
300193,-0.0447144,0.780877311,0.074970536,-0.563326295,0.00645532,2019,1.22E-05,1.280313561,-0.078365568,-0.704326923,-0.223557692
300195,-0.019200084,0.78427001,0.791787703,-0.344876211,0.204124772,2019,7.95E-06,-0.005127584,-0.324609638,-0.350961538,-0.889423077
300196,0.000464128,1.188856244,1.198859892,1.608375205,-0.587940792,2016,1.37E-05,-0.319200749,-0.245399293,-0.056542811,-0.243941842
300197,0.026490998,1.384492894,0.124168574,-0.140819648,-1.150966734,2019,6.35E-06,0.190371718,-0.300266718,0.478365385,-0.978365385
300198,0.033954419,1.053185723,0.780765969,-0.916430773,0.073658204,2016,2.26E-05,0.033877819,-0.222485368,0.46365105,0.195476575
300198,0.07231988,0.832946125,0.45147461,-1.356733651,-0.206715035,2019,1.88E-05,-0.035839277,-0.020096634,0.865384615,0.098557692
300208,0.006895362,0.952518864,-0.281854635,-1.029634591,-0.316116774,2017,0.000131785,-0.214115771,-0.395290649,0.616580311,0.974093264
300208,-0.044425201,1.564215885,0.366484754,-0.596178379,0.577768695,2018,0.000170089,-0.207330639,-0.214115771,-0.835784314,0.99754902
300208,-0.022547062,1.295924363,1.450334687,0.247602137,-0.053610174,2019,0.000121682,0.593425648,-0.207330639,-0.403846154,0.983173077
300212,-0.01716595,1.013595471,1.076074682,-0.265673586,-0.809068316,2016,1.98E-05,0.114550995,-0.157050264,-0.298869144,0.053311793
300212,-6.14E-05,1.617921018,1.364684606,-0.801180777,0.55975648,2017,1.76E-05,0.231412155,0.114550995,-0.095854922,-0.111398964
300212,-0.011967615,0.756759282,1.301301725,-0.814903447,-1.0224809,2018,1.63E-05,1.253558225,0.231412155,-0.375,-0.058823529
300212,0.044081806,1.106206577,-0.033019876,-1.101672341,0.188944604,2019,1.45E-05,-0.430518679,1.253558225,0.697115385,-0.100961538
300213,0.004364771,1.038805026,1.254866747,-0.306881082,-0.736374829,2016,0.000129086,-0.305529586,-0.368642309,-0.004846527,0.987075929
300213,0.008724542,1.483173483,1.284674111,-0.697402802,0.703151744,2017,7.03E-05,0.048645375,-0.305529586,0.712435233,0.867875648
300213,-0.059307112,1.363699014,0.709388121,-1.592827588,-0.221757399,2018,6.28E-05,-0.038484173,0.048645375,-0.914215686,0.855392157
300213,-0.053345377,1.042227418,1.281430271,-0.908710102,0.473233871,2019,6.80E-05,-0.023956837,-0.038484173,-0.786057692,0.908653846
300215,-0.004900879,1.138109438,1.295067454,0.180286731,1.050179805,2017,1.05E-05,0.06293856,-0.418620219,-0.613989637,-0.699481865
300215,0.038000314,1.311886629,1.32388247,-0.200559309,0.179433028,2018,2.05E-05,0.03197089,0.06293856,0.74754902,0.075980392
300215,0.010216672,1.119238069,1.545130445,0.234507754,0.010054819,2019,3.65E-05,0.355342523,0.03197089,0.223557692,0.653846154
300218,-0.000816481,1.126352734,3.029943401,1.587345215,-0.460744,2017,1.13E-05,0.073024727,-0.419766202,-0.204663212,-0.569948187
300218,-0.040263888,1.04000855,1.391345464,-0.04892038,0.322045622,2018,1.07E-05,0.026029723,0.073024727,-0.781862745,-0.571078431
300218,0.013254844,0.987536634,1.416190747,0.138329163,0.312462069,2019,9.60E-06,1.057160679,0.026029723,0.274038462,-0.610576923
300226,0.012897094,1.149033052,0.04290857,-0.740824334,0.189889585,2019,2.90E-05,-0.252726407,0.241385052,0.264423077,0.504807692
300228,0.006996227,1.259428105,1.407710328,-0.704261742,-0.338378611,2017,3.44E-05,0.046036264,-0.498352858,0.621761658,0.468911917
300228,0.050569686,1.404851961,0.809644684,-0.937124611,0.194506367,2018,1.07E-05,-0.362080893,0.046036264,0.852941176,-0.571078431
300232,0.043084532,1.002950738,1.884055778,0.447930746,-0.602644484,2016,9.16E-06,-0.267152849,-0.002070146,0.576736672,-0.873990307
300240,0.029774984,1.17388047,1.694557194,0.20335692,-0.075092371,2016,1.09E-05,-0.356546152,-0.135951898,0.402261712,-0.654281099
300240,0.042116433,0.83565836,0.536783111,-0.159063173,-0.803028775,2019,9.09E-06,0.158011858,-0.339165401,0.682692308,-0.71875
300243,0.002809847,1.407851289,1.903637894,-0.219159063,-0.062251885,2017,5.47E-05,0.109624277,-0.132144433,0.264248705,0.759067358
300254,0.08695583,1.098712622,1.164791316,-0.647442226,-0.231927252,2016,1.05E-05,-0.364672692,-0.336889787,0.835218094,-0.709208401
300257,-0.005821731,0.950551662,0.523784316,-0.024473855,-0.104513506,2018,1.22E-05,0.162044807,-0.279767599,-0.220588235,-0.301470588
300259,0.017582311,0.931425778,0.407978206,-0.538291269,-0.038011204,2017,1.91E-05,-0.049832972,-0.242410741,0.906735751,-0.049222798
300259,-0.013868083,1.188906025,1.152999139,-0.457387679,-0.017873846,2019,8.71E-06,-0.208638175,0.618373389,-0.247596154,-0.774038462
300262,-0.063048523,0.714776916,0.568416584,-0.703012888,-0.422518549,2016,3.35E-05,-0.496209259,-0.023314766,-0.793214863,0.512116317
300262,0.001502141,1.078004279,1.749347581,1.079799634,0.270297919,2017,2.81E-05,0.280035177,-0.496209259,0.095854922,0.303108808
300263,-0.00453509,1.274483347,1.898065017,0.52078339,-0.045160532,2016,1.18E-05,-0.372888021,-0.273439365,-0.127625202,-0.518578352
300263,-0.006630466,0.690100151,1.392301396,-0.266082265,-0.369034587,2017,2.05E-05,-0.111969556,-0.372888021,-0.691709845,-0.012953368
300263,0.000540884,1.155445712,1.500136826,-0.406858274,-0.458648433,2018,9.35E-06,0.672186641,-0.111969556,-0.036764706,-0.767156863
300263,-0.053313468,1.136739473,0.468448439,-0.250484272,-0.271835208,2019,9.23E-06,-0.14735532,0.672186641,-0.783653846,-0.682692308
300264,0.006495298,1.360795551,0.713772315,-0.855106678,0.488350254,2017,9.07E-06,-0.007806906,-0.391987041,0.603626943,-0.862694301
300265,-0.056099702,1.091782932,0.996667565,-1.010914542,0.072452394,2018,7.30E-05,0.191376087,0.552694669,-0.899509804,0.906862745
300265,0.041488619,1.13882507,1.850157726,-0.047910782,-0.005319824,2019,4.94E-05,-0.142639504,0.191376087,0.665865385,0.798076923
300266,0.059594387,0.68727579,1.687268428,-0.453750349,0.34486139,2016,3.30E-05,-0.356128499,0.453822214,0.693053312,0.495961228
300267,-0.030187351,1.06400214,-0.015662479,-1.099173484,0.822089263,2018,2.96E-05,-0.291802671,0.210764065,-0.671568627,0.424019608
300267,0.128906942,1.125870143,0.574482626,-0.118244222,-0.244181346,2019,3.79E-05,-0.03816845,-0.291802671,0.966346154,0.673076923
300274,0.024502618,1.187401381,1.787197775,0.971518255,-0.278083823,2016,1.02E-05,-0.197407694,-0.187210627,0.344103393,-0.770597738
300274,0.007310996,1.123064737,0.640473973,-0.312249192,-0.28835924,2017,9.76E-06,0.03326646,-0.197407694,0.642487047,-0.79015544
300274,-0.010943706,1.404252076,-0.112704808,-1.505162964,0.122393775,2018,1.88E-05,0.516586598,0.03326646,-0.357843137,0.022058824
300280,0.111766445,0.956436634,1.554311243,0.293768634,-0.127708585,2016,1.54E-05,0.037416663,0.034062319,0.928917609,-0.108239095
300281,0.002843724,1.125867148,1.153954656,-0.021744934,-0.517414751,2016,3.63E-05,-0.405625716,0.070704681,-0.027463651,0.583198708
300281,-0.000429628,1.119101173,1.015114835,-0.275409373,-0.272822789,2017,4.28E-05,-0.096792907,-0.405625716,-0.147668394,0.634715026
300281,0.016160941,0.69189188,0.154173998,-1.093812276,0.251956901,2018,2.65E-05,0.288163175,-0.096792907,0.382352941,0.357843137
300281,-0.031141786,1.085336273,1.452452852,-0.079134733,-0.69742978,2019,2.57E-05,-0.2904434,0.288163175,-0.543269231,0.439903846
300284,0.001785789,1.032640024,0.910635062,0.481015535,-0.302935301,2017,4.64E-05,0.393632563,-0.438669059,0.139896373,0.665803109
300284,0.030506851,0.837196354,0.481747634,-0.619397306,-0.002458245,2018,0.000209976,-0.190992905,0.393632563,0.654411765,1
300284,0.024532506,1.143927511,0.844462829,0.785005972,0.052854891,2019,1.78E-05,-0.209533705,-0.190992905,0.444711538,0.03125
300287,-0.005715244,1.096176303,1.121704016,2.05493707,-1.553818966,2016,1.48E-05,-0.224437659,-0.325501546,-0.147011309,-0.153473344
300287,-0.006236604,1.348104294,0.628032287,-0.584225285,-0.056673183,2017,1.50E-05,-0.452001105,-0.224437659,-0.678756477,-0.186528497
300288,-0.005459431,1.180964084,1.635142166,-0.504507297,-0.11496722,2018,1.08E-05,-0.137976749,-0.199811004,-0.205882353,-0.544117647
300288,-0.021339871,1.314355981,0.545427235,-1.106440709,0.316345054,2019,2.06E-05,-0.057230173,-0.137976749,-0.384615385,0.240384615
300293,0.050835664,0.977825123,0.437886967,-1.157509805,-0.54926248,2016,2.66E-05,-0.324486624,-0.216697435,0.654281099,0.37641357
300293,0.008341904,0.860918744,1.029094114,-0.537578611,0.42130989,2017,1.18E-05,-0.128462432,-0.324486624,0.691709845,-0.505181347
300293,-0.041928056,1.190734935,1.232119517,-0.812416556,-0.412944631,2018,1.23E-05,1.119618316,-0.128462432,-0.803921569,-0.279411765
300293,0.009404138,1.26426383,0.759624909,-1.288016925,0.254335398,2019,1.11E-05,-0.231367125,1.119618316,0.199519231,-0.319711538
300296,0.107108353,1.077036108,1.341605258,1.079084462,-0.688031635,2016,6.71E-06,0.017091084,0.173941578,0.903069467,-0.993537964
300296,0.007271248,0.36214025,0.407078129,-0.217781478,-0.034344019,2017,6.87E-06,-0.396008937,0.017091084,0.637305699,-0.981865285
300296,0.015081891,1.147673897,-0.783908437,-2.05945585,0.375482137,2018,6.94E-06,-0.229097238,-0.396008937,0.348039216,-0.968137255
300297,-0.046248028,0.942686782,1.032409144,-0.553135782,-0.15795136,2018,8.45E-06,-0.341697757,-0.264728621,-0.843137255,-0.882352941
300297,-0.012532694,1.127624421,0.421474395,-1.448096247,0.101321566,2019,7.41E-06,0.040940578,-0.341697757,-0.228365385,-0.9375
300299,0.014801911,1.352324962,2.983186731,0.689047535,0.102691391,2017,5.41E-05,0.430663793,-0.527484062,0.857512953,0.748704663
300299,0.05327994,0.987351287,1.863728104,-0.327389127,-0.432193787,2018,2.04E-05,0.317604398,0.430663793,0.879901961,0.071078431
300308,-0.003966886,1.296597673,-0.477498693,-1.803889071,0.434660003,2019,9.20E-06,-0.395699076,0.826870463,-0.036057692,-0.692307692
300311,0.000938801,0.991511514,1.401209092,-0.762272377,-0.267061717,2018,3.18E-05,-0.075482512,-0.005751795,-0.017156863,0.475490196
300311,0.06624752,0.946009066,0.53425296,-1.878558264,0.009482499,2019,3.56E-05,-0.174740495,-0.075482512,0.84375,0.634615385
300317,-0.138943032,0.943747503,1.769034806,0.59614186,-0.308228611,2016,1.77E-05,-0.193378848,-0.209732123,-0.97092084,-0.021001616
300317,0.002733863,0.34097048,2.61134684,0.359983886,0.413681952,2017,8.73E-06,-0.573149696,-0.193378848,0.243523316,-0.917098446
300317,-0.006129119,1.132133671,2.506893516,1.130372409,-0.699016453,2019,8.39E-06,1.514185889,-0.438133299,-0.091346154,-0.822115385
300320,0.022859503,1.105690516,0.807103434,0.211095863,-0.548608176,2016,5.82E-05,-0.36924176,0.135474533,0.315024233,0.822294023
300320,-0.096407577,1.001445238,0.040988992,-0.605547862,-0.084403822,2017,6.63E-05,-0.110670045,-0.36924176,-0.984455959,0.841968912
300320,-0.010131583,1.403972425,-0.005228009,-0.646042061,0.631656904,2018,4.51E-05,0.100698857,-0.110670045,-0.328431373,0.710784314
300320,-0.003229014,1.287637048,1.201567778,0.399434155,-0.096380357,2019,4.05E-05,0.254106628,0.100698857,-0.021634615,0.716346154
300323,0.005008121,1.227100592,1.822361387,0.976340807,-0.879181088,2017,1.02E-05,-0.526088581,-0.083255104,0.502590674,-0.75388601
300324,-0.04529668,0.975803561,-0.135138954,-2.493893858,-0.118689322,2019,1.54E-05,-0.3705881,0.141265113,-0.706730769,-0.060096154
300333,-0.007988423,1.467437729,0.872908154,-0.476662893,0.230309551,2017,1.28E-05,0.053477095,-0.213725537,-0.743523316,-0.347150259
300342,-0.025746353,0.570872634,0.459543292,-0.712389689,0.274718395,2018,4.42E-05,0.739614311,-0.206525591,-0.605392157,0.691176471
300344,-0.04434401,1.256230566,1.665243948,-0.555138689,0.439449681,2018,2.48E-05,-0.179888427,-0.070278254,-0.833333333,0.276960784
300344,0.030029464,1.112315055,0.596443289,-0.697992502,0.438354435,2019,2.26E-05,0.419929201,-0.179888427,0.526442308,0.334134615
300348,0.142639367,1.271889697,0.413570447,-0.762336395,-0.985926735,2016,3.06E-05,0.293635114,-0.433291395,0.97092084,0.460420032
300348,0.004028398,1.406588761,2.125677394,0.629170318,-0.502302336,2017,1.07E-05,-0.223681671,0.293635114,0.417098446,-0.665803109
300349,-0.063978317,1.009952265,0.57073261,-0.73921374,0.145237984,2018,1.64E-05,-0.138300979,-0.063613238,-0.933823529,-0.056372549
300349,-0.041663174,1.122956568,0.13292568,-0.585727422,0.699253078,2019,2.37E-05,-0.202721461,-0.138300979,-0.663461538,0.382211538
300351,0.050289104,1.167538476,0.358617886,-0.938607185,-0.27715972,2016,2.72E-05,-0.319123589,-0.469293664,0.647819063,0.392568659
300351,0.002863771,0.691551759,0.677165164,-0.76515826,0.480960991,2017,1.23E-05,-0.225283208,-0.319123589,0.274611399,-0.406735751
300352,-0.008086325,0.57043466,1.037619904,-1.552475875,-0.644859216,2018,1.23E-05,0.125988579,0.507424535,-0.267156863,-0.279411765
300352,-0.051769345,0.926607934,-0.142300115,-2.326608871,0.524120528,2019,9.40E-06,-0.027982641,0.125988579,-0.774038462,-0.65625
300354,-0.052113077,1.048610574,1.316032334,-0.248736316,-0.335711995,2016,1.26E-05,-0.384141132,-0.431381069,-0.735056543,-0.379644588
300354,-0.00153346,0.987363193,1.771025902,-0.934541405,0.44448054,2017,1.31E-05,0.164113881,-0.384141132,-0.292746114,-0.313471503
300355,-0.027533187,0.95220245,1.655539769,0.310569537,-0.304244159,2016,1.77E-05,-0.449208281,1.392510652,-0.457189015,-0.021001616
300355,0.002945378,0.833056826,2.603584616,1.004996236,-0.525331459,2017,7.92E-06,-0.318006416,-0.449208281,0.29015544,-0.971502591
300355,-0.080766044,1.330416358,1.546010782,0.541345818,0.236272965,2018,7.65E-06,-0.351085377,-0.318006416,-0.963235294,-0.933823529
300364,0.036948038,1.087831954,1.513837583,-0.684096618,-0.200837358,2019,9.67E-06,-0.14869443,0.517446215,0.627403846,-0.600961538
300365,0.041577365,1.146948872,1.815003863,0.406704072,-0.442354174,2016,2.30E-05,0.144134709,-0.229986778,0.567043619,0.224555735
300365,-0.002408837,1.096970973,1.200817663,0.407354,-0.240535016,2017,3.49E-05,0.164602385,0.144134709,-0.386010363,0.479274611
300365,-0.037815323,0.464402173,-0.258627808,-2.293937519,-0.256427112,2018,5.73E-05,-0.374629694,0.164602385,-0.762254902,0.821078431
300365,-0.054711196,1.139777449,-0.064639971,-1.428971096,0.487664842,2019,3.31E-05,-0.208636893,-0.374629694,-0.798076923,0.584134615
300366,-0.021657834,1.056440272,1.15895678,-0.329083896,-0.467139599,2016,3.18E-05,-0.469555262,-0.125138935,-0.373182553,0.486268174
300366,0.001563941,0.970853604,1.204829837,-1.67005587,0.630606249,2017,2.08E-05,0.109044811,-0.469555262,0.101036269,0.002590674
300370,-0.01671707,1.039927051,0.874239165,-0.469566063,-0.735226421,2016,7.17E-06,-0.288859553,-0.323538837,-0.292407108,-0.980613893
300370,0.002024237,1.132552953,1.666189697,-0.527136942,0.001311771,2017,2.19E-05,0.081703516,-0.288859553,0.170984456,0.059585492
300370,-0.034324071,0.737411631,0.757616508,-1.236134382,0.080361656,2018,7.34E-06,-0.375464173,0.081703516,-0.720588235,-0.960784314
300370,-0.041894131,0.913479121,1.799407766,-0.690168786,-0.152111162,2019,7.04E-06,-0.121492153,-0.375464173,-0.665865385,-0.959134615
300374,-0.023339961,2.042425687,1.147610257,-2.014465281,-1.206834876,2017,0.000120216,-0.130517915,-0.514719577,-0.940414508,0.96373057
300374,0.083069022,1.527087909,1.655576635,-0.323698191,0.238351617,2018,5.83E-05,0.745676411,-0.130517915,0.963235294,0.823529412
300376,0.009315635,0.969826522,1.228106478,-0.14862623,-0.75178713,2016,7.99E-06,-0.414249899,0.311764455,0.063004847,-0.954765751
300376,0.008454251,0.406884521,1.1980065,-1.43591386,-0.49958608,2017,3.41E-05,-0.089825495,-0.414249899,0.696891192,0.461139896
300376,0.016124387,1.01601748,1.298419729,0.252910893,0.022297503,2018,1.46E-05,0.044628535,-0.089825495,0.379901961,-0.120098039
300376,-0.004660434,1.10367081,0.691888565,-0.303714889,0.357128008,2019,2.23E-05,0.530767148,0.044628535,-0.048076923,0.324519231
300377,-0.015259518,1.280202113,0.170434366,0.10042143,-1.596201287,2016,1.44E-05,0.189930922,-0.428096905,-0.269789984,-0.18901454
300378,-0.017696862,1.32108306,0.837712073,-1.612711669,-0.463772333,2018,1.06E-05,-0.007009662,0.066607932,-0.482843137,-0.588235294
300378,-0.111219641,1.389380053,0.629183388,-0.810482763,0.103449171,2019,1.11E-05,0.573427521,-0.007009662,-0.980769231,-0.319711538
300382,-0.000616731,0.938053469,1.568893656,0.232534059,-0.57047888,2017,2.63E-05,-0.134798203,-0.191190562,-0.191709845,0.25388601
300385,-0.045474086,1.195440611,1.503569283,0.253583352,-0.048836722,2016,3.58E-05,-0.356583696,-0.209454919,-0.647819063,0.573505654
300387,-0.00196671,1.371110385,1.652821125,0.093939898,0.290435477,2017,3.31E-05,0.470013529,-0.343261903,-0.344559585,0.440414508
300387,0.014302084,0.969362371,1.455727938,-0.202671469,0.055038212,2018,1.12E-05,-0.15859627,0.470013529,0.325980392,-0.468137255
300387,0.050840098,1.018089458,1.189367076,0.281349814,0.419285509,2019,1.08E-05,-0.223746208,-0.15859627,0.747596154,-0.387019231
300388,0.002736116,1.456363502,1.776657467,0.32112749,-0.06131406,2017,2.11E-05,-0.114922318,-0.102603206,0.24611399,0.028497409
300397,-0.0713528,1.019063971,0.796253375,-0.899775779,-0.465110008,2016,3.80E-05,-0.517765109,-0.290191142,-0.841680129,0.615508885
300397,0.0141445,1.333225724,0.080391455,-2.422898667,0.295773105,2017,3.28E-05,0.663796896,-0.517765109,0.841968912,0.432642487
300397,-0.05665398,1.268036686,0.699229561,-2.165121445,1.097402737,2019,1.05E-05,-0.215741226,1.139717375,-0.822115385,-0.439903846
300402,0.008609349,0.665489416,1.582563961,-2.815477371,-1.099674627,2017,5.34E-05,-0.027893322,-0.497655619,0.704663212,0.733160622
300402,0.001676332,1.314900304,1.970913254,-0.076315487,0.137228602,2018,6.93E-05,-0.132595287,-0.027893322,-0.00245098,0.889705882
300402,-0.021301828,1.087702523,1.435694358,0.08841897,0.279046697,2019,5.56E-05,0.710595001,-0.132595287,-0.382211538,0.850961538
300405,0.093302225,1.09519281,1.036646331,0.539322597,-0.588256502,2016,2.26E-05,-0.453701815,-0.328181934,0.848142165,0.195476575
300405,0.00094759,0.956896928,2.399278551,0.477661515,-0.027723331,2017,2.13E-05,0.381843601,-0.453701815,0.038860104,0.038860104
300405,-0.018254645,1.258722423,1.782172515,-0.085572214,0.008690454,2018,1.04E-05,-0.330684024,0.381843601,-0.49754902,-0.620098039
300405,0.04959718,0.902328082,1.091360654,-0.371275226,0.622063017,2019,9.31E-06,0.746311299,-0.330684024,0.735576923,-0.668269231
300406,0.064067223,1.198771287,0.783268252,-0.018495603,-0.132518582,2019,9.70E-06,-0.151278341,0.515179318,0.824519231,-0.59375
300407,0.110066901,1.148651819,1.91809933,0.688763939,0.031934092,2016,0.000160301,-0.630754432,-0.022920468,0.915993538,0.993537964
300407,0.002715593,1.147649304,1.383347773,-0.766872343,-0.304238699,2017,0.000123193,0.085896351,-0.630754432,0.240932642,0.966321244
300407,0.011146048,1.356981944,0.463589855,-1.32507035,0.577291299,2018,1.11E-05,-0.037780832,0.085896351,0.264705882,-0.490196078
300407,-0.026894953,1.171820608,1.518394076,0.653745545,0.004967507,2019,2.04E-05,-0.072982664,-0.037780832,-0.473557692,0.233173077
300412,0.02363269,1.117184758,1.277515505,0.899265006,-0.97615987,2016,1.14E-05,-0.263896307,-0.285735036,0.327948304,-0.592891761
300412,0.015367081,1.437850477,1.751915666,0.291549864,0.129173741,2017,3.03E-05,-0.293309929,-0.263896307,0.867875648,0.367875648
300412,-0.039475899,1.617152015,2.549505244,0.809852793,-0.302616303,2018,3.12E-05,0.387047644,-0.293309929,-0.776960784,0.458333333
300412,0.041311706,1.17285136,1.701757505,0.235775919,0.129062394,2019,1.89E-05,0.053583936,0.387047644,0.661057692,0.103365385
300419,0.017023482,1.096152435,1.917978319,-0.950495028,0.365368236,2017,2.46E-05,-0.072961864,-0.508784915,0.888601036,0.189119171
300419,-0.051925903,1.193475434,1.231272366,-0.967674377,0.041480225,2018,2.21E-05,-0.029604945,-0.072961864,-0.879901961,0.149509804
300419,-0.0185042,1.03762958,0.997558702,-0.858704796,0.547038239,2019,1.98E-05,0.169972045,-0.029604945,-0.334134615,0.1875
300422,-0.019597681,0.983906362,1.295514995,0.267995947,-0.817731667,2016,8.02E-06,-0.126031459,0.199041174,-0.324717286,-0.951534733
300422,-7.49E-05,1.094830594,2.747648127,1.260415021,-0.685608392,2017,8.40E-06,-0.232302204,-0.126031459,-0.101036269,-0.940414508
300422,0.002518592,1.284548531,1.108952293,0.65514306,-0.060933371,2019,1.10E-05,-0.233741056,-0.012516219,0.098557692,-0.331730769
300424,0.000622884,1.111222644,0.363907902,-1.212964251,0.564484673,2017,2.60E-05,-0.232468803,-0.269691824,-0.015544041,0.235751295
300424,0.004938198,0.418122144,0.547860336,-2.152847845,-0.25279437,2018,1.16E-05,-0.128299145,-0.232468803,0.075980392,-0.397058824
300424,-0.016395137,0.989863857,0.356380527,-1.28685151,0.712896654,2019,1.97E-05,0.168729258,-0.128299145,-0.300480769,0.175480769
300428,-0.009104035,1.084254025,1.234075817,-0.000201198,-0.223458292,2019,8.67E-06,-0.140587313,0.383399274,-0.165865385,-0.778846154
300435,-0.050755704,1.127106013,1.696852077,0.409464057,-0.314330532,2016,6.78E-05,-0.231474159,-0.340239088,-0.715670436,0.861066236
300435,-0.00511724,1.299247843,1.062300557,-0.023398332,-0.00177971,2018,5.44E-05,-0.312889249,0.317694246,-0.196078431,0.786764706
300435,0.078211228,1.093800064,1.81496515,1.574585679,-0.859308985,2019,3.80E-05,0.220561244,-0.312889249,0.879807692,0.677884615
300440,0.087396446,1.166670734,1.871964676,0.918317641,-0.78761088,2016,1.37E-05,-0.509685014,-0.224038926,0.838449111,-0.243941842
300440,0.033048796,1.103983961,1.342671902,-0.945912948,0.067260232,2018,1.88E-05,0.233790384,0.231256042,0.678921569,0.022058824
300440,-0.002937072,0.964236787,0.890890368,-0.354034382,0.261796942,2019,1.94E-05,-0.229475038,0.233790384,-0.016826923,0.146634615
300444,-0.000491865,1.286857655,1.634983807,0.784710512,-0.053813657,2017,1.07E-05,-0.150358668,-0.231126309,-0.160621762,-0.665803109
300447,-0.000455962,0.197385564,3.290751201,1.079197733,1.117231871,2017,1.21E-05,-0.159844086,-0.412815848,-0.158031088,-0.440414508
300447,-0.020153688,1.155613984,0.839113971,-1.036858162,-0.054037213,2018,1.22E-05,-0.104405469,-0.159844086,-0.539215686,-0.301470588
300450,0.00883766,0.583227455,0.985197464,-0.890569418,-0.043805151,2017,9.79E-06,0.105518694,0.152919392,0.71761658,-0.78238342
300450,-0.048732065,1.179856161,0.248065195,-1.231589887,-0.067718884,2018,1.02E-05,0.354848376,0.105518694,-0.850490196,-0.656862745
300450,-0.073956041,1.19506054,-0.161466295,-0.209461114,0.521536325,2019,1.11E-05,1.065440579,0.354848376,-0.901442308,-0.319711538
300453,-0.011116632,1.206812884,0.79609551,-0.283997794,0.272498482,2017,1.60E-05,0.009898059,-0.514731175,-0.831606218,-0.160621762
300454,-0.027947383,1.138542202,-0.87631851,-1.262613381,0.599703983,2019,1.38E-05,0.241836459,1.322001564,-0.5,-0.129807692
300455,0.00589215,1.135822805,1.614623291,0.365123123,-0.29281693,2016,2.53E-05,-0.088132076,-0.251702006,0.017770598,0.331179321
300455,-0.017510321,0.271310173,-0.354572672,-2.594334845,0.043472752,2018,1.29E-05,0.868302281,-0.087750038,-0.475490196,-0.230392157
300456,-0.002423142,1.313743845,0.847577029,-1.046993606,0.551833198,2017,9.01E-06,0.190037095,-0.102022704,-0.388601036,-0.875647668
300464,-0.08578895,0.89590014,0.874420986,0.547296578,-1.036869855,2016,3.04E-05,-0.337496216,-0.39193226,-0.909531502,0.453957997
300464,0.008747691,0.941695862,1.771807824,-0.978368364,-0.093125765,2017,1.44E-05,-0.05869311,-0.337496216,0.715025907,-0.21761658
300467,0.011746956,0.822335828,2.171014761,0.226691107,-0.30973323,2017,8.83E-06,-0.435238169,-0.2344761,0.797927461,-0.89119171
300467,0.033535309,1.300212703,0.127035649,-1.302925252,-0.169935112,2018,8.04E-06,-0.068635782,-0.435238169,0.68872549,-0.914215686
300468,-0.027976682,1.045186969,1.928766532,0.977503188,-1.004272924,2016,3.31E-05,-0.234126922,-0.416645877,-0.46365105,0.502423263
300468,0.008105545,1.205605916,1.586916708,-0.342952837,-0.080937767,2017,4.37E-05,-0.161000744,-0.234126922,0.678756477,0.637305699
300468,-0.099319863,1.222385852,0.482997853,-1.361121412,0.621604395,2019,3.85E-05,-0.206852522,1.182999795,-0.954326923,0.6875
300469,-0.064300238,1.085219086,2.804051313,1.434629137,-0.367405857,2017,1.10E-05,0.068417089,-0.268935714,-0.979274611,-0.621761658
300470,0.005627574,0.732700375,1.361079317,-0.504826649,-0.176386757,2017,2.22E-05,-0.05575374,0.36921675,0.567357513,0.075129534
300470,0.003849565,0.815031836,0.116182418,-0.765285684,-0.159793433,2018,1.10E-05,0.256944657,-0.05575374,0.053921569,-0.504901961
300470,0.026103851,1.00751581,0.182381344,-0.053283365,0.187071479,2019,2.07E-05,0.214004115,0.256944657,0.46875,0.247596154
300471,0.0075174,1.182586203,1.7815161,1.711032898,-0.966573672,2016,2.33E-05,-0.546516409,-0.210376129,0.04361874,0.237479806
300471,-0.006223694,1.177116603,1.439249716,0.182786572,-0.443209258,2017,1.13E-05,0.507913759,-0.546516409,-0.676165803,-0.569948187
300471,0.016311634,1.398254677,0.772846108,-1.014066828,0.249039581,2018,1.07E-05,-0.23991401,0.507913759,0.387254902,-0.571078431
300476,-0.002719607,1.126979219,1.074489876,0.114390364,-0.412680388,2017,1.34E-05,-0.266474873,0.181168521,-0.411917098,-0.284974093
300476,-0.0256497,0.969693777,0.48386742,-1.186886205,0.083380049,2018,1.23E-05,1.098058094,-0.266474873,-0.602941176,-0.279411765
300477,0.149635966,1.071239994,1.519230277,0.845857602,-0.688710554,2016,1.42E-05,0.012146592,-0.275912555,0.980613893,-0.198707593
300477,0.011206156,0.638106899,2.068898435,0.119243606,-0.397749062,2017,1.32E-05,-0.217229724,0.012146592,0.777202073,-0.305699482
300477,-0.130754276,1.027308698,0.670841206,-0.3100294,0.049199976,2018,1.29E-05,0.147618996,-0.217229724,-0.99754902,-0.230392157
300477,-0.106502768,0.834357287,0.915799447,0.592889218,-0.603102195,2019,1.07E-05,-0.03430834,0.147618996,-0.971153846,-0.408653846
300481,0.243578798,0.918891917,0.379507936,0.932097327,-1.420407489,2016,1.63E-05,-0.40068339,-0.431832485,1,-0.069466882
300481,0.021554616,1.311712243,2.440957164,0.56166646,-0.111287983,2017,1.55E-05,0.078193537,-0.40068339,0.940414508,-0.17357513
300481,0.012817275,0.903961142,0.265182943,-2.039229353,0.126748099,2018,1.50E-05,0.507562523,0.078193537,0.299019608,-0.105392157
300481,-0.09510259,1.06307731,0.976613518,-0.122228573,-0.090790564,2019,1.30E-05,0.185989752,0.507562523,-0.949519231,-0.165865385
300489,0.012509575,0.719477568,0.788122423,0.864344014,-1.740464802,2016,1.56E-05,-0.403693926,-0.489170246,0.137318255,-0.098546042
300489,0.003545425,1.073187718,1.299288288,-1.303796576,-0.035814587,2017,3.65E-05,0.188438895,-0.403693926,0.357512953,0.507772021
300489,0.008221038,1.133235223,2.011382981,-0.039091217,-0.014047124,2018,2.64E-05,1.687680429,0.188438895,0.196078431,0.352941176
300489,0.03855548,1.176656244,1.851931585,0.404273855,0.019330409,2019,1.19E-05,-0.299768122,1.687680429,0.634615385,-0.240384615
300490,0.112834588,0.993162625,2.557124442,-1.279713141,0.089913208,2017,2.99E-05,-0.444771995,-0.178553461,1,0.349740933
300490,0.046809486,0.76591839,2.09250704,-0.329162572,-0.730938299,2018,2.77E-05,-0.225025545,-0.444771995,0.818627451,0.384803922
300490,-0.010360488,1.202782788,0.757863277,-0.290792669,-0.082020309,2019,4.05E-05,0.987948372,-0.225025545,-0.1875,0.716346154
300491,-0.043101359,1.017933165,1.017010981,-0.584020893,-0.575056682,2019,1.15E-05,0.165174903,-0.193163778,-0.680288462,-0.262019231
300497,-0.080286255,0.894065908,0.839737616,0.415396294,-0.35788152,2019,9.26E-06,-0.366888254,1.070993996,-0.918269231,-0.677884615
300509,-0.004954076,0.806416553,0.687887536,-0.117522361,0.016808937,2019,1.50E-05,-0.119529261,0.218921025,-0.050480769,-0.072115385
300510,0.065422018,1.647969708,1.119067126,0.775886046,0.441584028,2019,1.51E-05,0.343243665,-0.216693204,0.834134615,-0.067307692
300511,0.000674211,1.495081303,2.156609861,0.635536969,0.490612292,2017,1.03E-05,-0.09465948,-0.151078169,-0.012953368,-0.730569948
300511,0.008032928,1.156042154,1.057177171,-0.451004369,0.01227439,2018,1.01E-05,0.587342812,-0.09465948,0.183823529,-0.671568627
300511,0.009591161,1.193021783,1.295620841,0.224698777,0.13524558,2019,1.01E-05,-0.349989249,0.587342812,0.204326923,-0.519230769
300512,0.000365814,1.387213251,2.044388582,-0.042114522,0.361036988,2017,2.82E-05,-0.22613668,-0.17880428,-0.046632124,0.310880829
300512,-0.024736353,1.268053202,1.708889711,0.443789501,0.454700031,2018,2.61E-05,-0.073593709,-0.22613668,-0.590686275,0.340686275
300512,-0.057727257,0.895930386,0.943384618,-0.675231952,0.269231825,2019,2.14E-05,0.213442473,-0.073593709,-0.831730769,0.290865385
300515,0.010158913,1.985579468,2.46666239,1.070805973,1.553786196,2017,2.72E-05,0.018293613,-0.427603282,0.756476684,0.277202073
300515,-0.055715312,1.369633862,0.92635636,-0.751757061,0.745166866,2018,1.17E-05,0.035406848,0.018293613,-0.894607843,-0.375
300516,0.004131176,1.184743167,2.176330492,-0.123397483,-0.141060853,2017,1.35E-05,-0.013621474,-0.444708921,0.42746114,-0.28238342
300517,-0.000711683,1.178541428,2.465415484,0.431114491,1.86990673,2017,1.26E-05,-0.280194164,-0.234554317,-0.194300518,-0.380829016
300517,-0.041009688,0.772260542,1.478098872,-0.163302456,0.339711277,2018,2.40E-05,0.056614355,-0.280194164,-0.789215686,0.237745098
300523,-0.00677869,1.869675606,2.042641999,1.801802612,2.116427138,2017,1.73E-05,-0.148303369,0.543394527,-0.696891192,-0.124352332
300523,0.01941977,0.886858559,-0.466634143,-2.297299638,-1.01549693,2018,3.07E-05,0.2902849,-0.148303369,0.443627451,0.448529412
300523,-0.021428341,0.842672109,-0.520421513,-1.468869885,0.293525515,2019,1.23E-05,-0.487764716,0.2902849,-0.387019231,-0.221153846
300526,-0.372186529,0.869866864,0.633542479,-2.968229722,-1.289652615,2017,1.22E-05,0.005009886,-0.547499417,-1,-0.422279793
300526,0.014475491,1.604150021,1.82066611,-0.352138611,-0.179612755,2018,2.23E-05,7.414551541,0.005009886,0.335784314,0.161764706
300527,-0.026566763,1.000650837,0.438369619,-0.912386641,-0.068896701,2018,4.32E-05,-0.149513517,0.081865026,-0.615196078,0.671568627
300527,-0.044627193,1.254374637,0.746808946,-0.565240589,-0.166708066,2019,4.03E-05,-0.002369429,-0.149513517,-0.697115385,0.711538462
300534,0.0360995,0.743189362,4.003653829,0.345670673,-1.117591415,2017,2.61E-05,-0.276489714,-0.558847231,0.987046632,0.240932642
300534,0.007997458,1.673231327,1.057991178,-0.41599982,0.30142257,2018,1.26E-05,-0.005347867,-0.276489714,0.181372549,-0.257352941
300534,-0.002047922,1.210085506,1.891405675,0.501388042,-0.565795598,2019,9.77E-06,0.083992673,-0.005347867,0.002403846,-0.574519231
300535,-0.029705817,1.282658511,1.561557404,-0.533654043,0.679072318,2018,1.42E-05,-0.147193459,-0.163669423,-0.666666667,-0.142156863
300540,0.014430838,1.286577763,2.246104681,0.326312347,1.555902208,2017,1.80E-05,0.1298124,-0.330953305,0.849740933,-0.103626943
300541,-0.010355185,1.291661068,1.384968879,-1.223601552,-0.10262239,2018,1.39E-05,0.427337086,0.117165734,-0.343137255,-0.161764706
300542,-0.007699702,1.137094937,3.820791237,1.015862379,-0.183430502,2017,2.43E-05,0.18655075,-0.025670045,-0.733160622,0.176165803
300546,0.002853158,1.156308685,1.643469773,-0.652158352,0.437824189,2018,2.58E-05,-0.053552899,0.152115747,0.031862745,0.328431373
300546,0.04511326,0.892501935,0.633337561,-0.639644881,-0.112648218,2019,2.17E-05,-0.273731341,-0.053552899,0.701923077,0.302884615
300552,-0.050251279,1.083531501,0.802710039,-0.959936447,0.446840716,2019,2.09E-05,-0.215908576,1.680965575,-0.762019231,0.259615385
300556,0.01807112,1.239764267,0.939519256,-0.801405048,-0.118629218,2019,2.03E-05,0.104380513,-0.048090329,0.348557692,0.223557692
300558,-0.000206832,1.223850459,1.292132982,0.651861287,1.446862263,2017,9.44E-06,-0.264094872,-0.078480408,-0.116580311,-0.81865285
300573,0.381041085,0.847914546,0.700738788,-0.871985788,0.012853288,2019,2.30E-05,-0.040966794,1.837413302,1,0.355769231
300579,-0.08639567,1.310697487,0.928477325,-0.44885986,0.495670306,2019,2.28E-05,0.15059221,0.436502039,-0.935096154,0.348557692
300587,0.012859268,1.424879376,1.471012808,-0.022560547,0.379951346,2018,2.83E-05,0.301129723,0.217352981,0.306372549,0.401960784
300587,0.009985922,0.825545479,0.520542338,0.207611403,-0.751528736,2019,2.98E-05,1.108664766,0.301129723,0.216346154,0.53125
300589,0.096517584,1.140832451,0.854642724,-1.509579048,-0.018863342,2018,6.54E-05,-0.128966262,-0.02577783,0.977941176,0.87254902
300589,0.007557404,0.790042021,-0.139140142,-1.866791755,0.2064477,2019,3.12E-05,1.366949863,-0.128966262,0.170673077,0.557692308
300590,-0.057566812,1.397436922,1.32217758,-1.54566642,-0.481488277,2018,1.22E-05,0.411346116,0.542259664,-0.906862745,-0.301470588
300597,-0.049739834,1.178181956,1.517762051,-1.033149077,-0.85580244,2018,2.56E-05,-0.30828811,-0.034792997,-0.860294118,0.308823529
300597,-0.054720568,1.140121348,0.418610004,-1.454138039,0.314952742,2019,2.32E-05,-0.180256792,-0.30828811,-0.800480769,0.362980769
300599,0.074248147,1.262474721,1.376758534,-0.560468305,0.170270398,2018,3.29E-05,0.179720729,-0.01808877,0.950980392,0.492647059
300599,-0.035822222,0.90504774,0.581002741,-0.162862597,0.045123325,2019,4.93E-05,-0.152250914,0.179720729,-0.591346154,0.795673077
300600,-0.031858176,0.857841554,0.606077054,-1.028453172,-0.077720141,2018,1.42E-05,-0.091764618,-0.184446658,-0.691176471,-0.142156863
300601,0.035391447,0.914603525,-1.102717211,-1.516461102,-0.864546511,2019,1.08E-05,-0.094198649,2.059240039,0.600961538,-0.387019231
300606,-0.028190971,1.341207825,1.915359522,-0.113020306,0.416656725,2018,1.36E-05,0.007846555,-0.123131376,-0.654411765,-0.178921569
300616,0.053894156,0.804006805,-0.054423985,-0.696554343,-0.270014195,2018,9.97E-06,-0.210523291,-0.311748147,0.887254902,-0.68627451
300617,-0.027285454,0.997969546,2.091119201,-0.183609698,-0.063607605,2018,1.13E-05,0.888895055,-0.085520822,-0.637254902,-0.446078431
300617,-0.019433862,1.105444473,1.153278182,0.284374696,0.041783736,2019,1.94E-05,0.447236425,0.888895055,-0.353365385,0.146634615
300618,0.003919282,1.229882632,0.057207401,-0.106030967,-0.923136733,2019,9.18E-06,0.251903496,0.448523034,0.125,-0.697115385
300621,-0.00106395,1.556034468,1.456538073,0.269336853,0.327605874,2018,5.48E-05,-0.004021084,-0.218404001,-0.068627451,0.791666667
300621,-0.014125635,1.031697992,1.132534889,0.237917937,0.020382529,2019,5.33E-05,-0.021430205,-0.004021084,-0.257211538,0.834134615
300623,-0.009423342,1.192352235,0.250760049,-1.96806703,0.106767867,2018,1.19E-05,1.106074037,0.053549656,-0.303921569,-0.333333333
300627,-0.056444181,1.362204046,0.903559388,-1.393367152,-0.103393835,2018,3.12E-05,0.43636451,-0.103674484,-0.904411765,0.458333333
300627,0.007603698,1.093254291,0.425526234,-1.39951953,0.67614882,2019,1.76E-05,0.665952118,0.43636451,0.173076923,0.021634615
300632,-0.073982488,1.003336788,0.66504551,-0.507675442,0.275420738,2019,9.84E-06,-0.072468773,0.230759158,-0.903846154,-0.567307692
300635,0.061514794,1.655361826,2.493992186,0.425595262,-0.002403431,2018,2.31E-05,0.770987001,0.095254421,0.914215686,0.193627451
300635,0.000634667,0.904472973,1.082846745,-0.03517786,-0.355120106,2019,1.86E-05,-0.342170647,0.770987001,0.067307692,0.072115385
300640,0.005009858,0.797833338,2.679467677,1.033920989,-1.007226812,2018,5.58E-05,0.388014332,-0.095100506,0.083333333,0.803921569
300640,0.004658922,1.052614462,1.192440512,-0.33192154,0.301697311,2019,8.49E-05,-0.386705942,0.388014332,0.137019231,0.942307692
300643,0.027911568,1.328079672,1.581111611,0.229873509,0.202834998,2019,1.14E-05,-0.152941757,0.547698141,0.495192308,-0.269230769
300644,0.05244097,0.901592906,2.151992566,0.218835292,-0.312818226,2019,1.12E-05,0.076522376,0.131546773,0.759615385,-0.293269231
300647,-0.004047174,0.704804829,3.796881696,1.195471543,-1.008078854,2018,2.40E-05,-0.252818048,-0.431029041,-0.149509804,0.237745098
300647,-0.108906994,0.74163994,0.491541123,-0.990212411,-0.79633099,2019,1.86E-05,0.322985225,-0.252818048,-0.975961538,0.072115385
300662,-0.037239112,1.047942511,0.446530363,-0.948799805,0.373917653,2018,4.40E-05,0.242744401,0.621461269,-0.754901961,0.68627451
300662,0.082483757,0.943829404,0.489491474,-0.056100187,-0.139965927,2019,3.92E-05,0.346619913,0.242744401,0.90625,0.694711538
300665,0.066642502,1.650174304,2.59862665,0.687904238,-0.091390864,2018,4.83E-05,-0.119333682,-0.174322759,0.93627451,0.740196078
300668,-0.010225526,1.232448335,2.537826099,1.224920515,-0.161106408,2018,6.17E-05,-0.218857142,-0.378323388,-0.335784314,0.845588235
300669,0.022380876,1.299736816,2.310314812,0.281882325,0.03759159,2018,2.34E-05,0.951476346,-0.01989649,0.507352941,0.203431373
300673,0.014850994,0.603843257,1.026411691,0.471454861,-0.935762954,2018,4.01E-05,0.439206178,-0.334053301,0.340686275,0.62745098
300673,-0.005970103,1.28956566,0.042911379,-0.24135345,-0.306034367,2019,2.51E-05,-0.152115113,0.439206178,-0.088942308,0.430288462
300674,0.122802091,0.762758976,1.687356232,-1.838077964,-0.67216837,2019,8.60E-06,-0.311222874,0.524833593,0.954326923,-0.802884615
300676,-0.062577533,1.414124142,0.121979858,-0.525342016,0.901628123,2019,5.65E-06,-0.250772455,1.695426039,-0.848557692,-0.992788462
300678,0.018888703,1.031688992,-0.381135589,-2.661899138,1.281244331,2019,2.97E-05,0.061206173,-0.054467843,0.365384615,0.528846154
300689,0.05312273,1.330954903,1.525202927,-1.332006795,0.806670627,2018,4.47E-05,0.018219903,-0.244466943,0.875,0.700980392
300689,0.101758107,1.064639479,0.944231606,-0.345818349,0.068246827,2019,3.89E-05,0.264002127,0.018219903,0.9375,0.689903846
300703,0.01930707,0.995326348,1.528651296,0.442010084,-0.277414614,2019,8.71E-06,-0.221441202,0.364850854,0.372596154,-0.774038462
300711,0.092804356,1.468471075,-0.067162159,-2.709409896,0.171250718,2018,1.12E-05,-0.22433267,-0.023060509,0.973039216,-0.468137255
300711,-0.085982195,1.121602963,0.528823736,-1.600425818,0.458513271,2019,1.11E-05,0.304372835,-0.22433267,-0.927884615,-0.319711538
300712,-0.044667013,1.526082597,2.060346517,-0.002902959,-0.044561428,2018,5.72E-05,0.141334862,-0.201645989,-0.840686275,0.818627451
300712,-0.000664976,1.003302894,1.021666952,0.000738061,-0.148521066,2019,4.07E-05,2.057802363,0.141334862,0.038461538,0.721153846
300716,-0.027768909,1.075695563,1.19603499,0.176297835,-0.43858614,2019,8.91E-06,0.104112048,-0.345095101,-0.492788462,-0.75
300718,0.046594225,1.286609243,2.323060312,0.108037161,-0.744258494,2018,1.18E-05,-0.11780018,-0.060774949,0.816176471,-0.352941176
300718,-0.005185163,1.071107189,0.389059201,0.134675966,-0.366535663,2019,1.05E-05,0.530555726,-0.11780018,-0.052884615,-0.439903846
300722,-0.042097641,0.350568432,1.241899194,0.017350757,-0.28838578,2018,1.31E-05,-0.092325552,-0.228165687,-0.806372549,-0.218137255
300722,-0.025610627,1.027408161,0.763777617,-1.040862166,0.616023562,2019,2.42E-05,2.977264278,-0.092325552,-0.451923077,0.394230769
300729,0.076711509,1.036518515,0.910724891,0.253714582,-0.01461943,2019,1.27E-05,-0.066724916,1.290147887,0.877403846,-0.189903846
300746,0.064715465,1.231935493,1.13833053,0.219001137,-0.769018846,2019,8.94E-06,0.100791529,-0.274295628,0.826923077,-0.745192308
300760,0.014899236,0.825613364,-0.74363206,-0.109932963,0.214800345,2019,1.54E-05,0.555105452,0.85706204,0.310096154,-0.060096154
600004,0.010227975,1.095296802,0.915499484,1.018164568,0.234883458,2016,2.23E-05,0.031761778,0.520053734,0.10177706,0.176090468
600004,0.003085688,1.164690633,0.426597967,0.932215781,0.259186321,2017,2.25E-05,0.39307732,0.031761778,0.305699482,0.082901554
600004,0.021745047,1.44969282,-0.839181066,-0.285795513,0.053307766,2018,1.16E-05,-0.167377602,0.39307732,0.495098039,-0.397058824
600004,0.043830408,1.194445594,-0.749106496,-0.047624208,0.2177264,2019,1.07E-05,-0.27054058,-0.167377602,0.694711538,-0.408653846
600007,0.02501815,0.980778871,0.195207793,-0.178281665,-0.109697599,2016,1.37E-05,-0.299879931,0.029705104,0.350565428,-0.243941842
600009,0.009425758,0.920034984,0.830963564,1.261398943,0.090704725,2016,1.47E-05,0.483023948,0.432962986,0.069466882,-0.163166397
600009,-0.012578496,0.640427522,-0.115942047,0.695048879,-0.18034764,2017,3.03E-05,0.503389226,0.483023948,-0.860103627,0.367875648
600010,-0.032336288,1.321291112,-1.448356999,-1.059198696,0.35976546,2016,3.56E-05,-0.303133487,0.056129038,-0.515347334,0.567043619
600010,-0.000208082,1.020158397,-0.662701955,-0.568857632,-0.058002333,2017,7.05E-05,0.077637286,-0.303133487,-0.119170984,0.870466321
600010,0.021431716,1.11532414,0.897641922,0.582560605,-0.155768623,2018,4.32E-05,-0.368155757,0.077637286,0.487745098,0.671568627
600010,0.01914309,0.946973307,0.509094074,0.236996129,-0.304800759,2019,1.62E-05,0.413797336,-0.368155757,0.367788462,-0.028846154
600011,-0.003775158,1.206760076,-0.548652233,0.269455853,0.534382159,2016,1.59E-05,-0.133293894,0.065554606,-0.121163166,-0.088852989
600011,-0.005949753,0.53537435,-0.340774336,0.138510096,0.082293703,2017,2.18E-05,-0.019653309,-0.133293894,-0.660621762,0.049222798
600011,0.021854539,0.319508079,0.326775139,-0.081620574,0.129538057,2018,6.31E-06,-0.333128659,-0.019653309,0.49754902,-0.985294118
600011,0.031748213,0.49364302,-0.002431099,-0.090070527,-0.290363456,2019,1.25E-05,0.013330811,-0.333128659,0.550480769,-0.211538462
600012,0.004045073,1.09866485,0.177678587,-0.628249214,0.007419633,2016,9.56E-06,-0.557967861,-0.054744748,-0.011308562,-0.838449111
600012,0.003035853,0.979317407,0.169894024,-0.488367352,-0.048584825,2017,2.95E-05,0.087653018,-0.557967861,0.297927461,0.341968912
600012,-0.014839379,1.124320146,0.440455274,-0.349612873,0.64101502,2018,9.63E-06,-0.159473906,0.087653018,-0.431372549,-0.730392157
600012,-0.011918447,0.96098666,1.068926729,0.927480622,-0.365091719,2019,2.04E-05,0.278813394,-0.159473906,-0.213942308,0.233173077
600017,-0.014008042,1.194780204,0.706174365,-0.283941087,0.280147026,2016,0.000103094,-0.293678742,0.097170587,-0.260096931,0.954765751
600017,0.010223842,0.805654877,0.338103289,-0.20473502,-0.251477976,2017,9.59E-05,-0.026972413,-0.293678742,0.759067358,0.930051813
600017,0.022213892,0.917886188,0.856084591,0.335029377,0.076406647,2018,5.55E-05,-0.213852602,-0.026972413,0.50245098,0.799019608
600017,0.020506055,0.9769714,0.908332622,0.531522945,0.133764864,2019,2.93E-05,0.069566574,-0.213852602,0.389423077,0.514423077
600018,-0.040891888,0.956503477,-0.523682921,0.259585131,0.0296155,2016,2.25E-05,-0.02654833,0.261173003,-0.615508885,0.185783522
600018,-0.002232996,0.577098829,-0.664537219,0.26646542,0.142186463,2017,4.58E-05,0.152847414,-0.02654833,-0.365284974,0.650259067
600018,0.01159846,0.488812823,-0.281347741,-0.028720503,-0.185243655,2018,4.50E-05,-0.393810731,0.152847414,0.276960784,0.705882353
600018,0.014839251,1.016807332,0.250691317,0.267294135,-0.019881101,2019,4.14E-05,0.154511322,-0.393810731,0.305288462,0.728365385
600019,-0.00725415,1.314812606,-1.713673457,-1.458443765,-0.382703201,2017,8.10E-06,-0.112947271,0.20293322,-0.715025907,-0.953367876
600019,-0.031938306,1.074370298,-0.107733411,0.946811379,-0.101323785,2019,1.53E-05,0.721657076,-0.267390249,-0.548076923,-0.0625
600020,-0.005720027,1.160664564,1.10481265,0.631068341,0.37689476,2016,1.75E-05,-0.250466208,0.163810307,-0.150242326,-0.024232633
600020,0.003661164,0.947859255,0.648505059,0.738536508,-0.231049675,2017,9.08E-06,0.435244643,-0.250466208,0.365284974,-0.857512953
600020,0.021162487,1.024009563,0.735177807,0.414606671,-0.048308248,2018,8.44E-06,-0.32177277,0.435244643,0.477941176,-0.887254902
600020,-0.105641688,0.884818854,1.351294445,0.135421582,-0.240181751,2019,8.23E-06,-0.082296432,-0.32177277,-0.966346154,-0.84375
600021,0.021651643,1.279092012,-0.039662605,-0.571842997,0.15502274,2016,1.01E-05,-0.437632191,0.208227258,0.292407108,-0.789983845
600021,-0.007366881,0.40860388,-0.957675205,-0.421929958,-0.245187214,2017,1.61E-05,0.319679114,-0.437632191,-0.722797927,-0.158031088
600021,0.005249971,0.619476446,0.2296274,-0.161846303,0.372561282,2018,7.23E-06,-0.145612125,0.319679114,0.085784314,-0.963235294
600021,0.01487323,0.752972812,0.415033872,0.137688584,-0.016925412,2019,1.36E-05,-0.066015263,-0.145612125,0.307692308,-0.132211538
600022,-0.009342114,1.13569186,0.741752996,-0.438603126,0.820097666,2016,9.59E-06,-0.030496947,0.113267988,-0.182552504,-0.835218094
600022,-0.002363384,1.070224392,-0.059815556,-0.081783453,-0.160927339,2017,2.10E-05,-0.184773582,-0.030496947,-0.380829016,0.020725389
600022,0.003287183,0.954416074,0.721060149,0.678643728,-0.238608602,2019,1.93E-05,0.345079072,-0.239387302,0.115384615,0.132211538
600023,0.005089752,1.330178635,-0.301093242,-0.312746003,0.613208048,2016,1.16E-05,-0.159399113,0.101449568,0.008077544,-0.55088853
600023,-0.003566075,0.732501785,-0.800027197,-0.185699779,-0.004081125,2017,1.16E-05,0.005953312,-0.159399113,-0.46373057,-0.528497409
600026,0.002138966,1.333623504,-0.344653547,-0.166073829,-0.111794118,2017,2.79E-05,0.53173006,-0.351710138,0.186528497,0.292746114
600028,0.024070837,0.810982443,-0.782329488,-0.104320924,0.040438977,2016,1.27E-05,0.1959927,0.258488611,0.337641357,-0.357027464
600028,-0.002247964,0.811992251,-1.528636579,-0.629658497,-0.144683888,2017,1.25E-05,-0.108205178,0.1959927,-0.370466321,-0.386010363
600029,0.006030609,1.42149102,-0.722739657,0.609227159,0.369127337,2017,4.22E-05,-0.088500238,-0.031312242,0.580310881,0.626943005
600029,-0.069883107,1.191540713,-0.895124185,0.326988456,-0.038548666,2018,2.70E-05,-0.3362689,-0.088500238,-0.943627451,0.367647059
600029,-0.016593796,1.314997276,-0.563282242,0.072213354,0.235277206,2019,4.25E-05,0.146775542,-0.3362689,-0.310096154,0.742788462
600031,-0.002512993,1.238843307,0.012760542,-0.053784445,0.5562934,2016,6.19E-05,0.091078623,0.59922962,-0.111470113,0.831987076
600031,-0.002139037,1.303343114,-0.43556696,-0.099793319,0.061048128,2017,6.78E-05,0.462431791,0.091078623,-0.357512953,0.844559585
600031,-0.016645123,1.152845656,-0.086073156,0.677688931,-0.210325148,2018,3.99E-05,0.440657925,0.462431791,-0.460784314,0.62254902
600031,-0.014082213,1.160482334,-0.344339558,0.32371761,0.061523773,2019,3.79E-05,0.590751809,0.440657925,-0.252403846,0.673076923
600033,0.064019138,1.121226209,0.983896069,0.497006575,0.412411307,2016,1.34E-05,-0.190695899,0.231048936,0.735056543,-0.273021002
600035,0.003657398,0.342146589,0.21350774,-0.76637779,-0.175677218,2017,9.63E-06,0.116363882,-0.429519755,0.362694301,-0.803108808
600035,0.040139723,0.64266764,0.360120072,-0.349196392,-0.033259403,2018,9.07E-06,-0.122966123,0.116363882,0.762254902,-0.806372549
600035,-0.015913401,0.842040115,0.998183662,0.386004931,-0.096755388,2019,8.27E-06,0.057003683,-0.122966123,-0.283653846,-0.841346154
600038,0.016420858,1.223991038,-0.072086458,-1.269486011,0.4263615,2016,1.54E-05,-0.13949063,0.09882723,0.201938611,-0.108239095
600038,-0.0115049,1.077393221,-0.331267131,-1.517350165,0.245259294,2017,2.70E-05,0.016518592,-0.13949063,-0.844559585,0.272020725
600038,0.039997822,0.853099025,-0.627998662,-2.246347412,0.135266889,2018,5.00E-05,-0.007677712,0.016518592,0.757352941,0.74754902
600038,-0.038527712,0.922435147,-0.377362072,-1.353449438,0.5985374,2019,4.04E-05,0.280615073,-0.007677712,-0.620192308,0.713942308
600039,0.005435772,1.219240619,1.054557833,0.992467901,0.168592593,2016,5.28E-05,-0.223519378,0.066109062,0.01453958,0.783521809
600039,0.001460949,1.320511105,0.092267135,-0.024006558,-0.214563767,2017,5.09E-05,0.110702058,-0.223519378,0.093264249,0.702072539
600039,0.002460069,0.777626742,0.939808289,0.48311709,0.044021645,2018,2.41E-05,0.04859585,0.110702058,0.012254902,0.25245098
600039,0.023434823,0.783138082,0.606363922,0.54178088,-0.417406387,2019,2.28E-05,0.644491765,0.04859585,0.435096154,0.348557692
600051,-0.04509769,1.187734744,1.298179482,0.534476933,0.133328519,2016,1.25E-05,-0.355827926,-0.075827901,-0.644588045,-0.408723748
600051,0.016644176,1.153631081,0.472837087,-0.343804471,0.294988033,2018,1.18E-05,0.430632242,0.022708449,0.397058824,-0.352941176
600055,0.083474568,1.108603826,0.982785674,-0.385476981,-0.104731514,2016,1.39E-05,-0.137066331,-0.000887006,0.822294023,-0.224555735
600056,0.060239265,1.222642326,0.872807312,0.275968054,0.372305469,2016,8.70E-06,-0.293987068,0.6299801,0.69628433,-0.915993538
600056,-0.016621565,1.028048025,0.448360533,0.751482201,-0.63263283,2017,9.15E-06,-0.249110485,-0.293987068,-0.886010363,-0.847150259
600056,0.01905339,1.067496129,-0.225777538,-0.278571206,0.138222518,2018,1.64E-05,0.053376405,-0.249110485,0.431372549,-0.056372549
600056,0.032086454,1.259061209,0.391496567,0.543168614,-0.240621449,2019,2.39E-05,-0.129453498,0.053376405,0.557692308,0.384615385
600057,0.020952056,1.07735003,1.338784345,0.040562143,0.341369481,2016,2.63E-05,-0.229464998,-0.02546605,0.276252019,0.360258481
600057,0.002023636,0.724947271,0.423473815,-0.330192454,-0.339462927,2017,1.76E-05,-0.097487887,-0.229464998,0.168393782,-0.111398964
600057,-0.020718607,1.127746147,0.228421437,-0.331767492,0.31434219,2018,8.20E-06,0.299016715,-0.097487887,-0.544117647,-0.906862745
600057,0.004164192,0.86787253,0.436038788,-0.054442701,0.154191075,2019,2.96E-05,0.179791909,0.299016715,0.127403846,0.526442308
600058,-0.016107605,1.078085156,1.274129908,-0.012103143,0.420409879,2019,8.02E-06,0.285009401,-0.296231511,-0.293269231,-0.877403846
600059,-0.000560365,0.93356026,1.064337846,0.884607484,-0.276920873,2019,1.34E-05,0.374711066,0.047628395,0.040865385,-0.146634615
600063,-0.013556159,1.125054735,0.946730999,-0.645462694,0.255408445,2016,2.06E-05,-0.355442474,-0.081717923,-0.247172859,0.088852989
600063,0.007103424,1.171081175,1.08957332,0.171942197,0.194400215,2018,9.43E-06,0.167647697,0.034313909,0.147058824,-0.757352941
600063,-0.021136422,1.251003246,1.30097997,0.452161265,-0.094314229,2019,8.90E-06,0.583317564,0.167647697,-0.377403846,-0.754807692
600066,0.003856837,1.011173037,0.599162087,0.662152199,-0.677471242,2019,1.11E-05,0.046715283,-0.001620307,0.122596154,-0.319711538
600072,0.011975613,1.269931092,0.338994424,-1.197602135,0.160774765,2016,3.89E-05,-0.463962312,0.191385384,0.124394184,0.63812601
600072,0.014374643,1.426029199,-0.829147043,-2.968104529,0.484170013,2017,1.90E-05,0.394034537,-0.463962312,0.847150259,-0.056994819
600073,0.028189799,1.059564342,0.631705007,0.238147732,-0.278715499,2019,9.23E-06,-0.140272419,0.016043705,0.5,-0.682692308
600075,0.015993751,1.267172075,0.780920529,0.279686102,-0.064666525,2016,6.19E-05,-0.260782334,0.053526281,0.195476575,0.831987076
600075,0.005244982,0.854946285,2.406221149,1.335285289,-0.415426734,2017,3.83E-05,-0.179460891,-0.260782334,0.525906736,0.559585492
600075,-0.0098887,1.182889133,1.721960452,1.094034847,0.210951476,2018,4.23E-05,-0.100442199,-0.179460891,-0.325980392,0.659313725
600075,-0.011622101,1.091930353,1.406495095,0.383597568,-0.038353454,2019,1.77E-05,0.400119046,-0.100442199,-0.206730769,0.024038462
600076,0.032844482,1.072330492,1.521804958,0.029410449,0.357991012,2016,1.16E-05,-0.458467587,-0.417177849,0.450726979,-0.55088853
600076,0.009218788,1.209060498,1.275404337,0.734463005,0.160577578,2017,3.65E-05,-0.076628807,-0.458467587,0.722797927,0.507772021
600080,0.005590078,0.885629942,1.07472789,-0.013938702,0.090560193,2017,1.26E-05,-0.340893473,-0.033722029,0.562176166,-0.380829016
600084,-0.036873774,1.037295333,1.329994924,-0.453652869,0.402036279,2016,1.20E-05,-0.463546379,0.138187943,-0.554119548,-0.486268174
600085,0.035519743,1.234536167,0.618054017,0.850313107,0.215991876,2016,3.04E-05,0.001509823,0.16499793,0.470113086,0.453957997
600085,-0.007001628,1.21435704,-0.483757481,0.617855618,-0.022497511,2017,3.22E-05,-0.183892344,0.001509823,-0.704663212,0.411917098
600085,0.005868798,0.61937005,-0.638715431,-0.580405116,-0.341007231,2018,3.04E-05,-0.052138337,-0.183892344,0.102941176,0.443627451
600085,-0.01883725,0.851800656,-0.417286163,-0.195930665,0.052474617,2019,9.66E-06,0.498146867,-0.052138337,-0.338942308,-0.603365385
600089,-0.034855206,1.092298178,-0.111013164,-0.094319188,0.419339072,2016,2.41E-05,-0.339462157,0.289266343,-0.534733441,0.273021002
600089,0.008083234,1.06715122,0.545796955,0.799496882,-0.344478952,2017,3.66E-05,0.0638957,-0.339462157,0.676165803,0.515544041
600089,-0.00153466,1.068216874,0.348270028,-0.034447823,0.049498473,2018,4.90E-05,-0.057036535,0.0638957,-0.090686275,0.742647059
600089,-0.024087612,0.905054538,0.690991349,0.259878802,-0.020880121,2019,0.000108161,0.949390547,-0.057036535,-0.427884615,0.973557692
600096,-0.023832811,1.201796351,0.943511036,-0.469247133,0.05187836,2016,9.35E-06,-0.329422294,-0.216412201,-0.408723748,-0.861066236
600096,-0.002374497,0.903893536,0.684985663,-0.306454962,-0.11802135,2017,2.27E-05,0.165111331,-0.329422294,-0.383419689,0.090673575
600096,0.005430116,1.113441444,0.875639823,-0.051070479,-0.260135128,2018,7.55E-06,-0.215216604,0.165111331,0.093137255,-0.946078431
600096,0.058815893,1.12136966,1.219534587,0.777411538,0.191136593,2019,1.39E-05,1.914137404,-0.215216604,0.798076923,-0.120192308
600097,-0.182219549,0.918462451,-1.338785195,-1.526079557,-0.550811272,2016,1.44E-05,-0.410470915,0.177038552,-0.993537964,-0.18901454
600097,-0.009565607,0.603570399,1.302310925,1.030169464,0.634095968,2017,1.33E-05,-0.041192145,-0.410470915,-0.787564767,-0.295336788
600097,0.049348709,0.661698768,0.809100477,0.06729353,0.388120661,2018,5.31E-05,-0.116288626,-0.041192145,0.845588235,0.774509804
600097,0.049484463,0.826823563,1.192371408,0.015846113,0.150977597,2019,7.45E-05,0.010177997,-0.116288626,0.733173077,0.925480769
600098,-0.008072802,0.948169804,0.039363257,-0.471188136,0.025506783,2017,9.09E-06,-0.028656822,-0.19692843,-0.74611399,-0.852331606
600098,-0.020994539,0.829086613,0.010515741,-0.424017706,0.472650238,2018,8.87E-06,-0.12226986,-0.028656822,-0.549019608,-0.838235294
600100,0.001611446,1.236410684,1.029440727,-0.069989099,0.089418121,2016,1.84E-05,-0.374840134,-0.060063867,-0.040387722,0.008077544
600100,-0.004923498,0.792151059,0.40966415,-1.01347999,0.0615726,2018,8.79E-05,-0.206789362,0.017040242,-0.18627451,0.953431373
600100,-0.110041549,0.809030374,0.847413892,-0.709146138,0.103243144,2019,1.48E-05,-0.169943554,-0.206789362,-0.978365385,-0.084134615
600101,0.040071154,1.016801073,0.720893748,0.457555253,-0.154827027,2019,9.84E-06,-0.09609147,-0.12780069,0.646634615,-0.567307692
600104,-0.009015408,1.011872432,-0.612189438,0.698117978,0.118977795,2016,1.01E-05,0.110272584,0.703327266,-0.176090468,-0.789983845
600104,0.000528897,1.364496641,-0.605003849,1.308503427,0.277900027,2017,9.21E-06,-0.242214876,0.110272584,-0.025906736,-0.839378238
600104,0.01060666,0.597689005,-0.780632967,0.051365298,-0.079734948,2018,9.32E-06,-0.273620108,-0.242214876,0.25245098,-0.774509804
600105,-0.028137836,1.127659283,1.510109996,-0.451991742,0.131596099,2016,7.84E-05,-0.413131836,-0.141186809,-0.466882068,0.890145396
600105,-0.007814899,1.081428391,0.322071899,-0.66836963,0.313111542,2017,0.000127171,0.304705836,-0.413131836,-0.738341969,0.968911917
600105,0.001825006,1.229035701,0.827912661,-0.56349959,0.187125642,2018,8.62E-05,-0.108294411,0.304705836,0,0.948529412
600105,-0.070878657,1.03802386,1.114168392,-0.499817368,-0.132958831,2019,7.04E-05,-0.098324714,-0.108294411,-0.889423077,0.915865385
600106,-0.017931009,1.166879873,0.751459545,-0.566098316,0.443672826,2016,2.99E-05,-0.357475328,-0.194885783,-0.315024233,0.450726979
600106,0.004713289,0.937697377,0.671286379,0.153962294,-0.283146769,2017,2.79E-05,0.181591767,-0.357475328,0.474093264,0.292746114
600106,0.046996725,0.940832027,0.720717305,0.025613964,0.465106057,2018,2.69E-05,-0.146678858,0.181591767,0.825980392,0.360294118
600106,0.002758325,0.910271963,0.976672645,0.420927486,-0.20611048,2019,2.45E-05,0.02116745,-0.146678858,0.103365385,0.401442308
600111,0.001536935,1.071322338,-0.245193654,-0.749764371,-0.134454862,2017,1.01E-05,0.115728296,-0.007637727,0.098445596,-0.759067358
600111,0.029783109,1.484890021,0.39157193,-0.409103675,0.303696049,2018,9.00E-06,-0.285341986,0.115728296,0.632352941,-0.821078431
600111,-0.002973114,0.989791163,0.281942856,-0.563707133,0.296178714,2019,8.62E-06,1.196416125,-0.285341986,-0.019230769,-0.793269231
600115,0.039032967,1.273016586,0.321638795,-0.332178511,0.935566334,2016,3.27E-05,-0.034073211,0.021268931,0.52180937,0.49273021
600115,0.003438873,1.230245416,-0.910608737,-0.264249732,0.397553039,2017,3.78E-05,-0.059165848,-0.034073211,0.352331606,0.551813472
600115,-0.013598543,1.003196845,-0.525914574,0.249666936,0.124425716,2018,3.92E-05,-0.337425302,-0.059165848,-0.421568627,0.617647059
600116,-0.020605867,1.120341092,1.51543617,0.668542322,0.044957456,2016,1.02E-05,-0.413382162,0.428812349,-0.344103393,-0.770597738
600116,0.002784824,0.521206736,0.945981576,-0.549837089,-0.778672692,2017,1.04E-05,0.212276843,-0.413382162,0.259067358,-0.712435233
600118,0.015406633,1.194386747,-0.073610048,-1.48211917,0.308013606,2016,1.33E-05,-0.324485636,-0.180637007,0.185783522,-0.276252019
600118,-0.004941909,1.227467303,-0.485272803,-1.018653203,0.314162903,2017,3.55E-05,0.175335667,-0.324485636,-0.619170984,0.487046632
600125,0.018770976,1.607256964,-0.4096474,-0.969859556,0.167013784,2017,2.73E-05,-0.227552962,-0.070981932,0.914507772,0.279792746
600125,-0.004781534,1.402389096,0.890077962,0.428667479,0.405426603,2018,1.27E-05,-0.130915773,-0.227552962,-0.181372549,-0.24754902
600126,0.011784082,1.187024926,1.384187081,1.019977553,-0.197453485,2018,2.32E-05,1.313812399,-0.021869653,0.279411765,0.198529412
600127,-0.008361813,0.696752132,1.034245422,0.214615318,-0.013601238,2018,1.15E-05,0.909841203,0.478220218,-0.274509804,-0.416666667
600128,0.011319051,1.416899512,1.080658335,-0.260608586,-0.207886912,2017,4.08E-05,0.161010985,-0.402316089,0.779792746,0.601036269
600128,0.000382435,0.882391351,1.288559893,0.178933001,0.118130722,2018,0.00010791,-0.148024069,0.161010985,-0.041666667,0.977941176
600128,0.001661372,0.975749908,1.790429479,-0.40629746,-0.72419293,2019,3.03E-05,0.020093971,-0.148024069,0.081730769,0.543269231
600129,0.005154616,1.202693818,0.394732608,0.035701245,1.30400353,2017,1.71E-05,-0.231063518,0.016484866,0.512953368,-0.134715026
600129,0.012406337,1.134951458,0.188278855,-0.56991652,-0.16923989,2018,1.65E-05,0.323102923,-0.231063518,0.291666667,-0.049019608
600129,0.049775508,1.052678688,0.926746687,0.205557509,-0.152289064,2019,1.64E-05,0.447023867,0.323102923,0.737980769,-0.019230769
600133,0.006358175,1.113269104,0.046278478,-1.440781222,0.266313129,2016,2.47E-05,-0.11559077,0.24992768,0.027463651,0.302100162
600133,0.0028226,1.227563972,1.047179794,0.70379845,-0.111455024,2017,7.81E-06,-0.259176703,-0.11559077,0.266839378,-0.976683938
600133,-0.017093471,0.880011982,2.327869769,2.041087813,0.014891098,2018,1.54E-05,-0.114421028,-0.259176703,-0.463235294,-0.080882353
600133,0.022488514,1.017484174,2.023944439,0.415011717,-0.217020841,2019,6.84E-06,0.056825666,-0.114421028,0.423076923,-0.963942308
600137,0.007465957,1.089268335,0.621984611,0.151506729,0.583568374,2018,1.34E-05,0.020591852,-0.015676194,0.159313725,-0.193627451
600138,0.009524734,1.144092988,0.920275311,0.977837679,0.132249904,2016,1.49E-05,-0.063296641,0.079201221,0.079159935,-0.140549273
600138,-0.001536981,0.854030329,0.287355712,0.28331436,0.223067817,2017,1.39E-05,-0.362809129,-0.063296641,-0.295336788,-0.248704663
600138,-0.044128107,1.159731837,0.325920565,0.030038403,-0.274211044,2019,3.37E-05,0.047565864,-0.231096788,-0.689903846,0.59375
600148,0.050738259,1.183587794,-0.076810521,-1.897547775,0.267871095,2016,1.41E-05,-0.233559412,0.120106436,0.651050081,-0.201938611
600148,-0.017314953,1.090959812,0.974789191,-0.457545732,0.440136584,2019,1.29E-05,-0.049912657,-0.135766116,-0.324519231,-0.170673077
600151,-0.071599331,1.191678337,0.341212154,-0.996081799,0.073455033,2016,1.81E-05,-0.511732148,-0.278457801,-0.844911147,-0.004846527
600153,-0.001260438,1.050503928,-0.230451151,0.144773684,-0.267791386,2017,2.73E-05,0.053359975,-0.293966799,-0.269430052,0.279792746
600153,-0.025283141,1.314376786,0.397474667,0.749321978,0.527076058,2018,1.39E-05,-0.045421156,0.053359975,-0.598039216,-0.161764706
600153,0.039691198,0.981921321,-0.029604054,-0.048304295,0.513653858,2019,1.83E-05,-0.015329032,-0.045421156,0.644230769,0.052884615
600157,0.023887103,1.146376961,-0.456301167,-1.448811646,0.814020807,2016,1.73E-05,-0.505373423,-0.099183897,0.334410339,-0.030694669
600157,0.001161583,0.922022637,-0.301037497,-0.639350309,0.086146268,2017,8.33E-06,-0.065789819,-0.505373423,0.054404145,-0.948186528
600158,-0.003934922,0.7496471,-0.463162427,-2.690654172,0.359440406,2017,2.91E-05,-0.130339033,-0.327324227,-0.510362694,0.331606218
600158,-0.001649794,1.072234736,0.484979481,-0.750751422,0.548635726,2019,3.48E-05,0.373901051,-0.20927725,0.019230769,0.622596154
600160,-0.075332519,1.602781725,1.497388267,0.957547753,0.112635878,2018,8.68E-06,-0.027834144,-0.023192012,-0.953431373,-0.860294118
600160,0.005641497,1.238832566,1.127269935,1.178836973,-0.342025317,2019,8.00E-06,0.278039086,-0.027834144,0.146634615,-0.882211538
600161,-0.009710508,0.971007804,1.263773031,1.641912929,0.21193885,2017,2.18E-05,0.546132935,-0.356227654,-0.792746114,0.049222798
600161,-0.017809985,0.980885887,0.192929179,-0.806274477,-0.051597753,2018,3.07E-05,0.769547357,0.546132935,-0.485294118,0.448529412
600161,0.00657938,0.894516186,-0.202151056,0.238610818,-0.064594016,2019,2.75E-05,-0.103681353,0.769547357,0.15625,0.463942308
600163,-0.005249108,1.035824233,0.736374295,0.263485021,0.163753517,2016,2.26E-05,-0.288951376,-0.166116381,-0.143780291,0.195476575
600163,0.000231656,0.780938135,0.725480299,-0.319958972,-0.099032031,2017,2.36E-05,0.215074616,-0.288951376,-0.075129534,0.137305699
600163,-0.009749358,0.485665154,0.893458328,0.013038637,0.076971809,2018,3.66E-05,-0.199183304,0.215074616,-0.321078431,0.558823529
600163,0.046059088,1.177812327,1.658835349,1.043028188,-0.602022366,2019,2.22E-05,0.41462915,-0.199183304,0.709134615,0.317307692
600165,-0.085760065,0.632826166,1.719894656,-0.230109872,-0.536438487,2016,1.31E-05,-0.029424677,0.25829389,-0.906300485,-0.308562197
600166,-0.002442783,1.21321872,0.537293723,0.400681311,0.404992266,2016,9.85E-06,-0.289757311,0.020085493,-0.108239095,-0.799676898
600166,-0.00732878,1.137549844,-0.049755629,-0.249177861,-0.1032439,2017,2.81E-05,0.153098168,-0.289757311,-0.71761658,0.303108808
600169,0.03932358,1.201947231,0.567109324,-0.558605778,0.505571666,2016,6.59E-05,-0.403191422,-0.025075184,0.528271405,0.8546042
600169,0.002128688,1.219593859,0.107690739,-0.498225927,0.104977039,2017,3.39E-05,0.124134203,-0.403191422,0.183937824,0.458549223
600169,0.00064697,1.025500866,0.77663798,0.042845537,0.396354736,2018,5.22E-05,-0.29568388,0.124134203,-0.031862745,0.769607843
600169,-0.009110248,0.9609023,0.741185173,-0.011452523,-0.161834074,2019,2.27E-05,0.268654659,-0.29568388,-0.168269231,0.338942308
600170,0.047451947,1.296752024,-0.022952619,0.01865636,0.460349687,2016,2.48E-05,-0.183771966,0.20354113,0.625201939,0.308562197
600170,0.001773066,1.153621065,-0.336062571,-0.183574538,0.186442263,2017,2.42E-05,0.218703021,-0.183771966,0.134715026,0.170984456
600170,0.004430741,0.669073364,0.057046623,0.121863194,0.089693131,2018,2.34E-05,-0.166836092,0.218703021,0.068627451,0.203431373
600170,-0.01593746,0.808699783,0.883152054,0.77798211,-0.119779336,2019,2.16E-05,-0.026948352,-0.166836092,-0.286057692,0.298076923
600171,-0.024755432,0.875361026,-0.342850222,-2.567654809,0.67611446,2019,9.06E-06,0.734726597,0.060503782,-0.439903846,-0.723557692
600172,-0.052102614,1.204193517,0.711543537,-0.628127879,-0.03128368,2016,1.14E-05,-0.481029217,-0.205755083,-0.731825525,-0.592891761
600172,0.000134945,1.039176319,0.628456417,-0.29425159,-0.087349119,2017,2.27E-05,-0.269531506,-0.481029217,-0.085492228,0.090673575
600172,0.000255033,1.044501452,0.409397701,-0.996318251,0.61342323,2018,1.11E-05,-0.158978415,-0.269531506,-0.046568627,-0.490196078
600176,-0.02468607,1.194315241,0.926873234,0.076194296,0.18633468,2016,4.90E-05,0.120041066,0.386815349,-0.418416801,0.735056543
600176,-0.00554542,1.258282961,0.785821926,1.130896143,-0.265234413,2017,3.74E-05,-0.060675228,0.120041066,-0.639896373,0.541450777
600178,0.011371243,1.255620988,0.724689981,-1.223561491,-0.167016941,2017,1.85E-05,0.024216801,-0.48217928,0.787564767,-0.088082902
600179,-7.49E-05,0.64325969,-0.476354086,-0.700449911,0.283850896,2017,5.97E-05,-0.54978651,-0.19651819,-0.098445596,0.787564767
600180,0.007699091,1.279301097,0.539151184,-0.199100632,0.152686167,2017,9.47E-06,-0.200279161,-0.312957658,0.655440415,-0.816062176
600180,-0.036167371,1.199708586,1.420609656,0.320392698,0.106378502,2018,2.40E-05,-0.197154147,-0.200279161,-0.742647059,0.237745098
600180,-0.086203357,1.016267855,0.631404761,0.413635017,-0.547768061,2019,1.46E-05,-0.073074072,-0.197154147,-0.932692308,-0.098557692
600183,-0.000870246,1.502551411,1.977308157,1.420406489,0.04440927,2017,1.15E-05,0.663471798,0.094917347,-0.21761658,-0.544041451
600185,0.007233627,1.359383699,0.429121517,0.153093316,0.169435625,2017,1.06E-05,-0.05291659,-0.210021527,0.629533679,-0.689119171
600185,0.021702077,1.287984439,0.81273132,0.550086935,0.32208431,2018,1.07E-05,1.350177927,-0.05291659,0.490196078,-0.571078431
600185,-0.007042727,1.157789215,0.692198108,0.523083302,0.030521132,2019,2.02E-05,-0.375363065,1.350177927,-0.120192308,0.213942308
600188,-0.006675717,1.261120142,0.113070332,0.856687537,-0.043944086,2019,1.35E-05,0.831999356,-0.119792581,-0.108173077,-0.141826923
600190,-0.00194877,1.180266321,0.507638085,-0.600943401,0.434397872,2016,1.27E-05,-0.283328702,0.04837797,-0.095315024,-0.357027464
600190,0.020766322,0.647090737,0.606688919,-0.351297964,-0.346768341,2017,2.08E-05,0.106461097,-0.283328702,0.92746114,0.002590674
600190,0.019815349,0.931640516,0.569145933,-0.108145368,0.324762401,2018,9.57E-06,-0.140057422,0.106461097,0.448529412,-0.737745098
600190,-0.028323869,0.932530819,1.663058216,1.516617284,-0.673868207,2019,1.84E-05,-0.074582819,-0.140057422,-0.509615385,0.064903846
600192,0.039669414,1.13178885,1.291685656,0.043902739,-0.128459637,2016,1.25E-05,-0.405845862,-0.289291702,0.547657512,-0.408723748
600192,0.014452735,1.37431114,1.719542259,0.296312674,0.233983849,2018,1.33E-05,-0.240855643,0.297372185,0.333333333,-0.198529412
600192,-0.039828566,1.380581972,2.569849311,1.807967786,-1.139524658,2019,1.30E-05,-0.08218252,-0.240855643,-0.639423077,-0.165865385
600195,-0.001253764,1.044070802,-0.141137147,-0.766656982,-0.082312958,2018,1.10E-05,0.642550351,-0.000703815,-0.083333333,-0.504901961
600195,0.092068564,0.922442415,0.473870023,-0.016764811,-0.495935884,2019,1.08E-05,-0.125446961,0.642550351,0.932692308,-0.387019231
600200,-0.08454777,0.943030267,1.455206769,-0.148483229,0.042213424,2016,8.30E-06,-0.434184097,-0.327530484,-0.899838449,-0.94184168
600203,0.064927592,1.115163157,0.970916706,-0.451942758,0.248843316,2016,2.06E-05,0.164196009,-0.401503962,0.741518578,0.088852989
600203,0.003152979,1.096624645,0.799247845,-0.917882614,0.216574666,2017,1.98E-05,-0.3959863,0.164196009,0.313471503,-0.03626943
600203,0.002546093,0.599893431,-0.423931152,-1.035779932,0.092073918,2018,1.69E-05,0.61555615,-0.3959863,0.014705882,-0.036764706
600203,-0.005309262,1.204095199,1.770884163,-0.086836425,0.106690549,2019,1.81E-05,-0.012449666,0.61555615,-0.055288462,0.038461538
600213,-0.00919987,1.16849935,1.755859787,0.448384416,0.094795591,2016,1.38E-05,-0.219339666,-0.165694878,-0.179321486,-0.231017771
600213,0.281910209,1.085327657,1.33495227,0.11475782,-0.482094073,2019,1.25E-05,0.067837736,-0.348437596,0.995192308,-0.211538462
600218,0.003386921,1.150905141,1.464956376,0.259379085,0.038885658,2017,1.36E-05,1.850882973,-0.449159639,0.336787565,-0.272020725
600219,-0.040314791,1.275827107,0.436656487,0.477362715,0.045125158,2016,9.10E-06,-0.185688691,0.142843199,-0.60904685,-0.880452342
600219,0.021289858,1.037372575,0.232585038,0.264695999,0.185767566,2018,8.28E-06,-0.093441417,-0.086462432,0.480392157,-0.901960784
600219,-0.018743068,0.859856703,0.629707656,0.151559039,-0.13721137,2019,7.85E-06,0.747338031,-0.093441417,-0.336538462,-0.903846154
600220,0.00193825,1.028381138,0.440349582,-0.473122219,-0.027284977,2017,1.28E-05,0.133280209,-0.391504124,0.158031088,-0.347150259
600220,-0.00020902,0.985588499,0.938309192,0.097532547,0.451030683,2018,1.28E-05,0.146241076,0.133280209,-0.049019608,-0.240196078
600220,-0.00989522,0.944893036,1.425145004,0.205841101,-0.070659887,2019,1.17E-05,-0.235281516,0.146241076,-0.180288462,-0.247596154
600221,0.025824986,1.068072248,0.282573542,0.156672001,0.67589572,2016,1.93E-05,0.000381559,0.01664485,0.360258481,0.033925687
600221,0.001124457,0.998904369,-0.393436809,0.205641048,0.273557083,2017,8.79E-06,-0.381346646,0.000381559,0.051813472,-0.906735751
600221,-0.00619631,0.786643175,0.531769686,0.124260891,-0.682513578,2019,1.35E-05,0.010955672,-0.272466587,-0.096153846,-0.141826923
600227,0.040850233,0.463715724,0.654818703,-0.170096519,0.584169194,2018,9.85E-06,-0.083273201,-0.243175173,0.769607843,-0.705882353
600229,0.024289511,1.221902134,0.806634382,-0.764358432,0.181781222,2016,3.44E-05,-0.139962229,-0.243691617,0.340872375,0.534733441
600229,0.000868815,1.25851422,0.972284854,-0.104574261,0.283483734,2017,1.19E-05,-0.067233807,-0.139962229,0.018134715,-0.492227979
600229,0.020008312,0.816701762,1.434052184,0.483526805,0.249871954,2018,4.46E-05,0.000270111,-0.067233807,0.455882353,0.693627451
600229,0.03192178,1.021427073,1.043482001,0.057387443,0.019675052,2019,1.05E-05,-0.174396894,0.000270111,0.555288462,-0.439903846
600231,-0.000298972,1.359868433,0.213604809,0.010219791,-0.38370927,2017,1.03E-05,-0.08958928,0.173110387,-0.129533679,-0.730569948
600233,0.188246217,1.059143338,1.648780192,0.311245842,-0.252984167,2016,3.41E-05,-0.33194771,-0.001033606,0.990306947,0.525040388
600233,0.005520353,1.64343346,0.106415945,-1.340987018,-0.512815096,2017,6.59E-05,-0.068477389,-0.33194771,0.551813472,0.834196891
600233,0.053223293,0.986125723,0.787411567,-0.104624358,0.089557593,2018,5.87E-05,0.175010221,-0.068477389,0.87745098,0.828431373
600233,0.029427651,0.980174403,0.534802281,0.225183952,-0.152173531,2019,6.02E-05,-0.313656247,0.175010221,0.516826923,0.879807692
600235,0.018037637,1.097661629,1.355230905,0.185279786,0.400018331,2018,1.35E-05,-0.106040275,0.153092346,0.419117647,-0.181372549
600236,0.031331547,1.080114497,0.859771612,-0.143050305,0.67514896,2016,9.85E-06,0.06765616,-0.164632718,0.428109855,-0.799676898
600239,0.042152894,1.142463773,0.831231276,-0.450998035,0.643313349,2016,3.33E-05,-0.137182998,0.695501548,0.570274637,0.508885299
600239,-0.051026746,1.466448096,0.176663213,0.284020159,0.981793267,2018,1.49E-05,0.340215205,-0.364225625,-0.87254902,-0.107843137
600243,-0.091535474,1.057748996,1.569520725,-0.251106536,-0.12372004,2016,2.36E-05,-0.386158536,-0.1473969,-0.922455574,0.250403877
600243,0.00639407,0.798737773,1.368257141,0.002677922,-0.3952633,2017,2.51E-05,-0.146136658,-0.386158536,0.590673575,0.202072539
600243,-0.00470324,0.751137903,1.151147414,-0.160379344,0.3192109,2018,2.40E-05,-0.342023563,-0.146136658,-0.176470588,0.237745098
600243,-0.015660179,1.023124314,1.70658003,0.275823207,-0.088632982,2019,1.11E-05,0.185363859,-0.342023563,-0.276442308,-0.319711538
600248,-0.028242926,1.159509273,1.042188529,-0.401821013,0.209803257,2016,6.49E-05,-0.253485793,-0.023138395,-0.470113086,0.848142165
600248,-0.001131087,1.182267326,0.874801341,0.248897939,-0.34133757,2017,5.21E-05,0.031160162,-0.253485793,-0.240932642,0.707253886
600248,-0.010259576,1.054860395,1.33100731,0.408688837,0.635627448,2018,2.24E-05,-0.138787722,0.031160162,-0.338235294,0.176470588
600248,0.152023132,0.969624497,1.400083065,0.501824697,-0.196041536,2019,2.92E-05,0.07550594,-0.138787722,0.978365385,0.507211538
600250,0.011406319,1.350299613,0.533016806,-0.679858079,0.486919097,2018,2.45E-05,-0.268064685,-0.006870215,0.274509804,0.267156863
600251,-0.047790724,1.154541893,1.009671846,0.002006781,0.294896892,2016,7.63E-06,-0.321059641,-0.016868808,-0.686591276,-0.967689822
600251,0.012883899,0.781476933,0.756422217,-0.339301034,0.017228201,2018,6.93E-06,-0.03368745,0.143938597,0.308823529,-0.975490196
600251,0.078719917,0.890201998,1.223456522,0.352209938,0.105234634,2019,7.61E-06,0.404987027,-0.03368745,0.887019231,-0.930288462
600252,-0.008285191,0.65379269,0.830534258,0.166093633,-0.178491478,2018,8.65E-06,0.099442938,-0.091261829,-0.269607843,-0.862745098
600256,-0.011973727,1.057445346,0.230650326,-0.472080343,0.709038526,2016,2.02E-05,0.080637898,0.001967971,-0.224555735,0.079159935
600256,0.004151051,1.003019664,-0.355936379,-0.389802582,0.383221542,2017,2.63E-05,-0.117977997,0.080637898,0.435233161,0.25388601
600256,-0.023519811,1.213048137,0.929308991,0.397484143,-0.017327269,2018,4.38E-05,-0.253221466,-0.117977997,-0.568627451,0.681372549
600256,-0.014666371,1.01768165,0.644064323,0.552871891,-0.230710684,2019,2.00E-05,0.214745999,-0.253221466,-0.266826923,0.201923077
600258,0.074029156,1.519463823,-0.260109879,0.087068624,0.171081803,2019,7.95E-06,0.535232255,-0.158238782,0.872596154,-0.889423077
600259,0.025821628,1.346537841,-0.46913274,-1.2345713,0.217345986,2016,1.02E-05,-0.261504702,-0.328755799,0.357027464,-0.770597738
600259,0.009398662,1.578665293,1.058466229,-0.245517257,-0.068903111,2017,9.87E-06,0.3561614,-0.261504702,0.727979275,-0.769430052
600259,0.025676486,1.182163576,0.860264551,-0.234565505,0.143980573,2018,9.14E-06,-0.267073801,0.3561614,0.568627451,-0.796568627
600262,-0.080825345,0.987490638,1.023514447,-0.24013516,0.238306258,2016,2.52E-05,-0.311010481,-0.003957302,-0.88368336,0.324717286
600262,0.003572936,0.813822715,-0.405187756,-1.140582217,-0.238841569,2017,2.53E-05,0.089365275,-0.311010481,0.360103627,0.212435233
600262,-0.019462912,0.493491307,-0.046600944,-0.750722433,0.173582995,2018,3.85E-05,-0.184818459,0.089365275,-0.524509804,0.607843137
600262,0.063376665,0.719946058,0.208064106,-1.275363198,0.827951056,2019,1.08E-05,-0.168284176,-0.184818459,0.819711538,-0.387019231
600266,-0.020755067,1.390436191,0.155376375,0.767154996,-0.213641168,2017,8.81E-06,0.038781502,-0.331194366,-0.919689119,-0.898963731
600266,0.023179301,1.121973705,-0.128949383,-0.251041937,0.719082675,2018,8.59E-06,-0.22718131,0.038781502,0.531862745,-0.870098039
600266,-0.040304664,1.154570054,0.807270988,0.537928862,0.453920548,2019,7.97E-06,-0.079491313,-0.22718131,-0.646634615,-0.884615385
600268,0.036014166,1.231646914,0.350596862,-0.898449749,0.089891456,2016,1.80E-05,-0.323319389,-0.195868286,0.479806139,-0.011308562
600268,0.002763665,1.084596498,0.131597216,-1.183533168,0.52625185,2017,8.35E-06,0.399712492,-0.323319389,0.248704663,-0.945595855
600269,0.054940799,1.156216561,0.800300898,0.525743848,0.292577538,2016,2.43E-05,-0.226901535,0.215065778,0.680129241,0.285945073
600269,-0.00158816,0.970697454,0.07873304,0.23637512,0.103776507,2017,1.22E-05,0.139490165,-0.226901535,-0.297927461,-0.422279793
600269,0.015904516,0.817009395,0.385922051,0.290583049,0.183055953,2018,1.16E-05,-0.225997147,0.139490165,0.370098039,-0.397058824
600269,-0.012606656,0.788048979,0.588641568,0.405991923,-0.010194458,2019,2.09E-05,0.04426216,-0.225997147,-0.230769231,0.259615385
600271,0.015577193,0.855748278,0.236342036,-1.148213193,-0.702091481,2018,2.69E-05,-0.306358274,-0.084665777,0.362745098,0.360294118
600271,-0.005908022,0.993938526,-0.187735419,-1.447806607,0.307854285,2019,2.03E-05,-0.200197989,-0.306358274,-0.084134615,0.223557692
600272,-0.018951649,1.185504399,0.998929834,-0.683093961,0.229315925,2016,1.36E-05,-0.427087261,-0.23255906,-0.321486268,-0.250403877
600272,-0.033403183,0.979716766,0.595423984,-0.517195637,0.477185831,2018,1.42E-05,-0.075346153,0.034712977,-0.710784314,-0.142156863
600273,-0.026961918,1.07875118,0.152352741,-0.923868374,0.049843722,2016,2.92E-05,-0.020055716,0.056618576,-0.444264943,0.437802908
600273,-0.000916552,0.798622926,0.526492542,-0.111114187,-0.066814731,2017,2.69E-05,0.28796562,-0.020055716,-0.222797927,0.266839378
600276,-0.004888442,0.396989843,-0.015604667,0.862214841,0.086243057,2017,1.49E-05,0.03268298,0.92191642,-0.60880829,-0.194300518
600276,0.007503562,0.926551626,-0.892231513,-1.125709929,-0.752522382,2018,2.85E-05,0.657950344,0.03268298,0.161764706,0.406862745
600277,0.099810306,0.815134971,0.773628166,-0.288454646,0.063809615,2016,8.38E-06,-0.335699916,0.309336421,0.890145396,-0.935379645
600279,0.037229833,1.140881406,0.916416969,-0.279688679,-0.019514219,2016,2.74E-05,-0.321502418,-0.063227451,0.502423263,0.402261712
600279,0.014998981,1.11474516,1.13908733,0.020262225,-0.482446025,2017,5.25E-05,0.052090466,-0.321502418,0.860103627,0.71761658
600279,0.02950517,0.880203243,0.847470658,-0.069878003,0.001019982,2018,2.79E-05,-0.24257076,0.052090466,0.625,0.387254902
600279,-0.028237028,1.059958683,1.256644024,1.05259122,0.103102393,2019,2.04E-05,0.011230952,-0.24257076,-0.507211538,0.233173077
600282,-0.021228724,1.16599616,0.677885689,-0.484142027,0.579216359,2016,1.03E-05,0.186283112,0.55599753,-0.353796446,-0.741518578
600282,0.004212612,1.07074078,-0.112125422,-0.572712858,-0.20907083,2017,1.02E-05,-0.153317055,0.186283112,0.440414508,-0.75388601
600282,-0.007005004,1.746586881,1.958333136,2.12184181,-0.271558501,2018,9.28E-06,0.003026414,-0.153317055,-0.25,-0.784313725
600285,0.029918894,1.007401115,1.40583463,0.555842011,0.161191217,2016,9.71E-06,-0.206328666,0.052243949,0.40549273,-0.819063005
600285,0.002943776,1.0672663,0.705066242,0.508760818,0.260261269,2017,1.06E-05,-0.050647196,-0.206328666,0.287564767,-0.689119171
600287,-0.033536728,1.087810711,0.929442212,-0.770951647,0.075463748,2016,5.01E-05,-0.317554938,-0.148554929,-0.525040388,0.751211632
600292,-0.002086359,0.99581668,1.076244106,-0.266093252,-0.247183357,2017,1.21E-05,0.093764687,-0.458797712,-0.352331606,-0.440414508
600295,-0.029044542,1.142341709,1.218684526,0.820270843,0.261252317,2019,1.59E-05,1.600533279,-0.098664249,-0.512019231,-0.033653846
600298,-0.002667826,1.084758224,1.631895717,1.69512523,-0.139062521,2016,1.19E-05,0.371827262,0.448179773,-0.114701131,-0.49273021
600298,0.005013921,1.055614126,-0.701861299,0.031464312,-0.419480484,2019,1.23E-05,0.08327074,0.557065388,0.144230769,-0.221153846
600302,-0.020990812,1.236905227,1.029164571,-0.329938302,-0.023134843,2016,1.50E-05,-0.491279465,-0.02669,-0.350565428,-0.137318255
600302,0.010385558,1.34246853,1.782767501,0.302361096,0.029403232,2017,3.08E-05,0.237943012,-0.491279465,0.766839378,0.373056995
600302,-0.025177943,0.898005768,1.565494473,-0.070134188,0.046451253,2018,1.54E-05,-0.148631137,0.237943012,-0.595588235,-0.080882353
600302,-0.033111959,0.873631607,1.527247994,0.689427138,-0.516116802,2019,1.35E-05,-0.085080729,-0.148631137,-0.564903846,-0.141826923
600305,-0.004491466,0.885801012,0.443467549,0.426814432,-0.155075868,2017,1.32E-05,0.982428222,0.156748882,-0.564766839,-0.305699482
600305,0.043185974,1.147973417,-0.212945795,0.498117953,-0.329946047,2019,1.10E-05,0.014872967,0.290634662,0.689903846,-0.331730769
600310,0.100317414,1.058484798,0.693923461,-0.671196847,0.388811644,2016,9.33E-06,-0.430326494,-0.167979331,0.893376414,-0.864297254
600310,-0.019703586,0.644667759,0.617749928,-0.330599128,0.113593597,2017,9.55E-06,0.271144873,-0.430326494,-0.906735751,-0.810880829
600310,0.010979455,0.803641881,0.428219174,-0.588611327,0.189673462,2018,1.51E-05,-0.242573794,0.271144873,0.259803922,-0.095588235
600310,-0.053751029,1.110349407,0.462164495,-0.600674528,0.724331791,2019,8.60E-06,0.101114504,-0.242573794,-0.790865385,-0.802884615
600312,0.03725292,1.116647524,-0.233775054,0.158395026,-0.466612688,2016,3.50E-05,-0.596108392,-0.095993542,0.505654281,0.557350565
600312,0.000330243,1.13124617,0.404569219,0.293030554,0.04164925,2017,8.48E-05,0.377958394,-0.596108392,-0.054404145,0.917098446
600312,0.006947875,1.12509846,1.255543437,0.221179899,0.138233982,2018,7.00E-05,-0.041645195,0.377958394,0.142156863,0.894607843
600312,-0.043694638,0.954080305,0.435205279,-0.13631529,-0.361845719,2019,3.43E-05,-0.220294052,-0.041645195,-0.682692308,0.610576923
600316,0.03179961,1.245237857,-0.096266512,-1.673967412,0.448562299,2016,1.27E-05,-0.428837387,-0.188424437,0.441033926,-0.357027464
600320,-0.01215706,1.217420395,0.060829796,-0.276497625,0.429604181,2016,7.76E-06,-0.187959059,0.200913562,-0.227786753,-0.961227787
600320,0.020980536,1.217120872,0.300207896,0.344505519,0.446933629,2017,2.39E-05,0.073189996,-0.187959059,0.930051813,0.158031088
600320,0.005698479,1.304141372,0.26707516,0.05311662,0.377612968,2018,8.21E-06,-0.238381924,0.073189996,0.100490196,-0.904411765
600320,-0.005334168,0.939515381,0.439135033,-0.240593802,0.241659586,2019,7.50E-06,0.181817298,-0.238381924,-0.057692308,-0.935096154
600323,-0.000580279,1.15845429,0.674065514,0.274420854,-0.299925769,2017,1.33E-05,0.107010454,0.047885713,-0.178756477,-0.295336788
600325,-0.003680417,1.610151387,-0.468151981,0.278215706,0.21301316,2017,1.48E-05,0.042320585,-0.088149774,-0.474093264,-0.199481865
600326,0.016421508,1.183565085,2.343928224,0.910853944,-0.723563751,2017,1.72E-05,0.280164266,-0.302515423,0.878238342,-0.132124352
600326,-0.00961881,1.338644819,1.542058392,1.093487369,0.265117236,2018,1.58E-05,-0.077319331,0.280164266,-0.31372549,-0.066176471
600326,0.002866483,0.886043837,0.639993837,0.32228113,-0.885606874,2019,1.47E-05,-0.059191621,-0.077319331,0.108173077,-0.091346154
600328,-0.021566314,1.176732839,1.031798291,0.744513104,0.034401607,2019,6.96E-06,1.01125769,-0.131856553,-0.389423077,-0.961538462
600329,0.001976877,0.934962759,0.844602171,0.628681475,-0.043715736,2017,9.73E-06,-0.252531813,0.042408762,0.165803109,-0.797927461
600330,-0.056318196,1.29645597,1.117557662,-0.392551511,0.365299398,2019,3.16E-05,-0.025628731,0.255779022,-0.814903846,0.567307692
600332,0.030006259,1.195199088,-0.574147545,0.146435833,-0.060969576,2019,6.11E-06,0.06741888,-0.214731637,0.524038462,-0.983173077
600335,-0.033367597,1.153788473,0.506397919,0.114593924,0.03052814,2016,1.29E-05,-0.130681151,0.063979918,-0.52180937,-0.331179321
600335,0.001749103,1.191524432,1.213983537,0.647124894,0.224463644,2017,6.33E-05,-0.328662542,-0.130681151,0.132124352,0.816062176
600335,0.026505282,1.411852017,1.252762344,0.319516217,0.106344127,2019,1.98E-05,0.307459833,-0.342723231,0.480769231,0.1875
600336,-0.012904816,1.051139004,1.423515896,0.417784704,0.219272815,2018,1.14E-05,0.361179188,0.129348242,-0.399509804,-0.431372549
600338,0.000256542,1.082527298,0.130630157,-1.021407768,-0.359699554,2016,2.53E-05,-0.456255615,0.273680375,-0.063004847,0.331179321
600338,0.01522708,1.446231151,0.02012321,-0.799575732,0.08426443,2017,4.94E-05,0.201137883,-0.456255615,0.862694301,0.689119171
600338,-0.010426321,1.222602989,1.466371189,0.914650549,0.146605012,2018,4.98E-05,-0.437007647,0.201137883,-0.348039216,0.745098039
600338,-0.011236414,0.859765798,0.234676082,-0.524650086,0.235230589,2019,4.49E-05,0.439437929,-0.437007647,-0.199519231,0.771634615
600339,0.023098194,1.018555308,0.884877748,0.112160996,0.341599132,2018,2.86E-05,-0.463311681,-0.066533844,0.522058824,0.409313725
600339,-0.021825309,0.942139038,1.225049461,0.911186231,-0.365694297,2019,1.87E-05,0.253648648,-0.463311681,-0.391826923,0.088942308
600340,-0.011146126,0.95878205,-0.530823626,-0.206364289,0.07136055,2016,3.58E-05,-0.220744966,0.383146451,-0.214862682,0.573505654
600340,0.00013655,1.292574834,-0.007633932,0.539668697,-0.094926958,2017,1.85E-05,0.246290232,-0.220744966,-0.082901554,-0.088082902
600340,-0.001830668,1.383465171,-0.528782804,0.86162913,0.548978986,2018,3.92E-06,-0.281697978,0.246290232,-0.100490196,-1
600343,0.030907665,1.211564575,-0.32263572,-1.924020351,0.46017294,2016,3.13E-05,-0.478907577,-0.282019966,0.415185784,0.473344103
600343,-0.003255622,1.331673927,0.379788534,-0.537328342,0.65772485,2017,6.96E-05,0.09993594,-0.478907577,-0.443005181,0.865284974
600343,0.045670304,0.75134683,-0.296947686,-1.65945661,0.212843566,2018,1.90E-05,-0.251068405,0.09993594,0.81372549,0.034313725
600343,-0.042781715,1.080409276,0.830733488,-1.072051638,1.182289873,2019,2.47E-05,0.255305537,-0.251068405,-0.675480769,0.408653846
600345,0.007770203,1.154200989,1.35011804,-0.403342547,-0.137234033,2017,1.39E-05,0.005623464,0.316931502,0.660621762,-0.248704663
600345,0.0025989,1.62461239,0.929747974,-0.783550157,-0.184916161,2018,1.44E-05,-0.267713609,0.005623464,0.019607843,-0.129901961
600346,-0.001591385,1.689299332,0.107626334,-0.175823141,0.208276198,2017,2.17E-05,0.182450109,0.762353102,-0.300518135,0.044041451
600346,0.012708425,1.449924748,0.896340272,0.766093066,-0.281830868,2018,9.01E-06,0.16756343,0.182450109,0.296568627,-0.816176471
600348,-0.001196567,1.600642099,-0.235796413,-0.272298013,0.123935007,2017,9.01E-06,-0.173632271,0.038854664,-0.25388601,-0.875647668
600350,0.012355136,1.153073743,0.679614824,0.292310792,0.386350964,2016,3.35E-05,-0.309549174,0.190758494,0.13085622,0.512116317
600351,0.037081879,1.068157009,1.432807649,1.004518794,-0.053712769,2016,9.48E-06,-0.072760395,-0.230247335,0.499192246,-0.841680129
600351,-0.007368804,0.998702214,0.456015939,0.036556292,0.411415374,2017,9.94E-06,-0.131380014,-0.072760395,-0.725388601,-0.764248705
600353,0.023872539,1.014993663,1.163622712,-0.57728757,0.282138943,2016,2.66E-05,-0.343218237,-0.09662018,0.331179321,0.37641357
600353,0.005677964,1.111900465,1.770562096,0.200830002,0.611170686,2018,2.50E-05,0.156386872,0.05693728,0.098039216,0.291666667
600353,-0.040786,1.040817548,1.019142902,-0.733180629,0.365213479,2019,2.25E-05,-0.125384123,0.156386872,-0.658653846,0.331730769
600354,-0.112763354,1.044885939,1.246681653,-0.450274164,0.389542279,2016,2.21E-05,-0.326980643,-0.081252413,-0.957996769,0.163166397
600354,0.000866143,1.037397361,1.510524456,0.257896224,-0.128400892,2017,1.09E-05,0.242913382,-0.326980643,0.015544041,-0.629533679
600362,-0.008773638,1.326824697,-0.207920919,-0.566988501,0.684761987,2016,1.84E-05,-0.065884144,0.240519012,-0.172859451,0.008077544
600362,-0.004559965,1.820025195,-0.670882538,-0.606701126,-0.010673114,2017,8.88E-06,-0.00923284,-0.065884144,-0.57253886,-0.888601036
600362,-0.027057762,1.156860435,0.164114039,0.759591782,-0.212570856,2018,6.92E-06,-0.146512657,-0.00923284,-0.634803922,-0.977941176
600362,-0.027001923,1.148921336,0.303753227,0.484002111,-0.036894007,2019,5.45E-06,0.648833254,-0.146512657,-0.475961538,-0.995192308
600363,0.029399697,1.268790449,1.315607637,0.072751445,-0.164751465,2016,2.27E-05,-0.349007467,-0.224113481,0.399030695,0.211631664
600363,0.002913538,1.159199295,1.312800887,0.608511358,-0.066049704,2017,1.20E-05,0.438597924,-0.349007467,0.277202073,-0.461139896
600366,0.09790085,1.066734924,0.578539082,-0.126589282,-0.319365437,2016,1.28E-05,-0.374670016,-0.26383174,0.88368336,-0.340872375
600366,0.00704298,1.089801523,0.45593235,-0.346407481,-0.094717786,2017,1.26E-05,0.482964211,-0.374670016,0.624352332,-0.380829016
600366,0.033663191,1.223046773,0.96384423,-0.230838087,-0.075813216,2018,1.11E-05,-0.381347811,0.482964211,0.691176471,-0.490196078
600368,0.044843218,1.108551261,1.144594691,0.173122076,0.150698918,2016,7.56E-06,-0.244427201,0.137071156,0.586429725,-0.974151858
600368,0.022745925,0.89820597,1.347897332,0.435470547,-0.399559686,2017,5.03E-05,0.475300551,-0.244427201,0.945595855,0.699481865
600368,-0.000600664,1.03906926,1.124944015,0.318994762,0.023994564,2018,6.34E-05,-0.263640286,0.475300551,-0.056372549,0.862745098
600368,-0.051261587,1.009076675,1.098002292,1.217948395,-0.046393616,2019,4.82E-05,0.037272951,-0.263640286,-0.766826923,0.783653846
600370,-0.008701896,0.699085655,1.012791748,0.176983583,0.392553842,2018,2.89E-05,0.06731906,0.051697233,-0.284313725,0.416666667
600370,0.041952672,0.812325991,1.082903661,0.192876735,0.075766509,2019,1.28E-05,-0.068465274,0.06731906,0.677884615,-0.180288462
600371,0.002919094,1.070738093,0.849535166,-0.55243233,-0.013782747,2017,1.39E-05,0.373862157,-0.31037149,0.279792746,-0.248704663
600372,-0.031967544,0.785591029,0.214858145,-1.338337708,0.068537926,2018,1.09E-05,-0.113084742,0.119408421,-0.693627451,-0.517156863
600372,-0.029512783,0.956628819,0.363428947,-1.074329576,0.838839284,2019,2.00E-05,0.227256628,-0.113084742,-0.526442308,0.201923077
600373,-0.038826863,1.191240438,0.616628126,0.787470464,-0.057822806,2016,2.77E-05,-0.447897758,0.122588659,-0.57996769,0.408723748
600373,-0.012333161,0.908766487,0.39928559,0.431699689,0.383762804,2017,1.91E-05,0.001855904,-0.447897758,-0.849740933,-0.049222798
600373,-0.003802676,1.092933331,1.041795635,-0.014958234,0.303713594,2018,1.87E-05,-0.037039061,0.001855904,-0.137254902,0.017156863
600373,-0.010214245,1.05458451,0.7625089,-0.067647123,0.251655874,2019,2.62E-05,-0.13194133,-0.037039061,-0.182692308,0.444711538
600375,0.002685919,0.819970933,0.599643214,-0.233623382,0.13028694,2018,2.20E-05,0.469504127,0.02859426,0.026960784,0.144607843
600375,-0.069410928,0.713979001,0.433096696,-1.391448545,-0.299181054,2019,2.92E-05,0.523408521,0.469504127,-0.877403846,0.507211538
600378,0.002151787,0.698658201,0.809741305,-1.571697559,0.072627825,2017,5.22E-05,0.590999889,-0.227475845,0.189119171,0.712435233
600378,-0.050051347,0.922060021,0.733586136,-0.27700395,0.291122682,2018,5.03E-05,0.31681072,0.590999889,-0.862745098,0.75245098
600378,0.086368008,1.040305272,0.863083955,0.296715745,0.324295045,2019,2.49E-05,0.079460668,0.31681072,0.918269231,0.423076923
600379,0.027652482,0.936946455,1.115011715,0.235451427,0.297372997,2016,1.30E-05,-0.452977756,-0.349572622,0.373182553,-0.315024233
600379,0.002792496,1.01850552,1.818750591,0.707253406,0.549585167,2017,5.22E-05,0.180780279,-0.452977756,0.261658031,0.712435233
600381,-0.030679487,1.289120955,2.2530271,1.43836774,0.038450506,2018,1.19E-05,-0.173711805,-0.276713864,-0.683823529,-0.333333333
600388,0.018287091,1.093307599,0.934580971,0.091140512,0.108876139,2016,1.29E-05,-0.165236041,0.233853918,0.237479806,-0.331179321
600388,-0.004032453,0.976825768,1.737478567,1.177456706,-0.654067321,2017,2.37E-05,-0.045092677,-0.165236041,-0.533678756,0.139896373
600388,-0.008719017,0.624418367,0.715328662,-0.11375628,0.139004119,2018,2.16E-05,-0.290935547,-0.045092677,-0.289215686,0.110294118
600392,0.014632781,1.403586633,0.30680265,-1.34418728,0.231205333,2017,8.57E-06,-0.123686893,0.213744065,0.852331606,-0.932642487
600392,0.026247909,1.772059047,-0.066488171,-0.951700954,0.791831313,2018,8.16E-06,-0.372514433,-0.123686893,0.583333333,-0.909313725
600395,-0.032368191,1.04877106,0.100978761,-2.037109391,0.956415571,2016,2.14E-05,-0.161108047,-0.12499981,-0.518578352,0.134087237
600397,0.002170681,1.198301223,0.527886379,-0.807045815,0.016513913,2017,1.03E-05,-0.069276164,-0.375567003,0.191709845,-0.730569948
600398,-0.059011366,0.808056474,0.43197054,0.594066045,-0.612275113,2018,1.15E-05,-0.368313398,-0.269068587,-0.911764706,-0.416666667
600398,-0.005433716,0.924995291,-0.220051948,0.103704619,-0.291282999,2019,9.88E-06,0.327286885,-0.368313398,-0.060096154,-0.552884615
600400,-0.057092975,0.779520069,1.985259848,1.282842928,0.070669089,2016,1.18E-05,-0.224175167,-0.163754251,-0.767366721,-0.518578352
600400,-0.005087019,0.378257275,-0.391468296,-0.690625395,0.503274208,2017,1.18E-05,-0.028196469,-0.224175167,-0.626943005,-0.505181347
600405,-0.067714116,1.153409778,0.830838639,-0.663848567,-0.312027396,2016,1.20E-05,-0.37462615,-0.332520305,-0.819063005,-0.486268174
600406,0.011665316,1.319876657,0.123630239,-0.061750252,0.399789374,2016,9.29E-06,-0.098178874,0.332169531,0.117932149,-0.867528271
600406,-0.044405888,0.882046531,-0.02935631,0.611548629,0.266080727,2017,1.69E-05,0.162390361,-0.098178874,-0.971502591,-0.142487047
600409,0.059023661,1.150855762,0.34421683,-0.685150617,0.374520079,2016,1.18E-05,-0.133858831,0.492557998,0.689822294,-0.518578352
600409,-0.006258627,1.050613552,0.275872379,-0.037487237,0.300740204,2017,3.10E-05,-0.326639987,-0.133858831,-0.68134715,0.378238342
600409,-0.032243912,1.469717526,1.819180448,1.190091841,-0.523127925,2018,1.01E-05,-0.189279965,-0.326639987,-0.698529412,-0.671568627
600409,-0.046017257,1.354076369,1.017322666,1.044141656,-0.377274407,2019,2.94E-05,1.258995148,-0.189279965,-0.713942308,0.521634615
600410,0.04267204,1.203071027,0.33965297,-1.695424214,-0.548353581,2018,1.72E-05,0.248784369,0.217203362,0.781862745,-0.029411765
600410,0.021019742,1.146516541,1.015952003,-1.552208948,0.710947103,2019,8.20E-06,-0.437559491,0.248784369,0.399038462,-0.850961538
600415,-0.035718192,1.083352233,0.596832374,-0.815658612,0.605877418,2016,2.17E-05,-0.413950813,0.163716066,-0.541195477,0.143780291
600415,-0.00835985,0.383144035,0.506962639,0.411720954,-0.421630304,2017,5.36E-05,-0.02653363,-0.413950813,-0.75388601,0.738341969
600415,-0.010861365,0.99995153,0.478229929,0.171285869,0.229400172,2018,3.26E-05,0.164451138,-0.02653363,-0.355392157,0.490196078
600415,0.011081114,0.944407813,0.46938854,-0.249891996,0.097192006,2019,3.11E-05,0.060905176,0.164451138,0.230769231,0.555288462
600416,-0.048627834,1.092455755,-0.061856557,-1.433031117,0.046891994,2016,5.92E-05,-0.48157433,0.086423009,-0.69628433,0.82552504
600416,0.005341021,1.126191011,0.207815888,-1.134527999,-0.006784094,2017,5.87E-05,-0.17554309,-0.48157433,0.538860104,0.78238342
600416,0.016579975,1.06480744,0.786750932,-1.202659454,0.353912149,2018,2.16E-05,0.351777965,-0.17554309,0.392156863,0.110294118
600419,0.06777469,0.962951784,0.178646349,0.35743789,-0.564057951,2016,1.21E-05,-0.248067888,-0.08387672,0.751211632,-0.476575121
600419,-0.028798507,0.294535491,1.775418533,0.958760344,-0.043275008,2017,1.19E-05,-0.184774993,-0.248067888,-0.955958549,-0.492227979
600419,0.048252172,1.324947396,0.529616911,-0.033199489,0.245952264,2018,1.17E-05,0.048582378,-0.184774993,0.838235294,-0.375
600419,0.032152887,1.050721861,0.700882236,0.562164639,-0.20916999,2019,1.11E-05,-0.098021561,0.048582378,0.5625,-0.319711538
600422,0.056736735,1.269001023,1.000439348,1.112276999,-0.074306277,2016,8.12E-06,-0.327113116,-0.167732377,0.686591276,-0.948303716
600422,-0.002599449,0.830195417,0.784608098,0.34648957,0.183860248,2017,7.95E-06,0.479906431,-0.327113116,-0.398963731,-0.966321244
600422,-0.036321891,1.009784945,0.222248193,-0.687837227,0.350861268,2018,7.94E-06,-0.149129372,0.479906431,-0.745098039,-0.916666667
600422,0.000255389,1.14250272,1.963601425,1.072144522,-1.020980727,2019,1.49E-05,0.004104237,-0.149129372,0.057692308,-0.081730769
600425,0.056672538,0.764912657,1.559497589,0.04431059,0.987519329,2018,2.53E-05,-0.114989185,0.4832468,0.899509804,0.299019608
600425,-0.020885093,1.095345366,0.550572479,0.002382323,-0.561873428,2019,2.50E-05,-0.156273656,-0.114989185,-0.372596154,0.427884615
600428,0.028896998,1.487551669,0.091835607,-1.16967932,0.637278794,2016,7.88E-05,-0.438178149,0.094187419,0.389337641,0.896607431
600428,0.017257606,1.720668634,0.100264415,-0.405518914,-0.258990938,2017,0.000119292,0.031960927,-0.438178149,0.898963731,0.961139896
600428,-0.004749649,1.413734797,0.734337792,0.322939389,0.195553543,2018,8.92E-05,-0.180249451,0.031960927,-0.178921569,0.958333333
600428,-0.044702002,1.198049846,1.24640422,0.743219681,0.246052161,2019,9.90E-05,0.836322375,-0.180249451,-0.701923077,0.966346154
600429,0.021508093,1.240554772,1.012992788,0.894321973,-0.109213414,2016,9.46E-06,-0.07683151,-0.178662095,0.282714055,-0.851373183
600429,0.001666179,1.025870135,0.751701658,0.449923229,0.375241262,2017,8.98E-06,-0.024741342,-0.07683151,0.124352332,-0.878238342
600433,0.020289997,1.090581092,0.903915985,-0.130317589,1.072472918,2019,2.43E-05,0.774390813,-0.204410375,0.384615385,0.396634615
600435,-0.048793188,0.948661703,0.354120234,-1.647605662,0.72561351,2019,1.08E-05,0.037473504,-0.171865326,-0.747596154,-0.387019231
600436,0.078325253,1.11572107,-0.6656413,0.077721156,-0.404424203,2019,2.62E-05,1.60108974,0.463566504,0.882211538,0.444711538
600438,-0.086428497,0.987685268,1.451062865,0.175035885,0.416530231,2016,7.04E-06,0.234331016,-0.123366104,-0.91276252,-0.983844911
600439,0.007699228,0.228766901,0.361753787,0.094066946,0.091679963,2018,1.21E-05,-0.071491477,-0.167323643,0.169117647,-0.318627451
600439,0.04256165,1.11941888,1.617929326,0.866040687,-0.414940337,2019,1.08E-05,0.006659372,-0.071491477,0.685096154,-0.387019231
600444,0.000328332,1.032177454,0.707998397,-0.569733583,0.262055914,2017,2.41E-05,0.002144029,-0.399134816,-0.056994819,0.168393782
600444,0.01586095,1.060248649,1.689899743,0.235007915,-0.296661202,2018,3.57E-05,-0.165504574,0.002144029,0.367647059,0.529411765
600444,0.009455231,0.956475253,1.381468526,0.704455653,-0.297133867,2019,1.01E-05,-0.006140174,-0.165504574,0.201923077,-0.519230769
600446,-0.02626459,1.450013525,-0.13799657,-1.73845747,-0.23451476,2019,1.72E-05,-0.262640866,-0.027107105,-0.463942308,0.007211538
600448,-0.002089273,1.022613843,1.185609428,0.006860461,0.133869617,2017,3.67E-05,0.173786629,-0.180441393,-0.35492228,0.520725389
600448,0.007992416,0.677554943,1.676388414,0.231750976,-0.124348678,2018,3.70E-05,-0.210247955,0.173786629,0.178921569,0.573529412
600452,0.077755718,1.08727005,1.064624186,-0.263469609,0.288038832,2016,1.53E-05,-0.411322015,0.351827303,0.783521809,-0.114701131
600452,0.016989116,0.507669528,0.303318781,-0.752884239,0.172150662,2017,1.59E-05,0.261245293,-0.411322015,0.886010363,-0.163212435
600458,-0.00520396,1.279819003,0.673293767,-0.0759349,0.024629417,2016,1.25E-05,-0.362950288,-0.269797935,-0.140549273,-0.408723748
600458,0.000923708,1.207458066,0.920378867,-0.369815634,-0.180793286,2017,2.31E-05,0.397552464,-0.362950288,0.03626943,0.119170984
600458,0.026595149,1.110719067,1.225432225,0.073180377,0.248976651,2018,1.73E-05,-0.383763064,0.397552464,0.588235294,-0.022058824
600461,-0.003390793,0.713484533,0.612490603,0.155748171,0.004435312,2018,1.07E-05,0.024201164,-0.011806951,-0.12254902,-0.571078431
600461,-0.007884657,0.750333987,0.496811094,0.008907922,0.267509584,2019,1.86E-05,0.16580986,0.024201164,-0.149038462,0.072115385
600468,-0.006853773,1.15519289,0.472023581,-0.989268551,0.732891715,2016,1.18E-05,-0.154938049,-0.318657724,-0.156704362,-0.518578352
600468,-0.032935933,1.102741909,1.105289491,0.12653672,0.15287772,2019,1.13E-05,-0.208824203,0.114217451,-0.5625,-0.274038462
600469,0.009759494,1.238435128,1.199727964,0.388145372,0.026560566,2016,1.16E-05,-0.520394308,-0.293068653,0.082390953,-0.55088853
600469,-0.011253428,0.538047513,0.698175614,-1.080324227,0.277175678,2017,2.38E-05,0.319230743,-0.520394308,-0.839378238,0.150259067
600469,0.013407265,0.896049421,1.925529936,0.969237414,-0.632898019,2019,1.07E-05,0.075723806,-0.094590745,0.278846154,-0.408653846
600470,-0.01169358,1.215340405,1.571361688,0.513679693,-0.160849529,2018,1.06E-05,-0.354451816,0.131610384,-0.370098039,-0.588235294
600470,0.23794863,1.243172832,1.4612617,0.359169438,0.044230129,2019,9.70E-06,-0.065156331,-0.354451816,0.987980769,-0.59375
600475,-0.026196974,0.811761473,1.252463283,-0.798549713,-1.079708723,2017,4.13E-05,0.01407109,-0.46910626,-0.950777202,0.611398964
600475,0.068625819,1.135089991,1.396766585,0.580660403,0.213851374,2018,2.32E-05,0.07848544,0.01407109,0.943627451,0.198529412
600475,-0.007351067,0.977802844,0.721095728,0.118408915,0.113881499,2019,2.69E-05,0.178825319,0.07848544,-0.134615385,0.459134615
600477,-0.017263207,1.071455084,0.945141481,0.116349772,0.213746869,2016,1.94E-05,-0.464533311,1.206079506,-0.305331179,0.037156704
600477,-0.035824331,1.585419508,0.720010688,0.18743654,-0.54024072,2017,1.91E-05,-0.170664817,-0.464533311,-0.96373057,-0.049222798
600477,-0.032138029,1.275542492,0.950284201,-0.097097932,0.280818898,2018,9.70E-06,0.11787792,-0.170664817,-0.696078431,-0.720588235
600477,-0.029991904,1.109473536,1.053395483,0.248355711,0.223439242,2019,8.22E-05,-0.003751235,0.11787792,-0.533653846,0.9375
600479,-0.004102161,0.733807918,1.024489795,0.483781955,-0.212106096,2017,1.03E-05,-0.087690767,-0.125455112,-0.541450777,-0.730569948
600479,0.023055343,0.822785627,0.528485767,-0.074840036,-0.110196362,2018,1.04E-05,0.030447203,-0.087690767,0.519607843,-0.620098039
600479,0.072981975,1.0657321,1.200160322,0.907465418,0.076561197,2019,9.67E-06,0.058343806,0.030447203,0.870192308,-0.600961538
600480,0.030839487,1.272120025,0.517883245,-1.066621742,0.33810421,2016,1.22E-05,-0.551120712,0.502906284,0.411954766,-0.460420032
600480,0.003318017,2.025594029,-1.810365656,-3.65997816,-1.769636192,2017,2.05E-05,-0.079949873,-0.551120712,0.32642487,-0.012953368
600480,0.031777747,1.139758894,0.924272855,-0.254942973,0.69716243,2018,9.36E-06,0.296389807,-0.079949873,0.656862745,-0.759803922
600480,-0.031994068,1.13975198,0.823827244,-0.503665133,0.709826256,2019,8.30E-06,0.127563481,0.296389807,-0.552884615,-0.838942308
600481,-0.084876673,1.101345065,1.297397023,-0.225492387,0.376414206,2016,1.23E-05,-0.414553432,-0.085030653,-0.903069467,-0.447495961
600481,-0.175610666,0.711588259,2.320611483,1.017514321,-0.498212224,2017,2.40E-05,0.22903984,-0.414553432,-0.994818653,0.160621762
600481,-0.033978873,0.885480462,0.946708399,0.167366711,-0.222847734,2019,1.16E-05,1.328176813,-0.193583448,-0.574519231,-0.252403846
600482,0.096334404,0.847094979,0.812504971,-0.101204868,-0.172614646,2016,3.45E-05,-0.320641024,-0.234019858,0.873990307,0.537964459
600482,-0.002680341,0.923880079,0.099281809,-1.108255358,0.011745779,2017,6.44E-05,0.348952561,-0.320641024,-0.409326425,0.81865285
600482,0.025798561,0.236210753,-0.751267967,-1.333494416,-0.151283006,2018,2.82E-05,-0.345634624,0.348952561,0.571078431,0.394607843
600482,-0.01424114,0.762785762,0.21330703,-0.303271788,0.17332708,2019,9.48E-06,0.092696877,-0.345634624,-0.259615385,-0.641826923
600483,-0.037482233,1.083839682,1.379366438,0.306483309,0.084410483,2016,1.09E-05,-0.31857405,-0.100075937,-0.567043619,-0.654281099
600483,0.004957663,1.001828719,0.443350072,-0.076004966,0.013080161,2017,1.06E-05,0.227711486,-0.31857405,0.497409326,-0.689119171
600483,-0.001920121,0.815131762,0.581467808,0.069986766,0.569653231,2018,1.05E-05,-0.115733958,0.227711486,-0.105392157,-0.595588235
600483,-0.035095927,0.746881288,0.650105943,0.071962329,0.195869462,2019,9.37E-06,0.423397852,-0.115733958,-0.586538462,-0.658653846
600487,-0.068578343,1.045376069,1.549135214,0.223569204,0.038565419,2016,6.82E-05,0.089795498,1.208451533,-0.835218094,0.864297254
600487,-0.005015901,1.140558324,0.915667623,1.066759069,-0.018792783,2017,5.71E-05,-0.244880278,0.089795498,-0.621761658,0.772020725
600487,0.006835629,1.831897136,-0.493375623,-1.25011724,-0.018474863,2018,5.90E-05,-0.030884686,-0.244880278,0.137254902,0.833333333
600487,-0.016802894,1.257905411,-0.414244272,-1.338515573,0.460218082,2019,3.68E-05,-0.316261109,-0.030884686,-0.3125,0.658653846
600489,-0.004946509,0.958196028,-0.316385353,-0.581137908,0.485193565,2016,1.02E-05,-0.328164074,-0.121127871,-0.134087237,-0.770597738
600489,0.03270325,0.354793583,-0.107145647,-0.623498179,0.013421708,2018,9.72E-06,-0.121645285,0.490744633,0.676470588,-0.715686275
600489,-0.036461697,0.245474209,-0.202256485,-0.602873868,-0.174868035,2019,8.64E-06,-0.069598818,-0.121645285,-0.603365385,-0.783653846
600490,0.10890129,1.079667738,0.551891965,-0.867685012,-0.117997557,2016,1.15E-05,0.083911018,-0.019902347,0.91276252,-0.576736672
600490,-0.112094424,1.184798612,1.0599122,-0.222682775,0.290330642,2019,7.68E-06,0.203611272,-0.372287272,-0.985576923,-0.918269231
600493,-0.013320352,1.181471552,0.413997992,-1.224607247,0.407228516,2016,1.26E-05,-0.414014909,-0.196805845,-0.240710824,-0.379644588
600493,0.009991952,0.57335443,0.88966914,-0.819752355,0.060765542,2017,6.25E-05,-0.060331071,-0.414014909,0.748704663,0.797927461
600493,-0.04267222,0.938157288,1.755206501,0.606191243,0.32326135,2018,5.71E-05,-0.20965122,-0.060331071,-0.816176471,0.816176471
600493,0.051391633,0.974828781,2.074269329,1.128254606,-0.128352837,2019,6.09E-05,-0.013989134,-0.20965122,0.752403846,0.884615385
600495,0.017891005,1.220839595,0.130437728,-1.433609855,0.567014733,2016,1.44E-05,-0.463850507,-0.052625715,0.224555735,-0.18901454
600495,0.034140775,1.136597664,0.83393756,0.380115028,-0.275096575,2019,1.35E-05,-0.070026807,-0.202288535,0.591346154,-0.141826923
600496,-0.048604971,1.0456124,1.135010901,0.004249958,0.501642118,2016,8.95E-05,-0.391274949,0.117061512,-0.693053312,0.935379645
600496,-0.010824706,1.065806302,0.974214636,-0.096233059,-0.245964932,2017,2.19E-05,0.047937801,-0.391274949,-0.81865285,0.059585492
600496,0.002422019,1.016619876,0.829085972,-0.238015705,0.571628372,2018,3.05E-05,0.045465987,0.047937801,0.009803922,0.446078431
600498,-0.090105019,1.139782272,1.482497373,0.977842027,0.058128594,2016,2.08E-05,-0.020587017,0.041827625,-0.915993538,0.105008078
600498,-0.006554578,1.165823349,0.404387221,0.188732474,0.037689283,2017,3.09E-05,0.117129345,-0.020587017,-0.686528497,0.375647668
600498,-0.069396769,0.955712288,-0.560133392,-1.487521937,0.37031751,2019,9.49E-06,-0.358333353,0.035189711,-0.875,-0.639423077
600499,0.052752203,1.157554567,0.949026581,0.645849758,-0.319242477,2016,6.87E-05,-0.143591474,-0.054159336,0.663974152,0.867528271
600499,-0.003297433,0.886249484,0.515482512,-0.641992008,-0.278032834,2017,6.28E-05,-0.371506898,-0.143591474,-0.445595855,0.808290155
600499,0.065678835,1.351161784,0.242884338,-0.796280388,0.038651457,2018,4.18E-05,-0.073587104,-0.371506898,0.933823529,0.647058824
600499,0.013912436,1.035855253,1.103215623,-0.12796795,0.351427639,2019,2.87E-05,2.473741498,-0.073587104,0.290865385,0.497596154
600500,-0.04064339,1.305551365,0.773343924,-0.372023776,0.3564495,2016,7.27E-06,-0.287134325,0.064149816,-0.612277868,-0.977382876
600500,0.000741136,1.418563829,-0.144239824,-1.016213616,-0.501277875,2017,1.56E-05,0.079047321,-0.287134325,-0.002590674,-0.168393782
600501,0.000899035,1.324486672,-0.19073943,-1.615932758,0.306921265,2017,3.53E-05,0.216022292,-0.508246232,0.025906736,0.481865285
600501,0.040301155,0.883127487,0.222690127,-1.485196293,0.424137226,2018,1.09E-05,-0.028925397,0.216022292,0.767156863,-0.517156863
600502,-0.003495963,1.356401197,1.126034535,0.211350933,-0.565309975,2017,1.47E-05,0.175940469,-0.372062004,-0.458549223,-0.204663212
600502,0.010747803,1.023645351,0.958369863,0.31614132,0.062113589,2018,7.84E-06,-0.182551623,0.175940469,0.254901961,-0.921568627
600509,0.014321674,1.035725358,1.263576377,0.559883536,0.073461058,2018,2.50E-05,-0.417840313,0.194867982,0.328431373,0.291666667
600509,0.022220478,1.229905892,1.348758058,0.642460372,-0.671797274,2019,7.66E-06,1.386013361,-0.417840313,0.413461538,-0.920673077
600510,-0.052227871,1.061433585,1.180967027,-0.304596312,0.22713431,2016,1.18E-05,-0.210242315,-0.126900979,-0.738287561,-0.518578352
600510,0.001632692,0.869778403,0.65251806,-0.132108309,0.15179939,2017,2.32E-05,0.052518051,-0.210242315,0.113989637,0.124352332
600510,0.051830851,0.793251387,0.946307074,0.339546008,0.494571089,2018,2.17E-05,0.26550965,0.052518051,0.862745098,0.117647059
600512,0.083136714,1.124706076,1.173359701,-0.091809979,0.575959404,2016,1.17E-05,-0.543483327,0.19204187,0.815831987,-0.531502423
600512,-0.013714572,0.743776508,0.028062478,-0.82893956,0.752198488,2018,1.18E-05,-0.046485384,0.256631643,-0.424019608,-0.352941176
600515,-0.031185476,1.156294687,1.406482343,-0.206493607,0.44267704,2016,5.80E-05,0.077084396,-0.215982421,-0.502423263,0.819063005
600515,-0.004790461,1.017049029,0.696940164,-0.401978013,0.052215992,2017,4.15E-05,-0.563176169,0.077084396,-0.593264249,0.613989637
600515,0.072956296,1.23456494,1.43637497,0.754990276,-0.671236708,2019,6.27E-06,0.397537748,0.034738839,0.867788462,-0.980769231
600520,0.000910269,1.325083732,-0.495071726,-1.632492061,1.230985197,2017,1.36E-05,-0.234811283,-0.116418958,0.031088083,-0.272020725
600520,-0.028461157,0.49296231,0.893892426,-1.16635298,-0.48579323,2018,1.19E-05,-0.388013241,-0.234811283,-0.656862745,-0.333333333
600520,-0.040330534,0.656610536,0.307644642,-1.727887641,0.823844435,2019,3.59E-05,0.132177093,-0.388013241,-0.649038462,0.641826923
600521,0.017306024,1.136652627,0.734516394,0.104949838,-0.041710796,2019,1.01E-05,-0.388726107,1.626298042,0.338942308,-0.519230769
600522,-0.05183707,1.086020476,1.038278096,0.860305698,-0.357007939,2016,0.000261514,-0.273823641,0.211547964,-0.725363489,0.996768982
600522,-0.005131467,1.146055812,-0.101355703,-0.023526108,0.120384337,2017,0.000116947,0.037235865,-0.273823641,-0.629533679,0.958549223
600522,0.035150974,1.305114804,-0.086969173,-1.049465746,-0.267884302,2018,6.80E-05,0.243964944,0.037235865,0.718137255,0.882352941
600522,0.018279648,1.165385352,0.203975609,-0.668061298,0.464461128,2019,4.23E-05,-0.124224266,0.243964944,0.353365385,0.740384615
600525,0.04525713,1.240219893,1.501469886,1.70929348,-0.607436386,2016,2.45E-05,-0.23417177,-0.024961472,0.596122779,0.298869144
600525,-0.005797563,0.989181925,-0.419919289,-0.806206913,0.092264502,2017,2.45E-05,-0.406353916,-0.23417177,-0.652849741,0.18134715
600525,-0.027417783,1.048751142,-0.516638557,-1.62943635,0.040207827,2018,1.57E-05,-0.244368972,-0.406353916,-0.639705882,-0.068627451
600525,0.058040503,1.412338139,1.144778929,0.05733827,-0.355195465,2019,2.20E-05,0.313996065,-0.244368972,0.793269231,0.3125
600526,0.01697795,1.050180852,0.951212469,-0.275135861,-0.241463933,2016,1.21E-05,-0.435912575,-0.206073419,0.211631664,-0.476575121
600526,-0.010328446,1.155930499,1.372180474,0.461668305,-0.225677675,2017,1.06E-05,-0.152864006,-0.435912575,-0.805699482,-0.689119171
600526,-0.017484179,1.279123153,0.875188228,-0.303730554,0.547871993,2018,1.02E-05,-0.191029863,-0.152864006,-0.473039216,-0.656862745
600528,0.078010668,1.423855023,-0.494726092,-0.961671293,0.372995371,2016,6.94E-05,-0.294713983,0.212707253,0.786752827,0.870759289
600528,0.015721695,2.100973785,-0.075893868,-0.721677404,-0.930234252,2017,7.44E-05,0.135165383,-0.294713983,0.875647668,0.883419689
600528,0.029290952,1.245371587,-0.131020032,-0.141631465,0.628174598,2018,9.68E-05,-0.240941089,0.135165383,0.620098039,0.970588235
600528,-0.036486772,1.071754496,0.239741501,0.328327945,0.133265091,2019,9.12E-05,-0.068000301,-0.240941089,-0.605769231,0.951923077
600533,0.011089683,1.015583443,0.91244889,-0.230702006,-0.22846693,2017,1.16E-05,0.049745896,-0.416318881,0.774611399,-0.528497409
600535,-0.015636105,1.000099067,0.093849417,0.783076889,-0.03359952,2016,1.08E-05,-0.13449858,0.160563004,-0.273021002,-0.673667205
600538,-0.142677861,1.05016859,1.063407712,-0.553261608,0.001753654,2016,2.04E-05,-0.180004417,-0.480190315,-0.977382876,0.082390953
600538,-0.005057815,0.383035698,0.342009796,-0.989375809,0.388099322,2017,3.12E-05,-0.047518619,-0.180004417,-0.624352332,0.388601036
600545,0.019234717,0.124242489,3.36034993,0.760210761,-0.961079928,2017,0.000114016,-0.116907958,-0.329720193,0.917098446,0.950777202
600545,0.005313214,0.708927076,0.130358926,-0.502760756,0.219292266,2018,8.14E-05,-0.332119435,-0.116907958,0.090686275,0.93627451
600545,-0.013224752,0.46671355,0.376973516,0.324934133,-0.252790268,2019,1.89E-05,-0.344643801,-0.332119435,-0.237980769,0.103365385
600547,-0.069495781,0.194372319,-0.142569993,-0.281011398,0.159082028,2017,1.47E-05,0.696514811,-0.182114747,-0.981865285,-0.204663212
600547,0.04691639,0.30072761,-0.831072106,-0.835720243,-0.010791656,2018,2.71E-05,0.229206674,0.696514811,0.821078431,0.370098039
600547,-0.025491528,0.196013825,-0.149798712,-0.481616141,-0.109070539,2019,9.14E-06,-0.27505895,0.229206674,-0.447115385,-0.706730769
600548,0.048095287,0.883971378,0.824089267,0.485550571,0.024231963,2016,8.69E-06,-0.113312663,0.172453027,0.631663974,-0.919224556
600550,-0.027174785,1.194623219,0.994361455,-0.152879252,0.308040791,2016,3.42E-05,-0.627869009,0.800705321,-0.447495961,0.531502423
600550,0.017416809,1.484500469,0.636524255,-0.925762428,-0.959939445,2017,3.34E-05,-0.082877595,-0.627869009,0.901554404,0.450777202
600550,0.025059566,1.271331438,0.759464704,-0.548389255,0.51309137,2018,2.23E-05,0.25555538,-0.082877595,0.558823529,0.161764706
600550,-0.016878641,0.968775865,1.50840571,0.283457326,-0.04022549,2019,1.07E-05,-0.152122685,0.25555538,-0.317307692,-0.408653846
600551,-0.050908283,1.246634393,1.030200725,1.099012523,-0.454320421,2016,2.85E-05,-0.428215557,-0.216126264,-0.718901454,0.424878837
600551,-0.130772158,0.820718121,1.463662549,0.275071502,-0.256714712,2017,9.26E-06,0.031553169,-0.428215557,-0.992227979,-0.836787565
600551,-0.001228339,1.052952705,1.258540635,0.46234446,0.133532167,2018,3.61E-05,-0.093301507,0.031553169,-0.080882353,0.549019608
600551,0.000954415,1.017283657,1.19305559,0.275725955,0.236203399,2019,8.06E-06,-0.112655475,-0.093301507,0.072115385,-0.865384615
600552,-0.012161464,1.219854661,1.0509812,-0.062270163,-0.145044115,2018,1.54E-05,0.312354904,0.077723821,-0.379901961,-0.080882353
600557,-0.003892534,0.924500387,0.818023016,0.479312083,-0.051472381,2017,4.42E-05,0.192409492,-0.264325234,-0.5,0.639896373
600558,-0.000729521,0.97597843,1.305885886,-0.152140691,-0.372453007,2017,2.18E-05,-0.152690135,-0.228380422,-0.199481865,0.049222798
600558,0.035996297,1.008717855,1.557523584,0.395402247,0.017580526,2018,1.13E-05,-0.208361049,-0.152690135,0.720588235,-0.446078431
600558,-0.040784292,1.086968657,1.317568772,0.246670223,0.121654726,2019,2.23E-05,0.101367277,-0.208361049,-0.65625,0.324519231
600562,-0.004008894,1.018652494,0.04044586,-1.11580852,0.227201111,2017,1.28E-05,-0.117995452,-0.198957695,-0.528497409,-0.347150259
600562,0.050698309,0.47844743,0.292438266,-1.930570837,0.15111395,2018,1.21E-05,-0.047166511,-0.117995452,0.855392157,-0.318627451
600562,-0.119305111,0.765594124,0.066791025,-2.048186251,0.944099272,2019,1.12E-05,0.001292878,-0.047166511,-0.992788462,-0.293269231
600565,-0.001961228,0.85416975,1.652706803,0.336339502,-0.489096122,2016,8.29E-06,-0.473023473,-0.146612405,-0.098546042,-0.945072698
600565,-0.008208741,0.759064342,0.33757911,-0.567951397,0.23334451,2017,7.95E-06,0.380578925,-0.473023473,-0.751295337,-0.966321244
600565,-0.001136085,1.031481737,0.786207218,-0.01438295,0.349337222,2018,1.51E-05,-0.263524771,0.380578925,-0.075980392,-0.095588235
600566,0.014185058,0.882267743,0.220462221,0.569927851,0.357045915,2017,2.26E-05,-0.361545502,0.2730888,0.844559585,0.085492228
600567,-0.060638444,1.358405321,1.434266414,1.214362109,0.050216035,2018,1.64E-05,-0.137942668,-0.140159986,-0.916666667,-0.056372549
600569,-4.23E-05,1.268238059,0.067390488,-0.24915355,-0.109632718,2017,1.19E-05,-0.246771314,0.371703795,-0.090673575,-0.492227979
600569,0.021291278,1.116852123,0.259261611,0.691389358,-0.172452506,2019,1.04E-05,0.51849091,-0.315559494,0.401442308,-0.466346154
600570,-0.027358376,1.323174265,-0.660909538,-1.729328074,0.021125074,2019,8.91E-06,-0.147597565,1.035108733,-0.485576923,-0.75
600572,0.003711225,0.693559244,0.550995614,0.355415773,0.407896139,2017,1.81E-05,-0.081129265,0.020736314,0.367875648,-0.101036269
600572,-0.006496502,0.654470953,0.254810449,-0.263738796,-0.107144466,2018,1.52E-05,-0.153698347,-0.081129265,-0.237745098,-0.090686275
600572,-0.022169475,0.716233579,0.764057179,0.501580855,-1.481095183,2019,7.28E-06,-0.20531083,-0.153698347,-0.399038462,-0.949519231
600575,0.147155718,0.923429239,1.71112998,-1.430499826,1.123587578,2016,9.04E-06,-0.129967127,-0.044602462,0.974151858,-0.886914378
600577,0.032437351,0.959939956,0.822814295,-0.339670543,0.012336065,2018,2.16E-05,-0.075086328,-0.128553165,0.671568627,0.110294118
600577,-0.042735901,0.903256094,1.23986018,0.639782932,-0.295661791,2019,9.06E-06,1.308682671,-0.075086328,-0.673076923,-0.723557692
600578,0.013208156,0.697966107,0.303523165,0.003287908,0.366757837,2018,8.44E-06,-0.086346853,0.042616557,0.31372549,-0.887254902
600578,-0.029705109,0.689387143,0.486430971,0.357452282,0.014186937,2019,7.63E-06,0.039496855,-0.086346853,-0.528846154,-0.927884615
600580,0.000844843,0.967020001,0.176873679,-0.491265403,0.248444934,2017,9.26E-06,0.10571864,0.115569972,0.012953368,-0.836787565
600581,0.027804125,0.014871325,2.386471129,-0.590766736,-3.213967802,2017,1.33E-05,-0.297274668,0.01377504,0.96373057,-0.295336788
600581,0.017330876,1.214401047,0.747502641,0.977605271,-0.408841492,2019,2.72E-05,0.996816113,-0.186058989,0.341346154,0.461538462
600582,-0.091372112,0.854007585,1.184714199,0.120488,0.204248563,2016,1.80E-05,-0.198652298,0.011081332,-0.919224556,-0.011308562
600582,0.004365611,1.054208428,-0.134305529,-0.473881936,0.136011254,2017,9.19E-06,-0.06072459,-0.198652298,0.455958549,-0.844559585
600582,0.023771243,1.212424449,0.536412762,0.406719501,0.244884082,2018,8.77E-06,-0.163641822,-0.06072459,0.541666667,-0.850490196
600582,-0.026171947,0.904158301,0.431813591,0.180085869,-0.247113876,2019,1.73E-05,0.352688515,-0.163641822,-0.459134615,0.014423077
600583,0.008414132,1.237564679,-0.445819693,-1.074976796,0.903418032,2016,1.08E-05,-0.162532291,-0.096429436,0.050080775,-0.673667205
600583,-0.011904227,1.27933913,-0.034390196,-0.311755574,0.147950659,2018,1.02E-05,-0.189532761,0.058293872,-0.37254902,-0.656862745
600583,-0.002558552,0.979261534,0.661520785,0.500933904,0.020517392,2019,3.98E-05,-0.010928714,-0.189532761,-0.009615385,0.704326923
600585,0.031417193,1.115822106,-0.507236538,0.470023513,0.170256197,2016,2.06E-05,0.502100189,0.57780668,0.431340872,0.088852989
600585,-0.017749737,1.289954393,-1.155176092,0.133301171,0.244442481,2017,1.98E-05,0.260340719,0.502100189,-0.896373057,-0.03626943
600585,-0.01817376,1.431836654,-0.197864437,1.26848484,0.107811752,2018,8.83E-06,0.302239145,0.260340719,-0.492647059,-0.843137255
600585,0.021541148,1.180463559,-0.165571404,1.265267123,-0.237955546,2019,2.66E-05,-0.199374898,0.302239145,0.40625,0.454326923
600586,0.000719615,1.035236658,1.088139437,0.51688405,-0.009939662,2018,6.07E-05,0.15714057,-0.009141774,-0.026960784,0.843137255
600586,0.009921895,0.969601887,0.982055954,0.48498271,-0.196606676,2019,2.84E-05,1.494363908,0.15714057,0.213942308,0.490384615
600588,-0.03695735,1.167700569,0.374073224,-0.529199487,-0.306446923,2016,1.81E-05,0.842155551,-0.132541715,-0.557350565,-0.004846527
600590,0.085841297,1.009310515,0.799532744,-0.847172404,0.102627603,2016,9.71E-06,-0.353318161,-0.038094194,0.831987076,-0.819063005
600590,-0.052422121,0.254831258,1.477278469,-0.134522525,-0.068069441,2017,6.83E-05,-0.011927411,-0.353318161,-0.974093264,0.852331606
600590,-0.044002908,1.025702644,0.952175611,-0.590081074,0.111852291,2018,1.87E-05,-0.179613523,-0.011927411,-0.828431373,0.017156863
600590,0.066155336,1.014961881,1.228137866,-0.527781253,0.310101757,2019,9.21E-06,0.318739504,-0.179613523,0.841346154,-0.6875
600592,0.069711911,1.152214058,0.876197079,-0.571118853,0.019203522,2016,1.01E-05,-0.407440192,-0.008752817,0.760904685,-0.789983845
600592,-0.023185221,0.976861981,-0.024368257,-1.112074908,-0.144606494,2017,3.97E-05,1.098855225,-0.407440192,-0.937823834,0.580310881
600593,-0.014086842,0.739865758,1.368497733,0.145949734,-0.194844351,2017,1.10E-05,0.484873047,0.288388985,-0.878238342,-0.621761658
600596,0.039536514,1.068583197,1.415349995,0.01416801,0.298731122,2016,1.13E-05,0.909165446,0.156640082,0.537964459,-0.599353796
600596,0.062456443,1.382039536,0.30727459,0.657411373,-0.358281003,2019,8.96E-06,1.109055017,-0.212965961,0.8125,-0.737980769
600597,-0.04296497,1.034810178,0.402452851,0.322349758,0.209078661,2016,1.18E-05,-0.227097007,0.003206442,-0.625201939,-0.518578352
600597,-0.002245815,1.118573557,0.453489133,0.718921652,0.551439082,2017,1.14E-05,0.083294338,-0.227097007,-0.367875648,-0.551813472
600597,-0.026975271,1.215851507,0.349207835,0.224814227,-0.375566863,2018,1.15E-05,0.374019676,0.083294338,-0.62745098,-0.416666667
600597,0.048243077,1.080393279,0.306684192,0.032981527,0.691262844,2019,1.05E-05,-0.035600669,0.374019676,0.721153846,-0.439903846
600600,0.045697508,0.984784186,0.100296742,0.728436478,0.129298656,2016,1.25E-05,0.243393822,0.204910631,0.605815832,-0.408723748
600600,-0.004062825,0.878076605,-0.047773388,0.422451412,0.053599073,2017,8.69E-06,0.134289076,0.243393822,-0.53626943,-0.919689119
600600,-0.027507771,1.204173684,-0.627086962,-0.735797347,-0.192323842,2018,7.82E-06,0.538583602,0.134289076,-0.642156863,-0.924019608
600600,0.006515298,1.049908647,-0.210672972,0.60531633,-0.689714902,2019,7.91E-06,0.489333212,0.538583602,0.153846154,-0.894230769
600603,-0.002941958,0.304762159,0.268875236,-2.482478977,-0.872297403,2017,3.68E-05,0.179869974,-0.343166633,-0.430051813,0.525906736
600603,0.00347814,1.138021871,1.551241725,0.641360811,0.245413872,2018,3.55E-05,0.123932707,0.179869974,0.041666667,0.526960784
600603,0.063842818,1.115385553,0.623835895,0.494469034,-0.625648682,2019,3.02E-05,-0.095168693,0.123932707,0.822115385,0.540865385
600606,-0.002349084,1.443176338,-0.463263265,0.062413664,-0.194673286,2017,2.99E-05,0.070957157,-0.176344678,-0.378238342,0.349740933
600606,0.012608262,1.265404947,-0.230397576,0.418085855,0.581386368,2018,1.43E-05,-0.06802832,0.070957157,0.294117647,-0.134803922
600606,-0.019952094,1.034926928,0.246021662,0.42467563,0.371057774,2019,4.83E-06,-0.093444891,-0.06802832,-0.358173077,-0.997596154
600612,-0.053486746,0.862675782,0.592627541,0.13834221,0.316702409,2016,1.06E-05,-0.260458792,0.206383699,-0.744749596,-0.689822294
600618,0.039466233,1.09908736,0.913731698,-0.415156641,0.111746745,2016,3.82E-05,-0.212224383,-0.198970843,0.534733441,0.618739903
600619,-0.00391844,0.741839605,1.25085642,0.099399404,0.348538185,2017,1.11E-05,-0.196509662,0.044571679,-0.505181347,-0.603626943
600623,-0.00394873,0.973017732,0.739235062,-0.889297173,0.10871154,2016,1.71E-05,-0.121387617,-0.436033853,-0.124394184,-0.033925687
600623,0.007613154,0.959154815,0.687192366,-0.312333291,0.373743068,2017,4.10E-05,-0.220999981,-0.121387617,0.650259067,0.606217617
600623,-0.041769549,1.135438314,0.904528426,0.255947726,0.170985298,2018,1.60E-05,-0.335074807,-0.220999981,-0.796568627,-0.06372549
600623,0.024566149,1.213697361,1.013719414,0.981137448,-0.479972391,2019,2.92E-05,0.71226404,-0.335074807,0.447115385,0.507211538
600626,-0.015954755,1.245857098,0.762845606,-0.691530352,0.279627997,2016,1.14E-05,-0.462429617,-0.090505467,-0.279483037,-0.592891761
600626,0.007905397,0.965653377,0.880314588,0.345774129,1.514922007,2017,2.81E-05,0.345144792,-0.462429617,0.670984456,0.303108808
600626,-0.018628456,1.386338058,1.193438872,-0.041489149,0.459945346,2018,8.99E-06,-0.278852858,0.345144792,-0.504901961,-0.825980392
600628,0.001171799,0.981396631,0.91004775,0.151208709,0.911216263,2017,2.73E-05,0.025840109,-0.382043978,0.056994819,0.279792746
600628,-0.031615701,0.815145836,0.981384237,0.443293222,0.081412133,2019,7.80E-05,-0.335398099,0.620430955,-0.545673077,0.930288462
600629,0.166545891,1.087686435,0.548823611,-0.966765334,0.236990887,2016,6.09E-05,-0.446811056,0.110746141,0.983844911,0.828756058
600629,-0.001941981,0.447455024,1.893392588,0.457156145,-0.895907509,2017,5.39E-05,-0.029388702,-0.446811056,-0.339378238,0.74611399
600629,-0.012826009,0.790363725,1.13858005,0.115473125,-0.006710033,2018,4.33E-05,-0.123330999,-0.029388702,-0.394607843,0.678921569
600629,-0.026625294,0.830520241,0.456389431,-0.073413414,-0.015612239,2019,1.90E-05,-0.159173393,-0.123330999,-0.466346154,0.112980769
600630,0.013870929,1.044477246,0.55053945,-0.601086873,1.134765462,2017,1.35E-05,0.07310285,-0.359793044,0.836787565,-0.28238342
600630,-0.001496875,1.263321518,1.620962657,0.135808564,0.130712676,2018,3.69E-05,-0.182862701,0.07310285,-0.088235294,0.566176471
600635,0.017490967,1.150299116,1.246563123,0.008759962,0.162249646,2016,1.02E-05,-0.32058031,-0.109787497,0.2180937,-0.770597738
600635,0.001332954,0.944811055,0.370045423,-0.132958096,0.203958159,2017,9.73E-06,0.72800182,-0.32058031,0.07253886,-0.797927461
600635,-0.035848233,1.098225624,0.605516513,-0.280828704,0.373867294,2018,8.56E-06,-0.292184346,0.72800182,-0.740196078,-0.875
600636,-0.086965656,1.19197399,0.76113601,0.299599904,0.062208505,2019,4.26E-05,-0.183640682,0.104444773,-0.939903846,0.745192308
600637,0.006740408,1.070204429,0.658834715,-0.191698996,0.181788793,2018,6.93E-06,-0.073677896,-0.080818444,0.132352941,-0.975490196
600642,-0.016016856,1.211913272,0.291697027,0.283792333,0.603875829,2016,1.27E-05,-0.187516009,0.118402227,-0.282714055,-0.357027464
600642,-0.005907808,0.656182937,0.5150482,0.464697671,0.112330431,2019,1.20E-05,0.062508251,-0.031419956,-0.081730769,-0.233173077
600648,0.001913293,0.575731116,0.529140477,0.038801035,-0.08919929,2018,8.93E-06,-0.329239508,0.142761008,0.004901961,-0.835784314
600648,-0.022802138,1.005974799,0.774052788,0.12179906,0.359661024,2019,3.41E-05,0.045204252,-0.329239508,-0.411057692,0.603365385
600650,-0.007053112,1.228544762,1.331301734,0.234866544,0.188806749,2018,1.32E-05,-0.227164273,0.161144625,-0.25245098,-0.210784314
600650,0.014009702,1.025704628,1.213011044,0.610509514,-0.243754541,2019,1.08E-05,0.096837757,-0.227164273,0.293269231,-0.387019231
600651,-0.000369533,1.043037406,0.4473448,-1.066669587,0.270146688,2017,4.46E-05,-0.061672372,-0.541527439,-0.139896373,0.642487047
600651,-0.019783937,1.41830108,0.666299605,-0.343159536,0.234374223,2018,1.74E-05,-0.13286444,-0.061672372,-0.526960784,-0.017156863
600655,0.034101753,1.05884163,0.217866872,-0.496734038,0.16501765,2018,5.81E-06,0.139623364,-0.146492556,0.698529412,-0.992647059
600658,-0.062153877,1.111016102,1.350342544,-0.020130448,0.542288423,2016,3.46E-05,-0.436045894,0.262833013,-0.786752827,0.544426494
600658,-0.003921358,1.063491715,0.047174729,-0.05826952,0.133716285,2017,2.37E-05,-0.011960816,-0.436045894,-0.507772021,0.139896373
600658,-0.013344312,0.404968014,0.753821297,0.029473895,0.045659869,2018,2.19E-05,0.15089168,-0.011960816,-0.406862745,0.137254902
600668,-0.044988853,1.149119969,1.537864004,0.622197113,0.326624951,2016,2.35E-05,-0.290762483,0.129928473,-0.63812601,0.247172859
600668,-0.000531587,1.276911706,0.428007761,0.028263939,-0.295577362,2017,3.33E-05,0.042855195,-0.290762483,-0.17357513,0.448186528
600673,-0.108790056,1.156548269,-0.926037383,-1.185839962,0.700334225,2018,8.82E-06,-0.133160578,-0.245350713,-0.990196078,-0.845588235
600673,0.020692226,0.806097037,0.01537633,-0.243015045,-0.142179573,2019,7.60E-06,-0.360530622,-0.133160578,0.394230769,-0.932692308
600676,-0.035151126,1.148488818,0.801411829,0.161294836,0.131590362,2016,1.01E-05,-0.343165165,-0.167157355,-0.537964459,-0.789983845
600676,-0.000332651,1.036248734,0.218280803,-0.16974603,0.837970355,2017,1.02E-05,0.048621511,-0.343165165,-0.134715026,-0.75388601
600679,0.011532655,0.483816381,1.295749754,-0.708129366,0.50358974,2017,2.68E-05,0.205364895,-0.545580584,0.792746114,0.261658031
600679,-0.03149695,1.03909424,1.553778144,0.13258689,-0.242863472,2018,2.59E-05,-0.136521876,0.205364895,-0.68627451,0.333333333
600679,0.161690278,0.99980691,1.479599192,0.335805719,-0.514551781,2019,3.42E-05,-0.03401894,-0.136521876,0.980769231,0.605769231
600685,-0.027424251,1.306347939,0.250396383,-0.572042083,0.217106918,2016,7.58E-06,-0.517229767,0.064648411,-0.453957997,-0.97092084
600685,0.017684449,1.465462871,-1.754774716,-3.231222587,0.545963911,2017,6.78E-06,0.111964636,-0.517229767,0.909326425,-0.989637306
600685,-0.03671366,1.192938029,0.803795142,-0.835906906,0.828883938,2019,6.48E-06,0.211108895,0.106141009,-0.608173077,-0.973557692
600686,-0.011007704,1.06504611,1.216819422,-0.081140484,0.227779501,2016,4.02E-05,-0.075075015,-0.110728256,-0.205169628,0.651050081
600686,0.00484825,1.150552436,1.241302342,0.584316778,-0.099901538,2017,2.08E-05,-0.400600773,-0.075075015,0.492227979,0.002590674
600686,-0.090545712,0.850682327,0.254572557,-1.173187903,0.030239528,2018,3.95E-05,-0.261525932,-0.400600773,-0.980392157,0.620098039
600686,-0.021143322,1.154339715,1.216030199,0.4977511,-0.087462673,2019,2.65E-05,0.190559732,-0.261525932,-0.379807692,0.451923077
600688,-0.004197429,1.092510742,-1.366698629,-0.89320691,0.021787095,2017,5.90E-06,-0.055290837,-0.119609101,-0.551813472,-1
600690,0.001006533,1.297237519,-0.045122689,1.611336459,-0.131613936,2017,9.78E-06,-0.115906372,0.305284451,0.044041451,-0.784974093
600690,0.001910783,1.195887347,-0.904289174,0.372115198,-0.484571215,2018,1.73E-05,0.031724664,-0.115906372,0.00245098,-0.022058824
600693,0.051257203,0.621711864,0.393936722,-0.611503112,0.715253559,2018,1.08E-05,-0.076040463,-0.149941366,0.860294118,-0.544117647
600693,-0.001467599,0.62538872,0.698243037,0.498141446,-0.047402612,2019,1.96E-05,-0.151518485,-0.076040463,0.021634615,0.168269231
600704,0.021903014,1.053815869,0.957879743,-0.681102917,0.045853791,2016,7.93E-06,-0.270336785,0.205327197,0.298869144,-0.957996769
600704,-0.001809393,1.125833799,0.378086304,0.674897974,-0.291457957,2017,1.50E-05,0.067840135,-0.270336785,-0.331606218,-0.186528497
600704,-0.024143188,1.083855122,0.499781441,-0.13826284,0.106493516,2018,1.44E-05,-0.190094827,0.067840135,-0.583333333,-0.129901961
600704,-0.036221782,0.9554311,0.611936371,0.019145739,0.031791287,2019,1.95E-05,0.88906848,-0.190094827,-0.598557692,0.163461538
600706,-0.004799565,0.910163861,1.86138693,0.925399385,-0.497604723,2017,1.13E-05,0.023409831,-0.440496538,-0.595854922,-0.569948187
600706,0.007006912,0.717333146,0.815924642,-0.042118264,-0.132152256,2018,1.08E-05,-0.271878666,0.023409831,0.144607843,-0.544117647
600706,0.069964068,1.206407031,1.593208783,1.014768244,0.023858726,2019,1.93E-05,-0.031779576,-0.271878666,0.855769231,0.132211538
600707,-0.017896178,1.176805889,0.528607269,-0.546492305,-0.267959334,2016,2.76E-05,-0.122015853,-0.339179432,-0.311793215,0.40549273
600707,0.011459655,0.953507943,1.546092806,-0.477546244,-0.758518388,2017,1.29E-05,-0.301397806,-0.122015853,0.79015544,-0.336787565
600707,-0.016048502,1.108196282,1.006412836,0.401590911,-0.526330447,2019,1.25E-05,1.033481966,-0.103691636,-0.290865385,-0.211538462
600710,0.065344588,0.985264851,1.422450113,0.46321958,-0.488148574,2019,3.32E-05,0.457201827,-0.239772214,0.831730769,0.586538462
600711,-0.001227463,1.350027377,-0.220078687,-1.036545307,0.548128649,2017,3.01E-05,-0.407666441,0.353274408,-0.259067358,0.357512953
600712,0.064203626,1.148169015,1.036970969,-0.407141844,0.294829184,2016,2.81E-05,-0.394231762,-0.352389048,0.738287561,0.421647819
600712,-0.006650813,0.93745429,-0.521171046,-1.628635693,0.615735758,2017,1.50E-05,0.170578993,-0.394231762,-0.694300518,-0.186528497
600712,0.019898424,0.644355492,0.653344478,-0.380287748,0.223222083,2018,2.76E-05,0.074907705,0.170578993,0.453431373,0.37745098
600712,0.013454453,0.634765637,0.340450443,-0.358401923,-0.393965859,2019,2.49E-05,-0.249806076,0.074907705,0.283653846,0.423076923
600717,0.031216887,1.269823152,-0.130386501,0.277520087,0.178994604,2016,7.34E-05,-0.396036767,0.441673967,0.421647819,0.880452342
600717,0.017050401,1.219053579,0.072511358,-0.627669752,0.086046265,2017,7.19E-05,0.021752108,-0.396036767,0.89119171,0.875647668
600717,0.006645019,1.036164996,0.722416594,0.309727396,0.374438207,2018,6.29E-05,-0.172934486,0.021752108,0.129901961,0.860294118
600717,-0.000346246,0.900805073,0.669260933,0.516479591,0.005900103,2019,6.48E-05,0.067139485,-0.172934486,0.045673077,0.899038462
600718,-0.010610056,1.017769746,0.196063199,-0.41278347,-0.380996075,2017,8.90E-06,-0.026229232,-0.17288416,-0.810880829,-0.886010363
600718,0.02841219,1.049465377,0.299352764,-1.773012985,-0.49780744,2018,8.55E-06,-0.116614659,-0.026229232,0.612745098,-0.87745098
600718,-0.071215269,0.972139576,-0.321746584,-2.083184937,0.713945595,2019,2.33E-05,-0.162759304,-0.116614659,-0.891826923,0.367788462
600720,-0.113052294,1.383229678,0.418472499,0.003830144,0.387647309,2016,1.12E-05,-0.146264774,0.16081313,-0.961227787,-0.615508885
600720,0.017559004,1.148880864,1.138238345,0.132913951,-0.372224182,2017,2.37E-05,0.377556208,-0.146264774,0.904145078,0.139896373
600720,-0.005691572,1.784238203,1.28365668,1.588760536,0.134393631,2018,1.00E-05,0.888448523,0.377556208,-0.215686275,-0.678921569
600720,-0.007778364,1.295830537,0.509391978,0.876459363,0.216489716,2019,9.41E-06,-0.327903553,0.888448523,-0.146634615,-0.653846154
600728,-0.03532773,1.376743367,-0.602056422,-2.140355917,0.215270038,2018,8.98E-06,-0.089121735,0.338696365,-0.732843137,-0.830882353
600728,-0.086138893,1.094921742,0.643776373,-0.761931857,-0.01269523,2019,8.51E-06,-0.195799634,-0.089121735,-0.930288462,-0.814903846
600729,0.01012528,1.276195722,1.886096357,1.515404817,-0.247584483,2016,1.10E-05,0.255950162,0.078093502,0.098546042,-0.634894992
600729,0.003171454,0.973511841,1.101355756,1.029453438,0.142327207,2017,1.08E-05,-0.075714712,0.255950162,0.31865285,-0.652849741
600729,-0.016588771,1.027112897,0.839705064,0.299249621,-0.118098571,2018,1.12E-05,0.016946443,-0.075714712,-0.458333333,-0.468137255
600729,0.011274719,0.968458225,0.094904203,-0.002475271,0.352104719,2019,1.03E-05,-0.001699907,0.016946443,0.233173077,-0.480769231
600731,-0.045684383,1.176284163,1.336077531,0.029981832,0.131721426,2016,2.12E-05,-0.432916706,-0.156243135,-0.654281099,0.121163166
600735,0.110424293,0.724765028,-0.044776763,-0.888466373,-1.345606726,2016,1.23E-05,-0.412616432,-0.203126788,0.919224556,-0.447495961
600735,-0.293233409,0.00024369,1.916924774,0.092616716,0.13697557,2017,1.07E-05,-0.08893683,-0.412616432,-0.997409326,-0.665803109
600735,0.052404815,1.223843876,1.642902185,0.303906637,-1.094309526,2019,1.06E-05,0.067847364,-0.094311948,0.757211538,-0.420673077
600738,0.001774151,0.970312451,0.97508636,0.08200408,-0.25004812,2017,1.54E-05,0.14278103,-0.063579205,0.137305699,-0.176165803
600738,-0.022934958,0.544595196,0.641628382,0.100875121,-0.05137239,2018,1.50E-05,-0.257942753,0.14278103,-0.566176471,-0.105392157
600739,-0.024616026,0.669424053,-0.051568345,-0.241676982,0.208794429,2018,1.90E-05,0.289511353,-0.045118852,-0.588235294,0.034313725
600739,0.017379449,1.11455315,0.213866982,-0.08473979,0.077724341,2019,9.41E-06,0.082520491,0.289511353,0.346153846,-0.653846154
600746,-0.043874446,1.212190268,0.499039015,-0.737696985,-0.020430686,2016,1.68E-05,-0.466731112,0.080321072,-0.631663974,-0.046849758
600746,0.000792127,1.113973339,2.2523288,0.340996775,0.211909299,2017,1.72E-05,0.14584874,-0.466731112,0,-0.132124352
600746,0.042817926,0.997461711,1.956853781,0.506515935,-0.108818822,2018,1.70E-05,-0.037379944,0.14584874,0.784313725,-0.034313725
600750,0.007304173,0.746779579,0.639128791,1.074287588,-0.474469372,2016,2.87E-05,-0.281291644,0.089196777,0.040387722,0.431340872
600750,-0.008508101,0.841071895,0.759464584,0.672939829,-0.102097606,2017,1.37E-05,-0.075046716,-0.281291644,-0.761658031,-0.259067358
600751,0.003393015,0.789831861,0.316179017,0.134245362,1.553591502,2017,4.09E-05,-0.516682596,0.130631444,0.341968912,0.603626943
600751,0.134966069,0.861325253,0.467151063,-2.152514657,0.256935738,2019,1.93E-05,-0.125660926,-0.030523844,0.96875,0.132211538
600753,-0.011273954,0.815606781,-0.018848098,-0.802086067,0.397565748,2017,1.51E-05,-0.37782111,0.071700559,-0.841968912,-0.178756477
600753,0.023611133,0.561640855,0.045166847,-0.187043344,-0.642715054,2019,4.08E-05,3.566778265,-0.236413543,0.4375,0.723557692
600754,-0.041859374,1.003721797,1.371497545,1.474537056,0.08023844,2016,2.90E-06,0.364899737,-0.187491261,-0.621970921,-1
600754,0.007372753,1.371193476,-0.057548951,-0.23702428,-0.559500779,2018,7.62E-06,0.131945,-0.327014584,0.154411765,-0.93872549
600755,0.070036087,1.34713587,0.625761829,0.199000476,0.150375231,2016,1.84E-05,-0.202110364,0.130237136,0.764135703,0.008077544
600755,0.002429093,1.197230734,1.059391676,0.707007798,-0.178781566,2017,1.63E-05,0.199755317,-0.202110364,0.220207254,-0.152849741
600755,-0.046903224,1.32129388,1.598770894,1.220071624,0.155640149,2018,1.53E-05,-0.222074416,0.199755317,-0.845588235,-0.085784314
600755,-0.054787748,1.135325351,0.742636347,0.380870757,0.064959696,2019,4.42E-05,0.266963069,-0.222074416,-0.802884615,0.764423077
600757,-0.053529453,1.238726005,1.52352934,0.326483235,0.276255416,2016,3.60E-05,-0.233373305,-0.119972035,-0.747980614,0.57996769
600757,-0.002512078,1.224110696,0.69727615,0.241985037,0.106475893,2017,4.26E-05,0.205335785,-0.233373305,-0.393782383,0.632124352
600757,-0.01337649,1.041204017,0.994861921,0.359106473,0.132480255,2018,3.13E-05,-0.235605227,0.205335785,-0.409313725,0.465686275
600757,0.032759561,0.943159835,0.751253727,0.316138513,0.095512265,2019,7.34E-06,0.093131936,-0.235605227,0.579326923,-0.942307692
600761,0.000393261,1.248165186,1.116232169,0.976453771,0.085636005,2016,1.25E-05,-0.117072857,0.27936,-0.059773829,-0.408723748
600761,-0.012697112,0.956371028,0.369471406,0.097259558,0.187933005,2018,1.96E-05,0.026531944,0.078942305,-0.392156863,0.049019608
600761,0.043218577,0.797975935,-0.079331863,-0.407998667,0.287220471,2019,8.57E-06,0.165744181,0.026531944,0.692307692,-0.807692308
600764,0.005048025,0.996157029,0.770409779,0.090863581,0.877328166,2017,2.61E-05,-0.130613602,-0.05646768,0.510362694,0.240932642
600765,-0.007807547,1.187885593,-0.107787072,-1.618227556,0.340799884,2016,1.97E-05,-0.467053403,-0.066423545,-0.15993538,0.046849758
600765,0.010036459,1.368424568,0.551156057,-0.868580346,-0.040816054,2017,1.90E-05,0.228126389,-0.467053403,0.751295337,-0.056994819
600765,0.040068832,1.337213845,-0.602805567,-2.139997436,0.968493246,2018,2.07E-05,0.095929911,0.228126389,0.759803922,0.085784314
600765,-0.038991428,1.050515555,0.807381154,-0.779153104,0.646817068,2019,1.94E-05,1.190280487,0.095929911,-0.622596154,0.146634615
600771,0.000986293,0.802929295,0.856703623,-0.676547498,-0.160087135,2016,9.47E-06,0.355724712,0.351038606,-0.053311793,-0.844911147
600771,-0.008153558,0.735659134,0.813836365,0.160649884,-0.12688033,2017,9.11E-06,-0.51371817,0.355724712,-0.748704663,-0.849740933
600771,0.026527322,0.736691259,0.095493101,-0.391515286,-0.453543603,2018,1.00E-05,-0.287985275,-0.51371817,0.585784314,-0.678921569
600771,0.078374631,0.993281577,-0.461005971,-0.852060192,-0.225308554,2019,2.83E-05,1.747244561,-0.287985275,0.884615385,0.480769231
600773,0.010667517,1.161005758,1.451897401,-0.00360915,-0.864604294,2017,1.13E-05,-0.040001875,-0.383701848,0.769430052,-0.569948187
600773,0.034866606,1.397543654,1.372073638,0.175182397,0.339769284,2018,1.12E-05,-0.128643573,-0.040001875,0.713235294,-0.468137255
600773,-0.016475985,1.026234906,0.902587093,-0.398944652,-0.074882407,2019,1.04E-05,1.354596811,-0.128643573,-0.302884615,-0.466346154
600775,-0.029210186,1.152962286,0.545447277,-0.988466151,-0.221602781,2016,1.69E-05,-0.450960778,-0.324226575,-0.483037157,-0.04361874
600775,0.000267107,0.955472521,0.03398924,-1.229258667,0.339899602,2017,2.53E-05,1.179030804,-0.450960778,-0.069948187,0.212435233
600775,-0.005091308,1.159439895,1.027216969,-0.699182501,0.068708352,2018,7.50E-06,-0.343091707,1.179030804,-0.191176471,-0.953431373
600775,-0.004381461,1.16589303,0.587944122,-1.763689127,0.772873558,2019,5.16E-05,-0.13769896,-0.343091707,-0.040865385,0.817307692
600776,-0.013120706,1.138952048,0.692256684,-0.329612308,0.374083547,2017,1.27E-05,3.739070659,-0.290913431,-0.865284974,-0.360103627
600776,-0.083401695,0.876598233,-0.851941432,-3.882113942,0.377291974,2019,1.04E-05,-0.18870274,-0.349945353,-0.923076923,-0.466346154
600777,-0.045832271,1.241975397,2.723210255,0.993437141,1.239070995,2016,1.06E-05,-0.434988933,-0.1919061,-0.657512116,-0.689822294
600778,-0.072050881,0.969180527,2.144442135,0.511634603,0.514730572,2016,1.85E-05,-0.362095426,-0.215247535,-0.848142165,0.017770598
600778,-0.001185234,0.86111982,1.50188818,0.115283008,-0.01784715,2017,9.42E-06,-0.165566459,-0.362095426,-0.251295337,-0.823834197
600780,-0.001315427,0.819836805,0.733339662,1.022565856,-0.264245955,2017,1.21E-05,-0.049342072,-0.370093881,-0.274611399,-0.440414508
600787,0.021510167,1.233875361,0.694549943,-0.291511019,0.338913112,2016,2.04E-05,-0.029433543,0.053513526,0.285945073,0.082390953
600787,-0.01233834,1.248086114,0.148246435,-0.825708295,0.046908555,2017,1.90E-05,-0.267958651,-0.029433543,-0.852331606,-0.056994819
600787,0.055396633,0.976745439,0.32277239,-0.221806696,0.092750313,2018,3.59E-05,-0.24561322,-0.267958651,0.894607843,0.544117647
600790,0.008716803,0.932326466,1.112117926,0.677066652,0.067053764,2018,1.40E-05,-0.113060547,0.047878186,0.205882353,-0.154411765
600792,-0.014737915,1.149708024,1.048752059,0.398156933,0.614964686,2016,1.79E-05,-0.252374872,-0.104422942,-0.263327948,-0.01453958
600795,-0.000373781,0.631412954,0.319622462,0.080496094,0.012781411,2019,7.70E-06,0.328296282,-0.282871947,0.043269231,-0.915865385
600796,-0.04993453,0.892454138,2.374268938,0.906900446,-0.302499928,2019,1.08E-05,-0.039773704,-0.06334202,-0.757211538,-0.387019231
600797,-0.035901546,1.022470625,1.318875304,-0.437637502,0.132953223,2016,9.73E-06,-0.198022818,0.090251175,-0.544426494,-0.812600969
600797,-0.033751259,1.11391346,0.318730149,-1.88531534,0.519465262,2019,9.01E-06,-0.199218283,-0.201032567,-0.569711538,-0.728365385
600798,-0.050540846,1.232043208,0.390583793,-1.158838268,0.625465155,2016,1.35E-05,-0.307424759,0.059465383,-0.712439418,-0.260096931
600798,0.023083668,0.771457818,1.254930449,0.238489686,-0.733836554,2017,5.57E-05,0.012374632,-0.307424759,0.948186528,0.766839378
600798,0.061112829,1.152622483,0.187392861,-0.772304088,0.37602109,2018,1.09E-05,-0.202798563,0.012374632,0.911764706,-0.517156863
600801,0.015644531,1.463205699,1.262146585,1.962340412,-0.137735425,2018,1.12E-05,0.153397585,0.94144554,0.365196078,-0.468137255
600801,0.047568454,1.390804297,-0.052043016,1.411942631,-0.42861828,2019,1.05E-05,-0.191947345,0.153397585,0.71875,-0.439903846
600802,0.062715153,1.210962086,0.498513969,-0.82439657,0.247265856,2016,1.24E-05,-0.195275672,0.065203243,0.725363489,-0.43457189
600803,-0.022280772,1.194401324,0.903205321,0.764921524,-0.102182266,2016,1.66E-05,-0.103319063,0.169367287,-0.389337641,-0.056542811
600808,0.001340798,1.233156988,0.258386375,-0.20409687,0.518250037,2016,1.15E-05,-0.001081269,0.447634132,-0.04361874,-0.576736672
600808,-0.013493673,0.96995712,0.083420059,0.718758826,-0.150184357,2019,1.40E-05,0.687057196,-0.178720934,-0.242788462,-0.115384615
600809,0.011843215,1.144850003,-0.161395066,-0.083680263,-0.388864889,2018,2.56E-05,1.106448112,0.095187516,0.281862745,0.308823529
600809,0.04144554,1.410852209,-0.70742288,0.363084867,-0.39857586,2019,2.79E-05,2.046188084,1.106448112,0.663461538,0.478365385
600811,-0.03369891,1.481296627,0.72240006,0.798698254,0.44347066,2016,8.72E-06,-0.154557249,-0.035645324,-0.531502423,-0.91276252
600811,0.001460686,1.110204219,0.012015068,0.10740292,0.093412009,2017,8.55E-06,-0.141246711,-0.154557249,0.090673575,-0.935233161
600820,0.062940354,1.176830125,0.730632905,-0.623733171,0.565031869,2016,1.94E-05,-0.414268761,0.186117703,0.728594507,0.037156704
600820,0.012766441,1.000572059,0.648808711,0.159451463,0.186527408,2019,8.33E-06,-0.078122553,-0.085851709,0.262019231,-0.829326923
600825,-0.005378404,1.301884682,0.969567835,0.374184678,0.399301075,2017,1.02E-05,0.205101057,-0.41979429,-0.637305699,-0.75388601
600825,0.057211921,0.965213528,1.455370851,0.290997254,0.14419717,2018,1.04E-05,0.201024409,0.205101057,0.901960784,-0.620098039
600826,-0.061889103,1.241226653,1.030119025,-0.313920724,0.491756088,2016,1.48E-05,-0.237343264,-0.319309731,-0.783521809,-0.153473344
600826,-0.00372446,1.068984645,-0.243739349,-0.920500453,0.83159756,2017,0.000100876,-0.164668886,-0.237343264,-0.484455959,0.935233161
600826,0.008467122,1.150390738,0.755282243,-0.553368647,0.577911985,2018,4.28E-05,-0.066885984,-0.164668886,0.203431373,0.669117647
600826,0.08496961,0.955595466,0.406197221,-0.044960026,-0.692595996,2019,3.76E-05,-0.240506997,-0.066885984,0.915865385,0.668269231
600830,0.011350444,1.548392257,1.325135875,0.035687398,0.458415919,2017,9.34E-06,0.131866293,-0.458914913,0.784974093,-0.831606218
600830,0.065134624,1.223180272,1.164495898,-0.175066417,0.745503768,2018,1.71E-05,0.114898415,0.131866293,0.931372549,-0.031862745
600831,-0.001781179,1.351892099,-0.085180315,-1.10941557,0.533484242,2017,1.07E-05,0.769774337,-0.398976924,-0.32642487,-0.665803109
600831,0.036238274,1.153253993,0.91335185,-0.286735622,0.146834557,2018,2.03E-05,-0.296269254,0.769774337,0.723039216,0.068627451
600834,0.036275029,1.090472486,1.038067523,0.057196405,0.245698479,2016,1.48E-05,-0.444354302,-0.049081598,0.483037157,-0.153473344
600834,-0.06030818,0.816929083,0.501100718,-0.094570979,0.713118272,2017,2.86E-05,0.089794742,-0.444354302,-0.976683938,0.316062176
600834,-0.020074234,0.887176532,0.651387947,-0.235545169,0.447890587,2018,2.79E-05,0.587143606,0.089794742,-0.536764706,0.387254902
600839,0.045888918,1.147210385,0.74364571,-0.738902465,0.266382583,2016,1.74E-05,-0.213112884,-0.193436408,0.60904685,-0.027463651
600841,0.000528589,1.051655565,0.567675843,-0.199935347,0.405678142,2017,2.73E-05,-0.15079523,-0.392732161,-0.028497409,0.279792746
600841,0.04156082,1.175218526,1.536227995,0.86779326,-0.209675854,2019,2.54E-05,0.294104261,-0.143465331,0.670673077,0.4375
600843,0.008062606,1.021513928,1.288995766,0.174071959,0.236117029,2018,2.24E-05,-0.134698803,-0.119617619,0.18872549,0.176470588
600843,-0.04309066,1.062967432,1.693638617,0.649814985,-0.011120488,2019,9.57E-06,-0.072171859,-0.134698803,-0.677884615,-0.620192308
600846,-0.000510538,1.170957069,0.96302627,-0.319106234,-0.016645892,2017,1.26E-05,0.180086998,-0.085167276,-0.165803109,-0.380829016
600846,-0.070178733,1.392397123,1.96927269,0.856014382,-0.232666503,2019,1.12E-05,0.025990367,-0.037300937,-0.882211538,-0.293269231
600848,0.005251842,0.735685862,0.851533042,-0.155011827,1.150518057,2017,3.20E-05,0.426000821,-0.004878945,0.528497409,0.404145078
600848,0.002353104,0.969237495,0.926557694,-0.146634575,0.042781211,2019,1.84E-05,-0.001460548,-0.313293097,0.09375,0.064903846
600853,-0.039937057,1.108221192,1.372745686,0.252482779,0.37634005,2016,1.04E-05,-0.420770378,0.183051347,-0.599353796,-0.731825525
600853,0.007258329,1.233634295,1.28463706,0.603874207,-0.717948627,2017,1.02E-05,0.310844179,-0.420770378,0.634715026,-0.75388601
600853,0.075282652,0.917211831,1.12188093,0.480461049,-0.754743509,2019,8.85E-06,-0.085264807,-0.141409641,0.875,-0.759615385
600855,-0.093597948,1.033836357,0.453534179,-1.648346054,1.108760484,2019,1.82E-05,-0.173784599,0.127578018,-0.944711538,0.045673077
600857,-0.065379772,0.973288768,1.623649589,0.109547894,0.249986827,2016,1.53E-05,-0.241047492,-0.17059541,-0.802907916,-0.114701131
600857,-0.003945658,0.694372815,0.592448855,-1.386688082,0.190656619,2017,1.72E-05,-0.020214197,-0.241047492,-0.518134715,-0.132124352
600859,-0.003117348,1.163663661,-0.044256768,-0.577444056,-0.394835304,2018,9.35E-06,1.956516274,-0.275100893,-0.120098039,-0.767156863
600860,0.006255375,1.659625793,-0.036497791,-1.112172041,0.459658162,2018,9.35E-06,-0.360189428,0.394573894,0.117647059,-0.767156863
600860,-0.051424553,1.277559642,2.506380738,1.917796977,-0.618886758,2019,9.16E-06,-0.069843123,-0.360189428,-0.769230769,-0.704326923
600862,0.089674381,1.225305625,0.582910301,-1.216042406,0.4231731,2016,1.09E-05,-0.375172469,-0.3271759,0.841680129,-0.654281099
600862,0.027966081,1.143489295,0.413230806,-0.917267572,0.539584689,2018,2.05E-05,0.876603731,0.440485341,0.605392157,0.075980392
600862,-0.106051128,1.154346221,1.028024432,-0.986259481,1.145596187,2019,1.97E-05,0.804896446,0.876603731,-0.96875,0.175480769
600863,-0.000305106,0.983127861,-0.299275142,-0.421961929,0.166538701,2017,1.83E-05,0.380339929,-0.252081919,-0.132124352,-0.095854922
600863,0.020894189,0.742615947,0.505858909,0.182496047,0.113601986,2018,1.75E-05,-0.2050297,0.380339929,0.475490196,-0.014705882
600863,-0.00011188,0.761212398,0.419975042,0.020100492,0.165475351,2019,7.65E-06,0.032477235,-0.2050297,0.050480769,-0.925480769
600869,0.054352027,0.80160054,0.20322296,-0.732813987,-0.671797616,2016,3.10E-05,-0.305380143,-0.35670048,0.673667205,0.466882068
600869,0.000880377,0.911697786,0.258385943,-0.578341455,0.002218156,2017,8.39E-05,-0.056717398,-0.305380143,0.020725389,0.906735751
600869,-0.012402627,0.750765368,0.173662119,-0.027936618,-0.076674332,2018,7.37E-05,-0.12585777,-0.056717398,-0.384803922,0.911764706
600869,-0.011957328,0.587394215,0.826686403,0.215234863,-0.198991665,2019,5.48E-05,0.189273032,-0.12585777,-0.216346154,0.846153846
600871,-0.083994523,1.070265604,-0.422497294,-1.762046092,0.344378577,2016,6.80E-06,-0.324490356,-0.143339143,-0.896607431,-0.990306947
600871,0.004398016,0.78038682,-1.088504255,-2.297972566,0.500287346,2017,6.68E-06,0.012325153,-0.324490356,0.458549223,-0.994818653
600873,0.073245675,1.235548671,0.049678761,-1.067641947,0.534599342,2016,2.07E-05,-0.27405859,-0.061036961,0.777059774,0.10177706
600873,-0.006602013,0.991954756,0.412698568,0.600485197,-0.324175866,2017,4.03E-05,0.218259235,-0.27405859,-0.689119171,0.593264249
600875,-0.021981569,1.317682945,0.290623872,-0.258152887,0.391668756,2016,2.77E-05,-0.238283284,-0.030931833,-0.382875606,0.408723748
600875,0.002088138,0.90385122,0.137062923,-0.458817454,0.357579062,2017,2.10E-05,0.412369188,-0.238283284,0.178756477,0.020725389
600875,-0.069822265,1.139068111,1.200081463,0.556350333,-0.16630824,2019,7.86E-06,0.246064988,-0.169559496,-0.879807692,-0.901442308
600879,-0.039859841,1.007118854,0.015535673,-0.652275245,0.027834612,2016,4.25E-05,-0.212371965,0.111673563,-0.596122779,0.680129241
600879,-0.004834185,1.32005379,0.241896,-0.615265408,0.260458754,2017,1.02E-05,-0.137019117,-0.212371965,-0.601036269,-0.75388601
600879,-0.000269426,0.90008976,0.03769198,-1.380687094,0.363830995,2018,1.01E-05,0.029791647,-0.137019117,-0.051470588,-0.671568627
600885,0.010092918,1.176794047,0.3445685,0.732326185,-0.325784343,2019,1.43E-05,0.561146206,0.627091938,0.221153846,-0.108173077
600887,0.023446132,1.079691277,-0.559016391,0.400511094,-0.762098979,2018,3.13E-05,-0.056965632,0.208693626,0.536764706,0.465686275
600893,0.036458912,1.190497277,-0.844032463,-2.19199781,0.64965069,2016,8.93E-06,-0.190338623,-0.217800445,0.486268174,-0.896607431
600894,-0.054026541,1.318094111,1.245266912,0.780026462,0.291318107,2016,2.67E-05,-0.495225922,-0.096689982,-0.757673667,0.386106624
600894,0.000541556,0.908669022,0.507343852,-0.117140625,0.138018823,2017,3.73E-05,0.310255212,-0.495225922,-0.020725389,0.53626943
600894,0.006552377,0.913973632,0.777877161,-0.119251015,0.474205828,2018,3.69E-05,-0.120221785,0.310255212,0.12745098,0.566176471
600894,-0.001979902,1.037686801,1.342904817,0.691726793,-0.187305683,2019,3.53E-05,0.022028781,-0.120221785,0.009615385,0.632211538
600897,0.010372621,1.037478816,0.889359114,0.163934312,0.195893588,2016,4.44E-05,-0.166814951,0.19310283,0.108239095,0.699515347
600897,0.004009233,1.03584665,0.685372731,0.515225292,-0.173604766,2017,5.37E-05,0.276989934,-0.166814951,0.409326425,0.740932642
600897,-0.02225413,1.026000189,1.148994456,0.92872512,0.081636812,2018,5.33E-05,-0.2685826,0.276989934,-0.56372549,0.776960784
600897,-0.020841045,0.722309625,0.156179169,-0.031258506,0.475398388,2019,4.77E-05,-0.059429256,-0.2685826,-0.367788462,0.78125
600900,0.052137446,0.527435893,-0.418437766,0.01528132,0.30080516,2016,1.04E-05,0.127953888,0.246997147,0.660743134,-0.731825525
600900,-0.003308426,0.37226096,-0.249296243,0.686477856,0.047914651,2017,1.12E-05,0.092655935,0.127953888,-0.448186528,-0.582901554
600900,0.025266192,0.213876328,-0.433150928,0.148405048,0.048786436,2018,1.08E-05,0.082338647,0.092655935,0.56372549,-0.544117647
600900,-0.005503918,0.335795064,-0.302100138,0.207993657,0.159533729,2019,9.95E-06,0.112458589,0.082338647,-0.067307692,-0.540865385
600917,-0.046744758,1.204509588,1.33815724,1.469703426,-0.467994714,2016,1.23E-05,-0.27525797,-0.053769125,-0.676898223,-0.447495961
600917,0.006479066,1.091313747,1.090566697,-0.405616936,0.359145533,2017,1.26E-05,0.018266819,-0.27525797,0.595854922,-0.380829016
600917,0.000803772,1.198726625,0.471159547,0.256683376,0.124688775,2018,1.25E-05,0.022346017,0.018266819,-0.022058824,-0.264705882
600929,-0.024093477,0.973368866,1.242899851,-0.131915801,0.083567144,2019,1.69E-05,0.038947291,-0.24730732,-0.430288462,-0.004807692
600936,0.003850085,2.363528946,-0.235815584,-0.916486998,1.090068246,2017,2.05E-05,0.014360485,-0.419335361,0.386010363,-0.012953368
600936,0.011389593,0.998122641,0.926317253,0.031017597,0.296075915,2018,3.01E-05,-0.218334112,0.014360485,0.272058824,0.43627451
600936,0.052985744,1.016278272,1.147047839,-0.202715807,-0.123958563,2019,9.85E-06,-0.23944473,-0.218334112,0.766826923,-0.560096154
600939,0.001000192,1.408871251,1.603369164,0.509982108,0.499895318,2018,9.53E-06,-0.267311672,-0.015357109,-0.014705882,-0.75
600939,0.080092987,0.991653473,0.890889387,0.337609186,-0.401904943,2019,1.83E-05,-0.040713203,-0.267311672,0.894230769,0.052884615
600959,-0.004614982,1.051730595,0.807872245,-0.464037991,0.24182374,2019,1.01E-05,-0.195420871,-0.167908617,-0.045673077,-0.519230769
600962,0.002286999,1.119588933,2.238988953,0.829828118,-0.246198103,2017,1.41E-05,0.03013533,-0.36830249,0.204663212,-0.225388601
600965,0.132685265,0.923551804,1.6013677,-0.007908024,0.162928293,2016,1.30E-05,-0.120679966,-0.131053878,0.957996769,-0.315024233
600967,0.034659056,0.929084852,0.151238027,-2.067624662,0.754379728,2016,2.22E-05,-0.079346497,0.266209706,0.466882068,0.169628433
600967,-0.031575842,0.616190987,-0.080635005,-1.467981148,0.179311875,2018,2.05E-05,-0.083668315,-0.132111342,-0.68872549,0.075980392
600967,-0.008908271,0.824146021,0.034100284,-0.978830562,-0.2153317,2019,1.94E-05,-0.035366857,-0.083668315,-0.163461538,0.146634615
600969,0.071301722,1.146710358,1.245465617,0.358684929,0.231371823,2016,1.17E-05,-0.415107201,-0.057427065,0.773828756,-0.531502423
600969,0.002230689,0.762583092,0.741283441,-0.083310117,0.112834402,2017,1.17E-05,0.179003333,-0.415107201,0.194300518,-0.515544041
600969,0.007456949,0.866055989,0.879315411,-0.214372053,0.339904615,2018,1.16E-05,-0.147591313,0.179003333,0.156862745,-0.397058824
600969,-0.014115328,1.044423782,1.268335342,0.7644707,-0.339309649,2019,1.07E-05,0.06271038,-0.147591313,-0.254807692,-0.408653846
600970,-0.024768943,1.241217393,0.714964612,-0.269187173,0.369290734,2016,0.000113595,-0.225330977,0.372575503,-0.428109855,0.967689822
600970,0.037262892,1.308219373,1.399841376,0.238343685,-0.870404651,2017,3.75E-05,-0.013650003,-0.225330977,0.989637306,0.546632124
600970,-0.020050606,1.742446452,0.517640277,0.445741401,0.181316671,2018,4.40E-05,-0.146335123,-0.013650003,-0.534313725,0.68627451
600970,0.054158301,1.391886947,0.811891336,0.647882802,0.185426307,2019,5.59E-05,0.75173928,-0.146335123,0.776442308,0.853365385
600973,-0.073154244,1.189809354,1.026077453,-0.425203241,0.144022019,2016,5.24E-05,-0.354969198,-0.041547897,-0.857835218,0.777059774
600973,0.001027916,1.16795704,0.615229065,-0.202392912,0.117786799,2017,2.24E-05,0.047048112,-0.354969198,0.046632124,0.080310881
600973,-0.010657461,0.891556681,1.23605031,0.417287025,0.174626977,2018,3.50E-05,0.014081681,0.047048112,-0.352941176,0.524509804
600973,-0.027266758,0.893535359,1.049698321,0.316011338,-0.48052729,2019,2.08E-05,0.044403534,0.014081681,-0.480769231,0.254807692
600976,0.00266477,0.8794976,0.218364296,-0.384497055,-0.13308772,2017,1.11E-05,-0.216530486,-0.228689293,0.235751295,-0.603626943
600976,-0.004084809,0.891912138,0.001816376,-0.544775685,0.169044861,2018,9.83E-06,0.073481971,-0.216530486,-0.154411765,-0.708333333
600976,0.081334861,1.007552647,1.168411924,0.940119334,-0.191528779,2019,9.11E-06,2.248062432,0.073481971,0.901442308,-0.713942308
600977,0.027681561,0.756453168,0.642715618,-0.161566376,-0.165874704,2018,8.38E-06,-0.157900424,-0.017567233,0.602941176,-0.892156863
600977,0.03598441,1.104621045,0.314936152,-0.002855528,0.004525886,2019,4.42E-06,-0.039671962,-0.157900424,0.610576923,-1
600979,0.009008064,1.257151556,0.991310822,-0.082884702,0.768769865,2016,8.72E-06,-0.216779753,-0.040268474,0.056542811,-0.91276252
600979,0.00165616,1.091691009,1.148986615,-0.52632474,0.513048105,2017,9.20E-06,-0.004943133,-0.216779753,0.121761658,-0.841968912
600979,-0.027296263,0.783728954,0.734881276,0.086020209,0.248834256,2019,2.60E-05,-0.021968085,-0.099697858,-0.483173077,0.442307692
600980,0.138324976,1.028085921,0.029366808,-1.533389954,0.377680563,2016,1.31E-05,-0.317984984,-0.40969203,0.967689822,-0.308562197
600980,0.004786008,1.348516415,0.798373971,-1.262193623,-0.101547622,2017,3.88E-05,0.496811694,-0.317984984,0.487046632,0.569948187
600980,0.019507902,1.48045473,1.334586857,-0.064716268,0.264367506,2018,3.76E-05,-0.31012489,0.496811694,0.446078431,0.583333333
600980,-0.0037665,1.184910945,0.912806643,-0.009459935,0.148071688,2019,5.48E-05,0.189014548,-0.31012489,-0.03125,0.846153846
600981,0.001672898,1.026257865,0.479210757,-0.123774142,0.154407355,2017,3.01E-05,0.095108365,-0.396640614,0.126943005,0.357512953
600981,0.019852037,0.777780685,0.991552313,0.224323447,-0.227782582,2018,2.14E-05,-0.331582638,0.095108365,0.450980392,0.105392157
600981,-0.099028208,1.128736014,1.760247384,0.372985531,0.039268628,2019,2.07E-05,-0.042230844,-0.331582638,-0.951923077,0.247596154
600983,-0.010526716,1.244847844,1.117633133,1.118135535,0.581243731,2018,2.39E-05,-0.216357259,-0.175155922,-0.350490196,0.235294118
600984,0.01466965,1.087536474,1.295334139,-0.6132646,-0.070792572,2017,8.29E-05,0.162791305,-0.059926098,0.85492228,0.896373057
600984,0.010043821,0.834320596,0.758260412,0.24118373,0.370171581,2018,2.76E-05,2.735044406,0.162791305,0.235294118,0.37745098
600984,0.026263378,0.64616871,0.382725329,-0.02548647,-0.208612929,2019,1.86E-05,-0.575287553,2.735044406,0.475961538,0.072115385
600985,-0.021262439,1.189651161,0.833445349,-0.441834223,0.274227353,2016,3.15E-05,-0.202830798,0.155980758,-0.357027464,0.476575121
600985,0.002859355,1.296297624,-0.003376562,-0.611216698,0.048481864,2017,3.11E-05,0.143366057,-0.202830798,0.272020725,0.386010363
600988,0.039356624,0.897783448,1.120727462,0.045291472,0.970409376,2016,2.13E-05,-0.247751348,-0.326899424,0.531502423,0.127625202
600988,-0.013676079,0.503966824,-0.507214916,-1.258918272,0.585239606,2017,1.93E-05,0.238158993,-0.247751348,-0.873056995,-0.041450777
600988,0.019323841,-0.021992758,-0.225922008,-1.003032261,-0.022332268,2018,1.68E-05,0.91648406,0.238158993,0.43627451,-0.041666667
600988,-0.05664907,0.282841578,-0.077496121,-1.019699306,-0.074590782,2019,8.30E-06,0.240538696,0.91648406,-0.819711538,-0.838942308
600992,0.02036523,1.086599808,0.956048636,-0.720904236,0.293476171,2016,3.87E-05,-0.454757009,0.267875276,0.269789984,0.631663974
600992,0.003129894,1.047163256,-0.480671548,-1.406706275,-0.117552963,2017,3.60E-05,-0.073657536,-0.454757009,0.310880829,0.5
600992,0.066930359,1.296734381,0.774509007,-0.041232366,0.476234093,2018,3.13E-05,-0.25791924,-0.073657536,0.93872549,0.465686275
600992,0.041183119,0.87579014,0.939038172,0.011571433,-0.015767314,2019,2.75E-05,0.356304327,-0.25791924,0.658653846,0.463942308
600995,0.004717764,1.0181919,0.731446018,-0.825374755,0.118644281,2017,1.32E-05,0.077969114,-0.229467144,0.476683938,-0.305699482
600995,-0.02790595,1.012855677,1.002499937,0.564108103,-0.164575842,2019,1.25E-05,-0.058499701,-0.051880579,-0.497596154,-0.211538462
601000,0.078755638,1.100130513,0.753446172,-0.238827437,0.258003309,2016,3.31E-05,-0.413539824,0.349691049,0.789983845,0.502423263
601000,0.015586833,1.100379354,0.040221427,-1.106563587,-0.169276575,2017,3.26E-05,0.182428401,-0.413539824,0.870466321,0.42746114
601000,-0.019393228,1.091614553,0.607019424,-0.030239981,0.730425416,2018,3.32E-05,-0.16861654,0.182428401,-0.519607843,0.49754902
601000,-0.028140633,1.069350809,0.900676551,0.514273121,0.090672615,2019,8.54E-06,0.144689264,-0.16861654,-0.502403846,-0.810096154
601002,0.041553346,1.187577212,0.51977189,-0.874456778,0.242195022,2016,2.72E-05,-0.29408903,-0.020638553,0.563812601,0.392568659
601002,0.016464647,1.28211395,1.247872809,0.010808495,-0.768708345,2017,1.31E-05,0.138354324,-0.29408903,0.880829016,-0.313471503
601003,0.037843893,1.871328914,1.328439403,1.869715555,-0.355276069,2018,1.39E-05,-0.170359097,-0.207880941,0.745098039,-0.161764706
601003,-0.071980288,1.21520434,0.261808184,0.861317807,-0.054090436,2019,5.30E-05,0.367554033,-0.170359097,-0.894230769,0.831730769
601006,-0.010963851,0.897093352,-0.769152488,0.198591836,-0.104730498,2017,1.29E-05,0.02790872,0.020006626,-0.823834197,-0.336787565
601006,0.018141423,0.640201727,-0.065532845,0.409056828,0.111834879,2019,1.10E-05,-0.012704975,-0.143009953,0.350961538,-0.331730769
601007,0.015937224,0.849740725,0.570326167,0.205502887,0.089258698,2019,2.31E-05,0.056572382,-0.304778622,0.329326923,0.360576923
601008,0.042722265,1.047059898,0.578291134,-0.764343043,0.173413325,2016,0.000105819,-0.523423563,0.463643757,0.573505654,0.961227787
601008,0.037890974,0.78579235,2.009532102,0.224924064,-1.5264261,2017,4.95E-05,0.385328242,-0.523423563,0.992227979,0.691709845
601008,0.045081166,1.092598842,1.058290764,-0.004627281,0.229233282,2018,9.84E-05,-0.306047559,0.385328242,0.806372549,0.973039216
601008,0.03191436,0.963891642,1.575717548,0.828291624,0.099838069,2019,7.38E-05,0.078369976,-0.306047559,0.552884615,0.920673077
601016,-0.053018705,1.023572802,0.398644282,-0.40569062,0.092029414,2016,3.18E-05,-0.221087793,-0.266703338,-0.741518578,0.486268174
601016,0.002777762,0.730779576,0.515410976,-0.935266941,-0.031746967,2017,3.86E-05,-0.071376482,-0.221087793,0.256476684,0.567357513
601016,0.017907253,0.850684608,0.263953461,-0.17243871,0.825800079,2018,3.79E-05,-0.196293047,-0.071376482,0.414215686,0.595588235
601016,-0.007700648,1.051168687,1.367342492,0.57572084,-0.170009768,2019,3.39E-05,0.756636391,-0.196293047,-0.144230769,0.598557692
601018,0.04922377,1.467720232,0.131443679,-0.131496629,0.618515439,2016,2.73E-05,-0.25504688,0.138582647,0.641357027,0.399030695
601018,0.008450787,0.644376283,-0.415594551,-0.102844925,-0.137332988,2017,4.10E-05,0.048222047,-0.25504688,0.694300518,0.606217617
601018,0.038808244,0.394057979,0.224921918,0.056972227,0.047233427,2018,7.63E-06,-0.199203557,0.048222047,0.75,-0.93627451
601018,0.044572351,0.867442422,0.641825867,0.24053007,-0.25375513,2019,4.32E-05,0.139965809,-0.199203557,0.699519231,0.752403846
601019,0.083006998,1.349568793,1.232783291,0.426910276,0.90209956,2018,8.87E-05,-0.167445115,-0.007317021,0.960784314,0.955882353
601019,-0.003521992,0.962888507,0.574426652,0.017334331,0.298841188,2019,5.03E-05,-0.045802118,-0.167445115,-0.028846154,0.810096154
601020,-0.00893222,1.275552689,1.37811244,-0.622833942,0.125692157,2017,2.01E-05,-0.148479823,-0.383743562,-0.777202073,-0.028497409
601020,-0.001087527,1.310772052,1.605102511,0.184251903,0.338535292,2018,9.60E-05,-0.344816546,-0.148479823,-0.073529412,0.968137255
601020,0.006925817,1.307352507,0.925579474,-0.013091742,0.181564421,2019,4.69E-05,0.05289089,-0.344816546,0.158653846,0.776442308
601021,-0.011894633,0.878422271,0.600974669,1.020449015,-0.497760777,2016,3.56E-05,0.031246476,-0.305917369,-0.221324717,0.567043619
601021,-0.008854731,0.901765137,-0.296937233,0.288513735,0.227452324,2017,3.23E-05,0.271838736,0.031246476,-0.772020725,0.419689119
601021,0.014156078,1.14718953,0.064624398,0.106949002,-0.005086563,2018,6.28E-05,-0.228904368,0.271838736,0.323529412,0.855392157
601021,0.00187376,0.999225076,-0.238183924,0.219660962,0.084362145,2019,3.98E-05,0.598950226,-0.228904368,0.091346154,0.704326923
601038,0.007747667,1.234385837,0.850854317,-0.829416557,0.412012065,2016,1.59E-05,-0.432322246,-0.035894741,0.046849758,-0.088852989
601038,-0.000265534,1.053989577,0.810170693,-0.163531582,-0.125117511,2017,4.18E-05,0.684064586,-0.432322246,-0.124352332,0.619170984
601038,0.033780971,1.043621504,1.141612097,0.376749208,0.39611106,2018,2.99E-05,0.006707441,0.684064586,0.693627451,0.431372549
601038,0.033887037,1.139543014,1.534518465,0.508144782,-0.095629411,2019,8.03E-06,0.759389917,0.006707441,0.588942308,-0.875
601058,0.003821837,0.8798675,0.342933474,-0.303072533,0.065793855,2017,3.22E-05,0.224733829,-0.287770204,0.380829016,0.411917098
601058,0.022268713,0.85309347,0.775438396,0.396376429,0.262118735,2018,1.97E-05,0.203153494,0.224733829,0.504901961,0.053921569
601068,0.004358688,1.13297903,1.736532878,-0.030197489,0.031182347,2019,1.64E-05,-0.130584904,-0.439605854,0.132211538,-0.019230769
601069,-0.1014344,0.811087206,-0.012100363,-1.117473539,0.609866462,2016,2.39E-05,-0.368348993,0.119992257,-0.935379645,0.256865913
601069,0.0950779,-0.371764465,-0.144829381,-1.509594878,-0.137849908,2018,4.32E-05,-0.114293261,-0.096010165,0.975490196,0.671568627
601069,0.006935141,0.130500284,-0.399560758,-1.088222325,-0.449156014,2019,2.94E-05,-0.106803155,-0.114293261,0.161057692,0.521634615
601088,-0.014754798,1.141460738,-1.203969073,-0.315542834,0.42562273,2016,2.18E-05,0.007007659,0.596512654,-0.266558966,0.147011309
601088,0.001510996,0.997347472,-0.188667262,1.255491111,-0.284160065,2018,1.38E-05,-0.211532026,0.056250892,-0.007352941,-0.166666667
601088,0.013658903,0.938259455,-0.015495645,0.998316326,-0.086809274,2019,2.87E-05,0.339002264,-0.211532026,0.288461538,0.497596154
601098,-0.013268164,1.143198263,0.775072154,1.237278369,-0.102806794,2016,1.02E-05,-0.332323402,0.042750583,-0.234248788,-0.770597738
601098,0.004910729,0.828556611,0.263814273,0.684050328,-0.045089347,2017,3.99E-05,0.088609058,-0.332323402,0.494818653,0.588082902
601098,-0.035418589,0.646476427,0.639122392,0.389944213,-0.065255985,2018,1.92E-05,-0.127809741,0.088609058,-0.737745098,0.039215686
601100,-0.017226885,0.803795337,0.333519703,-1.08895381,0.382853878,2016,2.55E-05,0.782299793,0.38276312,-0.302100162,0.337641357
601106,0.004725737,1.387541514,-0.031947349,-0.811148348,0.214444316,2016,2.15E-05,-0.176875701,-0.19940025,0.004846527,0.140549273
601106,-0.018993446,0.8935696,0.044950224,-0.752023839,-0.016100779,2019,2.87E-05,0.188178421,-0.118648607,-0.34375,0.497596154
601107,0.094410345,1.202684565,0.966427607,0.379812464,0.305624833,2016,2.19E-05,-0.263707235,-0.028431659,0.857835218,0.153473344
601107,-0.001836752,1.021807895,0.318946169,-0.041349857,-0.074156,2017,5.57E-05,0.191440387,-0.263707235,-0.334196891,0.766839378
601107,0.012179003,0.824890416,0.575518045,0.332801618,0.201975283,2018,3.40E-05,-0.14949923,0.191440387,0.286764706,0.50245098
601107,-0.027735349,0.799307029,1.133289675,0.523935585,0.022501062,2019,2.02E-05,-0.088825822,-0.14949923,-0.490384615,0.213942308
601111,0.018889686,1.224197762,-0.258855051,-0.667856357,0.821948894,2016,3.66E-05,-0.091807186,0.421388357,0.256865913,0.596122779
601111,0.005321699,1.32516741,-1.005963974,0.493702558,0.522919143,2017,3.55E-05,0.075535594,-0.091807186,0.53626943,0.487046632
601111,-0.007910814,1.400412928,-0.7483679,0.107847672,0.024289659,2019,4.30E-05,0.166480969,-0.312314126,-0.151442308,0.75
601113,0.065124914,0.850522671,-0.098631345,-0.21419952,0.989807919,2018,8.52E-06,-0.311264038,0.068991158,0.928921569,-0.879901961
601117,-0.019617047,1.342422822,-0.498263747,-0.015492901,0.438389602,2016,0.000110217,-0.023587165,0.264471078,-0.327948304,0.964458805
601117,0.018260142,1.192715705,-0.156089737,-0.234013118,-0.282951454,2017,8.41E-05,-0.10170529,-0.023587165,0.911917098,0.909326425
601117,-0.06177716,1.043850161,0.403462688,0.682435163,0.254913482,2018,5.83E-05,-0.103501125,-0.10170529,-0.919117647,0.823529412
601117,0.009366687,1.012456644,0.525189075,0.441113466,0.104156034,2019,0.000110674,0.679535627,-0.103501125,0.197115385,0.975961538
601118,-0.0001277,1.577855829,-0.036843142,-0.387208893,-0.292699481,2017,1.02E-05,-0.228392734,0.149704076,-0.106217617,-0.75388601
601118,-0.05490105,0.824993597,0.496639993,-0.080578189,-0.087312839,2019,1.49E-05,0.032414529,-0.069913544,-0.805288462,-0.081730769
601126,0.028762304,1.089626498,0.974660102,0.607581966,-0.16594117,2016,1.16E-05,-0.454337352,-0.101360584,0.382875606,-0.55088853
601126,-0.009738589,1.040045525,0.584674872,-0.124180644,-0.126519266,2017,2.62E-05,0.193198929,-0.454337352,-0.795336788,0.248704663
601126,0.004996195,1.067865847,1.094736298,-0.173823848,0.240393318,2018,2.42E-05,-0.003498818,0.193198929,0.080882353,0.259803922
601126,-0.066441121,1.000412405,1.468059547,0.653079443,-0.301742343,2019,1.05E-05,0.69769886,-0.003498818,-0.865384615,-0.439903846
601127,-0.026664621,0.768582258,0.619694197,-0.628100346,0.307104859,2018,1.11E-05,-0.375564442,-0.249111147,-0.617647059,-0.490196078
601127,-0.025522563,0.462005537,0.284007912,0.233168906,-0.449086494,2019,9.95E-06,6.950413228,-0.375564442,-0.449519231,-0.540865385
601139,0.019504889,0.626649132,0.381590683,0.194670905,-0.101406189,2017,1.28E-05,0.036732314,-0.161439201,0.919689119,-0.347150259
601139,0.006903113,0.742870572,0.501185075,0.07792541,-0.088713083,2018,1.15E-05,0.156226373,0.036732314,0.139705882,-0.416666667
601139,-0.035913308,0.756980606,0.695077135,0.560989005,0.027370961,2019,9.84E-06,0.025415895,0.156226373,-0.596153846,-0.567307692
601163,0.002679412,1.114066015,1.13368211,0.173498255,0.383057428,2018,2.17E-05,0.056069138,-0.056461557,0.024509804,0.117647059
601168,0.006271761,1.56784033,1.278746125,0.661260603,-0.167708909,2018,9.62E-06,-0.088319355,0.000747279,0.120098039,-0.732843137
601177,-0.083732964,1.108654035,1.46501778,0.4213461,0.202792641,2016,1.10E-05,-0.275334039,-0.14716598,-0.893376414,-0.634894992
601177,-0.000841149,1.111256719,1.255214081,-0.163813255,-0.111860293,2017,3.38E-05,0.443489243,-0.275334039,-0.212435233,0.455958549
601177,-0.016562673,0.834794889,0.83944747,-0.429769029,0.048785434,2018,2.35E-05,-0.136303769,0.443489243,-0.455882353,0.218137255
601179,0.046588663,1.305587675,-0.273304698,-0.505688199,0.733314938,2016,7.50E-05,-0.38580947,0.100498877,0.615508885,0.88368336
601179,0.001411086,1.151692232,-0.029861529,-0.115313002,-0.162578568,2017,0.000108068,0.065799943,-0.38580947,0.082901554,0.943005181
601179,0.014878505,0.934442288,0.558403443,0.109491876,0.275876206,2018,7.38E-05,0.313400007,0.065799943,0.343137255,0.914215686
601179,-0.040119289,1.012871063,0.8133844,0.351422886,-0.174747619,2019,1.54E-05,-0.155689446,0.313400007,-0.644230769,-0.060096154
601186,-0.001606389,1.304701506,-1.327002675,-0.558405689,0.446850983,2016,4.89E-05,-0.285962225,0.209584932,-0.088852989,0.731825525
601186,0.010373324,1.559519704,-1.142941006,-0.198108061,-0.384997215,2017,3.72E-05,0.162119056,-0.285962225,0.764248705,0.531088083
601186,0.009436923,1.071285676,-0.158238582,0.432447667,0.274302389,2018,3.99E-05,-0.153168879,0.162119056,0.223039216,0.62254902
601186,0.041996182,1.166537109,-0.158441048,0.605146108,-0.238523969,2019,2.83E-05,-0.105947933,-0.153168879,0.680288462,0.480769231
601188,0.108301534,1.18897642,1.090105565,0.345241923,0.385680835,2016,1.39E-05,-0.3205078,0.190129406,0.909531502,-0.224555735
601208,0.038174579,1.276330561,1.174768003,0.754169978,0.070056855,2016,1.22E-05,-0.407748668,-0.187191747,0.512116317,-0.460420032
601208,0.001944541,1.054931169,1.273116894,0.208149518,-0.016769574,2017,3.73E-05,0.068542881,-0.407748668,0.163212435,0.53626943
601208,0.000661656,0.899569119,1.162528159,0.076552828,0.140511414,2018,2.50E-05,0.450039321,0.068542881,-0.029411765,0.291666667
601208,-0.053676071,1.13531667,1.574166761,0.581706969,-0.558158135,2019,1.09E-05,1.448616528,0.450039321,-0.788461538,-0.350961538
601212,0.068240973,0.993031529,0.315430634,-0.729777633,0.398558646,2018,3.77E-05,-0.428257935,0.060255414,0.941176471,0.588235294
601212,-0.012461092,0.541965147,0.544748745,-1.243133141,-0.464953228,2019,3.61E-05,0.008639193,-0.428257935,-0.225961538,0.646634615
601216,0.023059139,1.232824524,0.375713523,-1.048386416,0.568081402,2016,1.90E-05,-0.316409938,0.293338512,0.321486268,0.027463651
601216,0.010047947,1.037923409,-0.391550134,-0.185031215,0.431262094,2017,2.79E-05,0.02651387,-0.316409938,0.75388601,0.292746114
601216,0.034501717,1.184166701,-0.09054603,-0.284716392,0.509332833,2018,8.99E-06,-0.135352098,0.02651387,0.708333333,-0.825980392
601216,-0.039254191,1.211101551,1.306491722,0.557665495,0.020422445,2019,7.65E-06,1.081195072,-0.135352098,-0.625,-0.925480769
601222,0.016983989,1.034672257,1.005911807,0.112914713,0.060191083,2016,8.78E-06,-0.340111356,-0.378096433,0.214862682,-0.906300485
601222,-0.003424917,0.61945405,1.400675869,0.478289653,-0.262784258,2017,3.54E-05,-0.064509176,-0.340111356,-0.453367876,0.484455959
601222,-0.017372454,1.313692493,-0.169814827,-1.096601057,-0.099971991,2018,2.71E-05,0.192173234,-0.064509176,-0.468137255,0.370098039
601222,-0.032517739,1.137857404,0.929543218,0.029029895,0.181973347,2019,2.53E-05,0.507135478,0.192173234,-0.555288462,0.432692308
601226,-0.0139522,1.241027117,0.527806973,0.614269358,0.120103043,2016,5.19E-05,-0.454435777,-0.259284057,-0.256865913,0.764135703
601226,0.004275912,1.12481454,0.247443707,-0.616530134,0.116348187,2017,5.01E-05,0.181052924,-0.454435777,0.448186528,0.696891192
601226,-0.001181159,1.222702763,0.966028832,-0.143073796,0.561986891,2018,5.01E-05,-0.188910408,0.181052924,-0.078431373,0.75
601226,-0.026212307,0.802532889,0.803163029,-0.408839925,-0.141599691,2019,5.41E-05,0.074720485,-0.188910408,-0.461538462,0.838942308
601228,0.020258243,1.261941978,1.102865187,0.240031324,0.501120202,2018,1.81E-05,-0.274028503,-0.280851911,0.463235294,-0.007352941
601228,0.008358272,0.877786105,0.725755201,0.204471186,-0.160497153,2019,1.91E-05,0.04417087,-0.274028503,0.185096154,0.120192308
601233,-0.140022277,1.255842897,0.613733447,-0.346680799,0.29963365,2016,1.08E-05,0.72393079,0.291234958,-0.974151858,-0.673667205
601233,0.001875348,1.284072985,0.380792304,-0.2004584,0.057598918,2017,1.06E-05,-0.106525446,0.72393079,0.155440415,-0.689119171
601238,0.000901488,0.384140612,0.707479187,0.286288503,-0.217458593,2017,9.43E-06,0.001607912,-0.395132087,0.028497409,-0.821243523
601238,-0.057928103,0.804479061,0.729437005,0.681853239,0.459617263,2018,2.49E-05,-0.172437326,0.001607912,-0.909313725,0.286764706
601238,-0.017297743,0.905429149,-0.075287993,0.084216839,-0.059102159,2019,8.05E-06,0.440133622,-0.172437326,-0.322115385,-0.867788462
601311,-0.00544276,0.899598321,0.755428836,-0.495774611,-0.57777579,2019,1.92E-05,0.665381247,-0.164256508,-0.0625,0.125
601326,-0.007730277,1.489532546,0.631650592,-1.064526326,1.240674338,2018,3.68E-05,-0.279533733,-0.105179174,-0.264705882,0.56372549
601326,0.000357515,0.932230417,0.916898334,-0.180482602,0.16726708,2019,3.27E-05,0.051465998,-0.279533733,0.064903846,0.579326923
601333,-0.004623903,1.069634135,-0.980694216,-0.924144113,0.24356055,2017,1.38E-05,-0.237015859,-0.059185684,-0.580310881,-0.25388601
601333,0.026091923,0.884445614,0.557224095,0.328625882,0.10694942,2019,1.33E-05,-0.050330458,-0.300493423,0.466346154,-0.149038462
601339,0.000302893,0.796966727,0.541990474,0.192304432,-0.101702692,2017,2.43E-05,-0.194574164,-0.027071077,-0.064766839,0.176165803
601339,0.002686425,0.576341365,0.803017247,0.498972558,0.267243151,2018,2.41E-05,-0.255456543,-0.194574164,0.029411765,0.25245098
601339,0.007860593,0.750803662,0.570687867,0.442079092,-0.006323501,2019,1.01E-05,0.635783047,-0.255456543,0.177884615,-0.519230769
601360,-0.033407899,1.149982534,-0.083739363,-1.671459696,0.827605164,2019,9.18E-06,-0.343716289,-0.151926836,-0.567307692,-0.697115385
601368,0.095174951,1.085137275,1.565722615,1.141190204,-0.402179553,2016,2.47E-05,-0.301191579,-0.25777556,0.867528271,0.302100162
601368,0.002774165,1.01908225,0.84289902,-0.051943742,0.177430983,2017,2.34E-05,-0.074023669,-0.301191579,0.251295337,0.134715026
601368,0.008389755,0.851496453,1.154240292,0.293217197,0.193525579,2018,1.12E-05,-0.149546332,-0.074023669,0.200980392,-0.468137255
601368,-0.011869107,0.718770469,0.8804882,0.159304666,0.185532107,2019,1.02E-05,-0.06483542,-0.149546332,-0.211538462,-0.497596154
601369,-0.036028034,1.269441754,1.029609252,1.010734747,-0.063526042,2016,4.51E-05,-0.021627439,0.045373681,-0.547657512,0.712439418
601369,-0.003949103,0.886860162,0.827132434,-0.105807842,-0.064414539,2017,6.54E-05,0.020453376,-0.021627439,-0.520725389,0.823834197
601369,-0.017983124,1.172080456,1.059611801,0.16130337,-0.115735297,2018,8.65E-05,0.000298162,0.020453376,-0.490196078,0.950980392
601369,-0.003395429,0.939216169,0.776431857,-0.054649386,0.181945192,2019,9.37E-05,0.314284519,0.000298162,-0.026442308,0.956730769
601390,0.009289602,1.380649048,-1.270386896,-0.642399344,0.437320184,2016,0.000116738,-0.141700242,0.240789136,0.059773829,0.97092084
601390,0.004416988,1.36050299,-0.948848988,-0.10761015,-0.224678323,2017,0.000281452,-0.125253705,-0.141700242,0.461139896,0.997409326
601390,0.038679844,0.748350548,-0.019555939,0.370811828,-0.488107494,2019,5.72E-05,0.059693771,-0.22660473,0.637019231,0.858173077
601500,0.004340476,0.740068471,3.382154749,0.993020633,-0.234615256,2017,4.04E-05,-0.303103406,-0.29421061,0.453367876,0.598445596
601500,0.050887326,1.058569876,1.780348518,0.28050064,0.225495995,2018,3.75E-05,-0.179782346,-0.303103406,0.857843137,0.578431373
601500,0.029323281,0.902547557,0.651994047,-0.619239224,0.042958277,2019,5.25E-05,-0.04553441,-0.179782346,0.514423077,0.829326923
601515,0.070762821,0.951269677,2.0555458,1.292210072,-0.660652106,2019,9.90E-06,0.056691971,-0.201992502,0.858173077,-0.545673077
601567,0.000417011,0.760676719,0.206270542,-0.248072324,0.079944795,2017,1.11E-05,-0.172708624,-0.266040873,-0.038860104,-0.603626943
601567,-0.035360238,0.56554407,0.173320342,0.049021892,0.157435562,2018,1.07E-05,0.199543289,-0.172708624,-0.735294118,-0.571078431
601567,0.035962172,0.786561602,1.012658898,0.448143596,-0.418941307,2019,2.93E-05,2.133216574,0.199543289,0.608173077,0.514423077
601588,0.083830351,1.226249404,0.406672231,0.046828161,0.436961456,2016,1.14E-05,-0.423232237,0.444768819,0.82552504,-0.592891761
601588,0.002341444,1.405853469,0.155106615,0.458382676,0.13475266,2017,6.88E-05,0.082746697,-0.423232237,0.20984456,0.860103627
601588,0.015086463,0.962586763,0.660551508,0.298706549,0.327270715,2018,3.18E-05,-0.262187869,0.082746697,0.350490196,0.475490196
601588,0.051446346,1.025532128,1.014347695,0.26020909,0.600902825,2019,2.14E-05,-0.136544065,-0.262187869,0.754807692,0.290865385
601599,0.000372756,0.669039348,0.136502841,-1.372962838,0.340490981,2017,2.08E-05,-0.218705205,-0.359918812,-0.041450777,0.002590674
601599,-0.087419918,1.096114619,0.661793451,-0.526883363,0.038649765,2018,2.19E-05,-0.111600711,-0.218705205,-0.977941176,0.137254902
601599,0.027820434,1.067027818,1.327814868,0.319337443,-0.491160404,2019,1.99E-05,0.135521182,-0.111600711,0.492788462,0.194711538
601600,-0.00253696,1.44589073,-1.190533859,-0.727556953,0.018904929,2017,1.67E-05,0.005597904,-0.159109026,-0.396373057,-0.14507772
601606,-0.078549067,0.84106281,0.428968248,-2.304104376,1.038494899,2019,1.08E-05,-0.243248211,-0.108277651,-0.913461538,-0.387019231
601607,-0.032589856,0.77005873,-0.586155256,-0.263434055,-0.075374769,2018,6.63E-06,0.021134746,-0.240774856,-0.700980392,-0.982843137
601607,0.004300932,0.896797028,-0.110860041,-0.052686117,-0.292689629,2019,8.62E-06,0.158200343,0.021134746,0.129807692,-0.793269231
601608,0.062574899,1.14017074,0.345617569,-1.23563926,0.438705564,2016,4.94E-05,-0.538126684,0.023106942,0.722132472,0.741518578
601608,0.034319879,1.201617721,0.535679264,-0.359390444,0.495433378,2018,2.64E-05,-0.219856686,0.641218843,0.700980392,0.352941176
601608,-0.049376679,0.944716898,-0.035965923,-1.908235425,-0.07405163,2019,2.75E-05,0.078840822,-0.219856686,-0.75,0.463942308
601611,0.020340296,1.534827855,-0.292052979,-0.992973819,-0.178609284,2017,3.85E-05,-0.023692352,-0.346284521,0.922279793,0.562176166
601611,0.01939693,0.764913276,-0.187803511,-0.793784299,0.510283045,2018,5.90E-05,-0.212017881,-0.023692352,0.441176471,0.833333333
601611,0.015785088,1.036644557,0.859478536,-0.021201761,0.008587947,2019,2.26E-05,0.159772912,-0.212017881,0.324519231,0.334134615
601616,0.081106732,1.072798852,0.426062325,-0.767863641,0.312903932,2016,1.26E-05,-0.365411162,-0.180399134,0.802907916,-0.379644588
601618,0.071162825,1.51780807,-1.262723791,-1.61771717,0.531088896,2016,0.000100337,-0.338043007,0.337909449,0.767366721,0.951534733
601618,0.008620657,1.625663553,-0.652334165,0.00591431,-0.241143385,2017,5.29E-05,-0.081844492,-0.338043007,0.707253886,0.725388601
601618,0.025624857,0.870838381,-0.119266171,0.176585607,0.396983422,2018,3.83E-05,-0.167807849,-0.081844492,0.566176471,0.600490196
601618,-0.001978745,0.898359619,0.279916804,0.229664741,0.074062089,2019,5.20E-05,0.200187579,-0.167807849,0.012019231,0.822115385
601633,-0.013086974,1.391689095,-0.060850007,1.237649645,0.065509745,2017,1.82E-05,-0.141586577,-0.260893654,-0.862694301,-0.098445596
601636,-0.038346612,0.754424645,1.293774577,0.054781422,-0.495294613,2016,2.22E-05,0.028249355,0.444904732,-0.576736672,0.169628433
601636,-0.001898346,1.110095172,0.529520691,-0.180153389,0.045125389,2017,1.06E-05,-0.065795695,0.028249355,-0.336787565,-0.689119171
601636,-0.014134515,2.071366377,0.650555593,1.662436538,0.058930973,2018,1.04E-05,0.578299075,-0.065795695,-0.426470588,-0.620098039
601636,-0.003376094,1.271737943,0.702888095,0.310063843,0.281825591,2019,1.83E-05,2.156665869,0.578299075,-0.024038462,0.052884615
601668,0.017569842,1.206247593,-1.054094072,-0.398119984,0.625588041,2016,8.19E-05,-0.200426309,0.83544358,0.221324717,0.915993538
601668,0.005679118,1.674788861,-0.985389219,0.33079008,-0.114992697,2017,8.35E-05,0.06791609,-0.200426309,0.569948187,0.904145078
601668,-0.025572944,0.86252508,-0.424921667,0.580998372,0.351662108,2018,6.23E-05,-0.15181342,0.06791609,-0.600490196,0.852941176
601668,-0.007099555,1.086526047,-0.044581857,0.808214217,0.313634012,2019,6.87E-05,0.004264422,-0.15181342,-0.122596154,0.911057692
601669,0.031799655,1.448726856,-1.052750918,-0.814390392,0.815442069,2016,0.000123288,-0.315038733,0.384688278,0.444264943,0.977382876
601669,0.004002559,1.564135188,-0.327950934,0.614006528,-0.618596933,2017,0.000130573,-0.0278354,-0.315038733,0.406735751,0.971502591
601669,-0.001543286,0.485809829,0.018122991,0.273010846,0.194158302,2018,0.000121763,-0.343472837,-0.0278354,-0.093137255,0.990196078
601669,0.013235719,0.94462642,0.234804586,0.362489005,-0.080193591,2019,7.41E-05,0.111663677,-0.343472837,0.271634615,0.923076923
601678,0.000801788,0.905278178,1.076605938,0.373610776,-0.013251168,2017,2.37E-05,0.097113591,0.16807877,0.002590674,0.139896373
601717,-0.017874414,0.890207863,1.358781251,0.346213563,0.327725943,2018,9.34E-06,0.041658501,-0.022912253,-0.487745098,-0.769607843
601718,0.009774094,1.277500642,-0.662650584,-1.647798281,0.012133298,2016,9.38E-06,-0.547362265,0.139934561,0.085621971,-0.857835218
601718,-0.021866458,0.910562862,0.645258771,-0.481477614,0.668822329,2019,7.29E-06,-0.157122542,-0.161607442,-0.394230769,-0.947115385
601727,-0.031772795,1.365017258,-0.123018021,-0.496978021,0.456583577,2016,2.34E-05,-0.175164428,-0.003824682,-0.505654281,0.243941842
601727,0.003121628,0.784113656,1.758499738,1.664557245,-0.282701247,2017,6.59E-05,-0.147863877,-0.175164428,0.308290155,0.834196891
601727,-0.04748608,0.798907189,0.832465637,0.368470628,-0.372075215,2019,3.34E-05,-0.171805007,-0.065763534,-0.733173077,0.591346154
601766,-0.03757675,1.183835071,-0.768397673,-0.247093255,0.260963165,2016,4.18E-05,-0.234679168,0.105520936,-0.573505654,0.660743134
601766,0.001642849,1.16045545,-0.832851375,-0.082094975,-0.058293709,2017,7.45E-05,0.055989411,-0.234679168,0.116580311,0.886010363
601766,0.044364127,0.949757609,-0.411811433,-0.076211395,0.293927543,2018,6.89E-05,-0.308199893,0.055989411,0.799019608,0.887254902
601766,0.004881525,0.874976306,-0.060226559,0.146699917,0.17498371,2019,5.01E-05,0.102229567,-0.308199893,0.139423077,0.807692308
601777,-0.00904941,0.988760346,1.159058138,0.038289441,0.226565044,2018,9.06E-06,0.030849334,-0.192400413,-0.296568627,-0.81127451
601789,0.003552952,1.173022119,0.903190159,-0.00981932,-0.164141756,2016,4.50E-05,-0.270063982,-0.156207062,-0.021001616,0.709208401
601789,0.007881175,0.721479343,1.012584971,-0.593471724,-0.785166276,2017,5.51E-05,0.171751888,-0.270063982,0.668393782,0.761658031
601789,0.037118557,0.885079793,0.91562265,0.078085974,0.197772643,2018,4.15E-05,0.155639978,0.171751888,0.730392157,0.644607843
601789,0.062920183,0.898925354,0.268713808,-1.216863162,1.130170109,2019,1.98E-05,-0.218879181,0.155639978,0.814903846,0.1875
601798,-0.04596974,1.217057436,0.90480874,0.31099104,0.189101273,2016,1.26E-05,-0.235397258,-0.107252308,-0.66720517,-0.379644588
601800,0.022133048,1.405914666,-1.232423987,-0.511707108,0.602005837,2016,4.48E-05,-0.294189382,0.505393034,0.308562197,0.702746365
601800,0.012675697,1.578412584,-0.316963943,0.611692855,-0.668803194,2017,5.25E-05,0.000729863,-0.294189382,0.816062176,0.71761658
601800,-0.02771287,0.770770657,-0.069500988,0.602746749,0.126211616,2018,2.99E-05,-0.32832488,0.000729863,-0.644607843,0.431372549
601800,0.033823932,1.144476696,0.186012476,0.841221619,-0.353421895,2019,6.01E-05,-0.106714505,-0.32832488,0.584134615,0.877403846
601858,0.04526438,1.499687931,1.002265978,-0.541445163,0.232348954,2018,1.25E-05,-0.318886888,0.364117415,0.808823529,-0.264705882
601866,0.056712854,1.47973955,0.10535061,-1.147484787,0.646388973,2016,2.42E-05,-0.318953528,-0.104592728,0.683360258,0.282714055
601866,0.003770791,1.085582325,0.065728762,-0.33266626,0.075531835,2017,1.85E-05,0.0761022,-0.318953528,0.375647668,-0.088082902
601869,-0.024190626,1.496376778,0.305378205,-1.107097724,1.219989057,2019,3.09E-05,-0.213673011,-0.185163915,-0.432692308,0.550480769
601872,-7.01E-05,1.223864764,0.442013648,-0.695539682,0.469530002,2016,1.02E-05,-0.29654252,0.08896125,-0.069466882,-0.770597738
601872,0.003567136,1.101881198,0.207774124,-0.090788027,0.393263747,2018,1.52E-05,0.359076454,0.202156002,0.044117647,-0.090686275
601872,-0.013827559,0.810553289,0.440411141,0.156847498,-0.030369316,2019,3.70E-05,-0.042771644,0.359076454,-0.245192308,0.661057692
601877,0.103292771,0.996951968,-0.363752899,-0.140334657,-0.607778951,2016,2.67E-05,0.128459907,0.080672152,0.896607431,0.386106624
601877,-0.010732851,1.167339268,0.752492081,1.038914694,-0.279593539,2017,3.32E-05,0.028070618,0.128459907,-0.813471503,0.445595855
601877,-0.085181497,0.938543509,0.190573722,-0.34455374,-0.76741436,2018,3.88E-05,0.175303258,0.028070618,-0.973039216,0.615196078
601877,-0.004495375,0.995952934,0.262588447,0.438667473,0.215830773,2019,1.54E-05,0.247710928,0.175303258,-0.043269231,-0.060096154
601880,0.035959768,1.167080273,0.476337459,-0.240602079,0.079557581,2016,4.09E-05,-0.351455198,0.149815248,0.473344103,0.657512116
601880,0.017062275,0.63243331,0.326051576,-0.781852978,-0.303725247,2017,4.66E-05,0.094147641,-0.351455198,0.893782383,0.668393782
601880,0.012273319,0.803412206,0.468188862,-0.083604729,0.163591052,2018,2.01E-05,-0.197477251,0.094147641,0.289215686,0.06127451
601880,-0.014492367,0.761355798,0.661208599,0.304201861,-0.140395641,2019,2.84E-05,-0.011203332,-0.197477251,-0.262019231,0.490384615
601886,-0.021266039,1.088268095,0.869868397,-0.499785718,0.290436113,2016,8.93E-06,-0.181919842,-0.008194904,-0.360258481,-0.896607431
601888,-0.004191571,0.576687053,0.096253953,0.701969378,-0.271258756,2017,1.26E-05,0.364905473,1.123426322,-0.549222798,-0.380829016
601888,-0.034372627,0.993862321,-0.374336699,-0.012894895,-0.399206175,2018,6.19E-05,0.712272388,0.364905473,-0.723039216,0.848039216
601899,0.013916724,1.052460917,0.052050429,0.109498847,0.432577404,2016,6.54E-06,0.079566256,0.019559896,0.156704362,-0.996768982
601899,-0.002144493,0.674410494,-0.881275267,-0.90377674,0.12963338,2017,6.70E-06,0.028722768,0.079566256,-0.362694301,-0.992227979
601899,-0.007283715,0.725976269,-0.783273422,-0.025167258,-0.163873463,2018,5.35E-06,0.181889253,0.028722768,-0.254901961,-0.995098039
601899,-0.032573488,0.845174877,-0.275214113,-0.107155685,0.159320804,2019,1.51E-05,1.210868215,0.181889253,-0.557692308,-0.067307692
601900,-0.002626669,0.984612972,1.222432596,0.711414148,1.433930151,2017,3.67E-05,0.013210767,-0.252722488,-0.404145078,0.520725389
601900,0.023317101,1.058569381,0.807989672,-0.18054125,0.230049694,2018,4.21E-05,-0.038848025,0.013210767,0.534313725,0.654411765
601900,0.006459895,0.9423045,1.178176293,0.64428169,-0.21994137,2019,2.33E-05,-0.127195436,-0.038848025,0.151442308,0.367788462
601919,0.083192812,1.449749499,-0.3456268,-1.744235251,0.767490398,2016,7.31E-05,-0.094219339,0.038710583,0.819063005,0.877221325
601919,-0.013509633,1.300078192,-0.271546541,-0.258087126,0.069896753,2018,7.59E-05,-0.319493986,0.005028107,-0.419117647,0.919117647
601919,-0.017772344,1.218744373,0.529240611,0.378536082,-0.04711361,2019,4.82E-05,7.687796763,-0.319493986,-0.331730769,0.783653846
601928,-0.019977732,1.226176997,0.997284215,0.676029484,-0.044449207,2016,1.82E-05,-0.360892574,-0.079600027,-0.334410339,0.001615509
601928,-0.000990597,0.81561283,-0.044410252,0.087861499,-0.02516936,2017,9.74E-06,0.307960433,-0.360892574,-0.230569948,-0.792746114
601928,0.001203942,0.747323405,0.769807514,0.04530863,0.295942428,2018,1.02E-05,-0.138082827,0.307960433,-0.012254902,-0.656862745
601949,-0.117079365,1.658192696,1.058748178,-0.299256452,0.319870414,2018,1.97E-05,-0.189723184,0.351234303,-0.995098039,0.053921569
601949,0.042710239,1.160793215,1.331915243,-0.185339857,-0.257357939,2019,8.51E-05,0.213898422,-0.189723184,0.6875,0.944711538
601952,0.019379461,0.831162847,0.755600451,0.464241245,-0.265324567,2019,9.59E-06,0.099682818,0.242935945,0.375,-0.615384615
601958,-0.024506872,1.255664572,-0.430186256,-0.806746469,0.142091365,2016,1.27E-05,-0.138708763,-0.133527077,-0.415185784,-0.357027464
601958,0.003286281,1.424371236,-0.019890695,-0.651581388,0.013360353,2017,1.33E-05,0.059600714,-0.138708763,0.323834197,-0.295336788
601965,-0.004896263,1.221699429,1.152359479,0.906203961,-0.16661974,2016,2.41E-05,-0.08559772,-0.037504276,-0.13085622,0.273021002
601965,0.012853363,0.830196975,0.8188806,0.069986864,-0.009124572,2018,1.10E-05,0.231601967,-0.12674717,0.303921569,-0.504901961
601966,-0.008366838,1.636627955,1.005383621,0.639322126,0.577883331,2017,2.45E-05,0.081099895,-0.296680991,-0.756476684,0.18134715
601985,-0.010092743,1.153334646,1.002663783,0.284977693,0.45088981,2016,9.46E-06,-0.277681024,0.141077724,-0.201938611,-0.851373183
601985,-0.000143661,0.830449881,-0.287181609,0.173797806,-0.12144034,2017,2.86E-05,-0.011090978,-0.277681024,-0.10880829,0.316062176
601985,0.026831107,0.680616044,-0.002279937,0.2869999,0.248995343,2018,4.71E-05,-0.259827104,-0.011090978,0.593137255,0.727941176
601985,-0.00135229,0.777890119,0.145525071,0.047928914,0.045552208,2019,4.91E-05,0.253084321,-0.259827104,0.024038462,0.793269231
601989,-0.047500883,1.303202624,-0.250046399,-1.08200714,0.690343225,2016,2.57E-05,-0.356203918,-0.032463593,-0.683360258,0.340872375
601989,0.032421795,1.081638462,0.14949134,-0.540540608,0.257755744,2018,1.40E-05,-0.29059477,0.359857946,0.669117647,-0.154411765
601989,-0.040627441,0.921481049,0.190019535,-0.475215686,0.411269615,2019,1.28E-05,0.014262613,-0.29059477,-0.653846154,-0.180288462
601991,0.028072671,0.851837895,0.379124963,0.059445112,0.161588166,2018,7.56E-06,-0.303431056,0.03418296,0.610294118,-0.943627451
601991,-0.0134863,0.715296334,0.286471358,0.130666063,0.103310125,2019,1.57E-05,0.26429012,-0.303431056,-0.240384615,-0.040865385
601992,-0.009924522,1.316294456,-0.230317185,-0.027912984,0.587396029,2016,1.40E-05,-0.49746382,0.6514527,-0.198707593,-0.211631664
601992,-0.001253067,1.330401676,0.918455438,0.464908254,-0.560090241,2017,2.17E-05,0.14560279,-0.49746382,-0.266839378,0.044041451
601996,0.000683887,1.194724834,2.297165423,0.636460407,-0.062645059,2017,2.55E-05,-0.162848546,-0.143114375,-0.010362694,0.225388601
601996,-0.017668195,1.431909495,0.743308447,0.074921481,0.553276538,2018,3.48E-05,-0.174125032,-0.162848546,-0.480392157,0.519607843
601996,0.025237417,1.00111308,0.768174445,0.045699457,-0.094921875,2019,1.85E-05,0.319579377,-0.174125032,0.454326923,0.069711538
603000,-0.001102817,1.069503359,0.541150372,-0.280777415,0.175616032,2017,3.69E-05,1.128834231,-0.377516469,-0.238341969,0.528497409
603002,0.0283686,1.250851322,1.399430592,0.458629731,-0.164150464,2016,1.39E-05,-0.199647565,-0.317838242,0.37641357,-0.224555735
603011,-0.040729375,1.537211824,0.369379262,0.34564185,-0.031005058,2018,9.90E-06,-0.091630566,-0.031635325,-0.784313725,-0.693627451
603011,0.025806622,0.834304752,1.223536385,-0.827826808,-0.334460848,2019,8.81E-06,0.002931992,-0.091630566,0.459134615,-0.762019231
603012,0.012157051,1.073758768,1.378214798,0.872093377,-0.551795172,2016,1.18E-05,-0.194001295,-0.392604656,0.127625202,-0.518578352
603015,-0.03266897,1.377132199,1.225468457,-0.27340522,0.212197244,2018,3.30E-05,-0.153123685,-0.020242404,-0.703431373,0.495098039
603015,0.037533726,1.044672327,0.754706858,-0.457403043,0.021643941,2019,1.01E-05,0.119721504,-0.153123685,0.629807692,-0.519230769
603017,-0.066889617,0.953691222,1.72702948,0.554427196,-0.006294705,2016,1.15E-05,-0.456854236,-0.080153161,-0.815831987,-0.576736672
603017,0.003008364,0.874972856,0.966904784,-0.388030022,-0.103100259,2017,5.56E-05,0.356385368,-0.456854236,0.292746114,0.764248705
603017,0.009337569,0.824671278,0.612754187,-0.06355438,-0.310448815,2018,6.64E-05,-0.180841814,0.356385368,0.220588235,0.87745098
603017,0.018643045,1.041295145,1.427879709,0.462123936,-0.433118679,2019,7.94E-05,0.080973889,-0.180841814,0.358173077,0.932692308
603018,0.004422785,0.997612208,1.298960397,0.083828579,-0.143868784,2016,5.41E-05,-0.275963579,0.115627388,-0.001615509,0.799676898
603018,0.003658735,0.707540251,0.470797268,-0.18608007,0.118216378,2018,1.08E-05,-0.058518249,0.169213586,0.049019608,-0.544117647
603018,-0.056264733,0.69897379,0.47827522,0.020976301,-0.010170762,2019,1.82E-05,-0.01051534,-0.058518249,-0.8125,0.045673077
603019,0.023037886,1.000106751,1.627195729,0.090874012,-0.432119328,2016,5.29E-05,0.609663278,-0.301879101,0.31825525,0.786752827
603019,-0.018099095,1.191519243,0.746102718,-0.507541287,0.607028986,2017,5.41E-05,0.057864108,0.609663278,-0.898963731,0.748704663
603021,0.001908695,1.021526074,1.215262501,0.898687596,-0.66242106,2016,3.83E-05,-0.398667601,-0.342093198,-0.033925687,0.621970921
603021,0.003373012,0.964155824,1.68700351,0.155894861,0.588598107,2017,1.17E-05,-0.156162373,-0.398667601,0.331606218,-0.515544041
603021,-0.043857488,1.181756866,0.059479213,-1.102175616,0.174698875,2018,1.17E-05,0.282286312,-0.156162373,-0.825980392,-0.375
603025,0.014124389,1.235512494,1.181987863,0.124639714,0.325279425,2017,4.16E-05,-0.221966915,0.041925389,0.839378238,0.616580311
603025,-0.017745161,0.945209252,0.642555453,0.346171668,-0.480319441,2019,1.26E-05,4.242434719,-0.279923308,-0.329326923,-0.192307692
603029,0.008688351,1.695015359,1.918168499,0.415596362,0.11382737,2017,4.86E-05,-0.100790688,-0.446035115,0.70984456,0.68134715
603029,0.099935823,1.000145296,2.308299704,0.721630902,-0.860568691,2018,2.56E-05,0.03336532,-0.100790688,0.982843137,0.308823529
603029,0.019957879,1.119983179,1.531028157,0.634417551,-0.3488736,2019,1.14E-05,-0.155994824,0.03336532,0.379807692,-0.269230769
603032,-0.019148618,1.02922225,1.571876001,1.398538666,-0.02011097,2018,5.64E-05,-0.34361582,0.783064841,-0.512254902,0.806372549
603032,0.059391027,1.024241343,-0.217504815,-1.540634453,0.0879961,2019,5.99E-05,-0.238237477,-0.34361582,0.800480769,0.870192308
603033,-0.037596495,1.023427516,2.065653655,0.448601582,0.158666939,2018,7.23E-05,0.749486006,0.410462728,-0.757352941,0.899509804
603033,0.079094383,0.849230425,1.058510815,0.861381902,0.096384726,2019,0.00015716,0.148625245,0.749486006,0.889423077,0.990384615
603050,0.017032069,1.495881174,2.182276953,0.395110851,0.720872898,2018,2.62E-05,-0.005311427,-0.156611031,0.404411765,0.343137255
603050,0.019465793,1.151411876,1.137150849,0.039924615,-0.453979142,2019,2.22E-05,0.163055306,-0.005311427,0.377403846,0.317307692
603056,0.029936165,0.955102441,0.192794621,-0.002566457,-0.246251327,2019,1.07E-05,-0.198726382,-0.05358774,0.521634615,-0.408653846
603060,-0.003338693,1.921187898,0.070244797,-1.832876533,0.652924668,2017,2.30E-05,0.780895561,-0.32899979,-0.450777202,0.111398964
603060,0.018819142,1.068386227,1.686570582,0.401883709,-0.096921811,2018,1.06E-05,0.302711117,0.780895561,0.426470588,-0.588235294
603060,-0.040828724,0.968572916,0.566909204,0.487609416,0.661794304,2019,1.74E-05,0.18433721,0.302711117,-0.661057692,0.016826923
603066,0.106434578,1.069386304,1.695191579,1.18570997,-0.721219163,2016,1.39E-05,-0.344978585,-0.117560846,0.899838449,-0.224555735
603066,0.008202988,0.945603104,2.598901183,0.856629548,-0.245575232,2017,1.19E-05,-0.21553375,-0.344978585,0.683937824,-0.492227979
603066,0.02952629,1.117984169,2.621608153,1.729954706,0.119103391,2018,2.31E-05,0.241851255,-0.21553375,0.62745098,0.193627451
603066,0.036741362,1.070563543,1.434561594,0.566479677,-0.203735386,2019,1.09E-05,-0.148750667,0.241851255,0.622596154,-0.350961538
603069,0.043985153,0.559053295,0.852468663,-1.176819436,-0.138526299,2018,1.22E-05,1.036095813,-0.280962674,0.796568627,-0.301470588
603077,-0.020720395,1.031259469,1.76444817,-0.134489247,0.700457717,2016,3.68E-05,-0.253779604,0.021230863,-0.34733441,0.602584814
603077,0.005349429,0.610605217,0.99178475,0.157004693,-0.145015707,2017,1.19E-05,0.081960554,-0.253779604,0.541450777,-0.492227979
603077,0.01399737,0.631328697,0.443016655,-0.000931468,0.176998259,2018,1.14E-05,-0.316031155,0.081960554,0.318627451,-0.431372549
603088,-0.065250679,0.988702245,1.104789944,-0.286049969,0.1925667,2019,1.28E-05,0.002366362,0.096552582,-0.860576923,-0.180288462
603090,-0.024217258,1.369633795,2.394933603,0.271933948,0.025447591,2018,1.43E-05,0.044237862,-0.029841457,-0.585784314,-0.134803922
603090,-0.052252191,1.199430992,1.629121646,0.070199699,0.430449832,2019,1.28E-05,-0.133119727,0.044237862,-0.776442308,-0.180288462
603098,-0.021374143,0.838226978,1.052400709,0.077403981,0.392542355,2018,4.39E-05,-0.298057415,0.030107513,-0.553921569,0.683823529
603098,0.069492486,1.019940381,1.304562336,0.597478999,-0.072551146,2019,1.88E-05,3.315684488,-0.298057415,0.853365385,0.098557692
603100,0.039585208,1.184651024,1.50107139,0.181964462,-0.087564995,2016,2.40E-05,-0.272276391,-0.276661753,0.544426494,0.266558966
603100,0.004018724,1.127244523,1.499509407,0.26214568,-0.175027409,2017,2.29E-05,0.094846503,-0.272276391,0.414507772,0.106217617
603100,-0.003062046,1.134655413,1.532468445,0.10046175,0.131970432,2018,1.08E-05,-0.13264485,0.094846503,-0.117647059,-0.544117647
603100,-0.054958705,1.087891377,0.992945814,0.158629633,0.157544691,2019,4.00E-05,1.224800828,-0.13264485,-0.807692308,0.709134615
603101,0.001282207,0.950030229,2.244233223,0.366179327,0.119677648,2017,1.19E-05,-0.191038976,-0.290556823,0.067357513,-0.492227979
603106,0.184787784,1.676301727,1.784997964,-0.543581635,-0.578273691,2018,2.60E-05,-0.294586054,-0.07798363,1,0.338235294
603116,0.019258135,0.941279411,1.597427786,1.679160465,-0.652866404,2016,1.15E-05,-0.287378178,-0.233055632,0.263327948,-0.576736672
603126,-0.095502529,1.185987422,0.621197651,-0.90134616,0.210257651,2016,2.98E-05,-0.61526796,0.47779122,-0.928917609,0.447495961
603126,-0.007486545,1.506479594,1.405826618,0.113357049,0.595740821,2018,5.96E-05,-0.291756114,-0.109247622,-0.262254902,0.838235294
603126,0.011675698,1.128055364,1.706364748,0.450395075,0.000756355,2019,7.98E-05,1.260326539,-0.291756114,0.245192308,0.935096154
603128,0.128087572,1.26619758,1.400074673,-0.322911569,0.497627248,2016,7.11E-05,-0.321876366,-0.131542776,0.951534733,0.873990307
603128,0.008037082,1.143675269,1.152292144,0.602952713,-0.321018013,2017,6.90E-05,0.588917276,-0.321876366,0.67357513,0.862694301
603128,-0.005110053,1.133953715,1.514981437,0.289906753,0.116103138,2018,3.59E-05,-0.384462344,0.588917276,-0.193627451,0.544117647
603128,0.081862415,1.11943895,0.391236224,-0.028408764,-0.126375013,2019,4.14E-05,2.127345041,-0.384462344,0.903846154,0.728365385
603129,0.09905327,1.242806793,1.976181757,0.235354444,0.097155825,2018,3.19E-05,2.249465873,0.006836548,0.980392157,0.480392157
603129,0.12325767,1.011090282,0.667686669,0.028909768,-0.072210361,2019,2.10E-05,0.804192085,2.249465873,0.956730769,0.269230769
603131,-0.072713037,1.242992018,1.856242596,0.488364733,0.655357333,2018,7.78E-05,0.157846812,0.350213204,-0.948529412,0.924019608
603131,-0.076766946,1.06674633,1.093865226,0.254936415,0.128738867,2019,4.86E-05,0.025305824,0.157846812,-0.911057692,0.788461538
603166,-0.017375136,1.284877508,1.680629984,0.388592459,0.560218314,2018,1.15E-05,0.012024937,-0.010039821,-0.470588235,-0.416666667
603167,0.003395254,1.116980725,0.888922754,0.217510801,-0.099113371,2017,1.29E-05,0.070306989,-0.090532261,0.344559585,-0.336787565
603167,0.03027599,1.221893027,0.308850122,-0.220979075,0.097106566,2018,1.14E-05,-0.217843101,0.070306989,0.644607843,-0.431372549
603167,0.033843873,0.812219021,1.002618925,0.808182822,0.068340392,2019,9.90E-06,0.116474,-0.217843101,0.586538462,-0.545673077
603168,-0.007365405,0.775724797,1.053120952,0.201315354,0.270968255,2017,1.09E-05,-0.188503293,-0.510222521,-0.720207254,-0.629533679
603168,0.030358063,0.929563897,1.053301634,-0.253647855,0.247679944,2018,9.56E-06,0.048906903,-0.188503293,0.649509804,-0.742647059
603168,0.25180133,1.070549427,1.295157838,-0.480891534,0.445382838,2019,9.41E-06,0.19272805,0.048906903,0.990384615,-0.653846154
603169,0.043147586,1.187699835,0.945954571,0.103805854,-0.178487354,2016,7.86E-05,-0.594264568,-0.035137189,0.57996769,0.893376414
603169,0.026377277,1.307152064,1.379406493,0.528063231,-0.270493987,2017,3.20E-05,0.428721227,-0.594264568,0.961139896,0.404145078
603169,-0.000820101,1.125248123,1.331464088,0.028655105,0.015172089,2018,3.58E-05,-0.433289935,0.428721227,-0.06372549,0.536764706
603169,0.052981154,1.195569781,1.823855667,0.174040463,-0.373979604,2019,3.42E-05,0.041172267,-0.433289935,0.764423077,0.605769231
603200,0.025184558,1.243114961,1.246834937,-0.534704017,0.243049773,2018,2.18E-05,0.529138685,0.111200483,0.56127451,0.12745098
603200,0.022157376,1.107247888,0.231804419,-0.224186689,0.245033767,2019,9.57E-06,-0.472094194,0.529138685,0.411057692,-0.620192308
603203,-0.051245667,0.99146213,1.057662184,-0.574345797,0.165461582,2018,1.33E-05,0.298250464,-0.020269173,-0.875,-0.198529412
603227,-0.068265022,1.230377283,0.828976537,0.508828286,-0.148974681,2016,5.74E-05,-0.430775216,-0.305553402,-0.82552504,0.815831987
603227,0.055934526,1.159904248,1.094419419,-0.28951862,0.359198392,2018,9.30E-06,-0.035790005,-0.02504962,0.897058824,-0.779411765
603227,-0.00134797,1.011936473,1.181637403,0.521741749,-0.435054605,2019,9.85E-06,0.382120372,-0.035790005,0.026442308,-0.560096154
603233,0.002927596,0.936932759,0.636091241,-0.237331755,-0.736458,2018,1.04E-05,1.149237163,-0.149726674,0.036764706,-0.620098039
603238,-0.011808798,0.819551591,1.05912862,0.539645993,-0.312315534,2019,2.48E-05,-0.449744725,1.423950617,-0.209134615,0.415865385
603266,0.000567974,1.214009209,1.682285821,0.202225662,0.416300712,2018,1.13E-05,-0.025031495,0.098818426,-0.034313725,-0.446078431
603266,-0.029480064,0.843702862,0.515322341,-0.732139217,0.366870466,2019,1.02E-05,0.041939986,-0.025031495,-0.524038462,-0.497596154
603268,0.023175249,0.725261087,0.880216625,-0.084037963,0.005474686,2018,1.18E-05,0.04317045,0.244840191,0.529411765,-0.352941176
603278,-0.040440184,0.918919231,0.710019574,0.021346892,0.313361384,2019,1.11E-05,0.100410869,-0.310766085,-0.651442308,-0.319711538
603289,0.048857821,1.762439796,1.960018094,0.433994925,-0.124463801,2018,1.10E-05,0.126264659,-0.245662297,0.840686275,-0.504901961
603299,-0.015473602,1.250356571,0.947674073,0.046599719,-0.030408034,2018,2.18E-05,-0.099751168,-0.187114609,-0.443627451,0.12745098
603299,-0.034887747,1.004273594,1.709254759,1.454010664,-0.194755068,2019,9.71E-06,0.233087826,-0.099751168,-0.579326923,-0.586538462
603300,0.030330399,1.156579278,1.090541374,-0.162440736,0.713066295,2018,1.01E-05,0.024744213,0.509274532,0.647058824,-0.671568627
603300,0.0322761,1.041036688,1.312428118,0.042691213,-0.115733036,2019,8.97E-06,0.882811076,0.024744213,0.567307692,-0.735576923
603301,0.026196829,1.160159931,0.770689488,-0.447411715,0.247647881,2019,9.80E-06,-0.161417403,2.449431723,0.471153846,-0.572115385
603306,0.037688717,0.71465868,0.544259522,-0.017068667,0.019194769,2018,1.25E-05,0.068141544,-0.210170427,0.737745098,-0.264705882
603308,0.032733843,1.038270191,0.986444751,-0.097135437,0.139015264,2019,1.10E-05,0.401844404,1.091408095,0.574519231,-0.331730769
603311,0.007288812,1.245413802,1.139041899,-0.573136369,0.209004385,2017,1.46E-05,-0.086770595,-0.441515588,0.639896373,-0.20984456
603311,0.022956795,1.047400638,1.549744213,0.307268165,0.28819937,2018,1.37E-05,0.134021329,-0.086770595,0.517156863,-0.171568627
603311,0.033748917,0.78691352,0.675512802,0.114042837,-0.146006156,2019,1.14E-05,0.014157943,0.134021329,0.581730769,-0.269230769
603318,-0.179891951,1.148508899,1.117204006,0.586328789,-0.802397673,2016,2.28E-05,0.115920583,-0.380166089,-0.990306947,0.2180937
603318,0.013097255,1.070839956,0.655764035,-0.941886272,-0.773253433,2017,1.11E-05,0.724721558,0.115920583,0.821243523,-0.603626943
603318,0.040245919,0.843024304,-0.027199224,-0.45166914,0.095207408,2018,2.21E-05,-0.66200244,0.724721558,0.764705882,0.149509804
603319,0.00160448,-1.754583407,3.359565221,-1.36561364,-0.515123285,2017,1.40E-05,-0.105907762,-0.409448205,0.10880829,-0.233160622
603329,0.086982103,1.022680518,1.409472691,0.664497236,-1.499225979,2019,0.000252813,-0.242389732,-0.217287717,0.923076923,1
603333,0.006519719,1.059095572,1.107380832,-0.107847801,0.204993044,2016,3.63E-05,-0.16701359,-0.053538468,0.030694669,0.583198708
603333,-0.012456468,1.217252829,1.116775669,-0.277341257,0.306325457,2017,5.11E-05,0.571675931,-0.16701359,-0.85492228,0.704663212
603333,0.007368964,0.713051577,0.612638935,-0.095104131,0.19854516,2018,6.83E-05,-0.32800576,0.571675931,0.151960784,0.884803922
603333,0.01915943,0.769106227,0.595014856,0.351248425,0.061203219,2019,6.45E-05,-0.159523495,-0.32800576,0.370192308,0.896634615
603335,-0.012879645,1.244627525,2.483723824,0.309489384,-0.253773585,2018,1.15E-05,-0.113779424,-0.120031117,-0.397058824,-0.416666667
603335,0.104671601,1.234198272,1.499154149,0.212739292,-0.519549341,2019,3.00E-05,-0.105268577,-0.113779424,0.942307692,0.538461538
603338,-0.048257004,0.989527218,1.000460361,0.685270087,-0.612340802,2016,1.42E-05,-0.023821863,0.414037326,-0.689822294,-0.198707593
603338,0.000206209,0.889138682,1.456259967,0.625032996,-0.3802214,2017,6.62E-05,0.755723472,-0.023821863,-0.077720207,0.839378238
603338,0.016039703,1.307264395,-0.443593356,-1.037640617,0.537446521,2018,1.17E-05,0.787102376,0.755723472,0.375,-0.375
603339,0.040157674,1.518344622,1.908724519,0.391580535,0.220061846,2017,2.73E-05,-0.22951423,-0.244499148,0.997409326,0.279792746
603339,-0.003822981,1.124766421,1.939537822,0.423751853,0.479073805,2018,1.27E-05,-0.128816883,-0.22951423,-0.139705882,-0.24754902
603355,-0.039592918,1.153180801,1.417363026,1.128273942,-0.64371313,2016,1.29E-05,-0.493964303,0.527250541,-0.592891761,-0.331179321
603356,-0.002776212,1.101824676,0.999461992,0.085666289,-0.42129676,2019,1.11E-05,-0.349240907,0.241811206,-0.014423077,-0.319711538
603357,0.012123524,1.937715949,0.673612505,-0.21587169,0.597782349,2018,1.04E-05,-0.221990943,-0.110272003,0.284313725,-0.620098039
603377,-0.003843422,0.915302218,0.474233992,0.143233,-0.353610817,2017,1.26E-05,0.099910207,-0.487806688,-0.492227979,-0.380829016
603377,0.022915349,0.669080276,-0.605692305,-0.491981996,0.557434507,2018,2.29E-05,0.080139717,0.099910207,0.514705882,0.18872549
603385,-0.003843354,1.263521277,1.419019812,0.122429817,0.331883218,2018,5.48E-05,0.53723681,-0.18427669,-0.142156863,0.791666667
603385,0.000813794,1.032591505,1.005343448,0.351199639,-0.02220305,2019,2.24E-05,-0.282806173,0.53723681,0.069711538,0.329326923
603393,0.000708394,-0.146477004,4.249691472,3.03511862,-0.437814549,2017,2.42E-05,-0.021939742,-0.125897964,-0.007772021,0.170984456
603393,0.01134985,0.843190385,0.159200719,-0.931214132,0.212959435,2018,1.11E-05,1.210902384,-0.021939742,0.269607843,-0.490196078
603393,-0.06397975,0.84557404,0.448634476,0.013104434,-0.224952713,2019,1.03E-05,-0.399082607,1.210902384,-0.853365385,-0.480769231
603396,-0.042412059,1.77277134,0.750631441,-0.287915946,1.339327876,2018,2.21E-05,0.231517783,-0.091829111,-0.81372549,0.149509804
603396,-0.008157702,1.213845012,1.06687127,-0.297860106,-0.12881505,2019,1.81E-05,1.077489503,0.231517783,-0.15625,0.038461538
603458,0.007881214,1.026236421,1.75479985,0.433551995,-0.056688448,2018,5.13E-05,-0.08218872,-0.235349765,0.176470588,0.757352941
603458,0.041734999,1.065464218,0.762105608,0.165690458,-0.066338972,2019,4.48E-05,0.030767669,-0.08218872,0.675480769,0.766826923
603500,0.040863157,1.200748809,1.215737315,0.130834648,0.042552831,2019,7.22E-05,-0.140411779,0.148144397,0.653846154,0.918269231
603515,0.006000982,1.012086795,0.383663375,-0.405656769,1.183645708,2017,1.04E-05,-0.096747311,0.275077391,0.577720207,-0.712435233
603515,0.065931656,1.384739447,0.287057454,0.44659349,0.190066748,2019,9.51E-06,-0.059012188,-0.164234956,0.838942308,-0.637019231
603517,0.045652853,0.973188948,0.60542865,-0.088656378,-0.754609859,2018,1.21E-05,0.791940942,0.280182243,0.81127451,-0.318627451
603535,0.034411109,1.187052855,1.69614918,-0.242770698,0.512433877,2018,2.42E-05,0.032299972,-0.375776072,0.705882353,0.259803922
603535,-0.030088585,1.125141391,0.833471015,0.179291666,-0.170675872,2019,1.09E-05,0.76303042,0.032299972,-0.536057692,-0.350961538
603556,0.007142309,2.173823803,1.344846835,0.583157756,-0.172835671,2017,8.41E-05,-0.228475021,-0.463372501,0.626943005,0.909326425
603556,0.021347255,0.647871703,1.198458172,0.034704403,-0.313054821,2018,2.53E-05,0.07223746,-0.228475021,0.485294118,0.299019608
603556,0.022483128,1.105134439,1.377445461,0.235994813,0.476082955,2019,8.30E-06,-0.167542727,0.07223746,0.420673077,-0.838942308
603567,0.030907855,1.266558021,1.50003619,1.375540569,-0.511271642,2016,1.32E-05,-0.206074564,-0.233257818,0.418416801,-0.28917609
603569,-0.008799435,1.702222195,1.244827905,-1.158933629,0.477089615,2017,2.09E-05,-0.190787187,-0.406741385,-0.766839378,0.012953368
603569,-0.005336028,0.987299554,1.562811639,0.420602761,-0.182759315,2018,2.82E-05,-0.193314725,-0.190787187,-0.203431373,0.394607843
603569,0.013579808,1.111701781,0.989611793,-0.159134686,0.398746015,2019,5.17E-05,-0.156647912,-0.193314725,0.286057692,0.819711538
603577,0.028898302,1.615044112,3.737072268,2.042422424,0.468571195,2018,0.000146899,0.173269949,0.080053442,0.617647059,0.995098039
603577,-0.064539686,1.194776047,1.853342029,0.821497881,-0.298752704,2019,0.000145576,-0.122755255,0.173269949,-0.855769231,0.987980769
603579,-0.041791239,1.413771928,0.549381563,-0.096689268,0.466240461,2018,8.28E-06,-0.048309018,-0.58092319,-0.799019608,-0.901960784
603579,0.013230724,1.379563111,0.175131127,-0.640505217,0.358161666,2019,9.59E-06,0.528503804,-0.048309018,0.269230769,-0.615384615
603600,-0.131710872,0.697060925,0.375031434,0.298543021,-0.876655146,2016,2.57E-05,-0.426776491,-0.316712738,-0.967689822,0.340872375
603600,-0.009024789,0.955207904,1.537252706,0.744355762,0.141634935,2018,1.14E-05,0.174236344,0.088725549,-0.294117647,-0.431372549
603606,0.045334406,1.199567554,0.929996015,0.359714425,-0.437301142,2016,0.000147863,-0.172535013,-0.141845212,0.599353796,0.990306947
603606,-0.00170342,0.939221467,0.902173413,-0.200423249,-0.139392773,2017,0.000132573,0.506811291,-0.172535013,-0.316062176,0.976683938
603606,-0.011506889,0.876971566,0.625355843,-0.221787656,0.253537688,2018,4.62E-05,0.668970957,0.506811291,-0.367647059,0.723039216
603606,0.030722044,0.893155843,0.652026485,0.056358837,0.112215871,2019,5.99E-05,0.380243209,0.668970957,0.536057692,0.870192308
603609,0.0682002,1.049907763,1.517389857,0.762619267,-0.097082584,2016,1.25E-05,-0.01643758,-0.399261183,0.754442649,-0.408723748
603609,-0.013410592,1.082650826,0.63895305,-0.051006846,-0.236656137,2017,4.24E-05,0.253216213,-0.01643758,-0.870466321,0.629533679
603609,0.003740158,0.410828932,0.424765708,-0.209480245,-0.603241017,2018,2.79E-05,0.258958401,0.253216213,0.051470588,0.387254902
603609,0.034579641,0.516032671,0.198299241,-0.185105097,-1.019623121,2019,3.44E-05,-0.297558047,0.258958401,0.59375,0.617788462
603611,-0.002254245,1.221033461,1.153806204,-0.373624743,0.233481876,2017,2.27E-05,0.232150855,-0.233923832,-0.373056995,0.090673575
603616,0.029419798,1.376282986,0.696505109,-1.038315811,0.732103475,2018,1.06E-05,-0.343416368,-0.190906349,0.62254902,-0.588235294
603616,-0.012309156,1.13171483,0.778047664,-0.023387327,0.272827179,2019,1.89E-05,-0.221841972,-0.343416368,-0.221153846,0.103365385
603617,0.144326073,0.985936869,1.589959814,-0.464714314,0.169141804,2018,3.43E-05,-0.15558579,0.168809115,0.995098039,0.507352941
603617,0.046032512,0.789833956,0.69861912,0.059398137,-0.17435787,2019,2.09E-05,-0.004631117,-0.15558579,0.706730769,0.259615385
603618,0.107409853,1.090409979,1.791232175,0.945199341,-0.334666246,2016,5.17E-05,-0.411725313,-0.148141478,0.906300485,0.760904685
603618,0.000996042,1.186805891,1.963920853,0.636390999,0.485067913,2017,2.54E-05,0.161619303,-0.411725313,0.041450777,0.222797927
603618,-0.034119284,1.026288857,1.411891992,0.150841003,0.195860267,2018,4.67E-05,-0.235602572,0.161619303,-0.715686275,0.725490196
603618,-0.035236493,1.061325396,1.287870993,-0.327977857,0.036318642,2019,5.24E-05,0.146462099,-0.235602572,-0.588942308,0.826923077
603619,0.009763666,1.775534035,-2.28588704,-1.098961292,0.415828222,2018,1.04E-05,-0.430109142,-0.343900247,0.227941176,-0.620098039
603619,0.022283726,1.120006664,1.656588196,0.452289392,-0.338840033,2019,3.94E-05,-0.223829493,-0.430109142,0.415865385,0.697115385
603636,-0.094290887,1.251173331,1.0081406,-0.199987069,-0.042407534,2019,1.55E-05,-0.216564936,0.202165106,-0.947115385,-0.048076923
603637,-0.015487999,1.192774971,0.892488895,0.451935767,-0.081446529,2018,1.28E-05,-0.108399137,0.184739528,-0.446078431,-0.240196078
603637,0.036622987,0.966369481,1.980040648,1.857163613,-0.385560066,2019,3.20E-05,-0.249923651,-0.108399137,0.620192308,0.572115385
603639,0.012836269,1.043039036,1.528075822,0.299447969,0.099839331,2018,1.03E-05,0.127701497,-0.039707521,0.301470588,-0.634803922
603639,0.030337777,1.043688405,0.668737838,0.841642514,-0.483431434,2019,9.28E-06,0.204293726,0.127701497,0.533653846,-0.675480769
603656,-0.053114741,1.281532163,1.523660273,-0.437820685,0.041026539,2018,2.48E-05,-0.165668341,-0.070344428,-0.887254902,0.276960784
603656,-0.022551104,0.91566071,0.890544381,-0.574378209,0.248570803,2019,2.10E-05,0.069231546,-0.165668341,-0.40625,0.269230769
603660,-0.040098151,0.865046402,1.252619472,-0.293195394,-0.539533833,2018,1.01E-05,-0.42109082,-0.046014579,-0.779411765,-0.671568627
603660,-0.024904164,1.136004183,0.148025864,-1.203045908,0.385392514,2019,9.53E-06,-0.245274874,-0.42109082,-0.442307692,-0.632211538
603661,0.035667626,0.999314419,1.123441203,0.080271538,0.492064024,2019,9.12E-06,-0.039539221,0.516259682,0.603365385,-0.711538462
603663,-0.055880512,1.218756903,1.514571858,-0.205849134,0.455758181,2018,2.40E-05,-0.012923046,0.082761205,-0.897058824,0.237745098
603663,-0.010465528,1.006698276,0.508795475,-0.342158187,0.57500646,2019,2.12E-05,0.035142658,-0.012923046,-0.189903846,0.283653846
603665,-0.049534152,0.587027251,0.197047288,-0.117213932,0.164663507,2019,1.01E-05,-0.221643813,0.198724879,-0.752403846,-0.519230769
603667,0.004763844,1.318816211,2.037536697,-1.300496188,-0.159803043,2017,1.44E-05,-0.149097406,-0.446159767,0.479274611,-0.21761658
603667,-0.031958439,1.081806424,1.114878345,0.330626623,0.200336795,2019,1.16E-05,0.214749697,-0.053280438,-0.550480769,-0.252403846
603668,0.015564604,1.121003586,1.205353796,0.019628274,0.130022505,2018,3.38E-05,0.146826674,-0.092510834,0.360294118,0.5
603668,0.028437513,0.722913778,0.787094968,-0.196653337,0.336946232,2019,3.37E-05,-0.295302264,0.146826674,0.504807692,0.59375
603679,0.027281881,1.065507421,1.887927091,0.487058955,-0.414936702,2018,5.50E-05,-0.147342203,1.034193927,0.600490196,0.796568627
603680,0.037591757,1.278974288,0.997433579,0.108764049,0.577193652,2019,2.39E-05,-0.10379548,0.022481646,0.632211538,0.384615385
603685,-0.053802328,0.925141021,1.175449961,0.279437822,-0.074281059,2019,4.39E-05,-0.263497138,0.362055448,-0.793269231,0.759615385
603686,0.018069171,1.00370143,1.051557497,0.575222115,-0.346744421,2016,2.31E-05,-0.29236671,-0.064404432,0.234248788,0.231017771
603686,0.001425844,0.900580566,0.633378131,0.071687304,-0.076360315,2017,1.20E-05,-0.188918442,-0.29236671,0.085492228,-0.461139896
603688,0.11097334,1.05990687,1.618555501,0.151633906,-0.266825112,2016,3.50E-05,0.155429944,-0.177065878,0.922455574,0.557350565
603688,0.002428727,0.975411926,1.204884457,-0.268637822,-0.060233473,2017,2.30E-05,-0.066548743,0.155429944,0.21761658,0.111398964
603688,-0.022981134,1.167083091,0.297595828,-0.835621298,0.5215798,2019,1.97E-05,-0.019653137,0.876110912,-0.415865385,0.175480769
603696,0.009012301,0.403239307,0.476431053,0.314959656,0.09699605,2018,1.31E-05,0.349203136,-0.277132935,0.210784314,-0.218137255
603698,-0.004086047,1.221401222,0.495624594,-0.942267407,0.128876556,2017,6.54E-05,0.064373599,-0.409562451,-0.538860104,0.823834197
603698,0.011853723,0.895368024,0.592541087,-0.744057992,0.144492141,2019,9.87E-06,0.578686372,-0.132357823,0.247596154,-0.555288462
603699,0.03653428,1.140842208,1.175530556,1.312687982,-0.298632381,2016,1.25E-05,-0.063433282,-0.133951646,0.489499192,-0.408723748
603699,0.004133022,0.827939886,0.403250944,-0.593202884,0.091606975,2017,1.18E-05,-0.171379166,-0.063433282,0.430051813,-0.505181347
603699,0.024523816,0.70438685,0.325237943,-0.629212727,0.720756465,2018,3.47E-05,0.351364085,-0.171379166,0.546568627,0.512254902
603699,0.040660638,0.57049419,0.625571265,0.010045924,-0.33620265,2019,1.66E-05,-0.32077551,0.351364085,0.651442308,-0.012019231
603706,-0.073187997,1.299147021,1.801768317,1.179280197,-0.70890014,2019,2.00E-05,-0.215894999,-0.13189287,-0.896634615,0.201923077
603727,0.000159235,2.427018571,-2.006881833,-3.272296994,1.850666366,2017,8.47E-05,0.06236185,-0.532726642,-0.080310881,0.914507772
603727,0.010277967,1.272288217,1.081170893,-0.163907397,0.244309852,2018,3.23E-05,0.077390759,0.06236185,0.240196078,0.485294118
603727,0.007102281,0.930256084,1.306034683,-0.034187604,0.511808588,2019,9.20E-06,0.025446025,0.077390759,0.163461538,-0.692307692
603730,-0.011354315,0.919486529,0.291036098,-0.589987679,0.54774924,2019,1.02E-05,0.04368787,0.355613511,-0.201923077,-0.497596154
603733,0.032118254,1.117082905,2.041518919,0.922780174,-0.232622002,2019,8.72E-06,1.357497464,0.070700115,0.560096154,-0.769230769
603737,0.041556078,0.984329949,0.171586513,-0.321393752,0.47000087,2019,8.15E-06,1.640399452,1.939632625,0.668269231,-0.858173077
603766,-0.012381034,1.286101991,1.189380285,0.608608481,-0.212699539,2016,1.98E-05,-0.224373004,-0.09083289,-0.231017771,0.053311793
603766,-0.009415372,1.297879066,0.675548676,0.013954841,-0.381957003,2017,3.58E-05,-0.227405161,-0.224373004,-0.784974093,0.497409326
603766,0.004291656,1.026148153,0.959944252,0.135360377,0.190909064,2018,4.46E-05,-0.090348266,-0.227405161,0.06127451,0.693627451
603766,0.035886144,1.112875949,1.076531576,0.646452919,-0.023026546,2019,8.32E-06,-0.031735759,-0.090348266,0.605769231,-0.831730769
603777,-0.012459178,1.429832969,1.952770273,0.848446503,0.25730414,2018,9.26E-06,0.174215905,-0.238199133,-0.387254902,-0.789215686
603789,0.00140922,0.938838138,1.142157665,-0.419374317,0.020972794,2017,3.24E-05,0.239274666,-0.160084325,0.080310881,0.422279793
603789,-0.029417209,0.459662205,0.358449156,0.280093874,-0.279214419,2019,1.08E-05,-0.065482267,-0.151635825,-0.519230769,-0.387019231
603799,0.005013804,1.402460478,0.080669744,-0.368219822,-0.321320681,2019,7.73E-06,1.902796458,0.797156851,0.141826923,-0.911057692
603803,-0.035316435,1.422045157,1.745384597,-0.55000559,-0.309710941,2018,4.61E-05,-0.100352398,-0.005108347,-0.730392157,0.715686275
603803,0.02528769,1.281609141,0.859945595,-0.909269938,0.428103166,2019,2.39E-05,-0.257746385,-0.100352398,0.456730769,0.384615385
603810,-0.048158915,0.916253163,0.48983663,0.880755534,-0.766370864,2019,9.70E-06,-0.36305478,0.135340154,-0.745192308,-0.59375
603811,0.036442008,1.312440676,1.581466962,0.297040984,0.391536522,2018,1.01E-05,1.071202909,0.072019074,0.725490196,-0.671568627
603822,0.043476923,0.926485405,2.213691693,-0.061375681,0.275047973,2018,1.11E-05,-0.008479952,-0.173362247,0.786764706,-0.490196078
603822,-0.00548957,1.08553721,0.816613135,0.111598181,0.258051506,2019,9.30E-05,0.126461926,-0.008479952,-0.064903846,0.954326923
603825,-0.024384682,0.943735524,1.249057188,-0.035894877,-1.263424944,2019,1.01E-05,-0.435105418,1.335813352,-0.435096154,-0.519230769
603828,0.029209119,1.116111348,1.135722158,0.711950179,-0.50965152,2016,3.70E-05,-0.316222685,-0.017457993,0.395799677,0.605815832
603828,0.005560768,1.145350827,1.164217607,0.079697338,-0.15211273,2017,4.76E-05,0.737018157,-0.316222685,0.554404145,0.67357513
603828,-0.012922843,0.773276514,1.047975934,0.313772915,0.488868587,2018,6.69E-05,-0.470364268,0.737018157,-0.401960784,0.879901961
603828,0.02969964,0.632990415,-0.186473551,-0.801306537,0.753624326,2019,1.93E-05,-0.125630356,-0.470364268,0.519230769,0.132211538
603829,-0.084668651,1.514433322,2.368134004,1.151968098,1.355705146,2018,1.26E-05,-0.050056753,-0.292804639,-0.968137255,-0.257352941
603838,0.012524655,2.074911618,-1.432549364,-3.751809725,1.109456628,2017,1.27E-05,-0.05391739,-0.27832476,0.810880829,-0.360103627
603838,-0.055235343,0.955650453,0.282956588,-0.377186702,-0.384758753,2019,1.15E-05,-0.302592279,-0.091797653,-0.810096154,-0.262019231
603843,-0.00716482,0.596274945,3.791269939,0.902129687,-0.733330629,2017,2.19E-05,-0.31544589,-0.197197238,-0.70984456,0.059585492
603843,-0.021722806,0.821883617,0.499074909,-0.068642914,0.690850191,2018,2.13E-05,-0.166141614,-0.31544589,-0.56127451,0.102941176
603843,0.071234628,0.882763749,0.902971631,0.287373335,-0.506425124,2019,9.53E-06,-0.160433916,-0.166141614,0.862980769,-0.632211538
603856,0.055326233,1.321117961,3.53016608,1.872739434,-0.906357805,2018,5.07E-05,0.415666305,-0.285928133,0.892156863,0.754901961
603856,-0.017527,0.767871914,0.435828167,-0.516982176,-0.489632241,2019,1.93E-05,-0.206967936,0.415666305,-0.326923077,0.132211538
603858,-0.0034943,1.279050104,1.543594335,1.06241841,1.13138504,2017,5.74E-05,-0.194726012,-0.397835676,-0.455958549,0.777202073
603858,0.037797878,1.103258844,0.698670631,-0.088635596,0.19590735,2018,4.61E-05,0.52437344,-0.194726012,0.742647059,0.715686275
603858,0.0465733,0.950587651,0.0085962,-0.511622748,-0.039904284,2019,3.97E-05,-0.190496559,0.52437344,0.716346154,0.701923077
603860,-0.023603117,1.210860378,1.815706109,-0.296687431,0.285210243,2018,2.45E-05,-0.041738022,-0.110784247,-0.571078431,0.267156863
603861,-0.015268364,1.252349261,1.105188758,-0.250783469,0.630686466,2018,4.22E-05,-0.20768487,-0.136166085,-0.43872549,0.656862745
603861,-0.026714416,0.849851171,1.560793245,0.368516072,-0.194867021,2019,3.56E-05,0.023181793,-0.20768487,-0.46875,0.634615385
603869,0.081808279,1.149029434,1.076679938,-0.18167762,-0.512357262,2016,9.44E-06,-0.40017445,-0.037602395,0.806138934,-0.8546042
603869,-0.004184101,1.096168053,1.155783132,0.291324373,0.332421778,2017,1.56E-05,0.102584395,-0.40017445,-0.544041451,-0.168393782
603869,-0.027858745,1.066675689,1.369587405,0.068619705,0.016276112,2018,9.85E-06,-0.13212328,0.102584395,-0.647058824,-0.705882353
603869,0.015044777,1.111387014,0.211096272,-0.786338328,0.599163548,2019,1.64E-05,-0.197647374,-0.13212328,0.3125,-0.019230769
603871,0.002881226,1.091493828,0.736708622,-0.134776935,0.426786416,2019,5.38E-05,-0.001260643,0.025709871,0.110576923,0.836538462
603876,-0.01106421,1.17766498,1.427508506,0.138458155,-0.117877445,2019,9.22E-06,1.256529554,-0.144891663,-0.194711538,-0.685096154
603885,-0.00262575,1.223923058,-0.216351485,0.083863029,0.37505577,2017,1.13E-05,-0.16280574,0.014116302,-0.401554404,-0.569948187
603885,0.018860019,1.274785758,-0.622372281,-0.330726401,0.232045143,2018,3.12E-05,-0.308464569,-0.16280574,0.428921569,0.458333333
603885,0.013044825,1.227800872,-0.24690152,0.077279036,0.100808093,2019,8.73E-05,0.661973687,-0.308464569,0.266826923,0.949519231
603888,0.002263659,1.094112091,0.570987779,-0.773568496,0.857213356,2017,3.22E-05,0.166235792,-0.482498194,0.199481865,0.411917098
603888,0.015979596,1.20008435,0.134877899,-0.432224522,-0.750449503,2019,2.13E-05,-0.060673927,0.118176746,0.331730769,0.286057692
603889,-0.075894282,1.106011437,1.464747842,1.631658304,-1.192880435,2016,1.25E-05,-0.309810629,0.042832854,-0.870759289,-0.408723748
603889,0.001653968,1.136068301,0.344770579,-0.435288454,-0.252453719,2017,4.84E-05,-0.136365678,-0.309810629,0.119170984,0.676165803
603889,-0.003598164,0.449101595,0.710765602,0.364131216,-0.280034227,2018,2.38E-05,-0.170554854,-0.136365678,-0.12745098,0.230392157
603896,0.052502424,1.325005536,0.675898855,-0.654769419,0.224342141,2018,9.10E-06,-0.091146251,-0.242724658,0.867647059,-0.803921569
603909,-0.119105565,1.857070504,0.769078667,-0.509229327,1.072902343,2017,3.74E-05,-0.335264345,-0.215310352,-0.989637306,0.541450777
603909,0.015044152,0.474484732,1.728729071,0.688868557,-0.135936428,2018,1.03E-05,-0.021071899,-0.335264345,0.345588235,-0.634803922
603916,-0.11671897,1.549777151,3.142718218,2.8703848,-0.826851617,2018,2.35E-05,0.943777414,-0.073373383,-0.992647059,0.218137255
603916,-0.006842748,1.047920238,1.41099742,0.576701272,0.127713769,2019,1.04E-05,-0.017872904,0.943777414,-0.110576923,-0.466346154
603926,-0.015974715,0.933224073,1.162191206,0.48331213,-0.051620965,2019,8.99E-06,0.42171063,-0.080492381,-0.288461538,-0.733173077
603928,0.04365442,1.215546907,1.652701351,0.177190711,0.069538973,2018,3.49E-05,-0.211732975,-0.173303315,0.789215686,0.522058824
603928,-0.002533607,1.097800819,0.939050252,0.004203664,0.099571944,2019,2.02E-05,-0.016078955,-0.211732975,-0.007211538,0.213942308
603937,0.069097227,1.586427091,0.826538173,-0.067611964,0.69810884,2018,2.82E-05,0.332513017,-0.410864748,0.946078431,0.394607843
603937,0.031466454,1.34713895,1.502008927,0.159720743,-0.057009352,2019,1.31E-05,-0.163441405,0.332513017,0.543269231,-0.15625
603963,0.03036786,1.626851543,2.255551392,0.952122791,-0.477870919,2018,1.17E-05,0.003493914,-0.346530894,0.651960784,-0.375
603966,0.050046055,1.729045592,2.397870446,0.901081487,0.590540135,2018,5.88E-05,-0.05224606,0.063778616,0.850490196,0.830882353
603966,-0.019084974,1.21876427,1.506481271,0.42516051,-0.143208676,2019,2.28E-05,0.218944819,-0.05224606,-0.348557692,0.348557692
603969,-0.03367247,1.174821574,1.140536041,0.245699248,0.00739505,2016,5.14E-05,-0.547716592,0.472289017,-0.528271405,0.754442649
603969,0.021795092,1.121508866,1.699662039,-0.10889586,-0.743778054,2017,3.85E-05,0.090198536,-0.547716592,0.943005181,0.562176166
603969,0.020233097,1.350380393,1.332183222,0.024988538,0.317237147,2018,3.69E-05,-0.059656402,0.090198536,0.460784314,0.566176471
603969,0.065928584,1.147187939,0.907496807,0.205153253,0.247644798,2019,6.09E-05,-0.042507922,-0.059656402,0.836538462,0.884615385
603978,-0.063554804,1.298437273,0.713543376,-0.817139941,0.148087019,2018,2.56E-05,-0.115797489,-0.335324359,-0.931372549,0.308823529
603978,-0.198094673,1.165580261,0.641493595,-0.082553123,-0.444023772,2019,2.47E-05,-0.169122621,-0.115797489,-1,0.408653846
603979,0.011056009,1.137758007,0.716962187,0.105859127,0.406322868,2018,9.97E-06,0.216217416,-0.01929591,0.262254902,-0.68627451
603979,0.054816903,0.950137168,1.021297762,0.36017231,0.225087042,2019,2.53E-05,0.728545725,0.216217416,0.78125,0.432692308
603987,-0.003720462,1.74502595,0.623741051,-0.292677691,1.673986633,2017,1.15E-05,-0.004659788,-0.340657383,-0.481865285,-0.544041451
603987,0.044667838,0.918668671,2.018070795,0.430229996,-0.093850154,2018,1.10E-05,1.393200509,-0.004659788,0.801470588,-0.504901961
603987,0.016869872,0.880474034,1.004970614,0.348183567,-0.423206445,2019,8.60E-06,0.479610542,1.393200509,0.334134615,-0.802884615
603988,-0.009409909,1.014940754,0.771966727,1.068155704,-0.094063732,2016,6.27E-05,-0.542148753,0.184337332,-0.185783522,0.841680129
603988,0.004236929,1.15952438,0.447650096,-0.450268794,-0.317615877,2017,5.72E-05,0.13727499,-0.542148753,0.445595855,0.774611399
603988,-0.015259007,1.146556209,0.399853489,-1.363669159,1.086417379,2018,7.09E-05,0.200133788,0.13727499,-0.43627451,0.897058824
603988,-0.153505393,1.021193078,1.129721958,0.045454838,-1.183606403,2019,2.62E-05,0.363367999,0.200133788,-0.997596154,0.444711538
603991,0.016686687,1.213179634,1.400446289,-0.372921887,0.146724169,2018,4.59E-05,0.517743919,-0.143933035,0.399509804,0.713235294
603991,0.053703666,0.907787305,1.392233697,0.079834329,-0.135311714,2019,3.74E-05,0.624258585,0.517743919,0.774038462,0.665865385
603998,0.052525882,1.025331978,1.175177982,0.730714007,-0.151913789,2018,9.91E-06,-0.096664451,-0.160278368,0.870098039,-0.691176471
603999,0.001393163,1.125806985,1.123850566,-1.149826986,0.568812061,2017,3.62E-05,-0.072396663,-0.468346593,0.077720207,0.505181347
603999,0.046965959,1.380245767,1.200543217,-0.297130912,0.58263046,2018,3.57E-05,0.048471093,-0.072396663,0.823529412,0.529411765
603999,-0.009158002,1.30099993,0.632251878,-0.386081764,0.345503541,2019,4.29E-05,-0.125531626,0.048471093,-0.170673077,0.747596154
