asset,date,rank_beta,rank_br,xret_cumulative,ch4mkt_beta_avg,ch4smb_beta_avg,ch4vmg_beta_avg,ch4pmo_beta_avg,roe_avg,roa_avg,log_me_avg,bm_avg,ep_value,sue_value,cdi_value,ndp_value,ORR,TOR_growth,TOC_growth,OC_growth,Total_AGR,tl_growth,COD_IE,COD_FE,LEV,LNTAS,Liquidity,FAP,LNTL
6,2018,0.916666667,-0.240196078,0.2674101,1.052253237,0.741300004,0.207942421,0.569919925,0.027971054,0.012279254,15.75348526,0.984463876,0.015313623,0.019462597,-2.463151657,0.623950712,0.260421604,0.260421604,0.219276744,0.148542063,-0.03840683,-0.142868065,,0.018681586,2.088804817,23.42920725,2.754513335,0.000985957,22.7776958
8,2016,-0.195476575,0.757673667,-0.322403628,0.673471998,-0.518027477,-0.657421066,0.693231676,0.00769799,0.005554425,16.61169413,0.402330416,0.000808542,1.50575289,-0.649800828,0.146854922,0.28421672,0.28421672,0.30307932,0.168449868,0.166116307,0.232412354,,0.024365867,1.374075816,23.00451785,1.962625925,0.024843366,21.7034397
8,2019,-0.742788462,-0.627403846,-0.256721741,0.752096445,0.559083966,0.412609702,0.568006861,-0.004308802,-0.002666316,15.73148731,1.053536575,-0.014591955,-2.745860794,-0.804070805,0.93716505,0.239947241,0.239947241,0.106932227,0.085281021,0.074199052,0.351846898,,0.021696348,1.955475307,23.2684714,1.185639723,0.033596004,22.55229175
11,2019,0.860576923,-0.165865385,-0.225864392,1.399708537,1.334536297,0.371993406,-0.728759505,0.016129638,0.004341306,15.82027278,0.476503009,0.032284277,-0.235190543,-2.620845307,0.641765189,0.787984582,0.787984582,0.452516745,0.233106524,0.213249269,0.176404562,,0.000313485,3.159232693,23.3098021,2.120331239,0.008196379,22.92922585
12,2016,0.243941842,0.621970921,-0.296138339,1.558348445,0.641856551,0.395701743,0.326526639,0.029712589,0.013864355,16.29200685,0.737398745,0.018507839,0.167890787,-1.788185117,0.890851024,0.106552536,0.106552536,0.12683388,0.096851075,0.144701026,0.19843727,,0.031379001,2.251400504,23.74490032,0.807263743,0.56001964,23.15761118
12,2017,0.334196891,-0.28238342,-0.079703538,1.093374675,0.865707375,0.076892286,0.156669122,0.015746835,0.007251209,15.91405895,1.147778207,0.01672156,-1.028837172,,0.798794725,-0.106546143,-0.106546143,-0.107801571,-0.104432313,-0.10122503,-0.234203299,,0.031275182,1.89967399,23.63817773,0.809076632,0.558440145,22.89077263
12,2018,-0.678921569,0.323529412,0.188846423,1.169370559,0.492251139,-0.392109377,0.321259693,0.017318816,0.009040901,15.99567771,1.117300954,0.011398999,0.095344296,-2.441927867,0.598792571,-0.094925057,-0.094925057,-0.123488033,-0.139405411,0.049716286,0.065875109,,0.026288301,1.926352321,23.68669766,0.973425695,0.438045971,22.95456879
12,2019,-0.629807692,-0.240384615,1.059974196,1.294375685,0.937486234,0.146095209,-0.491203925,0.036348698,0.020016969,16.44130944,0.776121328,0.028862244,0.374758839,,0.224069681,0.495133723,0.495133723,0.258318723,0.306073618,-0.041375653,-0.260614324,,0.026012253,1.589585823,23.64444166,1.661898269,0.470957615,22.65263319
16,2018,-0.360294118,0.041666667,0.624161418,1.015862435,0.333539636,-0.598528207,0.144022853,0.007788123,0.002120413,15.99038122,1.177226508,-0.025421059,-1.718909986,-1.238309355,2.438008183,-0.326936325,-0.326936325,-0.312574828,-0.34064337,0.146797037,0.194546058,,0.017232782,4.379235447,24.49622916,1.166472034,0.059863931,24.23700449
19,2019,0.538461538,0.120192308,-0.085059288,1.159202352,1.169659797,0.269348635,0.030369966,0.024124738,0.016216027,14.97712725,1.498864041,0.046238383,1.054587968,-0.795518045,0.856696857,0.110066208,0.110066208,0.101739281,0.10214553,0.199326155,0.625370033,,0.01089856,1.878210425,22.85503144,1.764816533,0.158878676,22.09484297
21,2016,-0.363489499,0.321486268,-0.2112828,1.256579713,0.307177806,-1.22601037,-0.656716276,0.025901759,0.009977185,16.37169566,0.455753318,0.009096306,1.356220845,-1.589612569,0.402238007,0.150010739,0.150010739,0.155438022,0.173999134,0.01258627,-0.003196057,,-0.00665073,2.503811327,23.42344743,1.082421994,0.172015447,22.9136361
21,2017,0.46373057,-0.652849741,0.188620373,1.119234861,0.606246598,-1.269825125,0.525160254,0.03108879,0.012970111,16.134602,0.622377557,0.009395779,0.194107859,,0.276402526,-0.217602455,-0.217602455,-0.238184613,-0.252721663,0.014238259,-0.030037138,,-0.016234765,2.349568846,23.43758528,1.114495267,0.165522099,22.88313861
31,2017,-0.42746114,0.259067358,0.12209808,1.275489221,0.860849317,0.793652679,0.149445317,0.064284055,0.0092439,16.15545353,1.755751384,0.155033253,0.210246854,-0.115327381,8.722211979,2.658286852,2.658286852,2.23325082,2.424012599,0.990596534,0.829966851,,0.013989397,4.667771655,25.85906427,1.523424115,0.026020916,25.61970996
31,2018,-0.50245098,-0.990196078,-0.219331797,1.189531405,0.184503788,0.315012633,0.473414561,0.022537554,0.004921103,16.22917715,3.513720935,0.050025625,-1.063544799,-1.894411366,12.10758119,-0.332989825,-0.332989825,-0.281469873,-0.272349811,0.158823529,0.157581747,,0.012224769,4.651627976,26.00646957,1.646874406,0.020969606,25.76604308
32,2018,0.965686275,0.031862745,1.168592659,1.105349341,1.202108465,-0.862614026,0.531902169,0.01870253,0.013419855,15.58202233,0.279213465,0.001670517,3.235877651,,-0.028399385,-0.203770036,-0.203770036,-0.166432137,-0.169544561,0.087124017,0.128605457,,-0.021658586,1.380441703,21.55263064,2.888316677,0.037191611,20.26380479
32,2019,0.189903846,0.175480769,-0.138768803,0.827913091,0.43060117,-0.626178286,-0.181292096,0.020918322,0.01499499,15.98684519,0.199059812,0.002239369,0.999696678,-2.586628294,-0.021436346,31.980804,31.980804,33.49459934,35.2663735,15.96079768,48.45483379,,0.043302721,5.091294299,24.38353531,1.195867473,0.101665155,24.1648646
35,2017,0.5,-0.898963731,-0.12082868,0.688906958,1.019685849,-0.634068386,0.463889948,0.027301047,0.010465677,15.63990959,0.725048556,0.013062388,-0.899178278,,3.467193713,8.318004703,8.318004703,9.196043682,10.75955629,4.026006279,5.071820209,,0.0196718,3.988624773,24.45075968,0.928465892,0.1759258,24.16212652
35,2019,-0.6875,0.737980769,-0.119732565,0.828325117,0.602512391,0.668359212,0.122948332,0.016737023,0.004093742,16.22032035,1.110052151,0.014297383,-0.509756985,-2.370004794,2.573621798,0.071527413,0.071527413,0.068363953,0.063263313,0.07154411,0.09045701,,0.023351048,4.264653104,24.68860295,0.797212395,0.145428429,24.42139562
36,2016,0.583198708,0.308562197,-0.28155691,1.399084303,2.060147727,2.064431209,-0.203246626,0.034239856,0.018703777,16.15531187,0.484477439,0.017224183,-1.377397255,-2.118389859,0.336232758,-0.505958489,-0.505958489,-0.473490335,-0.552917264,0.217401222,0.463981128,,-0.001415318,2.043327,23.03065464,2.301762163,0.087133131,22.35848992
37,2019,-0.725961538,0.586538462,-0.337294114,0.966683706,0.993712415,0.182663447,-0.712324132,0.022736593,0.015124819,15.1443037,0.580162461,-0.005466493,-1.195362954,,0.004697934,-0.273179672,-0.273179672,-0.213309902,-0.224888744,0.050666371,0.142626242,,0.006308176,1.536266432,21.8883394,1.954270711,0.281912184,20.83586016
39,2016,0.670436187,0.0726979,-0.272276566,1.65729824,0.904773434,0.487340966,0.178859799,0.015253543,0.004675931,16.94602157,1.843008894,0.034678234,0.397880456,-3.301334141,4.623577767,0.304705415,0.304705415,0.317475061,0.378508627,0.069767442,0.078049575,,0.00741963,3.313640305,25.65051952,1.097832608,0.165478812,25.29407559
39,2017,0.720207254,0.401554404,0.013193088,1.274940104,0.632735519,0.416878669,0.115899155,0.024494236,0.0074612,16.54909291,3.015780985,0.031480846,-0.317084382,-1.794455064,5.742445383,-0.019344842,-0.019344842,-0.012451528,-0.016124553,0.188405797,0.137185345,,0.010706544,3.054812311,25.82313226,1.126536008,0.14472672,25.4226318
39,2018,-0.433823529,0.276960784,-0.322696611,0.994264771,0.235868804,0.05656442,0.484340164,0.000617154,0.000205428,16.40729053,4.153433994,-0.062080375,0.106987806,-2.11396862,9.071459377,-0.076921739,-0.076921739,-0.061051221,-0.069855829,0.079268293,0.100037211,,0.011279758,3.156299356,25.89941557,1.309115295,0.212542407,25.51797581
40,2019,-0.125,-0.805288462,-0.058998452,1.038234922,1.456944876,0.007228784,-0.022936734,-0.001708789,-0.000746838,14.96736581,4.125212594,-0.027936579,0.277042379,,3.47422945,0.290722015,0.290722015,0.20788449,0.343579796,-0.127930711,-0.153764335,,0.07791675,2.203208582,23.99676053,1.177654959,0.199424348,23.39183759
50,2018,-0.024509804,-0.897058824,0.132559398,1.250622628,0.561649608,-0.699587248,-0.123082317,0.013274061,0.005574243,17.10527436,1.002288588,0.010726793,0.195781446,-2.297342478,1.158382329,-0.036855235,-0.036855235,-0.053366851,-0.080006919,0.097004952,0.145351204,,0.017286586,2.552449534,24.96725805,0.882272607,0.386332977,24.47003858
55,2016,0.205169628,0.838449111,-0.221132864,1.398984927,1.002007222,0.444233081,0.404831919,0.0523053,0.018449632,15.38460104,0.555296585,0.025807088,0.654649344,-4.19535222,0.784115031,0.030249071,0.030249071,0.050383694,0.035519507,0.253675718,0.138310904,,0.020007559,2.399337898,22.78923825,1.578281694,0.060073695,22.25004462
55,2017,-0.759067358,0.494818653,-0.074416991,1.042958332,1.173294739,0.009446404,0.163458169,0.028256835,0.012192526,15.05082622,1.081889929,0.020156145,1.426614217,-1.068216404,0.945312216,-0.011206227,-0.011206227,0.091721511,0.139584955,0.386145349,0.274441764,,0.031042672,2.156191287,23.11576501,1.087193577,0.039480508,22.49255287
55,2018,0.924019608,0.848039216,-0.149733938,1.122507748,1.30590265,0.214989984,0.344124735,0.010497763,0.004905783,14.92938019,1.691358519,0.031972715,-1.625188749,-2.78568492,1.233680001,-0.122227358,-0.122227358,-0.096495243,-0.089765138,0.049445946,0.066469993,,0.019946994,2.197405078,23.16402737,1.192927643,0.04218834,22.55690699
55,2019,-0.850961538,0.862980769,0.047863148,0.915884562,0.789567334,0.206720406,-0.027700402,0.013293813,0.00601985,14.93467759,1.743783843,0.024433391,-0.275189055,,1.156703541,0.253410616,0.253410616,0.265128562,0.245546843,0.020852965,-0.021395749,,0.018708244,2.093653159,23.18466588,1.394078218,0.048326141,22.53527904
59,2019,0.235576923,0.471153846,0.797015222,1.006243944,1.046569727,0.699568278,-0.099443418,0.026202042,0.012023693,16.04469977,1.492028123,0.042326789,0.712685569,,0.634897895,0.405194095,0.405194095,0.262623064,0.19696822,0.02004014,-0.055620143,,0.018851557,2.121778484,24.1635899,1.860833337,0.386018952,23.52625062
60,2016,-0.55088853,-0.886914378,-0.339990675,1.606320405,1.09103858,0.908171641,-0.161911088,0.032213167,0.017284223,16.96204032,0.451306178,0.019437831,0.572158038,-5.523092502,0.286684556,0.15246424,0.152458444,0.151107275,0.16035562,0.051071365,0.089713599,,0.030694403,1.846815761,23.67961954,1.18432646,0.285537006,22.89988446
60,2018,-0.18872549,0.225490196,-0.202874188,1.106639523,0.50929523,0.193478888,0.373976253,0.016340526,0.008877806,16.44747992,0.805165897,0.0108702,1.111029661,-4.946838481,0.343230677,0.549110823,0.547853929,0.556185799,0.602178754,0.055609139,0.062888376,,0.015990198,1.826991578,23.76691977,1.063025373,0.353860073,22.97428833
60,2019,-0.454326923,-0.024038462,0.219126756,1.479393602,0.760137129,0.996164524,-0.102557096,0.021034398,0.011284771,16.5993825,0.762582606,0.017435218,2.495892274,-1.01297666,0.510967468,0.400422036,0.400162448,0.400093798,0.40798651,0.239605031,0.360530081,,0.011879851,1.987316514,23.98171257,1.530663054,0.279366592,23.28216272
65,2016,-0.705977383,0.909531502,-0.520266378,1.554555115,0.721862484,-0.074274721,0.598503835,0.032388319,0.010022604,15.81823543,0.55305888,0.016341209,-1.012965827,,0.568638019,-0.178490386,-0.178490386,-0.231799482,-0.259880569,-0.070959232,-0.164080793,,-0.039456882,2.695913211,23.18035971,1.49280571,0.037733339,22.71684407
65,2017,0.966321244,0.989637306,0.132845187,1.245571882,1.255001262,0.47847438,0.128503128,0.02706236,0.010046795,15.53459333,0.809821132,0.007190659,-0.251824329,,0.466656192,-0.068197535,-0.068197535,-0.073493752,-0.088986305,0.000202321,-0.078290653,,0.009781782,2.379257069,23.18056201,1.543543324,0.035799825,22.63531873
65,2018,0.556372549,0.980392157,-0.165083947,1.259570304,1.179704214,0.408587642,0.1821913,0.028593648,0.011809207,15.45910806,0.991767901,0.008389755,0.388361324,-0.461228035,1.350290764,0.073056996,0.073056996,0.143059601,0.167766791,0.45374496,0.666436365,,-0.00607094,2.980753404,23.55470497,1.434272517,0.040569941,23.14600616
65,2019,0.485576923,0.995192308,0.176098413,1.049768089,0.690805059,0.688550901,0.082910217,0.031628749,0.010588063,15.46919113,1.152972357,0.01224304,0.237822589,-1.972017401,1.29978544,0.074221293,0.074221293,0.096715582,0.080760148,0.129674885,0.122759595,,0.007682264,2.945044282,23.67663485,1.669839102,0.041391582,23.26179574
69,2017,-0.598445596,-0.652849741,0.034928684,1.261704584,-0.140996045,0.603283895,0.266053712,0.031030077,0.008272195,17.59234451,1.658572703,0.025617406,0.684503606,-0.620263419,4.350719905,0.199483734,0.199483734,0.195481528,-0.040474698,0.303501946,0.363642032,,0.011487477,4.29744674,26.53739637,1.602409639,0.042784391,26.27097639
70,2016,-0.331179321,0.525040388,-0.390256724,0.966635191,0.752498227,-0.730026832,-0.377514187,0.031762172,0.01248385,15.4776271,0.432506409,0.014248782,1.219452787,-1.438938431,0.847899289,0.027516923,0.027516923,0.035030557,0.044795973,0.235194862,0.291670543,,0.027750935,2.738156906,22.63082409,1.26712451,0.081627162,22.17636436
70,2017,0.147668394,-0.621761658,1.000893613,1.033830499,0.840902654,-1.648843194,0.028175918,0.024753466,0.009194444,15.56793501,0.47732656,0.004229382,3.133126185,-1.37829219,0.405883925,-0.165568672,-0.165568672,-0.14600647,-0.166012679,0.073480619,-0.01143098,,0.022409726,2.407198312,22.70173037,1.355110211,0.092055025,22.16486754
70,2019,-0.615384615,-0.663461538,-0.177640255,1.288703066,1.023167473,-0.191918225,0.360204343,0.005941199,0.002324681,15.75773914,0.503318758,0.000904828,-1.240122182,-0.974611374,0.540977079,0.37914431,0.37914431,0.355687096,0.419988858,0.029322693,0.118265226,,0.017107482,2.786725285,22.84624928,1.388275131,0.064587133,22.4017666
88,2016,-0.754442649,0.360258481,-0.381722289,1.424697291,1.051668473,0.311190454,-0.304286104,0.015744451,0.012240844,16.55919312,0.448870729,0.005003557,1.145930453,-1.22522781,0.097163786,0.180193877,0.180193877,0.229199077,0.166854859,0.111598562,0.269525816,,0.000731227,1.336693149,22.99294725,2.543476313,0.063583604,21.61416518
88,2017,0.971502591,0.551813472,-0.177024709,1.179364383,0.842988919,0.183443398,0.133172409,0.015005,0.011308531,16.20160775,0.691449235,0.005530302,0.900632261,-1.985473275,0.188833401,0.532204676,0.532204676,0.578793784,0.650775632,0.086998702,0.072409609,,0.008461124,1.330679928,23.07636766,2.302431183,0.174483396,21.68407327
88,2018,0.539215686,-0.318627451,0.071539667,1.007176992,0.426224519,-0.143112026,0.570575703,0.012204485,0.009178352,16.13543207,0.797131021,0.001689281,-1.245088162,-2.281024344,0.193113008,-0.194034768,-0.194034768,0.125881298,0.094712843,0.065560925,0.106538223,,0.014897175,1.347819685,23.13986901,1.238267533,0.282732337,21.78530969
88,2019,-0.129807692,-0.221153846,0.004991045,1.221559897,1.048911097,0.255529233,0.668667921,0.014012804,0.010550176,16.44349475,0.693183778,0.006809689,-0.257555794,-2.058863312,0.171135057,0.345040296,0.345040296,0.079419985,0.137272759,0.191844016,0.133510616,,0.008875306,1.325258974,23.31537071,2.913337895,0.258141994,21.91062925
89,2016,0.457189015,0.34733441,-0.174571306,0.940249014,-0.101987266,-0.096539893,0.262263353,0.016057878,0.013655471,16.68021149,0.635255047,0.01026465,0.062802544,-2.792979114,-0.017318242,0.121825743,0.121825743,0.131952424,0.124891067,0.032961954,0.037708149,,,1.177477157,23.32011011,2.143371677,0.531477141,21.42782259
89,2017,0.349740933,-0.528497409,0.144915447,0.81496628,-0.191665411,0.109209974,-0.23135526,0.017261472,0.014682829,16.67032981,0.670275018,0.009632411,-1.242222182,,-0.041527745,0.055659041,0.055659041,0.08197805,0.105709906,0.038642645,-0.026169339,,,1.164579796,23.35802482,2.275338866,0.530060016,21.40130474
89,2018,-0.75245098,0.703431373,-0.134802545,0.9687508,-0.099813869,-0.049665456,0.317045632,0.008034385,0.006921948,16.72614806,0.655545162,-0.007550255,0.321390917,-2.440212081,-0.027119929,-0.310348303,-0.310348303,-0.002876907,0.001643256,-0.000665692,0.097709764,,-0.916096505,1.183758335,23.35735891,1.252976391,0.52129908,21.49453072
89,2019,0.257211538,0.5625,-0.001212601,0.968378845,0.177275194,0.307527601,0.189685195,0.003827573,0.003224474,16.66880133,0.686697599,0.003325384,-0.214844635,0.920037102,0.124018031,0.23467366,0.23467366,0.093267833,0.014925914,0.384597193,2.357137063,,0.042457114,1.603547493,23.68276817,0.674222649,0.37857171,22.70561927
90,2016,-0.486268174,-0.056542811,-0.322281195,1.350065509,1.065371314,0.502485935,0.342632465,0.022634488,0.006695406,15.86359802,0.84982449,0.009211733,-1.260786857,-0.624158034,2.929731403,0.111838557,0.111838557,0.166097713,0.374082393,0.127057448,0.179456535,,0.014248417,4.000214496,23.95902521,1.71918271,0.011957366,23.67136101
90,2017,0.39119171,0.012953368,0.059439259,1.153843179,0.9673252,0.516826724,0.077024095,0.004585563,0.001051247,15.7538337,1.019395282,0.006886168,1.930591637,-2.284798829,1.91167023,0.132975076,0.132975076,0.1717916,0.130665839,0.33098171,0.322332063,,0.007825797,3.92371198,24.244942,1.806914099,0.008955989,23.9507579
90,2018,0.473039216,0.637254902,0.467283144,0.97999207,0.534206979,0.204046292,0.331644178,0.032075066,0.007441047,16.13312105,0.908172658,0.076002328,0.747847294,-1.29136733,1.867822582,0.850167742,0.850167742,0.542314552,0.441352712,0.277375558,0.278575485,,0.006026054,3.934517918,24.48974963,1.673481748,0.009384528,24.19650446
90,2019,0.463942308,0.223557692,-0.161159567,1.11688737,0.592548336,0.59880848,0.049859874,0.038486797,0.009742686,16.31707579,0.932367378,0.089198177,-1.72601748,-1.157197062,2.681316551,0.069119397,0.069119397,0.069689342,0.074264742,0.238334633,0.299931136,,0.007593297,4.606986044,24.70351707,1.451470827,0.008974986,24.45881575
99,2018,0.37254902,-0.193627451,-0.037222313,1.053578442,0.725568236,-0.164077024,0.230641128,0.015763581,0.0088931,15.26684861,0.784449748,0.005268822,-0.297996509,,0.24032483,-0.083337052,-0.083337052,-0.022806894,-0.02769822,-0.034004222,-0.13642525,,0.064229864,1.661539437,22.46426573,2.228643756,0.410492024,21.54333551
99,2019,0.048076923,-0.213942308,-0.025499337,0.98667988,0.90028692,0.188086727,0.083051063,0.01527125,0.009586777,15.27425603,0.820740529,0.007905412,0.696448977,,0.089976212,0.094991292,0.094991292,-0.014266974,-0.012453855,-0.046392975,-0.265435291,,0.032215389,1.442365177,22.41676211,4.358685097,0.405897244,21.23485832
100,2018,0.637254902,-0.965686275,0.874545986,1.219905079,0.2559039,-0.726026526,-0.124632903,0.012871618,0.004575724,17.81580725,1.195596764,0.003446723,-1.816814567,,1.077492895,-0.330010744,-0.329262911,-0.297284788,-0.284182312,0.193548387,0.283500104,,0.011831241,2.850898487,25.94362166,1.127778843,0.323553935,25.51026922
151,2016,-0.105008078,0.728594507,-0.363174933,1.271997897,1.507698952,-0.084777386,-0.073197095,0.01673215,0.007225609,15.16010297,0.261563251,0.003851767,-0.277808331,,-0.001703612,-0.194768653,-0.194768653,-0.218336071,-0.207620937,0.133412362,0.233592205,,-0.381748106,2.470504381,21.60060433,1.489745481,0.027325678,21.08178746
151,2017,0.984455959,0.924870466,-0.00778693,1.213585519,0.98260571,-0.333405593,0.511931891,0.013188904,0.005603356,14.95663671,0.316905393,0.000183031,-0.242522191,,0.14135259,-0.479735904,-0.479735904,-0.416583164,-0.446045084,-0.060809828,-0.07244457,,-0.02426971,2.426305122,21.53786704,1.399419984,0.025378838,21.00658473
151,2018,-0.245098039,0.982843137,-0.275758433,1.021766975,0.925265963,-0.173146423,0.482579104,0.008176475,0.003439306,14.72258901,0.38562539,0.003098695,-0.43072625,-2.970274473,0.377091116,-0.056045868,-0.056045868,-0.071124972,-0.06756521,-0.009966151,-0.032329111,,-0.014622817,2.350575483,21.52785089,1.363151599,0.024482822,20.97372149
151,2019,-0.069711538,0.894230769,-0.155431407,0.791336236,0.997820681,0.268873363,0.031544184,0.001803411,0.000765558,14.61036002,0.392996724,0.001325998,-2.673585484,-3.492964637,0.37519015,-0.532882708,-0.532882708,-0.42721975,-0.561066099,-0.145404108,-0.17149128,,0.033889404,2.257504627,21.37072433,1.402375871,0.025517481,20.78559358
153,2018,-0.93872549,-0.210784314,0.236939445,0.924053621,1.08397406,0.732333699,-0.598033864,0.017207247,0.007033492,14.55868269,0.631375671,0.008860083,0.081333321,-1.282884526,0.773113113,0.006314199,0.006314199,0.011089338,0.009285292,0.091820721,0.119237809,,0.032708087,2.548651825,21.97789865,0.876937042,0.198669238,21.47971889
156,2017,-0.461139896,-0.406735751,0.15256975,1.011513654,0.432499159,-0.499692942,0.593420662,0.017537875,0.012654181,16.31948941,0.87442158,0.016193849,-0.90207765,-3.090362185,-0.076726985,0.057605825,0.057605825,0.038627646,0.08491751,0.057501797,0.104056209,,,1.43648526,23.46197144,2.928299188,0.185769694,22.27077143
157,2016,0.453957997,0.857835218,-0.069239394,0.96470175,0.586031674,0.510595802,0.047495567,0.008947101,0.003747338,17.12530718,1.395231611,0.014502792,0.268570793,,1.512646847,0.150908632,0.150908632,-0.371536422,0.063498625,-0.037950671,-0.060558433,,0.025560142,2.322399788,25.19282207,2.16407983,0.064038063,24.62966914
157,2017,0.411917098,0.924870466,0.514150317,0.870997916,0.567768292,0.568694393,0.060810818,0.015013123,0.00661879,17.08054072,1.487648591,0.025970466,1.257126137,-1.389243023,1.277259262,0.512342142,0.512342142,0.38345377,0.422774319,0.16814448,0.286146524,,0.026253885,2.714817687,25.34823865,1.527706812,0.055883085,24.8813197
157,2018,-0.009803922,0.916666667,0.101317382,1.205279246,0.439287156,1.103478395,-0.173507962,0.027167302,0.010422933,17.47190905,1.008954757,0.025380459,0.355767769,-4.295331731,1.125958577,0.294901508,0.294901508,0.247607602,0.306743629,0.058823529,-0.012700848,,0.002468993,2.387316438,25.40539706,1.802295238,0.052253431,24.8685375
157,2019,-0.204326923,0.860576923,0.454091323,1.423702688,-0.177792235,0.745203163,-0.261171349,0.045680738,0.019068589,17.98514025,0.763944637,0.04005704,0.778957631,-1.125355248,0.911864759,0.472542543,0.472542543,0.517989519,0.563214335,0.268518519,0.269670441,,-0.000375826,2.421831472,25.64324676,1.682649401,0.046049714,25.10729487
158,2016,-0.702746365,0.211631664,-0.437159726,1.134007508,1.210517044,-0.010747919,-0.136109369,0.001852168,0.000897137,15.99400669,0.663915529,-0.003219063,-0.422688895,-2.303745545,0.7674905,-0.173567131,-0.173567131,-0.162660095,-0.187931364,0.034325063,0.039946212,,0.034310735,2.108421004,23.25402863,1.421902482,0.125065953,22.61102578
158,2017,-0.961139896,-0.582901554,-0.223190951,1.230174491,1.316603855,-0.358600488,0.29840301,0.001184146,0.000559846,16.00531078,0.673190075,-0.001816598,-0.785854981,-2.082140125,0.672540285,0.159915389,0.159915389,0.146889818,0.1570993,0.075966095,0.137920458,,0.035271422,2.252160951,23.32724758,1.296492255,0.159179304,22.74022822
158,2018,0.794117647,-0.517156863,0.89826548,1.180188285,1.036255563,-0.746738178,-0.605129095,-0.002882293,-0.001267694,16.27550808,0.522906027,-0.006461445,-0.863018178,-2.644739652,0.366292815,-0.172545655,-0.172545655,-0.139396852,-0.173298895,0.038366744,0.091318465,,0.039581522,2.405780114,23.36489662,1.210536497,0.167146204,22.82761479
158,2019,-0.413461538,0.112980769,0.083579196,1.329052702,1.104178019,-0.76372118,0.687387521,-0.003733226,-0.001571478,16.24533005,0.535798866,-0.005795086,1.10184917,-3.522950053,0.322754346,0.134157711,0.134157711,0.122326483,0.139669256,0.011176495,0.003658191,,0.032104866,2.380894381,23.37601112,1.276364275,0.169349082,22.8312663
159,2017,0.339378238,-0.422279793,1.046892888,1.152831384,2.382959349,1.088341622,-0.00640559,0.015363545,0.011736492,14.76560865,0.866497283,0.006014946,0.921476964,,0.112775119,-0.485021174,-0.484352135,-0.451369319,-0.491870676,-0.035845498,-0.277075642,,0.030118584,1.242740706,21.70256616,2.928652925,0.124061979,20.06948552
159,2018,0.389705882,-0.416666667,-0.383109778,1.347346812,1.667557104,-0.419073881,1.07578284,-0.008997034,-0.006939576,14.787877,0.816343176,-0.01258021,0.275821297,-3.954122233,0.217094949,0.029159113,0.030023451,0.002001773,-0.095912218,0.061857704,0.147960876,,0.05790806,1.267692946,21.76258609,2.842808796,0.108256981,20.20747274
159,2019,0.802884615,-0.408653846,0.242992541,1.404397322,1.016098166,0.243262803,0.680791388,0.008945111,0.00709099,14.83257894,0.802447546,0.01135181,-0.22121473,,0.092402421,1.415803329,1.40775453,1.476357607,2.163261417,-0.051046489,-0.268789049,,0.077067849,1.194332722,21.71019062,3.148317495,0.095783626,19.89441946
301,2018,-0.950980392,-0.588235294,0.018157155,0.838419881,0.39787551,0.444802007,-0.124554255,0.026441627,0.012673257,15.64719145,2.268560579,0.028898648,0.814478077,0.227895437,2.156097116,-0.228683574,-0.228683574,-0.165097509,-0.174698242,0.465987192,0.433534937,,0.018777943,2.260227931,24.52073941,0.841967289,0.290284883,23.93656635
301,2019,0.649038462,0.338942308,2.730486664,0.947547917,0.087677131,0.197219323,-0.067482669,0.011652627,0.004769223,16.54220953,1.545991984,0.016519404,-1.566407465,0.321170672,0.816566074,0.654257615,0.654257615,0.483972453,0.51355788,1.218237267,1.99610022,,0.00626132,4.05001099,25.31745227,1.302285396,0.178130691,25.03387787
333,2018,0.732843137,-0.789215686,0.166788676,1.264833965,-0.524025199,0.648812649,0.252625695,0.063972987,0.0229581,19.73384038,0.281968651,0.011742909,0.106614325,-2.824782858,0.251726863,-0.097402597,-0.090909091,-0.080882353,-0.037037037,0.179577465,0.198826397,,-0.017297758,2.991071429,26.53739637,1.244318182,0.066504454,26.12729619
338,2016,-0.050080775,-0.828756058,0.35691073,1.625565455,-0.16463732,0.188843827,-0.024749279,0.046026256,0.012485157,17.37372785,1.51740225,0.067813869,5.037611335,-2.654919652,2.281776417,0.137604646,0.137604646,0.105330216,0.128948445,0.08839779,0.043053982,,0.001883784,3.362429941,26.00646957,1.28654457,0.134275089,25.65637874
338,2017,-0.67357513,-0.069948187,0.457625761,1.15198404,0.377449238,1.174799134,-0.158536203,0.045471002,0.013602765,17.50444219,1.540896007,0.0646624,0.354088505,-2.32790863,1.742568299,0.10452445,0.10452445,0.094955351,0.105155886,0.177664975,0.199375074,,0.004782129,3.522573796,26.17000321,1.185185185,0.099609918,25.83817939
338,2018,-0.316176471,0.161764706,0.139016629,1.58849636,-0.051988637,1.01421066,-0.256901915,0.041340344,0.012306264,17.81865805,1.246249197,0.044506119,-1.077577382,-2.637446776,1.553817193,0.039973176,0.039973176,0.06307944,0.06875418,0.125,0.12272915,,0.006624017,3.524239215,26.28778624,1.169354839,0.111321677,25.95394185
338,2019,0.211538462,-0.081730769,0.305767557,1.157128018,0.008634937,0.566631575,0.127584663,0.044947354,0.013054007,18.11493061,1.057954512,0.057617534,-0.008871969,-1.548152331,1.367664951,0.333410105,0.333410105,0.331350749,0.35544787,0.164750958,0.086911575,,-0.008124298,3.00990099,26.44029354,1.295774648,0.106323115,26.03728211
400,2016,0.49273021,0.360258481,-0.568676677,1.06211893,0.888804213,-0.008960913,-0.272596096,0.013614874,0.007280793,16.34484308,0.646673874,0.00311352,-0.898540657,-6.248860052,0.770898574,-0.184331987,-0.184331987,-0.184450044,-0.175959526,0.013345379,-0.064110436,,,1.805059833,23.42588132,1.925545545,0.076484112,22.6184489
400,2017,0.049222798,0.619170984,0.148901977,0.989556263,1.095835863,0.485120033,-0.375841331,0.006400258,0.003600318,16.04864423,0.894600039,0.003101076,-1.64426168,,0.569660646,0.149661169,0.149661169,0.181307675,0.156625207,-0.048750904,-0.141150495,,0.007281563,1.674142718,23.375902,2.092707964,0.082764085,22.46628733
400,2018,-0.208333333,-0.154411765,0.442173909,1.095225736,1.095282781,0.197843015,-0.010796779,0.011495011,0.006767666,16.20268196,0.800571493,0.003215824,1.246606472,-2.568427669,0.379884702,0.356131498,0.356131498,0.270562332,0.301281503,0.120290476,0.232981378,,0.010082806,1.795929257,23.48949,2.121530127,0.095794615,22.67572245
400,2019,-0.870192308,-0.233173077,-0.048095781,1.255963622,0.88702526,0.530258901,-0.253793029,0.020001084,0.011340786,16.48554811,0.629053537,0.007521728,0.238113972,-2.435751037,0.417329645,0.196067187,0.196067187,0.179760327,0.187416937,0.018540783,-0.060553815,,0.006396674,1.691388364,23.507861,2.335395548,0.093200069,22.61325771
401,2017,-0.163212435,0.272020725,1.00537635,1.169233384,0.56688729,0.756243466,-0.192002822,0.072671415,0.021547916,16.70088112,1.107662524,0.004547845,0.543950186,-1.220600125,1.215190064,1.055108795,1.055108795,0.832616617,0.984017865,0.506606187,0.141180961,,0.042822571,2.224430645,24.87181572,0.731589985,0.520986354,24.27479069
401,2018,-0.928921569,-0.105392157,-0.077951312,1.352075517,0.610490607,1.008727874,0.225616499,0.042169841,0.018601049,16.92412406,1.314582389,-0.018177837,0.197284936,,1.145416214,-0.113514268,-0.113514268,-0.087899206,-0.078704091,-0.053053219,-0.098613587,,0.038178967,2.100677774,24.81730334,0.841625426,0.528401243,24.17096945
401,2019,-0.834134615,-0.954326923,-0.213769501,1.021034429,0.588847595,0.951874194,0.292117864,0.044371654,0.021036235,16.83200806,1.478174725,-0.001284769,0.533875217,,1.199569448,0.14473253,0.14473253,0.165277868,0.23573884,-0.001120558,-0.12986778,,0.023608598,1.839685015,24.81618215,1.299202119,0.509559191,24.03185934
403,2019,0.512019231,-0.240384615,-0.257120631,0.685388026,-0.757252255,-0.757970592,0.327437795,0.050006886,0.028495931,16.71670923,0.123350082,0.003703044,2.344915688,-0.843628483,-0.009417666,0.85101812,0.85101812,0.713206475,0.875776572,3.243719071,-0.11484256,,-0.055033652,1.110522473,22.63320641,4.110277333,0.106724088,20.3258394
404,2016,0.095315024,0.373182553,-0.455425347,1.258261769,0.963034164,0.034872636,0.158173863,0.011493424,0.004535537,15.24762959,0.982044444,0.010812196,-2.020095541,-1.933707944,1.368193284,0.084759259,0.084759259,0.118411444,0.099025636,0.067134173,0.090205404,,0.01139601,2.418584806,23.04033614,1.353131462,0.145056979,22.50681332
413,2018,-0.019607843,-0.948529412,-0.481808607,1.206701294,1.3582265,-0.588186303,-0.020623859,0.005263858,0.002476355,16.70547302,1.914677237,-0.025666988,-3.111796985,-5.459794659,1.992882422,-0.673054997,-0.673054997,-0.530069256,-0.62273037,-0.072666646,-0.041814249,,0.044531237,2.180989164,24.91582076,1.324767951,0.139098372,24.3023946
413,2019,0.540865385,-0.96875,-0.23316809,0.975243522,1.164887291,-0.103842856,0.427520495,-0.01299368,-0.005967302,16.26682564,2.608774281,-0.047119388,0.282354689,,2.413561166,-0.101126508,-0.101126508,-0.06671586,-0.098845765,-0.053886648,-0.026945178,,0.045671898,2.256887802,24.86042787,1.096009886,0.126099289,24.27507975
415,2017,0.222797927,0.577720207,-0.329963984,1.161266759,0.087880973,-0.59560576,0.012588075,0.034757251,0.004555988,16.46189575,2.989145459,0.120841276,-1.616076578,,12.84829516,-0.047515375,-0.047515375,-0.062256962,-0.058507581,-0.092465753,-0.177322958,,0.02635768,4.85743555,26.30299566,0.926937356,0.716981132,26.07014867
423,2017,-0.803108808,-0.461139896,-0.257692399,0.936014935,-0.311027357,-0.239037255,0.254254968,0.035609594,0.029908741,17.17381955,0.376013627,0.014976727,0.193684777,,-0.00272404,-0.366927083,-0.366927083,-0.190195771,-0.237578915,0.067433092,0.106723224,,,1.231314362,23.30593036,4.15964383,0.141634384,21.63387056
423,2018,0.174019608,-0.840686275,-0.085383871,0.8738782,0.041424153,0.283596189,0.213237534,-0.001306372,-0.001132557,16.87523578,0.497825705,-0.003595866,-3.364797892,,-0.032030373,-0.420646492,-0.420646492,-0.318828953,-0.294595961,-0.15398204,-0.3846854,,,1.15825417,23.13871567,5.271573156,0.190167063,21.14824896
425,2016,0.273021002,0.683360258,0.125090687,1.399477082,0.462236253,0.634794659,0.062572258,0.014303599,0.006646262,17.15983654,0.822205595,0.017671073,1.832206754,-1.884734763,0.752642372,0.658109815,0.658109815,0.652029569,0.694948221,0.191589516,0.190572311,,0.008906453,2.17846041,24.7197276,1.578561355,0.127897094,24.10531805
425,2017,0.740932642,0.378238342,0.050107334,1.145818063,0.511524091,0.467927915,-0.0134846,0.022934141,0.010762836,17.11973576,1.032971129,0.033919874,1.863164871,-1.542535723,0.755053851,0.301211543,0.301211543,0.226657886,0.285526332,0.276042762,0.269933504,,-0.014159308,2.166238348,24.96349129,1.618805658,0.102314897,24.34428259
425,2018,0.071078431,0.81372549,0.305635281,1.424018061,0.33759832,0.800529076,0.089873645,0.025598627,0.012097629,17.38112494,0.933638705,0.014971475,0.212023243,-0.859828865,0.764504924,0.125580661,0.125580661,0.147328392,0.125951042,0.276431695,0.427948965,,0.043144128,2.5143119,25.20755974,1.561493189,0.087962474,24.70052172
425,2019,-0.004807692,0.415865385,0.071627698,1.421573958,0.504744614,1.010441286,-0.152934076,0.027306191,0.010601938,17.58135004,0.795590405,0.039173832,0.973815173,-1.464701207,0.96361318,0.517984444,0.517984444,0.511515606,0.564498805,0.184909553,0.275397427,,-0.009536895,2.814265896,25.37722619,1.360293151,0.07769406,24.94377956
426,2016,0.260096931,-0.056542811,-0.211307585,1.729960573,0.414190853,0.043149988,0.052202372,0.030074169,0.016925152,16.31017406,0.438130152,0.012378742,2.47004035,,0.311561206,0.40930463,0.40930463,0.245989617,0.339972977,0.0516836,-0.07609965,,0.039588929,1.617994922,22.96184593,0.450021278,0.381111751,21.99938321
428,2019,0.165865385,0.163461538,-0.169288328,0.649929494,0.69507043,0.086682826,0.254291804,-0.069311052,-0.023276715,14.92016076,0.659818375,-0.042394625,-1.932484752,-2.291701536,1.466897301,0.780704738,0.780704738,0.120024502,1.226819134,-0.022388644,0.096185548,,0.047140202,3.829934859,22.55790699,0.363177952,0.4633198,22.25531289
488,2017,-0.64507772,-0.777202073,-0.356002561,1.278373146,0.665408473,0.595492438,0.095827582,0.025329104,0.005738163,16.13945474,2.202544985,0.004376773,-2.836938045,-3.225725384,6.777813677,-0.141639677,-0.141639677,-0.046051042,-0.049297543,0.0,0.040208557,,0.028181593,4.227656576,25.39609467,0.775646964,0.287609867,25.12078707
488,2018,-0.921568627,-0.830882353,-0.047311389,0.977254167,0.693597805,0.495754343,0.268594484,0.020472859,0.004079213,15.90059694,2.621450651,0.025726078,1.599988367,,6.413353343,0.018815213,0.018815213,0.026322821,0.04420729,-0.074447854,-0.104207182,,0.028198859,3.772495345,25.31872987,0.828142346,0.385887198,25.01074095
488,2019,-0.197115385,-0.860576923,0.668631987,1.560119514,0.603326598,1.159124712,-0.13510013,0.032712974,0.007165703,16.32539611,1.809639878,0.091944622,0.174900338,,3.4696154,0.262725119,0.262725119,0.105659532,0.164527401,-0.085153016,-0.129356923,,0.031877309,3.326825687,25.22973141,0.705698587,0.403464962,24.87221778
498,2016,-0.01453958,0.554119548,-0.413479064,1.021648148,1.270431669,0.599125542,-0.282236674,0.034106984,0.008000175,14.76934082,1.515568703,0.017201109,-0.137663084,-1.328382255,6.340875421,0.32107506,0.32107506,0.384074634,0.432355586,0.197892088,0.220417162,,0.011503062,4.603862395,23.68143252,1.22711411,0.032797646,23.43654307
498,2017,0.730569948,0.953367876,0.264962364,1.051647989,0.750834924,0.318773482,-0.288127079,0.035062991,0.007886735,14.86309879,1.876991734,0.019336513,1.330027824,-1.637854403,2.358532245,0.599295439,0.599295439,0.591665954,0.580795145,0.38669361,0.307428304,,0.014008284,3.817459257,24.00835473,1.171272065,0.026055949,23.70460515
498,2018,-0.272058824,0.299019608,-0.085778958,1.163843406,0.991102741,0.671395626,0.462090834,0.026899173,0.007371185,15.50698782,1.395351389,0.02457307,-0.103340232,-1.54068982,3.260747852,0.252071257,0.252071257,0.233400907,0.224193168,0.21094726,0.225709997,,0.009310741,3.953244633,24.19975765,1.165868139,0.029238535,23.90812542
498,2019,0.975961538,0.634615385,0.137111844,0.892713095,0.452028827,0.872126105,0.267618283,0.035722955,0.009038346,15.04817415,3.276363929,0.073182979,1.857458644,0.209418688,13.44914771,0.98474916,0.98474916,0.97302663,0.961275306,1.167069445,1.255917666,,0.017265023,4.497847691,24.97313341,1.124226422,0.041996509,24.72168226
506,2018,0.99754902,0.602941176,-0.397343129,0.454385523,0.821566603,-1.057247478,0.144738622,-0.016089045,-0.006811575,14.76073248,0.422380871,-0.008627044,-0.88234255,-2.205514041,0.571212,0.210658031,0.210658031,-0.065141531,-0.080574919,0.041874164,0.112633668,,0.074028181,2.586034115,21.71655203,0.944147811,0.187874855,21.22766319
506,2019,-0.685096154,0.254807692,-0.14680882,0.936305607,1.009353338,-0.011864406,-0.388052087,-0.028670678,-0.010846381,14.60390343,0.402317944,-0.01494742,-2.884484542,-2.207859335,0.986386461,0.071304309,0.071304309,0.101069553,0.073641032,-0.125356284,0.094742873,,0.371313818,4.303719903,21.58261337,0.48839126,0.208016995,21.3181827
507,2016,0.266558966,0.906300485,-0.274035015,1.565835965,1.305878015,0.265796547,-0.430363602,0.010739716,0.005466642,15.85557952,0.398799277,0.00379347,0.237518626,-2.070356681,0.343365664,0.129566381,0.129566381,0.107992977,0.110575137,0.112399221,0.164470633,,0.028802399,2.050737625,22.61205837,0.894812616,0.376425362,21.94335124
507,2017,0.883419689,0.89119171,-0.347979932,1.002998295,0.825055364,0.185602676,-0.115715337,0.011732887,0.005739097,15.54091417,0.645256287,0.002748598,-0.139925783,-2.410743653,0.59456374,0.562133551,0.562133551,0.605817522,0.754095591,0.372345571,0.013667346,,0.024631109,1.60889827,22.92857974,1.332939726,0.29439919,21.95692603
507,2018,0.629901961,0.926470588,-0.15547455,0.983097673,0.670654355,0.050413816,0.621110537,0.007945311,0.004660628,15.28492601,1.293317326,0.003337653,0.708939736,-1.318805637,0.559535982,-0.027817655,-0.027817655,-0.020746334,-0.025668072,0.153831131,0.371353004,,0.020507928,1.817533609,23.07166756,0.982261159,0.303795903,22.27272388
507,2019,-0.038461538,0.913461538,0.148525821,0.719173664,0.55258178,0.359157836,0.125697362,0.00995947,0.004968962,15.37732519,1.236600624,0.017807296,0.409601308,-0.019637409,1.068401272,1.048292974,1.048292974,0.983328026,1.017641738,0.67030518,1.184838424,,0.015967624,2.429335328,23.58467392,0.993837702,0.317650841,23.05426576
514,2016,0.424878837,0.266558966,-0.408399738,1.384760827,1.154879461,0.865595872,0.72581859,0.005066394,0.002613916,15.53233508,0.623179204,0.002375694,-1.062019153,,0.410775644,-0.529616771,-0.529616771,-0.517174633,-0.540523291,-0.036631146,-0.092544176,,0.017729147,1.839568365,22.5714781,3.327322639,0.112027836,21.78707977
514,2019,-0.375,0.317307692,-0.11752715,0.835744793,0.723103194,0.641396924,0.439385025,0.000375081,0.000192881,14.9516723,1.207710586,-0.0076992,-0.874383013,-2.496025595,1.04286316,0.553828787,0.553828787,0.391237454,0.488583307,0.08814273,0.155478358,,0.036756513,2.163919504,22.83577788,1.85852052,0.076411991,22.21564991
516,2016,0.369951535,-0.172859451,-0.145102081,0.972464292,0.565060074,-0.467067822,0.444656932,0.01615664,0.01058769,16.11458657,0.366063677,0.00735642,0.221581828,-3.228850264,0.028958504,-0.215473312,-0.215473312,-0.196511807,-0.223817852,0.317726124,-0.267713355,,-0.005597584,1.232641776,22.70076763,3.564982379,0.047558321,21.03335253
519,2016,-0.886914378,-0.689822294,-0.392954556,0.921362444,0.412743198,-1.526324547,0.722530508,0.004941388,0.003708831,15.62721759,1.224399706,0.014830882,-0.218307523,,-0.087156174,0.256214727,0.256214727,0.145619726,0.15279227,0.005557094,-0.107199775,,-0.010086634,1.281350106,23.01127921,3.465828442,0.226629117,21.49520946
520,2017,0.443005181,0.32642487,0.104317294,0.750447194,1.113061125,0.225633219,-0.283050985,0.042220409,0.026784894,15.00838767,0.113839576,0.003632402,-0.970816068,,0.028000243,-0.13707898,-0.13707898,-0.039589168,0.00597919,0.045797408,-0.036304725,,,1.478297726,20.19895867,1.602589313,0.550697651,19.07054555
523,2017,0.544041451,0.466321244,-0.180495865,0.876639076,1.370604002,0.076149342,0.45005708,0.003068817,0.000932139,14.82446065,0.700117782,0.002785345,-2.846892155,,1.342789129,0.081370236,0.081370236,0.082317467,0.078579477,0.313387369,0.44897506,,0.042400918,3.858398028,22.73739068,1.222541474,0.054107914,22.43739993
524,2017,0.556994819,0.349740933,-0.044601977,1.04455136,1.111709963,0.433556333,-0.161446311,0.030477728,0.017057036,14.55552744,1.238675967,0.053342732,0.515523738,-2.390578815,0.19596391,0.170985466,0.170985466,0.1669099,0.197429493,0.051890197,0.033349457,,0.000775051,1.800851623,22.28475783,1.624647028,0.109579806,21.47441856
524,2018,0.634803922,0.730392157,-0.275371756,1.015826368,1.055981549,0.380261081,0.115268746,0.014803831,0.008571484,14.51808944,1.365065809,-0.016035338,-0.544574941,,0.000792992,-0.778862161,-0.778862161,-0.724639846,-0.763272979,-0.209742001,-0.412311843,,-0.230737047,1.494128862,22.04936202,1.943346169,0.147624215,20.94285974
524,2019,0.569711538,-0.024038462,0.233862589,0.408990028,0.85478608,-0.196544544,-0.19002652,-0.016479835,-0.011144132,15.51700359,0.453125074,-0.012139966,-2.403041663,,-0.070651838,-0.096668962,-0.096668962,-0.129093989,-0.183326042,-0.136117864,-0.222627377,,-2.731999053,1.423681855,21.90304308,1.971466272,0.158700778,20.69102427
528,2016,0.379644588,0.983844911,0.239461948,1.361357147,1.302723714,1.136291897,0.121786014,0.013837679,0.006072073,16.14418468,0.89944141,0.025181308,0.03014269,-0.945583735,0.809865187,0.787322478,0.787322478,0.749105177,0.798075899,0.212402228,0.305747014,,0.016069556,2.506466552,23.93345116,1.307225968,0.10706574,23.42434402
528,2017,0.78238342,0.932642487,-0.185923565,1.34001506,0.520458237,0.335792488,-0.398940316,0.022624463,0.009156601,16.1731112,0.957124675,0.032586918,0.232505606,-1.411928786,1.321799482,0.038615243,0.038615243,0.028127977,0.0369982,0.131103926,0.184692193,,0.005664652,2.699106671,24.05664524,1.631772436,0.099732691,23.59382701
528,2018,-0.24754902,0.509803922,-0.045058657,1.207610903,0.369867243,0.553782484,0.317110561,0.024081538,0.008901586,16.0619118,1.126340571,0.018072005,0.355940287,-2.518737203,1.519008527,0.14000818,0.14000818,0.153348973,0.179851967,0.203914234,0.274503829,,0.019820361,2.997756396,24.24222335,1.26269265,0.090361861,23.83638396
528,2019,0.192307692,0.574519231,0.325326927,1.462520145,0.643089854,1.081306408,-0.048229493,0.031933812,0.011069434,16.27663212,0.999577176,0.033828978,1.139681022,-1.398995211,1.407014617,0.280422532,0.280422532,0.297948815,0.334694256,0.040270818,0.015641255,,0.004716376,2.862368939,24.28170443,1.266226218,0.088461671,23.85190415
530,2019,0.295673077,-0.189903846,0.153234461,0.906845448,1.11641319,0.645747843,-0.077457947,0.002146842,0.00130747,14.6623217,1.472068697,-0.013539646,0.613959445,-2.18280343,0.790492854,0.252898263,0.252898263,0.254616109,0.270467062,0.047283887,0.117175802,,0.015277005,1.724864375,22.49446468,1.256268759,0.143350245,21.62754555
533,2017,0.295336788,-0.582901554,-0.233604402,0.952084185,2.045117744,-0.099340359,-0.223645969,-0.009633397,-0.005171065,14.57126426,0.871578196,-0.00260437,-2.826678262,,0.642095889,-0.91706159,-0.91706159,-0.918346468,-0.939849206,-0.45420486,-0.316697644,,0.049079309,2.758560428,21.61703316,1.437082548,0.087931742,21.16681974
533,2018,0.225490196,0.161764706,-0.063288915,1.198069079,1.278802551,-0.096961275,0.319785563,0.003084387,0.001112226,14.4222268,0.486562762,-0.00070515,1.766429439,,0.558085408,0.090656634,0.090656634,0.071863176,0.181354392,-0.048238189,-0.072772992,,0.054395848,2.638930576,21.56759269,1.47041678,0.087079665,21.09126288
533,2019,-0.956730769,0.598557692,0.049932014,0.848226078,1.104310909,-0.123722261,-0.207665409,0.004762884,0.001765809,14.53127096,0.437450227,0.002385573,2.51973789,,0.556983682,0.055819136,0.055819136,0.05490636,0.074670747,0.033210946,0.009606582,,0.040153594,2.543688729,21.60026407,1.494499179,0.078570734,21.10082361
541,2019,0.100961538,-0.350961538,0.127667571,0.622324904,0.531198829,0.245732408,0.039238442,0.014614058,0.011513711,15.67900828,0.830837584,0.006955873,0.339102312,-0.128732984,0.124930179,0.28397301,0.28397301,0.327480675,0.36653518,0.267026106,0.83242934,,,1.385291666,22.8344304,2.049429166,0.081992592,21.55476504
546,2016,0.948303716,0.066235864,0.2134332,1.599915996,-0.123569908,-0.611698621,0.748273643,0.045255931,0.021032524,15.64913951,0.540239334,0.002437233,0.271134317,-0.585279267,0.464468349,2.737868249,2.737868249,2.923360736,3.523965929,0.637473138,0.440818473,,0.047510212,1.997270613,22.82042132,1.041672207,0.404605168,22.12590664
546,2017,-0.808290155,-0.974093264,-0.290110589,0.746485574,0.948853489,0.456998594,-0.014128687,0.037496462,0.018935101,15.68153937,0.659145355,0.003821585,-0.760018627,,0.536426493,-0.096192981,-0.096192981,-0.113796405,-0.117720859,0.104364359,0.111911378,,0.042331977,2.010975734,22.91969125,0.94644797,0.409622648,22.23198714
548,2016,-0.295638126,0.105008078,-0.395909895,1.101372452,1.172221278,0.188534932,0.171578874,0.016503604,0.011356824,14.99099964,0.514170035,0.000428411,-0.106648301,,-0.038032441,-0.853300393,-0.853300393,-0.856194015,-0.903959813,-0.021902452,-0.008511554,,-4.2829,1.257236863,21.43772278,2.249845793,0.146137551,19.85104846
548,2017,0.347150259,0.103626943,0.005173325,0.888228439,1.350551844,0.287820723,-0.3060159,0.003355452,0.002663737,14.64035262,0.717135053,0.002192338,0.31641247,-1.307833157,0.021831846,0.039291144,0.039291144,-0.011462582,-0.116767021,0.084348541,0.369222333,,-5.57976482,1.348358651,21.51870216,2.003539854,0.119373575,20.1652914
548,2018,0.421568627,-0.279411765,-0.176778903,0.993188934,0.870264253,0.419227728,-0.02221477,0.004124625,0.003080241,14.4945908,0.840492482,-0.009337173,0.079196417,,0.148324134,0.48734119,0.48734119,0.997895966,2.104724352,-0.070080457,-0.470028573,,,1.172664024,21.44604496,3.638055309,0.101214144,19.53035922
550,2016,-0.153473344,-0.43457189,-0.322048705,1.016990653,0.751470105,0.453522536,0.001410939,0.012470893,0.006504542,15.98478757,1.388109652,0.024466788,-1.383783412,-3.96927063,0.602958547,-0.088020982,-0.088020982,-0.073457421,-0.007616708,-0.039982664,0.072501981,,-27.11479868,2.188626333,23.86881345,1.219073757,0.246337525,23.25833764
551,2016,-0.441033926,0.851373183,-0.375754322,1.231578634,1.437010306,0.187759264,0.140146488,0.019956975,0.010343698,14.9547242,0.690074403,0.015876965,0.053841023,-2.702968373,0.491067505,0.155393937,0.155393937,0.155184695,0.192062395,0.014099124,0.031749411,,0.011098621,1.966348673,22.1434244,1.398284652,0.199113298,21.43301548
551,2017,-0.632124352,0.556994819,0.145159803,1.106591907,1.462777042,0.459436691,-0.105798784,0.021749501,0.011172946,14.72387876,0.875989797,0.014910971,0.340663475,-2.677543577,0.464297544,0.094871439,0.094871439,0.100372189,0.108980568,0.051074429,0.029155125,,0.020445224,1.927504792,22.19323731,1.410788571,0.207417991,21.46175368
551,2018,0.615196078,0.931372549,0.437802743,1.194932243,0.987353351,0.064772511,-0.289976978,0.020009677,0.010359319,14.89860586,0.790822814,0.007199061,1.553459288,,0.314257535,-0.085103676,-0.085103676,-0.092813993,-0.099638974,0.075364294,0.067458806,,0.007999078,1.914451096,22.26589679,1.432119461,0.194967852,21.52703455
551,2019,-0.298076923,0.947115385,-0.149692676,1.091612325,0.780161391,-0.056745438,0.157908219,0.021003527,0.011089589,15.04043024,0.766657352,0.016560088,0.251691338,-1.740074475,0.435810445,0.221754243,0.221754243,0.223307897,0.255357573,0.138984081,0.153279128,,0.025791303,1.936678355,22.3960335,1.417857708,0.175033989,21.66964385
552,2016,0.153473344,0.250403877,-0.070912524,1.302210312,1.327945815,1.147089029,-0.168067014,0.01943635,0.013226018,15.54638958,1.214966886,0.03661766,1.460392715,,-0.002692345,0.130278696,0.130278696,0.112195619,0.175034152,-0.02087193,-0.194937276,,0.012736773,1.372629234,22.99829924,1.897587375,0.311037199,21.69439983
552,2018,-0.823529412,-0.352941176,-0.156426946,1.039548473,0.627002781,0.469659357,0.327852419,0.016370382,0.012502197,15.5127472,1.415857427,0.029424363,1.311937296,-1.544242813,0.08847574,-0.06916804,-0.06916804,-0.065502362,-0.06744173,0.11864052,0.344662058,,0.030844539,1.369751532,23.10448594,2.392611159,0.300303475,21.79493254
554,2017,-0.829015544,-0.095854922,-1.28e-05,1.199590448,1.341791408,0.543096744,0.32474867,0.000408703,0.000299928,14.54980744,0.441465278,0.000156528,-0.328724345,0.074926802,0.126841567,0.036108555,0.036108555,0.025382209,0.022744354,0.091263435,0.431947553,,0.062247873,1.472603243,21.01037796,0.745590693,0.39991078,19.87384716
560,2016,-0.873990307,-0.066235864,-0.175229362,0.918514648,0.594497301,-0.594893357,0.407643603,0.014729441,0.008776199,15.22032016,1.203421164,0.02657335,0.994651025,0.666493307,0.643728008,7.418564046,7.418564046,6.953501047,7.308729363,1.958857594,2.470945721,,0.042141626,1.836972387,23.63226332,1.42453713,0.021554637,22.84618035
560,2017,0.489637306,-0.997409326,-0.156257873,0.8270555,-0.103215464,-0.900080229,0.563758197,0.019928449,0.010732966,15.83493731,1.321127894,0.024897072,2.059963018,-1.40776484,0.592398473,0.065530842,0.065530842,0.07859353,0.097654563,0.047132782,0.121548057,,0.069443513,1.953145624,23.67831907,1.19773549,0.02031227,22.96089027
561,2017,-0.658031088,-0.321243523,0.148313717,1.009021543,0.596888078,-1.187830223,0.707925019,-0.004232694,-0.002089368,15.15301035,0.375419096,-0.005343393,0.166718088,-2.507461785,0.247724184,-0.002988659,-0.002988659,0.018932458,0.080320282,0.092230042,0.129811097,,-0.005189169,2.04379295,21.84125929,1.816402255,0.08521243,21.16931306
561,2018,-0.764705882,0.610294118,0.014990246,1.009519311,0.932652728,-0.526080017,0.25238392,-0.00836444,-0.004094526,15.20240066,0.379433266,-0.014809258,0.058820109,-3.27407417,0.202386255,0.040941747,0.040941747,0.034375531,0.037418883,0.133352146,0.182388809,,-0.004602214,2.140459777,21.96643903,1.785991776,0.067274092,21.33684987
561,2019,-0.920673077,-0.009615385,-0.073569987,0.907567804,0.86207257,-0.279632372,0.21108552,-0.000146781,0.000122971,15.26883448,0.374488173,-0.005019469,0.168468213,-1.66975231,0.323415954,0.186247442,0.186247442,0.211357544,0.168665948,0.075940665,0.091018156,,-0.013256559,2.175223365,22.03963435,1.633081136,0.069531678,21.42396122
566,2017,0.393782383,-0.906735751,-0.503333724,0.841450994,0.861184437,-0.440416791,-0.185321225,0.015131249,0.007368553,15.80297213,0.692009065,0.009021337,-0.225591071,,0.379052137,0.221157882,0.221157882,0.209799612,0.427447579,0.093218921,0.16938641,,0.036785264,2.226034396,23.12195726,1.141747388,0.12049763,22.52552045
568,2017,-0.432642487,-0.321243523,0.336373285,1.383329144,-0.868131986,0.391873892,-0.56094511,0.062764037,0.05141313,18.1523626,0.225197331,0.013170611,0.540006858,-0.813129436,-0.036443616,0.248071458,0.248071458,0.182683509,0.009859554,0.22180042,0.511433382,,,1.413168072,23.94250515,2.231932333,0.038269438,22.71277029
570,2018,-0.044117647,0.651960784,-0.140699131,1.245223592,1.440380993,0.663142242,-0.0807639,0.001787728,0.001056072,14.42959408,1.142855589,0.000828774,-1.52980534,,0.353608311,0.046266853,0.046266853,0.024572582,0.015873098,-0.02797744,-0.031044454,,-0.032711817,1.685279801,21.98693643,1.732251337,0.123618904,21.08707677
582,2017,0.950777202,0.730569948,0.187622372,0.96270766,1.23223513,0.495046609,-0.261132622,0.023699606,0.012963271,14.58458195,4.236974103,0.100201228,0.555857156,,1.546125567,0.157202896,0.157202896,0.097470706,0.136785425,0.075422176,-0.129322757,,0.025363579,1.580862838,23.54289591,0.971871586,0.617037689,22.54168448
582,2018,0.906862745,0.789215686,0.195823087,0.999085388,0.227125907,0.334402884,-0.436629978,0.024848713,0.015728916,15.4099768,2.753820107,0.019430713,3.239342196,-2.325576728,0.4042418,0.093463102,0.093463102,0.092262567,0.06439561,0.114326273,0.244522204,,0.025703384,1.695962736,23.65114589,0.676940974,0.631008652,22.76043616
582,2019,-0.778846154,0.644230769,-0.222597503,1.113713409,0.602256503,0.762554197,0.206766007,0.027862634,0.016531634,16.34609432,0.918185086,0.024765572,-0.490028802,-2.807255625,0.478201142,0.1113488,0.1113488,0.140732236,0.189489393,0.089657588,0.046948239,,0.019591153,1.650928059,23.7370094,0.862249016,0.568963591,22.80631566
586,2016,0.657512116,0.741518578,-0.45960285,0.712714258,0.072287291,-0.406083619,0.628181368,-0.003042716,-0.001429407,14.96012379,0.085186958,-0.002669447,-0.125028892,-2.886043636,0.066867461,-0.178133989,-0.178133989,-0.160246631,-0.208630184,-0.064326824,-0.107943855,,0.034023971,2.121661619,20.11229332,1.674706424,0.067095915,19.47490493
586,2018,-0.651960784,-0.210784314,-0.23755945,0.98579534,1.198053382,-1.572042111,0.626633311,0.002899238,0.001315948,14.53502582,0.130118092,-0.001565375,-0.171050278,-5.445435208,0.126609703,-0.06674126,-0.06674126,-0.06542551,-0.132466146,0.027426543,0.040451783,,0.031998769,2.288086589,20.23521535,1.625717063,0.07231864,19.66065729
589,2016,0.231017771,-0.137318255,-0.416427742,1.003789286,1.136183126,0.23783939,0.167326925,-0.005028684,-0.001820214,15.08549509,0.999525747,0.001631378,-1.581883685,,2.090937063,0.070767327,0.070767327,0.005891358,0.018288967,0.04767041,0.112214226,,0.020845815,2.994032846,23.03330553,0.837629918,0.363362604,22.62684342
592,2016,0.66720517,-0.731825525,-0.491078769,0.850920179,0.8893655,-0.605969582,-0.116008624,-0.001536965,-0.00123969,15.92418053,0.43570127,-0.00146798,0.179088058,-1.958778282,0.025207524,0.299768255,0.299768255,0.266619575,0.299823669,0.183009164,1.012093972,,0.016430238,1.479448723,22.35708624,2.519453826,0.040054011,21.23029837
596,2016,0.508885299,-0.460420032,0.737688234,1.28405265,-0.105299864,0.130400624,-0.371914227,0.052505663,0.033547429,17.03865976,0.266166224,0.017383089,0.544528471,-3.510174719,0.063981143,0.303247244,0.303247244,0.205106173,0.141808168,0.167931791,0.174535512,,,1.555332538,23.14013485,1.895256798,0.153161116,22.1102573
598,2016,-0.431340872,0.948303716,-0.274946063,0.893235852,0.560035597,-0.092816794,0.120537419,0.027260671,0.015070453,16.55842041,0.651674989,0.019386508,0.482160723,-2.666177278,0.495035673,0.105373001,0.105373001,0.084112472,0.03617925,0.077413676,0.054323317,,0.009591721,1.789472959,23.66932471,0.816108631,0.414144628,22.85101388
598,2017,-0.067357513,0.823834197,0.120533866,0.855631966,0.733706142,0.508244226,0.216222589,0.02769167,0.015587683,16.39064527,0.833389387,0.019351005,-0.223130751,-1.545738365,0.558415644,0.098848654,0.098848654,0.058925121,0.106498805,0.195003766,0.341145291,,0.011159004,1.98070537,23.84747405,0.857073987,0.341493515,23.14453782
599,2018,0.772058824,-0.257352941,-0.069579138,1.181869452,1.492659188,0.351567746,-0.315809879,-0.004639541,-0.001854098,15.00442149,1.155371137,-0.020618621,-2.70006648,-1.443689206,1.464912574,-0.066213061,-0.066213061,-0.03257724,-0.06091434,0.117394692,0.260407577,,0.017153679,2.869583499,23.05079847,0.862079844,0.373759945,22.62234725
599,2019,0.317307692,0.774038462,-0.027242234,0.774876599,0.924926006,0.483932882,0.317041817,0.008712401,0.003003902,15.05103844,1.04546418,0.012139105,1.475678519,,1.375105611,0.124704014,0.124704014,0.189379924,0.204952889,0.040630317,0.073774195,,0.02302697,3.051274311,23.09062507,0.894024953,0.393215483,22.69352697
600,2017,-0.142487047,-0.787564767,0.185101009,1.065678531,1.176423313,0.620556071,0.192708609,0.014917406,0.006272135,15.67864551,2.09787202,0.05379706,1.41031798,,2.040953548,0.018346663,0.018346663,-0.013561947,-0.014850645,0.020559757,0.007236333,,0.020570117,2.342800231,24.18876147,0.688869329,0.528753494,23.63217174
600,2018,0.330882353,-0.794117647,-0.232547616,0.99010206,0.967944076,0.689751327,-0.284601577,0.017416876,0.007548167,15.51278225,2.562144368,0.091587045,0.164388247,-3.468039542,2.671706734,-0.050632121,-0.050632121,-0.076058561,-0.090118657,0.009077278,-0.010747812,,0.023692075,2.282581926,24.1977978,0.724807729,0.5970673,23.62136575
600,2019,-0.735576923,-0.704326923,-0.020667165,0.979463142,0.90982578,1.224437607,-0.284451684,0.024411008,0.010793046,15.57632366,2.544435399,0.06844611,-0.269452576,-1.768750112,3.269000211,0.129228978,0.129228978,0.244467473,0.286717284,0.160935098,0.23878096,,0.018771389,2.497362118,24.3470236,0.756257891,0.491136739,23.83549355
607,2019,-0.754807692,0.475961538,-0.183022364,0.657861634,0.904129603,0.03781051,-0.127043058,0.005636868,0.002946041,15.07073618,0.529683435,-8.55e-05,-2.046491893,-0.841416191,0.350768142,0.325175555,0.325175555,0.231586394,0.26569225,0.039952834,0.267642457,,0.034560505,2.436412475,22.09523945,0.833802462,0.036794415,21.56686146
610,2019,0.75,-0.211538462,0.230341678,0.657789846,0.577136602,0.134420999,-0.244208388,0.053393644,0.034702698,14.5796445,0.422149254,-0.006336486,-0.349987825,-2.092727483,0.084618774,1.387267662,1.387267662,1.011800693,1.165692769,0.438566511,1.134449199,,0.014146552,2.109437741,21.34675151,1.640666202,0.110583351,20.70418342
619,2017,-0.650259067,0.655440415,-0.140369338,0.733819426,1.014064156,0.478648045,-0.029559576,-0.000238543,-0.000128443,14.55710673,1.257631855,-0.008222883,-0.364893391,-0.998745647,0.368500817,0.16924133,0.16924133,0.164409957,0.165871958,0.023848215,0.055762328,,0.017157418,1.424750396,22.05664645,1.993679615,0.331827732,20.84639623
619,2018,0.43872549,0.664215686,-0.133630667,0.909676135,0.75422193,0.554684586,-0.224803212,0.000753784,0.000553595,14.44906187,1.418947026,-0.02313987,-0.348629598,-0.973430542,0.600711326,-0.022743761,-0.022743761,-0.018101496,-0.020240397,0.182299977,0.581559465,,0.01089883,1.663334145,22.22410813,1.693812604,0.255974751,21.30480759
619,2019,0.036057692,-0.146634615,0.091566454,0.977302073,0.941679468,0.703662068,-0.07723552,0.006522626,0.004000964,14.53641863,1.344992944,-0.014890778,0.136004742,-2.667085194,0.595845612,0.415235357,0.415235357,0.401054019,0.455018878,0.099120162,0.157996309,,0.011168365,1.724614108,22.31861813,1.647273498,0.256647446,21.45149878
625,2016,0.305331179,-0.709208401,-0.385535638,0.893781895,0.152242711,0.407598659,0.031025076,0.032938925,0.013978901,17.63609373,1.035485417,0.040097134,-2.410943566,,0.82856094,0.062214449,0.062214449,0.077123075,0.063282932,-0.065420561,-0.146465853,,-1.266959788,2.119200392,25.32843602,1.168409194,0.184565848,24.69776328
625,2019,-0.28125,-0.596153846,1.354312929,1.056888706,0.285862012,-0.131164338,-0.892813411,0.022519297,0.010106106,18.0448251,0.733919035,0.007786783,-0.182849694,-0.818319757,0.267555269,0.732207468,0.732207468,0.606096453,0.617195181,0.262135922,0.354593943,,-0.171919761,2.394480419,25.59080029,1.236128538,0.179150934,25.05618197
626,2016,0.996768982,0.111470113,-0.62390293,1.060259731,2.170796818,0.163415211,0.344476973,0.009723632,0.002118823,15.41422813,0.643110032,-0.017161326,-2.306276573,,0.357815779,-0.360959436,-0.360959436,-0.361623178,-0.36518707,-0.362285533,-0.409568454,,0.051716134,3.107317187,22.81020535,1.576527444,0.005960975,22.4218613
628,2016,-0.017770598,-0.43457189,-0.140390654,1.338228952,1.285996426,0.502786518,0.555440867,0.009148087,0.001923289,14.33842578,0.449097186,-0.001064202,-0.0008975,,0.685806559,0.238699929,0.238699929,0.224092986,0.290792609,-0.160131681,-0.218887573,,-0.156664694,3.911662373,21.85771603,1.326991588,0.042677832,21.56247777
628,2017,-0.836787565,-0.440414508,0.232502197,0.953755621,1.314275238,0.389042339,0.050484518,0.008690369,0.002215832,14.43235057,0.449652346,0.008353215,2.366330316,-0.731346473,0.86734807,1.203582015,1.203582015,1.150010835,1.288768056,0.568541958,0.681568355,,-0.022689857,4.950276464,22.30786253,1.158748999,0.02502482,22.08220467
628,2018,-0.531862745,-0.301470588,-0.197731569,0.964025289,0.77052425,0.166152126,0.333948396,0.011482507,0.002445702,14.36104449,0.597756083,0.000385809,-0.165530549,-0.772209398,1.974428643,1.149354766,1.149354766,1.132602906,1.250431898,0.377885961,0.423549597,,0.01144851,5.695954247,22.62841294,1.298484941,0.014251425,22.43535814
628,2019,-0.362980769,-0.387019231,-0.046567485,0.695922159,0.375113566,0.269750809,-0.014842218,0.027762238,0.005213961,14.32625916,0.790651155,0.012628907,1.455498383,-1.046647723,3.025714379,0.480273046,0.480273046,0.494367952,0.508375038,0.351170964,0.347580773,,0.034534889,5.625758283,22.92938454,1.161823634,0.00537632,22.73366911
630,2018,-0.333333333,-0.656862745,-0.223452394,0.880763917,0.327692099,0.052717604,0.446567977,0.011421311,0.004613258,16.8679533,0.933584793,0.000247726,0.154877216,-5.278091041,1.033731944,-0.051544713,-0.051544713,-0.055930335,-0.053664215,0.015399534,-0.001463933,,0.019635143,2.42855402,24.62122616,1.141517631,0.340968879,24.0905929
632,2016,0.780290792,-0.192245557,-0.067405924,0.671734474,1.193025414,-0.061673707,0.298799025,0.001958312,0.00036604,14.87052047,0.498279822,0.003795703,1.444819925,,1.345130348,0.64576687,0.64576687,0.621561489,0.684092597,-0.001912242,-0.01399545,,0.029431208,4.984702888,22.72257116,1.159953287,0.059433748,22.49866011
651,2018,0.321078431,-0.007352941,0.064275579,1.27584155,-0.51912264,0.476420754,0.465622211,0.065910569,0.0230923,19.65720024,0.301099211,0.004671934,-0.852101498,,0.110360177,-0.285668131,-0.282072861,-0.230143277,-0.183051406,0.0,-0.114353344,,-0.055725489,2.460869565,26.36871273,1.260606061,0.067764706,25.84450811
652,2016,0.053311793,0.444264943,-0.413523496,0.950413767,0.825131892,-0.587406749,-0.018552146,0.002518197,0.000331482,15.70456332,0.684050807,-0.006470613,0.744350231,-2.929966346,5.405700467,-0.11263073,-0.11263073,-0.11520793,-0.114673026,0.057351944,0.048874757,,0.00660326,7.271582301,24.2762326,1.124227688,0.012992559,24.12828737
657,2016,0.79644588,-0.04361874,-0.185429603,1.286402331,0.775075049,-0.068731979,-0.216671704,0.019448717,0.009915564,14.92667349,1.216852568,0.029212159,0.244811467,-1.603801582,1.109173318,0.243648812,0.243648812,0.24083316,0.258034766,0.080957266,0.115648112,,0.02546023,2.024868735,22.74776357,1.656686058,0.279651607,22.06682324
659,2019,0.483173077,-0.420673077,0.441362042,1.163669245,1.344038498,0.400568549,-0.344713507,0.000853779,0.000225322,15.17662355,0.155967689,-0.002218439,-2.508833218,-3.597590971,0.369128203,0.161509252,0.161509252,0.101183106,0.169993278,-0.002171019,0.072009388,,0.238447436,4.731270118,21.5860825,0.415530708,0.425362336,21.3486375
665,2016,-0.634894992,0.767366721,-0.288203868,0.952426316,0.96173486,-0.03229918,0.327239143,0.012220262,0.008650236,15.55173779,1.068938491,0.016812871,0.718429823,-0.565463943,0.531010606,0.127865598,0.127865598,0.169560742,0.20243162,0.192975894,0.539605644,,0.016326167,1.580911907,23.01369575,0.367209812,0.525545593,22.01253776
665,2017,0.215025907,0.069948187,-0.060247014,1.04279429,0.882667063,-0.359891829,0.204129741,0.008039557,0.005037844,15.45869402,1.292875686,0.011422141,-2.405727765,-1.257784574,0.683550554,-0.032352872,-0.032352872,0.003959176,0.029861292,0.13582006,0.121731581,,0.007794734,1.56960212,23.14105066,0.674938193,0.508828225,22.12741131
668,2017,0.284974093,-0.233160622,0.460466863,1.090228271,1.120215775,-0.176699968,0.074693556,0.003663777,0.001290004,14.33301704,0.59942538,0.004993106,-1.079148134,,0.619904461,2.207121896,2.207121896,1.457153789,1.645158692,0.066612602,-0.120876353,,0.027625834,2.383222232,21.64797573,1.485195173,0.001460284,21.10393801
668,2018,0.833333333,-0.154411765,0.158201796,0.875590029,0.914720499,0.073022074,0.165679419,0.008144911,0.002914385,14.53491037,0.526942276,-0.004936392,-1.099758629,,0.554467584,-0.925980182,-0.925980182,-0.783033471,-0.860360616,0.073480028,0.140423841,,0.018309256,2.60820551,21.71888146,1.446620006,0.00105051,21.23533799
672,2016,-0.773828756,0.350565428,-0.0073813,1.826689129,1.914722227,1.795565204,0.212810692,0.093729745,0.02875001,15.9674593,0.245742718,0.022019497,5.578012137,,0.413784218,0.14532607,0.14532607,-0.058596871,-0.072063617,0.082970089,-0.105683536,,0.027817158,2.371473331,22.61089935,0.904641628,0.349007778,22.06327352
672,2017,-0.867875648,0.955958549,0.387605013,1.232497957,0.823972365,1.384538101,-0.146450781,0.127483045,0.055501864,15.90846208,0.399110339,0.036156413,2.207168224,,0.253037179,0.387355923,0.387355923,0.219423449,0.273851788,0.156060594,-0.085113749,,0.013204412,1.843907174,22.75591754,1.265536182,0.277395263,21.97431798
672,2018,-0.725490196,0.730392157,0.961340189,1.641178632,0.690218475,1.433739383,-0.118941648,0.120325805,0.065431449,16.46928295,0.345327943,0.017365478,1.589898844,-4.214349343,0.06556572,-0.004889611,-0.004889611,0.026540786,0.011077927,0.229875293,-0.054923021,,0.007873975,1.542475265,22.96283031,1.403433764,0.274532221,21.91782908
672,2019,0.03125,0.985576923,-0.240530007,1.412875116,0.424604757,1.372809297,0.44233008,0.077964745,0.050605315,16.68798907,0.388631985,0.024827311,-1.084884635,-2.213648055,0.187982286,0.250546561,0.250546561,0.289016213,0.280816554,0.253906037,0.243071369,,0.019016693,1.535278823,23.18909382,1.354781953,0.292133925,22.13541431
677,2017,-0.111398964,-0.147668394,-0.165438365,0.847241498,1.692720388,0.125254394,0.184767927,0.005967656,0.004523929,14.81625885,0.245204078,0.001234844,-0.498799432,-2.548842488,0.067718399,0.220476013,0.220476013,0.17334957,0.159954387,-0.009859901,-0.081025075,,0.092267853,1.303478416,20.58029263,1.886501582,0.512657576,19.12281144
678,2017,-0.126943005,-0.111398964,0.334515965,0.895497903,1.423426658,0.531892333,-0.0758486,-0.007872224,-0.003626445,14.81915631,0.48553604,-0.003838638,-4.562729295,,0.382739516,-0.125517564,-0.125517564,-0.123318443,-0.13087693,-0.035644538,-0.032382679,,0.013244932,2.210185115,21.74142079,0.919453304,0.420776675,21.13911785
680,2016,0.476575121,0.925686591,-0.378576991,1.377713056,1.402268236,0.424604077,0.128787162,0.006681922,0.002517388,15.43015925,0.728460222,0.012495628,-1.098019215,-3.065938553,1.27057578,0.321902173,0.321902173,0.305429691,0.335886185,0.030147004,0.028068841,,0.013582493,2.740516174,23.0377591,1.27475526,0.163046572,22.58379454
680,2017,0.935233161,0.893782383,0.185696597,1.232841608,1.165908826,0.551274164,-0.363892772,0.007555264,0.002784084,15.17609252,0.953997805,0.010381536,-0.242729419,,1.014296641,-0.243673257,-0.243673257,-0.241435169,-0.240096589,-0.081774037,-0.130256058,,0.020891622,2.509863098,22.95244733,1.312289376,0.162847979,22.44423811
680,2018,0.352941176,0.963235294,-0.180021536,1.311333204,1.228063792,0.738361094,0.05706078,0.009472064,0.0038089,15.11699605,1.016784868,0.006982229,-0.610129461,,1.0665326,0.060794674,0.060794674,0.060060399,0.069746621,0.033168306,0.043461285,,0.025872459,2.548193195,22.98507744,1.084790361,0.147818912,22.48678145
680,2019,0.935096154,0.963942308,0.122673689,1.146394591,0.729945061,0.883593865,-0.076189272,0.010092771,0.004009965,15.23723785,0.920325642,0.02297905,1.20758726,-1.941273465,0.986268242,0.463207137,0.463207137,0.429040413,0.478772921,0.121345442,0.045290082,,0.020993971,2.306043937,23.09960669,1.431980262,0.120354128,22.53107589
681,2017,-0.683937824,0.79015544,-0.335204483,1.282387092,-0.281465336,-1.439453405,0.295574111,0.02831996,0.0185565,15.80885789,0.38824243,0.009284648,-0.543022485,,0.134290774,-0.164916589,-0.164916589,-0.230565292,-0.220768778,-0.041272519,-0.315008804,,0.039685281,1.346942115,22.12657819,1.054059451,0.00081138,20.77014394
681,2018,0.406862745,0.62745098,-0.051582489,0.869814041,0.090577849,-0.11798061,-0.505308983,0.021715172,0.015774912,16.21718222,0.285336297,0.002352221,-2.237339203,,0.05590219,-0.322840759,-0.322840759,-0.231777149,-0.339023033,0.006206141,-0.098927437,,0.030028871,1.299823147,22.13276516,0.996519477,0.000634285,20.66597445
681,2019,-0.341346154,-0.605769231,-0.314221279,0.975374115,0.488837917,0.005906752,0.7371734,0.014298817,0.011019679,16.01895352,0.354949527,0.005398227,0.437741346,,0.063785854,0.249441184,0.249441184,0.244359565,0.325828999,-0.010520237,-0.154133252,,0.023039866,1.245618432,22.12218919,1.082927592,0.000497074,20.49858101
685,2017,-0.176165803,-0.82642487,0.086066799,1.055842743,0.143877189,-0.208696461,0.314847787,0.018729045,0.013950448,16.09312252,1.302001992,0.029841553,-2.953282072,-0.786553278,0.336958596,0.094449083,0.117080592,0.157917469,0.167392126,0.063549667,0.092766139,,0.030494717,1.393885737,23.61905072,0.713764231,0.106689104,22.35526096
690,2019,-0.072115385,-0.637019231,0.11869248,0.88203538,0.688773345,0.608906023,-0.421892601,0.051218584,0.026471754,16.42129027,0.763699595,0.008531429,-0.055969233,,0.483979319,0.389784736,0.389784736,0.559397236,0.671748064,-0.015553189,-0.156999125,,0.022036598,1.735650843,23.66505002,1.896299003,0.463024014,22.80666788
700,2019,0.314903846,-0.466346154,-0.257294498,1.189894745,0.603393764,-0.714373176,-0.245509336,0.020065067,0.006742359,15.3604133,0.582005069,0.018804061,0.377868753,-1.632183114,1.055481597,0.566471266,0.566471266,0.454531298,0.571602617,0.124389053,0.190890536,,0.02609702,3.165693545,22.88038488,0.844083227,0.303103382,22.50075338
701,2016,-0.243941842,-0.922455574,-0.448493952,1.011100261,1.373125401,-0.038729566,0.129642765,0.008085789,0.002086853,15.14207877,1.5155446,0.018972676,-1.468715987,,4.813386034,0.088767532,0.088767532,0.095086655,0.088315316,-0.001235356,-0.010899179,,0.048921784,3.957656896,23.83093638,1.141809598,0.072598939,23.53968159
701,2018,-0.649509804,-0.960784314,-0.249550077,1.082329335,1.198032868,-0.017658914,0.065617108,-0.014131326,-0.002546821,14.51017945,2.263263448,0.009123161,-2.814356906,,9.493908258,-0.244494301,-0.244494301,-0.245944558,-0.249075807,-0.136833322,-0.079674012,,0.029456506,7.543820547,23.86370882,1.054686162,0.069129835,23.72150124
703,2016,-0.285945073,-0.673667205,0.457012197,1.095711525,0.416739262,0.581212997,-0.003535839,0.037235076,0.018777301,17.08151476,0.618557567,0.025525318,0.028575166,-0.659942072,0.56728589,0.397374481,0.397374481,0.401253125,0.39260058,0.362968155,0.588068733,,0.022640163,2.40727469,24.45475018,0.634957809,0.205581015,23.9179099
703,2017,-0.857512953,0.727979275,-0.074565351,1.246301539,-0.259704747,-0.143690442,-0.028370711,0.052372542,0.020493312,17.25453167,0.650073566,0.01647416,-0.892300605,-0.139733889,0.997453169,0.04896259,0.04896259,0.044826794,0.034850543,0.707772255,0.862103477,,0.012607575,2.758027639,24.98993993,0.665736025,0.18482496,24.53961665
703,2018,-0.941176471,0.806372549,-0.115338817,0.954817446,0.115457181,0.373276994,0.517227045,0.038221826,0.014130885,17.24183811,0.898922484,0.029155058,1.896167241,-0.560393576,1.645249586,-0.055478088,-0.055478088,-0.080672945,-0.098735398,0.308330947,0.380549898,,0.016918933,3.054435877,25.25869216,0.662979311,0.436335118,24.86209854
703,2019,0.817307692,0.875,0.289104169,1.273930912,0.267718761,0.553658192,-0.051503164,0.045353183,0.014709765,17.55493095,0.750374746,0.037557506,-1.840966966,-2.269607037,1.434642039,0.545712549,0.545712549,0.565326352,0.584385443,0.136567513,0.159856674,,0.020292137,3.197560194,25.38670493,0.756270701,0.402998642,25.01039498
708,2017,0.129533679,-0.069948187,0.458907843,1.065013376,0.541050525,0.678255926,0.245077074,0.028387982,0.016716156,15.36863008,0.915318857,0.015068483,0.289324201,-2.71655664,0.150065894,0.037765179,0.037765179,0.029912707,0.05818768,0.052911329,0.06057144,,-0.027616698,1.788465266,22.77339858,1.602955716,0.278140452,21.9543738
708,2019,-0.824519231,-0.060096154,0.234031823,0.890624482,0.182895462,0.546168103,0.171672334,0.061821736,0.021238286,17.04317009,1.098065671,0.073497928,0.251466551,-2.574458595,1.740216295,0.368509718,0.368509718,0.358197267,0.366456575,0.110614076,0.086287109,,0.010348445,2.843877233,25.13831752,0.833927522,0.39980444,24.70501973
709,2016,-0.253634895,0.185783522,-0.283341963,1.512696241,1.023177738,0.642188005,-0.225504408,0.016504859,0.004178513,17.54593298,1.163621709,0.01369064,-1.412670588,-3.642910782,3.992290406,0.031516296,0.031516296,0.014601015,0.00382182,0.053191489,0.036084375,,0.034797682,3.822865175,26.01153287,0.505325912,0.560606061,25.70631196
709,2017,0.18134715,0.365284974,-0.001571571,0.878239217,0.668813665,0.977334469,-0.180182215,0.024909592,0.006614516,17.30402641,1.735705507,0.013852917,0.668704819,-3.446080227,3.780224481,0.110682533,0.110682533,0.132286996,0.15222276,0.065656566,0.048075127,,0.03697412,3.618774731,26.07512397,0.500129339,0.559241706,25.75326723
709,2018,-0.318627451,0.779411765,-0.304057467,0.864954037,0.357438901,0.441739183,0.314267129,0.009980464,0.002808896,17.03030145,2.374796378,0.010802378,0.463434161,-3.380275116,5.915744309,-0.191627232,-0.191627232,-0.183096354,-0.204505548,-0.014218009,-0.025907387,,0.032349495,3.497669794,26.06080392,0.524394596,0.591346154,25.72701834
709,2019,0.206730769,0.146634615,0.187690261,0.753651977,0.852116608,0.887388484,-0.205325004,0.009648706,0.002644513,16.99766198,2.534337219,0.018760278,-0.64855974,-1.853429511,5.659616265,0.487591482,0.487591482,0.475236825,0.51389805,0.168269231,0.21274999,,0.032739622,3.912787844,26.21632728,0.497112504,0.592592593,25.91990884
710,2019,0.055288462,-0.526442308,-0.505433316,1.148482508,0.271224382,-0.964912535,-0.103920999,0.015447746,0.011230945,16.02933286,0.263371669,0.002342384,-0.497748176,,0.032289216,0.018178687,0.018178687,0.132446844,0.105436092,-0.022947528,-0.255012525,,0.019543248,1.323952965,21.92696444,3.671150846,0.263484347,20.51918556
713,2017,-0.559585492,0.409326425,1.159787502,0.532666985,0.418984935,-0.762728519,0.114570133,-0.00091776,-0.000757267,14.47511416,0.774502766,0.009559642,0.390257378,-3.350367362,0.172446725,0.479592897,0.479592897,0.45459885,0.522611484,0.192666706,0.194710897,,0.022818805,1.530364815,21.64523297,1.856247244,0.189368695,20.58553664
713,2018,-0.242647059,-0.75245098,-0.026957692,0.159714195,1.796595083,-0.620087826,0.031426285,-0.001849207,-0.001209832,15.08509203,0.468784851,0.005093178,-0.391178569,-1.670108093,0.211398825,0.032721706,0.032721706,0.030673935,0.034962385,0.028759625,-0.035788507,,0.017233374,1.481078916,21.6735868,1.980252654,0.181699775,20.54909202
713,2019,0.528846154,-0.846153846,0.234502787,0.680495527,0.927753866,-0.542835056,-0.543438571,0.001109518,0.000692932,15.42705013,0.356599818,0.003155797,-0.372982591,,0.156675694,0.1114378,0.1114378,0.118586041,0.137927421,0.020653676,0.01760269,,0.019038894,1.478952088,21.69403008,1.989373275,0.224330449,20.56654158
719,2016,0.366720517,-0.634894992,-0.35353209,0.938004323,0.936858454,0.267908515,0.288194715,0.020192005,0.013010716,15.60930742,1.183794236,0.017501474,0.159649349,-2.059307804,0.020600851,0.076374923,0.076374923,0.081226697,0.078895628,0.104495829,0.154222971,,,1.558033549,23.16302005,2.095811267,0.126300685,22.13625937
719,2017,-0.523316062,-0.652849741,0.081019217,0.846598528,0.761947462,0.326016945,-0.201845614,0.020103076,0.012862246,15.44543021,1.485911048,0.018491909,0.111287377,,-0.027660251,0.013381622,0.013381622,-0.011360642,-0.009831782,0.009661112,-0.095356698,,,1.472562065,23.17263479,2.253890899,0.124413935,22.03604482
719,2018,-0.37745098,-0.279411765,-0.034453346,0.904718213,0.433221919,0.338186918,-0.499194323,0.019702351,0.013163859,15.34977039,1.743718287,0.017784033,0.414605561,-3.73255088,0.253393666,-0.054048022,-0.054048022,-0.070193966,-0.089275239,0.122924417,0.230870869,,,1.542639998,23.28857116,1.998978944,0.114790921,22.24376676
719,2019,0.228365385,-0.622596154,0.014935884,0.85924027,0.520450979,0.54818638,0.199277799,0.020255548,0.013311987,15.39010051,1.801787997,0.019980706,0.22907623,-2.170209046,0.120960636,0.131470813,0.131470813,0.117657369,0.1185685,0.072413345,0.059675451,,,1.532760802,23.35848273,1.801047297,0.105592835,22.30172944
721,2017,0.28238342,-0.336787565,0.064020011,1.131958292,2.038052879,0.881746879,0.03281358,-0.005636454,-0.003479293,14.47403118,0.345366294,-0.00588977,1.881098335,-1.551307278,0.1212361,0.030510255,0.030510255,0.092896357,0.087282216,0.04247653,0.13673019,,0.009133394,1.763996306,20.8652414,0.833761624,0.254523556,20.02846721
721,2018,-0.174019608,-0.218137255,0.042166004,0.882993962,1.826664465,0.309339959,0.354303574,-0.02626341,-0.01504911,14.38963429,0.3562875,-0.023124702,-2.434964577,-2.361860221,0.152564263,-0.507596344,-0.507596344,-0.279884241,-0.376107585,-0.15437389,-0.149032362,,0.019318537,1.77255046,20.69756343,0.517623304,0.292686681,19.86708603
723,2019,0.473557692,-0.115384615,0.18943578,1.042282675,1.154596134,0.34032771,-0.489499882,0.044273098,0.019513197,17.07939694,0.390986201,0.026344437,0.949560623,-1.350863752,0.386359434,0.695464606,0.695464606,0.326909366,0.3787387,0.311438224,0.274393765,,0.077412626,2.145896936,24.02993424,0.462191002,0.486545778,23.4025643
735,2016,-0.476575121,-0.618739903,1.043528064,1.018362724,0.316868258,-0.734868646,0.421750938,0.029015244,0.017438732,16.06014557,0.407690596,0.02428689,0.106607026,-2.14558292,0.089742821,-0.53743431,-0.532883202,-0.377414841,-0.437618591,0.117864159,0.174550911,0.004323127,0.010879158,1.638334972,22.59986584,1.363335816,0.331708031,21.65729327
735,2017,-0.303108808,-0.028497409,-0.247791785,0.753208536,0.704833247,-0.726437971,-0.18619416,0.013128325,0.008125975,16.23211582,0.362937546,-0.001201582,-0.03147294,,0.105891345,0.117304141,0.116449277,0.178509684,0.28177162,-0.077329028,-0.221098594,,0.033786411,1.490120649,22.51938325,1.140255777,0.416424485,21.40742247
735,2018,0.926470588,-0.595588235,0.024151347,0.776933781,1.063245418,-0.309544384,0.216615513,0.000829096,0.000549581,16.23276348,0.365144472,0.002449126,0.549324126,-1.486687463,0.134433157,1.601596273,1.548627977,1.102768526,1.429872166,0.235863786,0.599663389,,0.022404428,1.741356967,22.7311534,1.544845597,0.342399748,21.87721569
751,2016,-0.751211632,-0.211631664,-0.34630384,1.370668017,1.444119643,0.635084109,-0.264997417,0.018035394,0.00969423,15.7545041,0.336943933,0.007353898,2.604084872,,0.384963512,0.261769101,0.261769101,0.288713042,0.331604517,0.193645828,0.330235021,,0.035509783,1.889112841,22.24744997,1.235535307,0.197400119,21.49381152
751,2017,-0.489637306,-0.305699482,0.066693761,0.996662192,0.844260623,0.096475919,-0.042968981,0.005180568,0.002749888,15.34130532,0.533281523,0.004685801,-2.906300193,-2.717084044,0.364110654,-0.053732294,-0.053732294,-0.065800705,-0.074056119,0.057895589,0.092413291,,0.051644576,1.945554444,22.30373161,1.223973734,0.216243255,21.5822008
751,2018,0.230392157,-0.416666667,-0.280373247,0.98659247,0.842825843,0.327689796,0.328140567,0.018700497,0.009875036,15.23835194,0.621144651,0.004348078,3.839445083,-1.70448185,0.532957682,-0.219143054,-0.219143054,-0.218028154,-0.221190073,0.109677721,0.146039101,,0.040347792,2.00776187,22.40780124,1.338715148,0.19788724,21.71851254
751,2019,0.418269231,-0.497596154,0.232941982,1.236616655,1.133393796,0.581755251,-0.416539651,0.021692042,0.011163971,15.32847302,0.614155505,0.00776371,0.896453011,,0.407103958,0.429425758,0.429425758,0.421114454,0.433570848,0.060824998,0.017798071,,0.058571491,1.92891794,22.46684815,1.408638618,0.195150318,21.73615408
753,2016,0.747980614,-0.673667205,-0.375393827,1.144352207,0.989577114,0.205390969,0.299635705,0.004142241,0.001800454,15.01413932,0.690126701,0.01016919,-1.144868918,,0.470542017,-0.051335285,-0.051335285,-0.072815991,-0.067972412,-0.052688108,-0.118898873,,0.023327258,2.138218693,22.32836825,1.635782437,0.082896007,21.69785964
756,2018,0.779411765,-0.504901961,0.442194344,0.640280938,1.095448204,0.52155578,-0.490390785,0.030556364,0.014981889,15.01266487,0.927675308,0.022674755,0.269356593,-1.436154364,0.566259536,0.059961004,0.059961004,0.054706206,0.11149971,0.114745272,0.15222666,,0.033247576,2.155467505,22.6395697,1.226452276,0.403982024,22.01606708
758,2016,-0.709208401,0.974151858,-0.367995445,1.553789269,1.255505901,0.643586688,-0.044633028,0.018731249,0.005386824,16.34356304,0.568670268,0.019849493,-1.461630284,,1.111816566,-0.250813772,-0.250813772,-0.246883106,-0.285954297,-0.060324828,-0.092059264,,0.017382622,3.167958474,23.83492666,1.329007918,0.159546968,23.45562522
758,2017,0.300518135,0.979274611,0.205982257,1.199061091,0.636651197,-0.230661185,0.405650409,0.009985832,0.00340271,15.9803565,1.032159774,0.010603802,-0.419132463,-3.470451484,0.971669179,-0.188273607,-0.188273607,-0.195682287,-0.178626493,0.123406525,0.021088955,,0.016128719,2.645580139,23.95129227,1.41632639,0.130574435,23.47649488
758,2018,0.022058824,0.933823529,-0.248038631,0.918631054,0.453214103,-0.809601202,0.635630203,-0.002878553,-0.001079724,15.97984847,1.060525029,0.014465147,-2.945009532,-2.996461734,1.369079437,-0.475943131,-0.475943131,-0.453472853,-0.495102724,0.00995904,0.060870161,,0.022975136,2.884887959,23.96120205,1.199246929,0.112563761,23.53558436
758,2019,-0.295673077,0.651442308,0.119071919,1.564186645,1.203035593,0.20369657,-0.153823916,0.007568169,0.002702623,16.086711,0.912533805,0.016049501,1.665876682,,0.631841821,0.072313198,0.072313198,-0.033067556,0.075147843,-0.214851822,-0.309458343,,-0.014224436,2.350942404,23.71931923,1.782806757,0.100742728,23.16530538
759,2016,0.560581583,0.350565428,-0.185166704,0.841018779,0.074218543,-0.612295539,0.111370473,0.004940422,0.00204372,15.59211447,0.555512545,0.003584093,-1.784701806,-2.066208307,0.744484464,0.016048984,0.016048984,0.000394971,0.011324716,0.038960802,-0.041343996,,0.051417759,2.18916836,22.80508325,0.74959312,0.43291763,22.19481573
759,2018,0.338235294,-0.230392157,-0.089475836,0.659843032,0.376691515,0.111069191,-0.042693707,-0.010014622,-0.003972859,15.36435919,0.750365998,-0.038413459,0.032696377,-0.367368063,1.213223671,-0.111183844,-0.111183844,-0.088029232,-0.128957426,0.060483218,0.151901722,,0.014025207,2.803956598,22.96650465,0.58323373,0.467193817,22.52545552
761,2016,0.147011309,-0.379644588,-0.239338328,1.555153889,1.538144317,1.014671647,-0.184582364,0.03935022,0.010052637,16.45404076,1.147913124,0.031762225,0.166707722,,2.362527025,0.130434846,0.130434846,0.129734931,0.113080051,0.172091583,0.09265075,,0.032591939,3.301201842,24.88266624,0.92811997,0.355124189,24.52181117
761,2019,-0.355769231,-0.519230769,0.42225771,0.729128483,0.702329664,0.733520438,-0.20805747,0.010204764,0.003351004,16.31054398,1.775477669,0.043032353,0.348973106,-3.063033235,2.048838063,0.739415511,0.739415511,0.625457212,0.692387909,0.032556995,-0.034421739,,0.017763044,2.721395108,24.89383143,1.202412346,0.388206126,24.43582185
767,2016,-0.421647819,0.693053312,-0.267906237,0.923887687,1.040038074,0.346818739,0.094875608,-0.045125894,-0.009106869,15.84851036,1.202748168,-0.056780449,-3.96938462,-2.163322089,4.911737452,0.232101209,0.232101209,0.194218853,0.184295246,-0.002316939,0.045646082,,0.035784183,5.888479954,24.60234147,0.683350807,0.529107316,24.41622498
767,2017,0.176165803,-0.064766839,0.108816453,0.756486715,0.676023603,-0.027313392,-0.202561877,-0.005996622,-0.001043002,15.88155746,1.016032764,0.000984419,1.494524371,-2.932519793,4.680212363,0.106236172,0.106236172,-0.029489943,-0.052540917,-0.007102421,-0.004375166,,0.046284444,5.968623635,24.5952137,0.485909909,0.56841602,24.41184022
768,2017,-0.044041451,-0.761658031,-0.001621673,0.847533086,-0.351981733,-1.59784328,0.341801569,0.003349312,0.001285014,17.56929719,0.404587862,0.000805681,-0.074540525,-1.85701068,0.601939052,0.106701016,0.106701016,0.102515032,0.109295705,0.065935208,0.151262522,,-0.010628729,2.980814192,24.60211689,1.325405025,0.080532695,24.19342837
777,2019,0.120192308,-0.53125,0.039864426,1.027369311,1.057299276,0.033030397,-0.162187689,0.012874732,0.007793873,15.38188278,0.313723948,-0.001119805,0.172367645,-1.559196844,0.179649464,0.551458558,0.551458558,0.591162588,0.690339297,0.098299455,0.158227631,,0.02766729,1.750999267,21.735969,1.575513611,0.078780207,20.88943176
778,2016,-0.651050081,-0.770597738,-0.368162134,1.400538055,0.550549014,-0.371965691,-0.076222659,0.015181662,0.006195826,16.81353137,1.041363249,0.022536786,0.636234782,,1.360780973,-0.202063726,-0.202063726,-0.251246433,-0.277191679,-0.019232419,-0.052590418,,0.018206723,2.350933155,24.63376981,1.005349347,0.318198096,24.07975306
778,2018,-0.5,-0.715686275,-0.202708904,0.862223267,0.464550532,0.272070179,0.35499887,0.021067001,0.009241051,16.49832667,1.544697616,0.027358558,-0.120024319,,1.400791999,-0.068157392,-0.068157392,-0.068179053,-0.078638118,0.043993981,0.062891537,,0.019108403,2.239117707,24.67267362,1.054533355,0.312900247,24.08099131
778,2019,0.497596154,0.072115385,0.156651865,0.716555646,0.591615643,0.781792898,0.001367211,0.024673031,0.011110284,16.50306591,1.604791861,0.037333165,1.310631191,,1.200900634,0.444883178,0.444883178,0.432800269,0.485965405,-0.016688958,-0.108829823,,0.018590922,2.006178062,24.65584383,1.223331811,0.328168355,23.96577144
779,2019,0.451923077,0.338942308,-0.108768342,0.854300768,0.631749213,0.609590976,0.036651178,0.038075888,0.022352082,14.36369575,1.199090412,0.034999991,0.77836778,-2.714919914,0.100130603,0.002896582,0.002896582,-0.016911238,-0.029676878,0.07624691,-0.013507115,,-1.553916386,1.589864947,21.98671281,1.845650564,0.17971128,20.99520207
785,2016,-0.602584814,-0.43457189,-0.308948756,1.043405968,0.819325264,-0.223951207,0.360422443,0.029126132,0.010217464,14.72564346,0.434182326,0.041322811,2.618453495,,0.311435266,0.01955344,0.01955344,0.007727165,0.003708649,0.007919246,-0.207458943,,0.014640407,1.969276899,21.68697193,1.032511715,0.239627249,20.97810056
785,2017,-0.088082902,-0.528497409,0.298775005,0.93012351,0.656323699,-0.014642143,0.276875165,0.022760429,0.01155851,14.58704153,0.633083662,0.022762628,-2.032378744,,0.20967164,-0.002055099,-0.002055099,-0.030316455,-0.033100106,0.016267726,-0.064760036,,0.009768713,1.82800646,21.70310876,1.245915427,0.222207554,20.91114843
786,2016,0.525040388,-0.935379645,0.171350969,1.925043112,-0.337725132,-0.315656889,-0.151251982,0.059677747,0.042973395,17.19866093,0.404220751,0.018798593,1.345352547,,0.088826846,0.312694381,0.312694381,0.219508417,0.216515046,0.114947933,-0.1538223,,0.017560427,1.264203658,23.53778869,1.99265359,0.43789726,21.97231124
786,2017,-0.059585492,-0.961139896,-0.011856055,1.464589412,-0.075048035,0.553444597,0.187875783,0.047129906,0.037521666,17.01253001,0.576177808,0.012849921,-1.147549047,,0.080602926,0.008431026,0.008431026,0.059613656,0.053766223,0.099577283,0.539177829,,0.007472956,1.413506894,23.6327145,1.801581115,0.441288624,22.40355964
786,2019,-0.572115385,-0.987980769,0.835137473,0.988039617,-0.02331057,0.954913213,-0.336162709,0.055686498,0.0383846,18.0194897,0.248344211,0.007977021,0.440409211,,0.068665219,0.462765762,0.462765762,0.398419067,0.412939191,0.125998799,0.054909486,,0.017440713,1.41208363,23.94788367,1.245697258,0.433057569,22.71628834
789,2016,-0.008077544,0.641357027,0.562877424,1.969186172,1.512430708,1.616722153,0.135570394,0.060961592,0.031085886,15.65865481,0.708421309,0.057705977,3.135978699,,0.353271347,0.49023376,0.49023376,0.205837503,0.20036201,0.062096637,-0.119889124,,0.023200688,1.667365195,22.86530608,1.086198436,0.458506654,21.94964357
792,2016,-0.411954766,-0.925686591,0.019824261,1.386738586,0.551074508,-0.861491267,0.380491763,-0.008835159,-0.002742859,17.40269173,0.693328779,-0.007848228,-2.757614966,-4.384875201,1.781724525,0.547119332,0.547119332,0.55119859,0.64405347,-0.052437539,0.010289349,,0.031105652,3.777870619,25.09748248,0.46396289,0.643556724,24.79000663
793,2017,-0.943005181,-0.958549223,-0.605869699,1.126927303,2.2215523,0.276378135,-1.831324563,-0.001075361,-0.000674231,15.71551915,1.403125413,0.007307277,-2.637225492,,0.991006426,0.348784746,0.348784746,0.31879723,0.453584477,-0.205903973,0.169732448,,0.029394236,2.349701893,23.3013624,1.655428512,0.042886645,22.74695768
797,2016,0.851373183,0.932148627,-0.273567167,1.560507272,0.983788032,0.641153397,0.400432341,0.01963355,0.003779245,16.05180315,0.355565578,0.00585641,-0.579484089,-4.025395906,0.939187585,0.098364945,0.098364945,0.125850384,0.20409795,0.239984441,-0.023206619,,0.000497292,2.759571672,23.44229294,2.180451628,0.028736466,22.99228788
797,2017,-0.702072539,0.875647668,-0.15085577,1.061398137,0.767863389,0.084338031,0.310533342,0.016889371,0.006173172,15.65922157,0.902121919,0.007595099,0.861679087,-1.794417714,1.499583564,0.680538613,0.680538613,0.747520589,0.844561612,0.149078247,0.196746571,,0.000601491,2.976864993,23.58125304,1.960186134,0.047229547,23.17189456
797,2018,0.482843137,0.892156863,0.005495058,1.097360095,0.527461054,0.292464598,0.467438038,0.011024601,0.003757485,15.52215834,1.083592179,0.004951702,0.060261076,-0.473386396,2.369350017,-0.437553788,-0.437553788,-0.351770874,-0.403941138,0.368286807,0.561906348,,0.004021103,4.133021842,23.89481249,1.467668386,0.033676069,23.61780166
797,2019,-0.694711538,0.959134615,-0.185568009,0.81803861,0.70319919,0.173145021,0.491566234,-0.004349844,-0.001083942,15.44781539,1.132051037,0.005452987,1.453422769,-3.000244445,3.075154176,1.938030104,1.938030104,1.634890178,1.507974571,-0.007863363,-0.016703174,,0.013037558,4.020782402,23.88691805,1.589327373,0.028046456,23.60095741
798,2018,0.171568627,0.578431373,-0.055774291,1.048038549,1.499100214,0.363286057,0.083858109,0.024361437,0.019023625,14.43876712,0.422300766,-0.007174924,0.258022172,-0.469140092,0.127734452,-0.452488541,-0.452488541,-0.335592772,-0.398371435,0.250574716,1.030493144,,0.041078164,1.546446264,20.89616864,1.047824327,0.31565338,19.85588977
798,2019,0.951923077,0.367788462,0.315783782,0.778929184,1.655469911,-0.404247684,-0.719820718,-0.023244564,-0.01482967,14.7608985,0.288156465,-0.007911207,-2.123288064,-0.892122154,0.152689415,0.318912725,0.318912725,0.258536101,0.377194875,-0.040133269,0.163277953,,0.055323073,1.74897942,20.85520781,0.91100528,0.362048413,20.00713161
800,2017,0.531088083,-0.313471503,0.299652938,1.143320453,1.05271154,0.298954155,0.387495998,0.005820252,0.002792693,16.2099767,0.758374981,0.003279687,1.109285105,-2.198143933,0.602963878,-0.206120508,-0.206120508,-0.194182334,-0.182162467,0.136649884,0.274145782,,0.020799793,2.367641033,23.67945306,0.986340936,0.217362211,23.13064633
801,2017,-0.103626943,0.041450777,0.337986501,1.097434595,0.574500338,-1.357878269,0.820659561,0.003274928,0.001502475,15.48707418,0.452084023,0.001180023,1.702158941,-2.373958502,0.330410178,-0.197825189,-0.197825189,-0.201524635,-0.233289357,0.041373164,0.05818437,,0.018335221,2.182772865,22.38360257,1.753437794,0.064774596,21.77086811
801,2018,0.835784314,-0.620098039,-0.04928779,0.967852708,0.686764316,-0.350296842,0.186000492,-0.001452709,-0.000662167,15.53404608,0.433906217,0.001258877,-0.910253801,-3.816512158,0.356235578,0.249303523,0.249303523,0.247460284,0.299346088,-0.167761302,-0.375668935,,0.039311062,1.684918092,22.19996659,2.373889682,0.053347102,21.29979361
801,2019,-0.723557692,-0.540865385,0.146702568,0.815275968,0.232727598,-0.392805717,0.00820853,0.009385324,0.005345634,15.64074616,0.429535787,0.004818496,1.072207552,,0.173240169,-0.016929239,-0.016929239,-0.069625101,-0.077369229,0.18235526,0.305558165,,-0.013749787,1.814411413,22.36747502,2.172048246,0.051768475,21.56642427
807,2016,-0.780290792,0.163166397,-0.286642085,2.034046156,0.683628499,0.024293602,0.116673641,0.014924358,0.004724525,16.75970893,0.571013129,-0.010195969,1.406075766,-1.725333539,1.633997022,0.037338882,0.037338882,0.058847848,0.040046597,0.15389764,0.194175018,,0.030790995,3.370199919,24.3349402,0.517399101,0.465729181,23.98294244
807,2017,0.023316062,0.435233161,-0.108316252,1.595365522,0.73650666,-0.284256303,1.002641678,0.006310274,0.001854098,16.23840653,0.953801506,0.005754514,-2.713457877,-1.841605782,2.096550833,0.034392166,0.034392166,0.026013932,0.021534855,0.054029489,0.140456673,,0.030918115,4.183201441,24.38756063,0.440871064,0.534698573,24.11437121
807,2018,0.75245098,-0.99754902,-0.084425896,1.379974264,0.609138453,0.438859882,0.191199851,0.016821516,0.004090786,16.23837879,0.911359372,0.021239908,1.856744207,,2.138415599,0.112762693,0.112762693,0.099173683,0.103435096,0.041704125,-0.066264654,,0.030630399,3.14543676,24.42841858,0.343708844,0.58566018,24.04580898
807,2019,0.545673077,-0.081730769,1.689884546,1.881957443,1.030818452,1.810967887,-0.580928332,0.035697402,0.011368179,16.93360171,0.628831358,0.024682839,1.455746137,,0.748955177,0.808866904,0.808866904,0.57428956,0.613937347,-0.008694014,-0.132345404,,0.022868871,2.481385948,24.41968655,0.369304684,0.670562188,23.9038474
811,2017,-0.917098446,-0.233160622,0.842572262,1.2701062,1.661496319,0.494350117,0.477151308,0.036796219,0.019073119,15.20475271,0.779069247,0.029425511,-0.014889426,-1.684304218,0.31986037,0.105241092,0.105241092,0.095987946,0.07367017,0.158939655,0.206167678,,0.027564797,1.966643089,22.58309041,1.574859662,0.107576078,21.8728364
815,2017,-0.321243523,-0.113989637,0.117638515,1.314698826,0.711112169,-0.635144076,0.690231781,0.00311524,0.002194865,14.8588422,0.75543287,-0.000693078,-0.958120551,-0.98061113,0.026301835,-0.054006436,-0.054006436,-0.017517125,0.02089132,0.055099205,0.15555265,,-0.040093007,1.502544059,21.85750791,2.095133115,0.278303042,20.76227623
815,2018,-0.308823529,-0.029411765,-0.283091076,1.565936889,1.30914658,-0.636450269,0.629839945,0.00571874,0.003771913,15.41755973,0.423178455,0.002190809,1.807572005,,0.094348896,0.030565833,0.030565833,0.04043311,0.007013252,0.017150293,-0.005019857,,0.020604374,1.486264087,21.8745128,2.252467696,0.320208749,20.75724374
815,2019,0.983173077,-0.072115385,-0.235862358,1.052696408,1.060365799,0.257536655,0.181217834,0.003907428,0.002631151,15.18164531,0.55176728,0.00311853,-0.127610054,,0.183495671,0.107828346,0.107828346,0.068763379,0.093344534,-0.009996582,-0.088261659,,0.029232664,1.431244497,21.86446591,2.357057985,0.273116049,20.6648415
825,2019,0.391826923,0.052884615,1.276028292,0.883706123,0.646204145,0.982742539,-0.311110782,0.024231681,0.011381284,17.02025884,1.3842773,0.043671035,1.324078988,,0.568284349,0.43927553,0.43927553,0.299042803,0.308777631,0.065216042,-0.018658701,,0.013925465,1.949850475,25.01183291,0.913000454,0.556983854,24.29262952
829,2017,-0.531088083,-0.582901554,-0.218211455,0.981420889,0.6149637,-0.967205686,0.584219101,0.001783176,0.000332589,15.56550772,0.475402315,0.003170132,-3.191810187,-2.670034714,1.444673437,0.160596022,0.160596022,0.15244461,0.159934078,-0.026032268,0.002781168,,0.067705365,5.198603556,23.29404831,0.970567675,0.019856584,23.08041025
829,2018,-0.93627451,0.007352941,0.113366237,0.931353683,0.953184942,-1.053768494,0.236934066,0.01267324,0.002109482,15.49737002,0.472059536,0.011861583,1.94008351,-3.38595343,1.319081058,0.283664993,0.283664993,0.29067577,0.296644001,0.049233858,0.061798261,,0.05653796,5.473813697,23.34210855,0.948599689,0.008859852,23.1403742
829,2019,0.194711538,0.03125,0.248005345,1.294217606,0.794378936,-0.631444446,0.543772964,0.0059058,0.001034665,15.7300859,0.374068525,0.001004126,1.239816495,-2.346138738,0.932012927,0.266373698,0.266373698,0.260511314,0.266141338,-0.028159444,-0.03812258,,0.0313264,5.23376827,23.31354503,0.869188584,0.008268715,23.10150594
830,2019,-0.137019231,0.401442308,1.555179421,1.327634164,0.353776702,0.909604061,-0.292383311,0.037872703,0.013322687,16.7685721,0.626181734,0.036445252,-1.005134102,,0.570560782,0.947496812,0.947496812,0.53412276,0.522355372,0.067195459,-0.164714157,,0.024912607,2.016724279,24.2022508,0.295792466,0.675931145,23.51736222
833,2018,0.470588235,-0.803921569,-0.155362956,0.938899191,1.202464992,0.382460006,0.188669467,0.000589298,0.000182739,14.4513976,1.462762679,-0.018570357,0.707876656,-1.163930096,0.485673072,0.485054826,0.485054826,0.565457083,0.626736137,0.189216822,0.628945263,,0.010815017,1.705550342,22.26997115,1.258931942,0.277566932,21.38730616
833,2019,-0.25,-0.745192308,-0.012193786,0.899984652,1.077331228,0.501579105,-0.086041846,-0.004497083,-0.002745158,14.37241124,1.589765762,0.001334903,1.831333012,-1.409666801,0.687395504,-0.269400515,-0.269400515,-0.336166985,-0.368422353,0.095019152,0.145035032,,0.022307006,1.762344682,22.36074301,1.345610852,0.2541679,21.52274139
836,2018,0.149509804,-0.129901961,-0.269849895,0.953901133,0.951121671,-0.928874905,0.263100226,0.004223053,0.002518372,15.29402774,0.312784155,-0.003189401,0.575164916,-3.311410099,0.247031937,-0.29948404,-0.29948404,-0.253266833,-0.261163975,-0.063929405,0.062080584,,0.029303896,1.970042906,21.66782554,1.308237845,0.281248378,20.95935524
837,2016,0.363489499,0.0726979,-0.324949616,1.330060173,0.765169862,-0.424609244,0.247600787,0.002902836,0.001276115,15.07400526,1.015514448,0.003923948,-1.337059052,-1.297102275,1.453501985,0.044758738,0.044758738,0.019018082,0.006899788,0.139224588,0.231270632,,0.013855667,2.517273492,22.92747683,1.506487323,0.211484171,22.42121543
837,2017,-0.005181347,-0.080310881,-0.112621736,1.023538898,1.132876793,-0.057715976,0.174977789,-0.001341445,-0.000529245,14.7820613,1.343448013,0.006410095,-3.017002755,-2.485375001,1.774312204,0.004159794,0.004159794,0.001805843,0.01608108,0.013956265,0.074554359,,0.014473426,2.768298204,22.9413366,1.318518181,0.221765315,22.49312146
851,2016,-0.163166397,-0.967689822,-0.183973328,1.125305564,1.400502047,-0.709613268,-0.027982441,0.002238669,0.000956487,15.43964815,0.672034672,-0.000558904,1.071926846,,0.691557372,0.33556418,0.33556418,0.336602043,0.352759987,0.116483447,0.060043307,,0.023983513,2.212228097,22.87874387,1.567483472,0.011335454,22.27720374
851,2018,0.245098039,-0.955882353,0.385829741,1.169594618,0.828257718,-1.37712477,-0.018012519,-0.002660467,-0.001063256,15.4606837,0.764577286,-0.009483429,-0.340328091,,0.610542592,-0.478730925,-0.478730925,-0.458800197,-0.482222978,0.103973091,0.222202061,,0.031596171,2.570091504,22.99501103,1.417308274,0.011651688,22.50220343
852,2016,0.227786753,0.631663974,-0.542791574,0.930932823,0.317292096,-1.29018247,0.248910956,-0.008956195,-0.002359858,15.60228982,0.303552848,-0.020443548,3.017691135,-2.995879793,1.123817667,0.375629061,0.375629061,0.315939645,0.282727195,0.177494142,0.22128784,,0.017707737,4.22136669,22.75796112,1.0574377,0.161194693,22.48760789
852,2017,-0.945595855,-0.39119171,0.250685057,1.036035381,1.564595739,0.396542278,0.007322141,0.013855284,0.003201368,15.46228429,0.362811789,0.002709956,-0.758748957,-0.98438008,1.222965274,0.758878364,0.758878364,0.634465243,0.819002053,0.240827834,0.293242026,,0.019306356,4.886263803,22.97373988,1.046129547,0.128666037,22.74476015
852,2018,-0.965686275,-0.397058824,-0.338746859,1.037037738,1.170620742,-0.120341031,0.685375043,0.006347353,0.001333915,15.3034535,0.444056301,-0.000866544,-1.307995419,-3.605508555,1.854282165,-0.048772075,-0.048772075,-0.047774385,-0.064909434,-0.032852015,-0.043039668,,0.020309851,4.694102455,22.94033612,1.07315769,0.136074454,22.70076681
856,2017,-0.953367876,-0.248704663,-0.027426973,1.149556765,0.853912333,-0.710786096,0.187386725,0.000557964,7.29e-06,14.93199267,0.137266078,-1.27e-05,-0.551531737,-1.570350585,0.536888535,0.545208665,0.545208665,0.595858746,0.545873915,0.201529114,0.193446959,,0.020306285,4.824096575,21.49920663,0.990768199,0.129261987,21.2669054
856,2018,0.573529412,0.149509804,-0.372724258,1.27703216,1.347351994,0.439754815,0.123284621,-0.003981405,-0.000835975,14.61075279,0.202279111,-0.002681753,0.15674815,-2.384357027,0.896220825,0.193880038,0.193880038,0.181241474,0.20790785,0.157656285,0.198462088,,0.016264192,5.575663564,21.64560414,0.934744965,0.129094452,21.44794454
858,2016,0.757673667,-0.137318255,0.345571663,1.419952129,-0.434310155,0.45472988,-0.720401946,0.056073128,0.04364509,19.37487135,0.207179891,0.018074024,0.685746827,-1.422708592,-0.080974607,0.371295446,0.371295446,0.343005629,0.313886163,0.248275476,0.493214302,,,1.373772654,25.11066044,3.346613903,0.066425866,23.80899218
858,2017,-0.647668394,0.336787565,0.584723048,1.386596143,-0.568083411,0.8103685,-0.532336978,0.062243901,0.048537753,19.42646462,0.236813204,0.015214716,0.637476908,-1.96750419,-0.077137326,0.267485886,0.267485886,0.216842246,0.221878226,0.095140601,-0.067724314,,,1.301431332,25.2015432,3.906076156,0.070918155,23.73886548
859,2017,-0.417098446,0.341968912,0.628955452,0.967862533,0.667778202,-0.240329141,-1.100586228,0.014227445,0.010458039,14.89261375,0.560852347,0.001073387,-0.404425333,,0.077132023,0.206392329,0.206392329,0.131717216,0.16632835,0.015533101,-0.046920166,,-0.06965632,1.315202951,21.46337103,2.974611869,0.371110438,20.03484148
860,2017,-0.699481865,0.233160622,0.598077679,1.429760842,-0.902044543,-0.108413596,-0.77993838,0.023607097,0.009930554,17.05738686,0.298063647,0.012388837,0.254111089,-1.318995932,0.170451804,0.16362962,0.16362962,0.139860418,0.220313454,0.101326865,0.190441677,,0.017447891,2.765743681,23.72760456,1.591738996,0.153283404,23.27886695
860,2018,-0.144607843,0.328431373,0.206646265,1.214031431,-0.696116525,-0.18111776,0.064739046,0.023684619,0.008409303,17.47652493,0.191227342,0.008413879,-0.305777913,,0.125706813,0.131206684,0.131206684,0.164903213,0.266944821,-0.013321793,-0.068106446,,0.02841802,2.518796476,23.71419323,1.596143928,0.1494383,23.20833026
860,2019,0.449519231,0.495192308,-0.269808464,1.024166977,-0.192630591,-0.24775204,0.088846671,0.013212772,0.00515833,17.56571215,0.188819512,0.012142906,-0.82526183,,0.147318564,-0.034554137,-0.034554137,-0.025513795,-0.010279529,-0.031371675,-0.074818448,,0.01246874,2.358149942,23.68231893,1.871298199,0.150513879,23.13056498
863,2016,0.864297254,0.793214863,-0.389122893,0.857569392,0.328757618,-0.127525444,0.318918021,-0.005770959,-0.002626056,15.44257892,1.278866056,-0.02218372,-0.952421563,-1.891781726,1.564980578,0.018335968,0.018335968,0.106841105,0.156120604,0.069783375,0.209104158,,0.022431658,2.201212844,23.31981641,3.536038901,0.00336327,22.71413966
863,2017,0.735751295,-0.028497409,0.227869621,0.643872579,0.498410957,0.352420034,0.261317803,0.021616773,0.009956343,15.22832304,1.502016694,0.063521684,-2.588236474,,1.003843742,0.635832137,0.635832137,0.419330754,0.589433002,-0.03257358,-0.025348804,,0.01985287,2.22113801,23.2867005,2.980552557,0.00306046,22.68846404
863,2018,-0.818627451,0.448529412,-0.20627289,0.811000527,0.647947746,0.510099615,0.421446489,0.000766282,0.00048817,15.48147503,1.097465106,0.0041906,0.988896532,-2.114088942,1.270394247,-0.662200432,-0.662200432,-0.61404103,-0.693496334,0.186725531,0.367153536,,0.016688366,2.727531601,23.45789836,1.817944966,0.004001223,23.00119491
863,2019,-0.274038462,-0.663461538,-0.07506969,0.563072235,0.379514692,0.090644784,-0.030245656,0.010592823,0.004310642,15.42374207,0.985214899,0.012165668,1.168783927,,0.677151937,4.300387632,4.300387632,4.165927832,6.621661057,-0.49985915,-0.656452089,,0.03489631,1.770105879,22.76503284,3.142213579,0.007663697,21.93276621
869,2019,0.908653846,-0.043269231,0.092517738,0.792373535,0.101387635,-0.119256189,-0.300710519,0.014509579,0.011599295,16.60997535,0.648303562,0.017003519,-1.81328784,-4.412253988,0.062776598,0.337365406,0.337365406,0.331905713,0.32517645,0.006185636,-0.031643331,,0.010218806,1.264320079,23.31621646,2.202998721,0.424475687,21.75108748
876,2018,-0.517156863,-0.987745098,0.699463507,0.773511327,-0.149349954,-0.53788109,-0.511306174,0.056835874,0.031085514,18.38832756,0.32548268,0.016004321,4.756727131,0.089207406,0.25053207,0.266381305,0.266381305,0.217808548,0.214702284,0.757994516,1.320042228,,0.013511185,2.436318043,25.23734162,0.862707723,0.21623129,24.70893664
877,2016,-0.867528271,-0.243941842,-0.470918766,1.064806742,2.151445031,0.895971149,-0.301205928,0.025157164,0.009297008,16.03262202,0.83086716,-0.003612741,-0.410784666,,1.360132627,0.144081928,0.144081928,-0.024271475,0.006811442,-0.07235512,-0.241012755,,0.03314182,2.084398534,23.59368939,0.541519353,0.681518712,22.94023453
877,2017,0.761658031,0.194300518,0.757842342,1.2812861,0.651909165,0.716272396,-2.61e-05,0.040532714,0.01945942,15.8732335,1.150696618,0.015889285,1.668720919,,0.583365732,0.331501583,0.331501583,0.203835004,0.266868387,-0.057747719,-0.213868715,,0.032547555,1.766928949,23.53420716,0.71836666,0.686383904,22.69960306
877,2018,0.166666667,0.12745098,0.331815729,1.30213029,0.932856241,1.226267308,-0.198746458,0.042030081,0.02386744,16.11795077,0.991954539,-0.000885066,0.435175155,,0.302077628,-0.090675229,-0.090675229,-0.127460198,-0.115209523,-0.058437364,-0.26768206,,0.025784754,1.509633605,23.47399275,1.00656574,0.678544531,22.38806255
877,2019,0.725961538,0.146634615,-0.124049233,1.348585733,0.853582796,1.970247801,-0.031799058,0.039859885,0.026764604,16.46628223,0.777257513,0.010804778,-0.132650492,,0.189106882,0.147875663,0.147875663,0.172412284,0.229596897,-0.003646994,-0.239589653,,0.031926876,1.347063943,23.47033909,1.111793368,0.629784772,22.11416548
878,2019,-0.632211538,-0.985576923,0.199359736,1.769532442,0.879742756,1.338709802,-0.386578793,0.026362462,0.00757365,16.95938742,0.54616512,0.017291249,-0.611964481,,1.460639845,0.471585148,0.471585148,0.462670093,0.483113276,0.100511658,0.128630959,,0.018385052,3.652158168,24.56342962,1.287546557,0.330112082,24.24348506
880,2016,0.515347334,-0.088852989,-0.38230784,1.070173912,1.183708066,-0.224594384,-0.17693233,0.008391485,0.003251257,14.07761303,1.036914145,0.016853464,-0.457957512,-1.440543763,1.525339819,0.279365157,0.279365157,0.247472055,0.275966705,0.129024246,0.194271143,,-0.127709164,2.832542782,22.07831661,0.759970748,0.300151514,21.6428463
881,2016,-0.276252019,0.030694669,-0.48384773,1.218493002,0.757209224,-0.564189691,0.554553868,0.014736176,0.006906857,15.20530076,1.38105288,0.01135722,-0.881611003,,1.303222549,0.051004171,0.051004171,0.060332566,0.041288948,0.02201722,-0.032893663,,0.022459454,2.040518698,23.18559269,1.652925573,0.181282611,22.51210799
881,2017,-0.78238342,-0.867875648,-0.207396896,0.993623287,1.094500491,0.02785611,-0.143922491,0.012745409,0.006365454,14.71988022,2.395116953,0.008439275,-0.394369627,-3.519435109,1.816197529,0.006733851,0.006733851,0.044617192,0.040428912,0.003346566,-0.053123462,,0.022978729,1.927632423,23.18893367,1.624098943,0.193629003,22.45752142
881,2018,0.355392157,-0.046568627,-0.100575229,1.039808575,1.445168649,0.956595,-0.745738969,0.001950106,0.000991254,14.7803707,2.463497999,-0.013534724,-1.61200732,,0.670998525,0.02494067,0.02494067,-0.029636528,-0.037941619,0.01556923,-0.009463799,,0.021696538,1.884541529,23.20438294,1.697576127,0.204167967,22.44801256
881,2019,-0.401442308,0.40625,0.400220839,1.057747936,1.165516201,0.081589978,-0.012772622,0.013123092,0.007244164,15.77377428,0.904061129,0.006021482,-0.076826924,-1.859764273,0.515515946,0.124039171,0.124039171,0.145265612,0.116829863,0.068980241,0.106961428,,0.023806301,1.945690745,23.27108809,1.852027408,0.213944602,22.54963137
883,2017,0.593264249,-0.805699482,0.064596916,0.719072045,0.373708794,0.18699985,-0.017405613,0.016554667,0.010192896,16.96862553,1.262252016,0.016603911,0.226386466,-3.282711748,0.614549657,0.284557687,0.280376323,0.33912424,0.375644542,0.253460265,0.39786349,,0.014686011,1.777815947,24.7952901,0.529272844,0.642462059,23.96863913
883,2018,0.394607843,-0.772058824,-0.180730419,0.712428577,0.165459795,0.252060433,0.03826471,0.018818294,0.011070831,17.04015633,1.333917621,0.024830223,-0.206911598,-0.848584983,1.05857112,0.036233717,0.036233717,0.000160286,-0.014246624,0.05095131,0.061835922,,0.019404486,1.792253939,24.84498586,0.577674146,0.614918154,24.02863854
885,2019,0.487980769,0.298076923,0.040896959,0.849448135,0.518707186,0.19959772,0.287194659,0.048593483,0.018922803,15.70825942,0.705224945,0.032787948,1.812238023,-0.703210195,1.097671865,2.018571216,2.018571216,1.292409143,1.615187677,0.671745975,0.660040593,,0.017314957,2.836731442,23.51205214,0.985671197,0.343367655,23.07738725
886,2016,-0.851373183,0.722132472,-0.034862519,0.865562323,0.84051921,-0.55356099,0.406971132,0.010765138,0.009038575,15.6318077,0.442432001,0.007337744,-1.372985571,-3.280041209,0.021139586,-0.288679954,-0.288679954,-0.293178628,-0.50435194,0.038100787,0.24057843,,,1.228014345,21.91791897,4.179210618,0.033359062,20.23417372
886,2017,-0.277202073,0.658031088,-0.178634206,0.89577847,0.937753083,-0.289189475,-0.029256863,0.020878173,0.017360414,15.19857106,0.694009221,0.006981153,0.619079572,,0.023334271,-0.606319024,-0.606319024,-0.574388335,-0.647075125,-0.014629354,-0.219783435,,,1.172359434,21.90318155,5.43655507,0.030942159,19.98598997
886,2018,0.87254902,0.43627451,0.144181238,0.888424797,0.909680019,-0.306935153,0.582374123,0.00281122,0.002415136,15.19836006,0.705462035,-0.00202596,-0.066197829,,-0.058005095,-0.800836153,-0.800836153,-0.64539212,-0.765029999,-0.00448605,-0.106972204,,,1.151919706,21.89868541,5.710131997,0.026318596,19.8728524
898,2017,-0.668393782,-0.002590674,-0.089843771,1.083161508,0.321627186,1.140745095,-0.234892271,0.043187373,0.024241214,17.35339392,1.514737419,0.01369814,-0.982533699,,1.108229032,0.089415981,0.089415981,0.166186881,0.176612139,-0.036014069,-0.08664171,,0.03319613,1.70961693,25.21580469,0.819086173,0.54829431,24.33650538
898,2018,0.105392157,0.306372549,-0.348811741,0.947391574,0.380733664,0.492005657,0.426714406,0.008034276,0.004703174,16.96771095,2.264116662,0.014858635,-0.89598404,,1.675553618,-0.125778282,-0.125778282,-0.10966554,-0.113572081,0.00546179,0.004853584,,0.027305611,1.708883394,25.22125162,0.851998272,0.554989091,24.34134722
898,2019,-0.360576923,0.53125,0.823951591,0.95166793,0.787849979,1.082045584,-0.123555645,0.016127172,0.009662952,17.07891776,5.536982669,0.043267167,1.28514294,2.090756152,8.130209078,0.624882419,0.624882419,0.501897598,0.566614305,0.016307494,-0.115279343,,0.005902405,1.565222609,25.23742758,1.066380566,0.536773967,24.21886389
901,2017,-0.287564767,-0.121761658,0.230394714,1.060604442,0.289016557,-1.900299353,0.873175754,0.003704142,0.002340309,15.64923799,0.657651068,-0.001048814,0.204890478,-4.973048875,0.165917355,-0.039793969,-0.039793969,-0.025474246,-0.029884094,0.003214685,-0.065802206,,0.017062924,1.528131149,22.57363784,2.270203669,0.156241952,21.51118169
903,2016,-0.770597738,0.273021002,-0.446158971,0.912583549,1.167581581,0.574691714,0.209253305,0.012117377,0.005878702,15.56000869,0.857272073,0.028075582,0.16144406,-1.031259674,1.05274697,0.094675459,0.094675459,0.092626026,0.07564402,0.290224164,0.362840127,,0.020455818,2.219670271,23.23126284,1.273996911,0.214777576,22.63248473
903,2017,0.142487047,0.235751295,0.125912743,0.924282584,1.167718087,0.318357433,-0.20420028,0.010527752,0.004915699,15.37870035,1.169100548,0.026506027,-0.723617287,-2.977180984,1.045218306,0.067983693,0.067983693,0.086299176,0.081485191,-0.030479671,-0.057279115,,0.051151791,2.14727681,23.200309,1.115814994,0.217158096,22.5734997
903,2018,-0.06127451,0.419117647,0.883964197,0.890017528,0.727107549,-0.34223128,0.548947766,0.006578215,0.003018782,15.55554774,1.022620295,0.011317542,0.091665542,-1.925197379,0.703559778,0.439135244,0.439135244,0.421876122,0.457977962,0.240991365,0.434908533,,0.04506013,2.616311763,23.41621955,1.102355639,0.215641968,22.93460081
903,2019,-0.576923077,0.454326923,-0.2829627,0.953397007,0.687511061,-0.958311682,-0.770846638,0.009948842,0.003965305,15.96078566,0.689904067,0.017915815,0.142928288,-1.460278947,1.021196178,0.046442791,0.046442791,0.056981968,0.058099848,0.02826024,0.027024542,,0.056453802,2.611239738,23.44408784,1.009500479,0.207473426,22.96126664
905,2016,0.143780291,0.224555735,-0.4055291,1.34927346,2.452844638,1.501938093,-0.210166631,0.014034494,0.006483771,15.60621989,0.582893019,0.007334601,-1.880641684,-1.510705453,1.014575295,0.055921253,0.055921253,0.06289557,0.05958934,0.156049048,0.225514326,,0.023272961,2.300017084,22.82816988,0.847982062,0.42384394,22.25763074
905,2017,0.974093264,0.42746114,-0.042586833,0.996078542,1.116991085,-0.047332984,0.065732509,0.008269398,0.00351448,15.14916394,0.957256651,0.009578255,-0.141001659,-3.000738898,1.02355112,-0.019528503,-0.019528503,-0.025425765,-0.02769902,0.167515148,0.272600292,,0.036792609,2.604809237,22.98304757,0.803361635,0.349207083,22.49869302
905,2018,-0.578431373,0.632352941,-0.166631493,1.097898343,0.785760882,0.211709269,0.424203193,0.011218139,0.004518137,15.09063559,1.107869707,0.008005153,0.535879663,-3.710288729,1.301927382,-0.005467124,-0.005467124,-0.002215121,0.000845294,0.024413234,-0.105998953,,0.0285819,2.162925536,23.00716756,1.006258998,0.327460214,22.38664469
905,2019,-0.153846154,0.610576923,0.01947427,1.031047455,0.63882146,0.235753673,-0.206116985,0.012704461,0.005670382,15.11096721,1.249548382,0.014450163,1.068104788,-1.226486627,1.60053746,0.701826939,0.701826939,0.697973971,0.710899288,0.221128472,0.373644598,,0.038115029,2.530467644,23.20694297,0.923208653,0.31750917,22.70411218
917,2019,-0.314903846,0.213942308,-0.233671207,0.809856102,0.882766873,-0.094807518,0.429017745,-0.027248018,-0.01446853,15.77282662,1.678295047,0.007206516,-2.361252404,,0.805587271,-0.111732227,-0.111732227,-0.243825432,-0.170900331,-0.117202335,-0.252383591,,0.031437925,1.643839945,23.69757434,1.418342835,0.059140188,22.76023429
920,2017,0.559585492,-0.461139896,0.242763789,1.084633116,1.253069663,0.170579777,0.15583009,0.029855395,0.014889554,14.79732781,0.37661237,0.008702335,0.128084851,-0.953455991,0.208667221,-0.061003915,-0.061003915,-0.005171296,0.039199584,0.103550777,0.008913664,,0.03261552,1.961655592,21.52793251,1.092798552,0.249457226,20.81504479
922,2019,0.778846154,-0.387019231,0.156245843,1.080742534,1.056443951,0.158867384,-0.48134445,0.061374057,0.038645741,15.31868911,0.559377528,0.018813057,-0.616719432,-0.371787399,0.133637948,0.198517213,0.198517213,0.261848032,0.27829639,0.334840053,0.706022694,,,1.894529243,22.31901876,1.890409142,0.119259379,21.56859069
923,2018,-0.257352941,-0.375,-0.274928616,1.250602597,0.791719781,0.062462901,0.330729234,0.027599814,0.01898576,14.80607634,3.261083027,0.090372858,-0.284552272,,-0.347179422,-0.012583135,-0.012583135,-0.038764458,0.047224039,-0.122789448,-0.272344053,,-0.616367092,1.356679426,23.15950914,4.536202703,0.0560464,21.82355116
925,2016,-0.954765751,-0.741518578,-0.588800926,0.809265643,0.574987159,-0.297770731,0.22134594,0.013550213,0.00530726,15.25977079,0.543693423,0.003729073,3.423854039,-1.155319232,0.997815001,0.573574515,0.573574515,0.515418028,0.47833051,0.071103951,0.068413507,,0.030605889,2.416746794,22.48862994,0.981693148,0.058009459,21.95457086
925,2018,0.409313725,0.0,0.01135027,1.094237849,0.74168103,-0.191501312,0.051995541,-0.008888488,-0.003091656,14.96971078,0.767325808,-0.063685361,1.057649739,-1.224281838,1.256287604,0.178872221,0.178872221,0.394250072,0.199582487,0.096505495,0.168722043,,0.099743215,3.16221002,22.73954356,0.97683175,0.048436656,22.35940326
926,2016,-0.512116317,-0.770597738,-0.405943588,0.765367113,0.028961035,-0.10187652,0.410462597,0.028421729,0.00741476,16.1181829,1.194057126,0.039114326,0.1907346,-3.08270829,4.286113411,0.011258187,0.011258187,0.077567357,-0.076534132,0.090749458,0.122189181,,0.008895668,4.136679759,24.60047358,2.203906408,0.026019696,24.32374494
926,2017,-0.215025907,-0.831606218,-0.051992283,1.103837827,0.651303738,0.326717151,0.400261089,0.015764803,0.003819185,15.69059044,1.82509206,0.034218834,1.605172324,,4.656865189,-0.069719214,-0.069719214,-0.098254019,-0.0076372,0.01658245,0.000917495,,0.017949059,3.945954256,24.61692004,1.957607166,0.022015422,24.32466202
926,2018,-0.225490196,-0.81372549,-0.24204479,0.993828356,0.52495394,0.342449245,0.482456922,0.007620039,0.001912703,15.53286075,2.236919091,0.032315087,-0.996304679,-2.495807405,6.660629349,-0.386300987,-0.386300987,-0.320251496,-0.307553786,0.049134489,0.063657114,,0.024767534,4.113708484,24.66488557,1.525910758,0.017355887,24.3863751
927,2017,0.743523316,0.647668394,0.071211661,1.006570252,1.378014069,0.754139713,0.166131173,1.143408659,-0.068854251,15.61094435,-0.102497568,-0.029490855,2.7743115,,0.382692599,-0.632572571,-0.605503344,-0.418393636,-0.441891358,-0.315845255,-0.305193403,,0.01797552,-7.364497595,21.8777599,0.461017931,0.387714504,22.00508534
928,2016,0.179321486,0.922455574,-0.460247495,1.621666859,2.299079426,1.407630939,0.022807004,0.020970208,0.006901015,15.38831099,0.979160206,0.024776412,-1.048333467,,1.799448026,-0.217685368,-0.217685368,-0.231547325,-0.221631705,-0.059971047,-0.106201231,,-0.004372564,2.773485395,23.28493579,1.321965875,0.019561915,22.83777775
928,2017,0.953367876,0.476683938,0.152011808,1.289033362,1.331739907,0.497028108,0.479748911,0.020305935,0.006969897,15.13569001,1.272981241,0.037274068,0.56770606,-1.063258373,1.880620893,1.162054859,1.162054859,1.269962382,1.216858676,0.279575137,0.434612451,,0.041710761,3.532567001,23.53146389,1.200210138,0.015327508,23.1986725
928,2018,-0.625,0.176470588,-0.312373326,1.167989704,1.292574146,0.736392043,0.014565037,0.011281594,0.003277234,15.26091803,1.149321938,0.001889036,0.921452082,-1.598407251,1.974806092,-0.009105435,-0.009105435,0.001556272,0.008240406,0.099248527,0.090196801,,0.034794813,3.460402589,23.62609067,1.229889599,0.01175919,23.28503073
928,2019,0.939903846,0.088942308,1.417976933,0.839118862,0.917794281,0.428714705,-0.112451269,0.020467889,0.005879274,15.77119673,0.813131167,0.01039986,0.413324999,,0.775763321,0.079346057,0.079346057,0.122297919,0.109922577,0.157139968,0.162770544,,0.029491104,3.50233314,23.77204209,1.21470042,0.00934779,23.43583628
930,2019,0.810096154,-0.716346154,0.311461882,1.039625487,0.807868968,0.213324642,0.050981924,0.022408159,0.013133209,15.98221233,1.2379277,0.042407554,-1.052996533,-0.975814062,1.09507955,0.289119497,0.289119497,0.262723279,0.267776339,0.103874901,0.134141458,,0.01415737,1.819118808,23.75579565,1.146175277,0.377398727,22.9579173
932,2018,0.985294118,-0.634803922,-0.171157808,1.149230058,0.793405879,0.980362218,0.336902569,0.054533408,0.021262002,16.67546358,1.855464045,0.078414001,-0.577600029,-2.033011355,2.837248934,0.077099806,0.076397734,0.082804808,0.033360615,0.150764478,0.144396247,0.00164128,0.019651495,2.504153108,25.17527309,0.727340937,0.484838041,24.66555252
932,2019,-0.487980769,0.112980769,0.766723254,1.193963953,0.641177144,1.224061521,-0.190049447,0.055964546,0.022622703,17.04547722,1.480022832,0.061469915,0.623706762,-1.993270025,1.518507802,0.629676587,0.631110403,0.615120729,0.703343924,0.235445754,0.174613331,,0.005532085,2.356759356,25.38670493,0.930474248,0.387379748,24.82649153
935,2018,-0.852941176,-0.468137255,-0.203563207,1.226203815,1.206132092,0.493921926,0.381192939,0.042820066,0.03768678,16.1754377,0.385395942,0.013563943,-0.524112708,,-0.0123629,-0.059655511,-0.059655511,-0.001091724,-0.020028207,0.255047184,0.896762888,,-0.804506097,1.20409605,22.42736134,1.284316226,0.274524859,20.65246766
935,2019,-0.699519231,-0.646634615,0.063088229,1.062346151,0.507311516,0.790748186,0.317015634,0.055890847,0.050114788,16.16372257,0.468656107,0.019515332,0.286760913,,-0.085689758,-0.346574168,-0.346574168,-0.385149199,-0.412721115,0.076424359,-0.448990581,,-0.280971251,1.095009459,22.50100611,4.152926591,0.113282728,20.05646428
936,2017,-0.033678756,-0.689119171,0.452292647,1.155758489,1.265888218,-0.448706742,-0.09991678,0.043903972,0.01803794,15.61101901,0.834671231,0.045497267,-0.421693101,-6.072767714,0.424167606,0.381238701,0.381238701,0.50786447,0.49844612,0.07429114,0.014975014,,0.064914429,2.28726242,23.25005711,2.728521692,0.037368829,22.67521927
948,2017,-0.611398964,0.085492228,0.288750327,1.024448705,0.333498939,-1.580145042,0.464584428,0.009445265,0.005006048,14.84138126,0.553145172,-0.017623441,0.117292342,,0.127324074,0.210896584,0.210896584,0.175995617,0.19151059,0.208374694,0.196872004,,0.010019767,1.872809127,21.89536754,1.719235521,0.069044074,21.13188964
949,2017,0.829015544,-0.199481865,-0.025040886,0.857320209,1.101783593,0.369516009,-0.119863355,0.011249131,0.0055805,15.09345457,1.016544079,0.00527788,1.489030475,-0.949009267,1.057082274,0.133273553,0.133273553,0.090565311,0.082923451,0.156144927,0.271372389,,0.01680691,2.203334267,22.82924054,1.103948719,0.576387814,22.22436501
949,2018,0.232843137,-0.080882353,0.174648983,0.512479787,0.829420449,0.295828048,-1.052766543,0.010139356,0.004593069,15.32519419,0.83510698,0.01065501,0.117244388,-2.740203758,0.91322064,-0.24887993,-0.24887993,-0.239271473,-0.283382223,0.056684502,0.089456144,,0.021385924,2.288749924,22.88437672,1.209749924,0.561214839,22.31004364
949,2019,0.298076923,-0.129807692,1.417294799,1.285485922,1.680509198,1.268254658,-0.531519879,0.020305207,0.008789026,15.42456752,0.800346021,0.029156717,0.740069921,-2.097761574,0.378013647,1.241780584,1.241780584,0.769485152,0.802970781,0.265303326,0.10630898,,0.030459682,1.969765037,23.1196886,1.565573256,0.430775904,22.41107287
951,2016,0.088852989,-0.163166397,-0.100083177,1.792177845,0.984706757,0.875983507,-0.099672249,0.052181377,0.011646703,16.18825251,0.585167177,0.0279272,-0.0140486,-1.930555,2.11641705,0.230976513,0.230976513,0.237703752,0.249986428,0.031211081,0.004179566,,0.016303527,4.225656184,24.04985292,1.216663133,0.042415384,23.77981476
955,2017,0.831606218,-0.505181347,0.034012943,0.936626278,1.733927453,0.029631663,0.60132249,-0.011067527,-0.006487698,14.73187819,0.284382311,0.001172806,-2.532877268,-1.099044907,0.13956902,0.109752027,0.109752027,0.067415463,0.095904329,0.036258561,0.302401908,,0.032287728,1.972193953,20.94144579,1.782518615,0.293089862,20.23409923
955,2019,-0.103365385,-0.533653846,-0.405118752,0.884140216,0.805159469,0.23427229,-0.169982407,0.094212173,0.053955138,15.15730355,0.243724122,0.00401444,-0.528569431,,0.073033993,-0.362482508,-0.362482508,0.013717511,0.110789223,-0.17568028,-0.479329158,,0.026573348,1.373735826,20.94989543,3.371105028,0.321746561,19.64815545
957,2016,0.712439418,-0.172859451,-0.42457208,0.962761718,0.776696776,-0.478846803,0.024653338,0.013841078,0.003860243,15.38796866,0.576162209,0.000367652,-1.435002985,-0.330503943,2.312639462,0.053719849,0.053719849,0.067069466,0.065790627,0.25526651,0.345521631,,0.026012424,4.456106303,23.21194841,1.30463423,0.095774921,22.95781566
957,2017,0.689119171,-0.222797927,0.113825377,1.174517273,1.213131315,-0.325482553,-0.17202295,0.002702588,0.00060068,15.05447224,0.809326224,0.000821694,-1.743105171,,1.482241885,0.370810652,0.370810652,0.352435652,0.373218196,-0.033222075,-0.046337523,,0.047122507,4.256534283,23.17816194,1.288333967,0.095560403,22.91037019
957,2018,-0.713235294,-0.171568627,-0.145208181,1.263913544,0.768998993,-0.55286696,0.264959516,0.006357939,0.001475863,15.20515464,0.686702695,0.000999084,-0.962418367,,1.588454546,-0.285472151,-0.285472151,-0.286424911,-0.298729947,-0.032305521,-0.045126713,,0.02458975,4.080475947,23.14532308,1.254002084,0.104921548,22.86419356
957,2019,-0.105769231,0.399038462,-0.080522033,1.109681068,1.204835587,-0.177803017,-0.357673042,-0.003804001,-0.000972091,15.23094902,0.672236158,-0.011013724,1.306428837,,1.390609763,-0.427145561,-0.427145561,-0.335057734,-0.373841834,-0.181765706,-0.224802426,,0.018179342,3.511524718,22.94471652,1.320955645,0.115417937,22.60955621
959,2017,0.062176166,-0.75388601,-0.15651545,0.955035072,0.676029811,0.946870992,-0.027859454,0.023557161,0.006411101,16.28799947,3.137209112,0.036619761,-0.433622234,,8.228018164,0.039542708,0.039542708,0.060685703,0.070206932,0.02189781,0.0045764,,0.018445911,3.590448101,25.66490826,0.331082501,0.567672421,25.33648765
960,2016,0.250403877,-0.877221325,-0.130918592,1.735851515,0.722144129,0.465726528,-0.228307531,0.02259344,0.008103096,16.66817513,0.66825524,0.017909233,1.396388307,-3.348545704,0.947192055,0.073763225,0.073763225,0.070583478,0.070051136,0.247131516,0.187463261,,0.028101462,2.674992058,24.2642726,0.852256155,0.324049863,23.79613462
960,2019,0.225961538,-0.891826923,0.84522652,1.49114939,0.825293015,0.798089263,-0.083024253,0.018711921,0.00729478,16.81142376,0.739898132,0.013327578,-0.130474177,-1.629403221,0.677272218,0.309080337,0.309080337,0.269009277,0.274101427,0.058297065,0.038443441,,0.01884608,2.595338936,24.41743724,0.929613552,0.405091528,23.93080633
965,2016,0.134087237,-0.037156704,-0.446386964,1.410335531,1.061364698,-0.07840801,0.170356941,0.01408272,0.006919397,15.62250421,0.831163493,0.047868083,0.495741495,-1.371593659,0.197379069,0.992363422,0.992363422,1.397124866,0.907991607,0.075411262,0.049669018,,0.010658265,1.824472161,23.00376677,3.875835884,0.010455357,22.20946415
967,2017,-0.31865285,-0.712435233,-0.161438726,0.69356088,0.063057364,-0.386536819,0.435086297,0.027829359,0.015096011,15.66771936,1.039203903,0.028596824,2.579889084,,0.957231636,1.42125653,1.42125653,1.140599638,1.145375523,2.063171164,1.647104324,,0.003145131,1.699100814,23.97673022,1.264957751,0.034503236,23.08867072
969,2016,0.589660743,-0.43457189,-0.295104282,1.22358258,0.631085892,-0.674273604,-0.016792982,0.003995197,0.002373605,15.8626463,0.76908122,0.000770392,-0.158869467,-1.728991971,0.596756146,0.132741886,0.132741886,0.145303259,0.124800771,0.011754185,0.093524506,,0.023482701,1.765233006,23.04016133,1.420935848,0.303589301,22.20430372
969,2017,0.520725389,-0.492227979,0.337072586,1.096078124,1.272436271,-0.423481016,0.359714951,-0.004391247,-0.002474073,15.53409325,1.049475088,0.007192813,-3.555818243,,0.351510184,-0.031236132,-0.031236132,-0.056411759,-0.052396553,-0.085653822,-0.127141813,,0.041956449,1.705997272,22.9506153,1.257332022,0.328027137,22.06832154
969,2018,-0.098039216,0.117647059,-0.230006459,1.13807898,1.073800004,-0.240778871,0.002811299,0.007605417,0.004406939,15.68953005,0.83998536,0.00327711,2.06966202,,0.391024666,-0.051365829,-0.051365829,-0.065673454,-0.065878339,0.008268333,0.016767095,,0.019194387,1.716210267,22.95884964,1.243828049,0.33168019,22.08494962
969,2019,-0.185096154,0.286057692,0.286705823,1.084182768,1.133328361,-0.086403171,-0.087907589,0.009158542,0.005384436,15.76580613,0.798248686,0.00926491,-0.809411112,,0.262445138,0.316079586,0.316079586,0.286586089,0.331907291,0.014954328,-0.048059864,,0.013812836,1.64314543,22.97369325,1.629384979,0.305055634,22.03569649
975,2017,-0.14507772,-0.759067358,0.300940074,0.693670491,-0.020722853,-0.484400179,0.24024999,0.02282542,0.01974925,16.29480845,0.800929663,0.011306739,1.431408438,,0.018073665,0.206299206,0.206299206,0.096303967,0.125305902,0.004678977,-0.051163239,,0.047222323,1.141740068,23.10252413,3.260652333,0.198731193,21.01621024
975,2018,0.193627451,-0.953431373,0.185505656,0.441824971,0.237732494,-1.273513656,0.470199006,0.027054732,0.023680547,16.68598597,0.563844837,0.015221346,0.281104814,-0.642098587,0.060294609,0.503971446,0.503971446,0.608208738,0.63101905,0.15885316,0.595577877,,0.045337479,1.206168879,23.24995499,2.403836239,0.189627255,21.48344622
978,2017,-0.875647668,-0.603626943,-0.051344328,0.920717702,1.150033615,0.494336617,0.033600251,0.01616499,0.009168858,14.56172063,0.759882991,-0.003175984,0.497350953,-1.253078723,0.603513697,0.168346537,0.168346537,0.308410888,0.219472014,0.042786019,0.091055069,,0.031382888,1.888252346,21.81036647,0.677302705,0.398183806,21.05621535
978,2018,0.191176471,0.18627451,-0.209522131,0.933611597,0.822550092,0.019087776,0.357263942,0.000360742,8.38e-05,14.39385038,0.887346972,-0.046129764,-0.158142494,,0.740400861,-0.682104069,-0.682104069,-0.255505081,-0.120694581,-0.068748217,-0.067977226,,0.037039967,1.889641974,21.73914087,0.455665953,0.42662167,20.98581732
978,2019,0.074519231,-0.466346154,0.326495869,0.783942935,0.661043746,0.067797574,-0.081147456,-0.027862234,-0.014794929,14.44038788,0.76768582,-0.026917466,-2.258801914,-2.985438366,0.571726316,0.441480525,0.441480525,-0.086620544,-0.123111176,-0.049185901,0.032970481,,0.030235853,2.046996036,21.68870416,0.542525182,0.33264618,21.01825593
998,2016,-0.379644588,0.654281099,-0.151126695,0.839277398,-0.188127952,-0.854557234,-0.300289572,0.012718024,0.008866521,16.93874792,0.269181032,0.014209394,0.598861432,0.9036699,0.26923281,0.222125457,0.222125457,0.407841673,0.212018572,0.563434743,2.090815423,,0.019331948,2.118735877,23.27668092,1.436516334,0.092335209,22.63806066
998,2019,0.850961538,-0.387019231,-0.051466034,0.77310159,0.632767629,-0.494689881,-0.289305887,-0.020112959,-0.009055077,16.71501456,0.35994308,0.003605347,1.200261167,,0.324408563,-0.010566335,-0.010566335,-0.067195682,0.035960802,-0.062141051,-0.061805857,,0.007140763,2.130994074,23.33974949,1.318884253,0.101046348,22.70625787
1696,2016,0.311793215,-0.476575121,-0.353815792,1.357151874,0.155778726,-0.478708393,0.758897399,0.018319934,0.010629884,15.4983428,0.799439143,0.015292949,-0.133401364,-0.624098843,0.639917086,0.134497086,0.153229175,0.154072444,0.156243405,0.190479901,0.404443791,,0.022294503,2.059702184,22.90966649,1.192543236,0.085001577,22.245093
1965,2019,0.028846154,-0.966346154,0.124273493,0.599321927,0.215555444,0.69863178,0.579568448,0.021747882,0.012710119,15.92423637,8.231950047,0.098305853,-0.031502923,,,0.690053209,0.690053209,0.049574719,0.140080115,0.042135049,-0.11486691,,0.018408562,1.589335145,25.30153687,1.174581311,0.012921296,24.30946083
1979,2017,0.378238342,0.316062176,0.080854865,1.376504995,-0.501885458,0.653519281,0.433360387,0.024523064,0.006094491,17.56199745,2.395790824,0.052887932,-0.118940894,-1.367497532,5.113679013,-0.204941577,-0.204941577,-0.096043175,-0.137462124,0.230392157,0.225607825,,0.006824233,4.290598291,26.94186596,1.463157895,0.006895269,26.67778629
1979,2018,0.664215686,0.536764706,-0.195609705,1.033930073,-0.081887565,0.573922557,0.403007611,0.008929941,0.002275613,18.77886535,1.076808384,0.005107429,0.478015302,-1.438713645,2.488852397,0.457439852,0.457439852,0.601417849,0.786529275,0.330677291,0.156127217,,0.011906681,3.009009009,27.22755401,1.462184874,0.006867535,26.82286211
1979,2019,-0.495192308,-0.129807692,-0.313169577,0.855202497,0.123630219,0.847150171,0.620744578,0.006614251,0.002199282,18.47787938,2.235272937,0.011946267,0.056251701,-1.313909481,4.905260724,0.836244578,0.836244578,0.706360748,0.789299909,0.24251497,0.264739175,,0.007649472,3.120300752,27.44469154,1.536299766,0.005112052,27.05772802
2006,2018,-0.291666667,0.737745098,-0.202360084,0.99105084,1.211648727,-0.121217783,-0.357194116,-0.016466182,-0.008580386,14.55358608,0.458638715,-0.007591247,-1.488686576,,0.268299587,0.094116395,0.094116395,-0.007149085,-0.007270452,-0.09559749,-0.151167594,,0.018948108,1.851777883,21.27577403,1.562715199,0.234629465,20.49919835
2006,2019,-0.370192308,0.480769231,0.725391148,0.834200621,1.476618041,-0.772803874,-0.526486956,0.014932387,0.007739853,14.81167053,0.354859261,0.002677402,1.846225635,-0.456134498,0.253900503,0.842131313,0.842131313,0.781606565,0.932329589,0.276940429,0.480845678,,0.016951676,2.143296567,21.52024096,1.493880248,0.176882229,20.89181168
2007,2017,-0.735751295,-0.515544041,0.415053348,0.908743711,-0.371313602,-0.296356692,-0.641712396,0.053901244,0.050074349,17.23082389,0.179316534,0.00693793,3.967623783,-0.315655156,0.007598542,0.167728214,0.167728214,0.168124826,0.192510813,0.20966661,0.350123333,,,1.094766841,22.60588059,8.483735585,0.152457072,20.15900347
2010,2016,-0.460420032,-0.250403877,-0.216132861,0.212447458,-0.209826157,-0.565778932,-0.200572998,0.006671058,0.004110022,15.66536588,1.930217638,0.018995264,0.480290388,0.323828882,1.735227179,0.91666483,0.917655902,0.961164722,1.075764416,0.425637579,1.064362338,,0.029587549,2.144845953,24.02185223,1.559101539,0.058674593,23.39405459
2010,2017,-0.256476684,-0.194300518,-0.379676409,1.01988562,0.511235679,0.515160065,-0.042016884,0.012061353,0.005568531,16.40255635,1.394756005,0.006439173,1.48507909,-1.810763267,0.435113556,-0.148779538,-0.148496486,-0.175460381,-0.192246894,0.059255204,0.035639681,,0.03282274,2.091464005,24.07941826,1.293480164,0.048956273,23.42907387
2010,2018,-0.416666667,-0.941176471,-0.275750657,1.124747202,0.973119436,0.16358291,-0.092566337,0.014716252,0.006967189,16.8788263,0.708980411,0.00026171,1.017219675,,0.593863726,-0.077278419,-0.077185809,-0.071614723,-0.055990089,0.1137447,0.041375836,0.002032724,0.02033701,1.952958053,24.1871462,1.283647852,0.049982794,23.46961663
2010,2019,0.673076923,-0.15625,0.412951476,1.010410809,0.528526742,0.693935613,0.259850339,0.014007401,0.006910322,16.76871752,0.835637012,0.005810709,0.158808531,-1.414661454,0.534685891,0.830803118,0.825746376,0.80401175,0.880977825,0.149447011,0.306824457,,0.016722631,2.246005652,24.32642716,1.287958372,0.042461978,23.73721675
2014,2017,0.106217617,-0.39119171,0.264808697,0.801150333,0.74374849,0.162277648,0.062409585,0.030359402,0.02333801,15.01208878,0.53954139,0.012591863,0.328357164,-0.824552092,0.055052186,0.098846335,0.098846335,0.08550987,0.065639955,0.051313416,0.21403223,,0.01111462,1.340801917,21.57355811,2.693825512,0.292460281,20.20383637
2015,2018,0.509803922,0.666666667,-0.087944599,0.81283764,0.490375957,-0.006961898,-0.312306478,0.181682016,0.163779779,14.64117666,2.997359062,0.067730527,0.575881433,6.602816125,6.258914178,0.052753577,0.052753577,0.022340022,0.020284627,0.29567742,0.35102296,,0.032933472,3.389970615,24.04585128,0.9533056,0.379991132,23.6963111
2015,2019,-0.692307692,0.814903846,0.718890569,1.024576391,1.154936252,0.627872803,-0.64635033,0.040236182,0.012239949,14.85466051,3.061225834,0.048926311,-0.046618198,-1.703008151,2.891224507,0.140224125,0.140224125,0.133010326,0.10779406,0.029908916,0.019006303,,0.053327606,3.306319987,24.07532165,0.849415989,0.461657401,23.71513904
2016,2017,0.484455959,-0.272020725,-0.432220556,1.516823891,0.798057718,0.684616235,-0.30186128,0.061590675,0.022845547,15.71257109,0.390964813,0.037270459,-1.208415988,-1.871837078,0.397859293,0.379773876,0.379773876,0.407109369,0.11145173,0.273132973,0.30889009,,-0.002629605,3.007804591,22.85971676,1.663420586,0.011069484,22.4555482
2017,2016,0.518578352,-0.273021002,-0.448602613,1.206942384,1.317701846,-0.608947755,0.044180382,0.00925649,0.005606872,14.91704539,0.315583776,0.003711456,-1.817338101,,0.045862722,-0.056356707,-0.056356707,-0.042439803,-0.037175102,0.078945582,0.16002332,,0.031143243,1.734502859,21.22764541,1.963089684,0.125381107,20.36836319
2019,2017,-0.730569948,0.124352332,-0.293533086,1.174415164,0.375414136,-0.51480198,-0.169222078,0.025304921,0.019393911,16.08304678,0.726918494,0.01414876,-3.963829833,-1.042615278,0.090027552,0.082694816,0.082694816,0.167315507,0.186501351,0.127386149,0.519833407,,0.011996934,1.398052192,23.03892661,1.484634875,0.082386249,21.78267449
2019,2018,0.607843137,0.735294118,0.85718497,1.330537377,0.661525152,0.723568875,-0.422694197,0.036620095,0.026748193,16.37502635,0.600672904,0.016831701,1.075856399,-1.313427265,0.075610764,0.116292674,0.116292674,-0.004784655,-0.06912352,0.165769781,0.149758968,,0.00925069,1.390450746,23.19230824,1.565894564,0.073289853,21.92222682
2019,2019,0.65625,0.290865385,-0.258898125,1.066975808,0.223214265,-0.497287384,0.059916383,0.025214193,0.017997812,16.70142777,0.491113147,0.008105663,-0.681788926,,0.091933631,-0.154128262,-0.154128262,0.092562957,0.078714497,0.017879458,-0.048673634,,0.013636648,1.355837231,23.21002974,1.661732958,0.08369333,21.87232872
2023,2016,0.612277868,-0.615508885,0.203060483,0.775107382,0.646194394,-1.373383503,0.041276188,0.003779866,0.002485801,15.76796512,0.574850527,0.003627714,-0.41034875,-1.010027056,0.125559346,0.003703358,0.003703358,0.362367648,0.125576517,0.030331695,0.160274276,,0.02460677,1.625146489,22.57736313,2.354095226,0.354333882,21.6219959
2027,2017,-0.414507772,0.059585492,-0.45599487,1.344408586,-0.273567896,0.629164821,-1.085389655,0.100784758,0.074762618,18.00223019,0.217398805,0.004262671,-1.541096276,,0.030144082,-0.195954343,-0.195954343,0.315015034,0.654252497,0.05152215,0.11562844,,-0.005210961,1.409268661,23.63314537,2.624961675,0.097495683,22.39669101
2027,2018,-0.235294118,0.095588235,0.058240373,1.169993593,0.099530282,0.073380019,0.486571374,0.028711386,0.021839801,18.17842073,0.175840939,0.000418851,-0.844381902,-1.793154814,0.011406992,-0.193452673,-0.193452673,-0.27119911,-0.316285727,0.066599999,0.070628013,,-0.03113606,1.411450202,23.69762139,2.614363292,0.069875425,22.46493642
2027,2019,0.920673077,0.125,0.684371498,1.146197508,-0.209306493,0.154995478,-0.049157298,0.078959302,0.058982113,18.72335817,0.117626916,0.009947432,3.052440955,-1.019472565,0.000281272,0.589008966,0.589008966,0.164475921,0.102919608,0.351872441,0.362737827,,-0.846786298,1.416133275,23.99911201,1.856782108,0.036109653,22.7744322
2031,2019,-0.408653846,-0.625,-0.057051653,0.706413395,1.273270385,0.092819648,0.09466643,0.005067437,0.002977961,15.10080176,0.966552787,0.006125999,-0.711212672,-1.498187257,0.727455975,0.936950684,0.936950684,0.995780223,1.255321314,-0.007968623,0.012555863,,0.033407168,1.718928987,22.49546144,1.872585636,0.183458693,21.62376733
2034,2017,0.225388601,-0.75388601,-0.141494956,1.140975435,1.54863821,-0.297801993,0.703463584,0.024134254,0.015289266,14.84150619,1.33828115,0.015363617,-1.310120938,-0.212524903,0.47757632,0.494613324,0.494613324,0.311715102,0.324425473,0.459916208,1.018149374,,0.011514402,2.05064505,22.79204818,1.696436896,0.235343353,22.12329808
2035,2017,-0.546632124,-0.515544041,-0.233892189,1.677267193,-0.038679689,0.796470735,0.159933626,0.054416066,0.028863135,15.9647231,0.303122883,0.014214583,0.326900143,-0.752968047,0.11096221,-0.07683167,-0.07683167,-0.116883954,-0.135078385,0.223602395,0.337370138,,,2.028013672,22.44094123,1.554449534,0.100976574,21.76151287
2035,2018,0.683823529,-0.318627451,-0.156995383,1.756972405,0.095909812,1.045594584,0.32714059,0.0465781,0.023506292,15.98398422,0.332773871,0.00600334,-0.040492292,,0.181689713,-0.43091671,-0.43091671,-0.391588236,-0.375621717,-0.08299143,-0.247893291,,-0.06437731,1.711601174,22.35430277,1.733126935,0.109626527,21.4766358
2037,2017,-0.329015544,-0.406735751,-0.072059932,1.145368543,0.638270618,0.178467726,0.031875401,0.010041993,0.003060274,14.80970719,1.032167337,-0.007250074,2.764473963,-0.890228415,2.414823982,0.045108062,0.045108062,0.023692414,-0.033804125,0.474051533,0.393458362,,0.018803017,2.912957942,23.19542861,1.344013542,0.165504784,22.77491027
2037,2018,-0.830882353,0.090686275,-0.149398947,0.860217906,0.974181066,0.267248297,-0.044338272,0.000462714,4.52e-05,14.60097894,1.853571242,-0.052446748,-0.680762727,-1.942688028,3.061061073,-0.125230635,-0.125230635,-0.087436249,-0.135174299,0.141075449,0.193883609,,0.031243798,3.195891257,23.3273998,1.453657107,0.134352352,22.9521218
2037,2019,-0.456730769,0.045673077,-0.093867623,0.977419053,0.938494157,0.483048478,0.228850996,0.009460276,0.002976442,14.60005508,1.979874607,-0.020159052,-0.038220056,-1.220240021,4.834766962,0.289532181,0.289532181,0.271835303,0.314947825,0.166937431,0.211102188,,0.022102741,3.485567294,23.48178254,1.243950329,0.117822449,23.14365264
2040,2016,0.353796446,0.621970921,-0.489722151,1.202554988,1.53844848,0.128768019,-0.311733382,0.011233717,0.006944295,15.09910688,0.834945466,0.011823649,-1.002149715,,0.441741597,0.037171796,0.090894817,0.059735107,0.074439542,-0.015804133,-0.113518486,,0.037087049,1.527012177,22.26946638,0.940594663,0.48636253,21.20562175
2040,2017,0.981865285,0.199481865,0.209493482,1.099758254,1.439601447,0.680211418,-0.075151476,0.018003094,0.011906429,14.86617777,1.110847282,0.009360106,0.18301885,,0.3433875,-0.021613119,-0.018818109,-0.02857966,-0.008298888,0.002411087,-0.090597643,,0.03970122,1.455824077,22.27187456,1.159028424,0.482380791,21.11065411
2041,2017,0.005181347,-0.25388601,0.580763225,0.703118871,0.616794217,-1.021702689,0.246030867,-0.007010591,-0.006047173,15.5703201,0.575267227,-0.00135174,-0.797160716,,0.020415827,0.037958813,0.037958813,0.053825615,0.081267396,-0.03279998,0.018963081,,,1.135928024,22.00506887,7.205035841,0.176154876,19.88198915
2041,2018,0.25,-0.120098039,0.14449732,0.383702926,1.864453271,-0.442826606,0.056726043,-0.007637079,-0.006527028,15.96633037,0.372561521,0.001750831,0.39971157,-2.197424348,-0.005026807,0.100065446,0.100065446,-0.011385365,0.12500897,-0.003793934,0.105793138,,-1.23566033,1.153171026,22.00126772,6.091698849,0.161570753,19.982552
2041,2019,0.829326923,-0.170673077,0.178893983,0.782595766,0.661791847,-0.158545775,-0.959250751,0.002383099,0.001869119,16.54403673,0.20587035,0.00357063,0.263159193,-2.687327064,-0.025627948,0.22402277,0.22402277,0.016095773,0.037422888,0.025493462,0.026370064,,-1.784182675,1.153322033,22.02644165,6.216954462,0.143066005,20.00858037
2042,2016,-0.085621971,0.702746365,0.072037131,1.045700644,0.462745524,-0.205572249,0.345655108,0.029058302,0.013879774,16.1872599,0.668350967,0.020296576,-0.113837832,-1.348689347,0.600433308,0.253287271,0.253287271,0.264893214,0.272298664,0.178855401,0.30515802,,0.013164223,2.27452366,23.53047848,1.153412907,0.297861953,22.95128033
2042,2017,-0.07253886,0.435233161,0.010858064,0.680486313,1.295432044,0.68087182,-0.168724297,0.028539462,0.012469704,16.08770371,0.767172581,0.016904658,-0.579431187,-1.329383511,0.829887258,0.082215674,0.082215674,0.124962492,0.117871137,0.062724588,0.192483425,,0.014478549,2.693718955,23.59131445,1.05628301,0.282300217,23.12731838
2042,2018,0.551470588,-0.544117647,-0.134046148,0.756487259,0.558764206,0.088502669,0.09249553,0.008573539,0.003265844,16.10157855,0.68328377,-0.003607884,-0.036868232,-4.62795195,0.906471282,-0.243963736,-0.243963736,-0.175992823,-0.175285381,-0.022480482,-0.011422372,,0.014960244,2.746338971,23.56857743,1.078368616,0.30365941,23.11583027
2042,2019,0.25,-0.586538462,-0.23708106,0.766228226,0.874768053,0.23893313,0.047484789,-0.003318741,-0.001190629,15.92095717,0.767171101,0.019131614,-2.423608139,,1.197999774,0.539790862,0.539790862,0.407329555,0.442830042,-0.045768506,-0.067204084,,0.017077135,2.642669046,23.52172845,1.027005125,0.286853188,23.04626143
2043,2018,-0.227941176,-0.318627451,0.391537214,1.068706916,0.887990615,1.052824643,-0.287420166,0.040206292,0.021766397,15.44450208,0.342854554,-0.005782526,1.219810833,-0.270319671,0.329390233,0.020961914,0.020961914,0.036957091,0.0007874,0.491653676,0.982377975,,0.023023564,2.618679924,22.20723468,1.163848613,0.073929786,21.72617529
2045,2017,0.370466321,-0.621761658,-0.241257245,1.320749528,1.565298253,0.076836614,-0.013839131,-0.019630547,-0.007335395,14.60154938,0.837427309,0.001279309,-4.399560152,-2.549492364,0.952216724,0.040070954,0.040070954,0.040189781,0.048465242,-0.113860796,-0.142052018,,0.027480249,2.342642192,22.16403296,1.335918078,0.158290626,21.60739298
2046,2017,0.725388601,-0.629533679,0.157518724,1.230787198,1.124996024,0.158085851,0.2148896,0.009806024,0.006250184,14.7946538,1.074495084,0.012770763,-1.967768632,-2.461841938,0.192152156,-0.054321097,-0.054321097,-0.049460581,-0.075949966,0.00652992,-0.017532467,,0.017552633,1.556149266,22.21076866,1.785413579,0.202474831,21.18183576
2047,2016,0.844911147,1.0,-0.330567085,0.674320894,0.46493027,-0.338921679,-0.499313965,0.030546664,0.010530541,16.08488043,0.352204125,0.010452677,-0.488091267,,0.458667416,0.025019473,0.025019473,0.031497214,0.020804121,-0.060367046,-0.238335585,,0.028395732,2.132442516,22.86557468,2.385853198,0.006497879,22.23268345
2047,2017,0.68134715,1.0,-0.050501251,0.514929932,0.649113982,0.59833549,-0.426984766,0.024688127,0.011710502,15.9042106,0.50313645,0.012028965,-1.910743415,-1.249229945,0.654487171,-0.029040249,-0.029040249,-0.047381492,-0.050712381,0.239625922,0.420873321,,0.036743951,2.555586166,23.08038433,1.750192296,0.00509936,22.58395515
2047,2018,-0.330882353,0.992647059,-0.107784134,0.826021613,0.924840729,0.459925116,-0.055363473,0.017515048,0.00709173,15.71327114,0.629507032,0.002589853,-0.613400602,-4.202035937,0.845422384,-0.166882349,-0.166882349,-0.139911517,-0.156055807,0.077004749,0.105925474,,0.043353757,2.66699184,23.15456814,1.517823048,0.004258069,22.68463766
2047,2019,-0.161057692,0.992788462,-0.315137034,0.770202929,0.906838902,0.249418185,0.467866715,0.009691645,0.003786468,15.39579296,0.888935666,0.004165279,0.43568675,-1.072006022,1.43579382,-0.124984327,-0.124984327,-0.101192892,-0.11516687,0.12091561,0.192264934,,0.042977292,2.983574647,23.268714,1.442976763,0.005276274,22.86049247
2051,2019,0.336538462,0.997596154,-0.12218531,0.939809741,0.703782181,0.668223199,0.531185785,0.004381243,0.002248794,15.87770085,1.388934856,0.009081756,-3.454336304,,0.467498302,0.154304994,0.154304994,0.187794168,0.197709534,0.007292983,0.047981401,,0.056674719,1.984148627,23.78356559,1.792709785,0.059953288,23.08239732
2053,2017,-0.284974093,-0.922279793,-0.223944221,0.906548405,1.207996772,0.227271105,0.023806177,0.022237769,0.014160726,14.85574879,1.021417392,0.049871536,0.365089537,,0.982668958,0.492211491,0.492211491,0.244519997,0.259300775,0.951489365,1.501011026,,0.016666214,1.836167806,22.74712701,1.796790528,0.467168946,21.96052036
2053,2019,0.615384615,-0.971153846,0.066841455,0.74848593,1.006182868,0.436184023,-0.18979587,0.0078314,0.00453725,15.1351321,1.447527396,0.022695176,0.131159422,-1.770000863,0.818081047,0.042473106,0.042473106,0.137559657,0.303918648,0.052922032,0.078446349,,0.015973932,1.756251012,22.9905098,1.60642744,0.410316622,22.14794644
2057,2017,0.57253886,-0.712435233,1.892337693,1.231275292,1.485623337,0.654633206,0.369486901,0.029170096,0.022300258,14.73848495,0.558676546,0.007040082,-1.696877936,-2.835098116,-0.00919369,0.085764735,0.085764735,0.072393151,0.062794082,0.128834256,0.329365792,,0.007489157,1.353225565,21.34160891,3.071628586,0.211110556,19.99846943
2057,2018,-0.514705882,-0.656862745,-0.489283584,1.051617123,2.114145813,0.448851368,0.252817635,0.018866628,0.014001997,15.18303192,0.362801574,0.004079935,1.093995042,-0.57775241,0.081224629,-0.017447822,-0.017447822,-0.021608914,-0.003662989,0.223878639,0.641218619,,0.009096259,1.538541604,21.54363394,2.707878444,0.225319958,20.49390845
2057,2019,-0.560096154,0.002403846,0.004824405,0.975412944,1.063028741,-0.226912049,0.126635606,0.028582091,0.01878061,15.22569243,0.454209061,0.007603945,0.880508623,0.22969388,-0.062780113,0.720835202,0.720835202,0.802577752,0.836298095,0.876390712,0.73194701,,0.016065834,1.477297733,22.17298404,2.4807303,0.163574015,21.04315467
2060,2016,-0.137318255,-0.075928918,-0.304920945,1.150799307,0.795408627,0.218486273,0.195648264,0.008131017,0.001369023,15.29017209,0.661268618,0.006498598,0.452508894,-2.188144544,3.885867294,0.103325581,0.103325581,0.100380143,0.111684907,0.089664884,0.090657843,,0.020884466,5.997688498,23.62451233,0.820499494,0.379333525,23.44211369
2060,2017,0.795336788,0.388601036,0.094284934,0.928449329,0.882157679,0.319583533,-0.026349087,0.010063049,0.001643282,15.12039019,0.841911969,0.008586951,0.511211553,-1.559181556,4.252733601,0.520612904,0.520612904,0.516717112,0.546959856,0.244493383,0.279269818,,0.022948412,6.971273245,23.84324085,0.894953693,0.349342971,23.68840315
2060,2018,0.774509804,-0.120098039,-0.097642013,0.895560526,0.813538089,0.43521685,0.249934048,0.012459434,0.00182041,15.09025369,0.930662537,0.010761508,0.076070366,-1.209157289,5.685355342,0.132100215,0.132100215,0.121075928,0.11694248,0.196695401,0.219262196,,0.022819638,7.855874935,24.02280478,0.791262422,0.331558256,23.88664907
2060,2019,-0.53125,-0.108173077,0.210322555,0.827418129,0.940890103,0.538401732,-0.450775454,0.018703217,0.002378882,15.1860502,0.916158709,0.012891579,-0.572249416,-1.945486974,5.371976181,0.191568288,0.191568288,0.189038102,0.191426511,0.136749525,0.136670619,,0.020911211,7.852138184,24.15097768,0.834228023,0.310141342,24.01475255
2061,2018,-0.171568627,0.769607843,-0.127392519,1.074091291,1.090496222,0.385603714,0.074529169,0.020269079,0.005505992,15.2170361,2.020792594,-0.000564402,0.23989966,,3.679596026,0.164792662,0.164792662,0.164351054,0.173204382,0.184519553,0.215961721,,0.016859344,3.866149293,24.24992856,1.273320657,0.100460295,23.95063898
2061,2019,0.355769231,0.581730769,0.007530689,0.951174606,0.902906756,0.906506151,0.087101282,0.018773423,0.005095149,15.63650574,1.511120857,0.013025779,1.338824449,-0.737406039,2.876540496,0.308983011,0.308983011,0.306359888,0.293610672,0.272681943,0.320982233,,0.012684077,4.338016574,24.491055,1.122309651,0.077346474,24.22901456
2063,2016,0.001615509,0.134087237,-0.196555447,1.299396617,0.070462226,-1.583589423,-0.30162222,0.018414468,0.015450522,15.54562207,0.360105215,0.000409925,-0.072617977,,-0.052887042,0.111686283,0.111686283,0.060736772,0.115931016,0.06080419,-0.248587785,,-0.027384391,1.139586929,21.65072576,6.99010188,0.06654191,19.55099218
2064,2016,-0.2180937,-0.092084006,-0.156093662,0.916639546,0.880938769,0.086474218,0.088584646,0.029683495,0.01763205,15.84702063,0.437488022,0.017369413,0.170917833,,0.253128959,0.194554797,0.194554797,0.177298808,0.156904248,0.005199849,-0.184388871,,0.037436771,1.498185577,22.42139506,1.875214457,0.347516873,21.32035767
2065,2017,-0.616580311,-0.012953368,-0.190354692,1.128631588,0.065600255,-1.656330915,0.539519862,0.025815028,0.016118351,16.89020354,0.43486151,0.007589448,1.266089402,-1.08050647,0.296098562,0.150138385,0.150138385,0.157559281,0.125739449,0.060750761,0.110539254,,0.023116997,1.670213042,23.50079894,2.216246531,0.01480916,22.5876881
2065,2018,0.526960784,0.090686275,0.792215693,1.212266491,0.637963402,-0.450860869,-1.041287745,0.027979966,0.016169615,17.15264131,0.358434808,0.004284109,-1.337465086,-3.574152332,0.156610731,0.013021569,0.013021569,0.010582537,-0.004056781,0.092974057,0.170489806,,0.023541474,1.753564805,23.58970141,2.065911947,0.013345829,22.7451104
2067,2017,-0.911917098,-0.544041451,-0.130811017,1.167949072,1.438224614,0.310415284,0.207507564,0.026458071,0.017544146,15.07790073,1.230843929,0.023357465,-1.969755624,,0.603946047,-0.085298805,-0.085298805,-0.030162891,-0.024434733,-0.001212181,-0.123124003,,0.049141579,1.447527167,22.58998027,1.634434225,0.393682006,21.41610553
2068,2019,0.612980769,0.653846154,0.78760908,1.329760011,1.001458649,0.897854929,-0.154157242,0.032975114,0.015301948,15.35901663,0.661305061,0.052937296,2.339723054,,0.622778561,0.795862736,0.795862736,0.471370198,0.582522465,0.181309322,0.156570107,,0.019815485,2.097675202,22.71949857,1.308191969,0.392787193,22.07186338
2073,2018,-0.767156863,0.227941176,-0.344267932,0.839449974,1.143582353,-0.406711727,0.038773486,-0.000958393,-0.000485044,15.21724882,1.127098273,-0.012624688,1.72553216,,0.726994392,-0.180564791,-0.180564791,-0.151012911,-0.162306149,-0.080821492,-0.156309129,,0.021631682,1.773808919,22.80411443,1.787076132,0.131170861,21.97455495
2073,2019,0.052884615,0.367788462,0.228013546,0.960276443,1.078781991,0.038056924,0.170678033,0.001533219,0.000858278,15.23513346,1.095212906,-0.000416585,1.157901142,-0.91329397,0.835345874,0.551756092,0.551756092,0.458374443,0.566821142,0.219865491,0.487092961,,0.015157612,2.135865844,23.00285503,1.563761946,0.125473527,22.37137813
2075,2019,0.788461538,-0.274038462,-0.132206167,0.897025174,0.995745424,0.025317986,0.00903492,0.04456693,0.02804824,16.98257104,0.332723898,0.017830554,1.008946717,-1.34668349,0.196085804,0.43314314,0.43314314,0.34282262,0.340507737,0.160124773,0.165480694,,0.017523197,1.630687406,23.36297751,1.666120687,0.280820638,22.41303093
2077,2016,-0.987075929,-0.822294023,-0.272610124,0.808895192,-1.222305705,-2.794880664,0.519427921,0.001817998,0.000994243,15.34156847,0.848115987,-0.004250865,0.615214169,-1.79662242,0.677016901,-0.105158539,-0.105158539,-0.066058448,-0.05413643,0.086343064,0.186940905,,0.02291705,1.97705363,22.75479705,1.273988558,0.121716315,22.04997564
2078,2016,-0.560581583,-0.899838449,0.312059689,1.537673969,1.117316203,1.274412389,-0.1788967,0.061565501,0.025020189,17.04569633,0.393623012,0.028038595,5.256611977,-1.626003954,0.559120929,0.204341515,0.204341515,0.162981494,0.172976461,0.255753408,0.222950652,,0.039855884,2.459175174,24.09867685,0.818975491,0.481038941,23.57672218
2078,2017,-0.39119171,-0.943005181,-0.297646433,1.461290371,0.311336649,0.734750802,-0.098441172,0.041612006,0.017346458,16.68559091,0.703380117,0.021944809,-2.563167361,-2.069046793,0.80627236,0.028884089,0.028884089,0.125283541,0.130450916,0.037656789,-0.019678502,,0.033051722,2.275694752,24.13564193,0.797662522,0.552204693,23.55684748
2078,2018,-0.705882353,0.799019608,0.377507215,1.161654101,0.446790739,0.572573489,0.038653758,0.040786816,0.018106918,16.91158661,0.641663775,0.02199486,2.277319413,-2.240086398,0.660896745,-0.032282653,-0.032282653,-0.048537106,-0.080556963,0.128879537,0.089402264,,0.02199071,2.178508341,24.25686751,0.799612788,0.471758725,23.64247664
2078,2019,0.745192308,0.670673077,0.394227297,1.244241874,-0.212409512,0.866322002,0.157951031,0.039403653,0.017784246,17.45570665,0.424773985,0.03187292,-1.011931889,-1.959831131,0.503985498,0.516375492,0.516375492,0.411422124,0.535271271,0.207729226,0.242345077,,0.024169985,2.254667222,24.44560944,0.736799821,0.514307291,23.85947743
2079,2016,-0.806138934,-0.592891761,-0.156300968,1.224803472,1.116544529,-1.093857189,-0.697294394,0.022688199,0.018724465,15.53907514,0.28709137,0.004782618,-0.207248118,,-0.05017813,0.130649462,0.130649462,0.137218533,0.151210888,0.034483722,-0.178199463,,-0.138201691,1.182209199,21.40964077,4.694006062,0.247280208,19.53965607
2079,2017,-0.590673575,0.106217617,0.143220926,1.115513594,1.063260943,-1.296420152,0.772502068,0.01999299,0.016924247,15.27987186,0.404711057,0.004949774,-0.197844108,,-0.016777431,-0.035263597,-0.035263597,-0.035374552,-0.033927917,0.028420272,-0.156747423,,-0.057398425,1.144656591,21.43766468,5.937738756,0.221787881,19.36916732
2079,2018,0.31127451,0.107843137,0.79211591,0.879914365,0.676820829,-1.845530532,0.038089875,0.022945816,0.019698238,15.73379609,0.27703525,0.001815653,-0.911433157,-3.069928617,-0.004054789,-0.207611551,-0.207611551,-0.195650596,-0.203825689,0.070600137,0.02094199,,-0.121756147,1.137027507,21.50588405,6.345544424,0.204863881,19.38989305
2079,2019,-0.817307692,0.168269231,-0.05390702,1.29584396,0.828905859,-0.983546218,0.705463907,0.020880135,0.018194737,15.82973611,0.262361405,0.005569445,-0.235923845,-0.038711674,-0.000912542,0.673111472,0.673111472,0.619813722,0.627115055,0.277505807,0.88790389,,0.030705155,1.216686875,21.75079364,4.321350049,0.173878489,20.02536021
2080,2018,-0.593137255,-0.781862745,0.723034209,1.559312778,0.187982954,0.410251738,-0.540543203,0.029422483,0.012868776,16.76775492,0.647434799,0.009714908,1.352469002,-1.418756176,0.552625035,0.251531215,0.251531215,0.234463506,0.249371675,0.237094404,0.310136063,,0.020654786,2.419972908,24.17547183,0.967922299,0.430998908,23.64235328
2080,2019,-0.771634615,-0.829326923,0.694672782,1.277077714,0.398513823,0.204465308,-0.748388944,0.045239469,0.018897378,17.42238975,0.374574536,0.013567582,0.0783681,-1.335752941,0.385168016,0.233537009,0.233537009,0.133550612,0.145406129,0.148267223,0.206293658,,0.02057886,2.60704616,24.31372587,1.100520839,0.434394333,23.82990584
2081,2016,-0.473344103,0.066235864,-0.082515716,1.486227886,-0.196167377,-0.016038529,0.061673293,0.047562246,0.019325898,17.29520834,0.353822199,0.020653845,1.346752809,,0.467094425,0.148110545,0.148110545,0.149303133,0.151487965,0.030095138,-0.057090272,,0.011778627,2.217946981,24.03810122,1.590830674,0.0343993,23.43868588
2081,2017,-0.155440415,0.492227979,0.026347042,1.264554737,0.316670386,0.17043725,0.397680761,0.043768049,0.019630569,17.01809986,0.538613155,0.020808985,1.227929095,-1.156748966,0.572703258,0.265144503,0.265144503,0.281155018,0.227061791,0.234683512,0.308901076,,0.094979152,2.39315338,24.24891589,1.543192916,0.024691145,23.70787379
2081,2018,0.078431373,-0.009803922,-0.230724744,1.201103649,0.285544141,0.636107661,0.226835742,0.037138562,0.0157551,16.92241101,0.672176487,0.014648346,-0.634390734,-1.72936645,0.795813338,-0.042109907,-0.042109907,-0.041754804,-0.018763973,0.18412885,0.227983224,,0.020864751,2.523347049,24.41792325,1.531545098,0.021948394,23.91324696
2083,2016,-0.508885299,0.544426494,-0.225711813,0.837378781,0.775978749,0.206060427,0.265158742,0.028628778,0.012711306,15.52822301,0.600351916,0.018046407,-1.605760967,,0.679897297,0.091704386,0.091704386,0.146276115,0.180700336,0.026769592,0.050768318,,0.029634168,2.251585031,22.71264953,1.06338451,0.385354506,22.12542587
2084,2017,-0.575129534,-0.689119171,-0.021202698,0.980207614,0.85485828,-0.281223604,0.447305518,0.001860587,0.001310186,14.57326242,0.783052441,0.001969045,-1.847500532,-0.900874129,0.165904186,0.139316286,0.139316286,0.115033083,0.079637549,0.035963378,0.164525644,,0.040690534,1.644976991,21.69967241,1.825603406,0.198955569,20.76340537
2084,2019,0.896634615,-0.802884615,-0.355309362,1.170608334,0.93216788,0.48397111,-0.385588796,0.024886711,0.013493609,15.25760425,0.48224191,0.006153716,0.792199506,-0.455027032,0.433359585,0.501733183,0.501733183,0.476990777,0.509773773,0.276418111,0.50403209,,0.010137499,2.13434841,22.22763891,1.543446452,0.141200393,21.5955359
2085,2017,0.481865285,-0.652849741,-0.205867029,0.689147767,0.563217674,0.424001065,-0.096408066,0.037949143,0.022482405,16.59811394,0.415320172,0.013790611,-0.261243214,0.02278178,0.243461833,-0.035089652,-0.035089652,0.009175168,-0.044917991,0.109187813,0.219885677,,0.028728779,2.080758583,23.31729624,1.306396435,0.336983591,22.6622269
2085,2018,-0.946078431,-0.681372549,-0.123373799,0.8022732,0.479934161,-0.046091916,0.133431417,0.026954291,0.013129052,16.48759412,0.456302099,0.00819451,0.156061016,,0.3489966,-0.119615182,-0.119615182,-0.093068887,-0.121374751,0.194531411,0.196639171,,0.026518787,2.084734185,23.49505023,1.081435246,0.305946609,22.84174384
2088,2017,-0.437823834,-0.360103627,-0.167093731,1.122953019,0.679293881,0.397101027,-0.218074178,0.040994713,0.031398872,14.88451308,0.700522704,0.018813611,0.092075213,-0.502494613,0.06764542,0.354804333,0.354804333,0.424957096,0.430329422,0.103020349,0.169467313,,-0.055071404,1.360464523,21.72514017,2.392873168,0.253793162,20.39695223
2090,2017,-0.422279793,-0.652849741,0.372539545,0.650513096,0.335176528,-0.038876066,0.021275459,0.019687888,0.006640365,15.19508898,0.338498996,0.00652905,-1.514460279,,0.423133405,0.099146642,0.099146642,0.091478382,0.076262988,-0.196324137,-0.318251359,,0.042254327,2.320624414,21.87625811,1.327711653,0.191655882,21.31252648
2091,2017,-0.235751295,-0.898963731,-0.083348318,1.183592706,1.429220036,0.541671452,0.051156001,0.045080202,0.02137289,15.56750086,1.714633391,0.059348802,0.649360342,-1.506838836,1.224801183,0.074354415,0.074000325,0.049810805,0.043036861,0.146212105,0.167094985,,0.014696474,2.221857694,23.86679448,1.567951118,0.079829686,23.26882323
2092,2016,-0.030694669,-0.987075929,-0.243449597,1.362093391,1.639602418,1.102851951,-0.394625229,0.036618809,0.012640755,17.09991875,0.717576817,0.021956283,-1.895608003,-1.685930798,1.76145205,0.627890541,0.627890541,0.6848925,0.784015719,0.167013791,0.195058936,,0.027167922,3.039936229,24.83724015,0.77808178,0.431295259,24.43832216
2092,2017,0.606217617,0.398963731,-0.169354107,1.26971455,0.754314733,0.582818873,-0.094584763,0.031355464,0.010318836,16.63430368,1.2424006,0.010782068,0.319037801,-2.93926599,2.25580319,0.479108185,0.479108185,0.542180199,0.58219745,0.046738798,0.055968312,,0.036274039,3.095616878,24.88291957,0.740111001,0.434563935,24.49278033
2092,2018,-0.428921569,-0.007352941,-0.439866347,1.036831875,0.871924808,0.420751023,0.023753177,0.002184977,0.000728473,16.3485455,1.697412958,-0.001070921,-2.48371044,-3.757853882,3.804967394,0.026967059,0.026967059,0.058723632,0.071636841,-0.033026245,-0.059397721,,0.028211703,2.928260835,24.84933565,0.725047128,0.445120032,24.43154545
2092,2019,-0.709134615,-0.990384615,1.242797435,1.375533789,1.052186302,0.974340604,-0.248603347,-9.16e-05,-9.31e-05,16.56622556,1.413549007,0.037840295,1.925014531,-2.183299073,1.822187235,-0.260623137,-0.260623137,-0.323247756,-0.339520542,0.025687567,-0.010107902,,0.030834147,2.743629976,24.87469883,0.682522467,0.430856044,24.42138611
2095,2017,0.207253886,-0.248704663,-0.344654204,1.280944854,0.713799691,-0.871375146,-0.174694057,0.00884328,0.00660878,15.65636033,0.176176815,0.0019475,0.567390777,-1.039850935,-0.057736474,-0.162776884,-0.15370394,-0.12780314,-0.091011574,0.058127209,0.18323039,,-1.730968029,1.391594594,21.15907608,3.242399926,0.042306754,19.89109762
2095,2018,-0.546568627,0.943627451,-0.164452644,1.583483101,0.772046192,-0.428500236,-0.039102695,0.011030535,0.007824182,15.48075337,0.212825514,0.00161305,0.236618432,-2.353340611,-0.091883821,-0.127974819,-0.124068169,-0.147608985,-0.111689749,0.075124051,0.163868781,,-1.256244613,1.438078572,21.23151213,3.049343846,0.037302738,20.04284723
2095,2019,-0.192307692,0.649038462,-0.32308804,1.136497161,0.767788991,0.236481342,1.130181508,0.006974527,0.004937009,15.1922368,0.297073007,0.002539081,1.854486849,,-0.128846328,0.909387319,0.897107815,1.128920694,1.358497334,-0.056864544,-0.237094943,,-0.491821244,1.326988998,21.17296676,3.661867084,0.03778305,19.77222554
2096,2017,-0.170984456,-0.699481865,-0.072357885,1.026343,1.06740596,-0.136460079,0.016358306,0.002409692,0.001240111,14.60430667,0.930466485,-0.01128581,0.101839073,,0.528637393,0.169169772,0.169169772,0.15973481,0.202745302,0.012358036,0.024189107,,0.020228903,1.834086017,22.04104459,1.243024923,0.258618169,21.25307958
2097,2016,0.105008078,0.789983845,-0.261707388,1.267873381,1.057628398,0.014751167,0.009557622,0.015427393,0.005249648,15.3379411,0.970075338,0.029704186,-0.605159024,-2.247045896,1.63031603,0.538200586,0.538200586,0.435208286,0.574815143,0.221847184,0.109142598,,0.01802704,2.79035683,23.30229422,1.402166417,0.269519223,22.85853968
2097,2017,0.422279793,0.810880829,-0.045314908,1.104374749,0.787203098,0.077069725,-0.12691957,0.027700832,0.009868212,15.41310947,1.004244865,0.0308582,0.122268556,-1.520188632,1.433065248,0.332785928,0.332785928,0.376446192,0.398724928,0.164481284,0.23616348,,0.016052586,3.135970001,23.45456996,1.30897933,0.267357872,23.0705523
2097,2018,-0.039215686,-0.397058824,-0.042881105,1.064519131,1.0830256,0.35330029,0.135903559,0.024936104,0.008360294,15.44343795,1.020704528,0.024935532,0.528889922,-1.839940401,1.702395405,0.206767851,0.206767851,0.200187417,0.23686964,0.136079505,0.147717544,,0.013322691,3.206123029,23.58215326,1.261675033,0.251338058,23.20832752
2097,2019,-0.100961538,0.088942308,0.433177012,1.121372787,1.060472031,0.388078056,0.04990581,0.034640351,0.010894356,15.84641336,0.72501072,0.035485229,-0.287927783,-1.883336872,1.145416326,0.572364243,0.572364243,0.600035934,0.658967814,0.101051195,0.107026816,,0.021584214,3.244975319,23.67841862,1.330673307,0.228511659,23.3100054
2099,2016,-0.395799677,-0.308562197,-0.226765138,0.789796547,0.790179645,0.133271164,0.28800606,0.012664606,0.008745339,15.9000438,0.642763056,0.005473796,1.350654552,,-0.083434278,0.112372173,0.112372173,0.106316465,0.179525782,0.013811623,-0.061529083,,-0.000565987,1.341163976,22.67455775,2.349033562,0.167486762,21.30562782
2103,2019,0.240384615,-0.581730769,-0.352386683,1.116213136,1.737026967,0.094869598,0.302430305,0.011055664,0.006402643,14.43443189,0.52405538,0.004226884,-2.394597295,-3.095642152,0.327978852,0.318482127,0.318482127,0.330939373,0.370479431,-0.079953969,0.100058033,,0.029118654,1.999454564,21.19591964,1.566833792,0.212906749,20.50249963
2104,2016,0.554119548,-0.331179321,-0.285876476,1.009551393,1.323074015,-0.776792877,-0.067523201,0.024653994,0.019962524,15.45237126,0.358347171,0.010647817,0.284130785,,-0.02167509,0.361127278,0.361127278,0.420862629,0.559828171,-5.11e-06,-0.525213174,,-0.211630365,1.096578426,21.49361242,8.253002495,0.134431082,19.06401771
2104,2017,0.834196891,0.227979275,0.040028697,1.182985745,0.735118092,-1.024419685,0.585047903,0.015311372,0.013654743,15.17355605,0.514614079,0.005772173,0.401657861,,-0.087507792,-0.27184844,-0.27184844,-0.260905151,-0.309745407,0.066106004,0.663740229,,,1.159344917,21.55762518,5.580583743,0.081147633,19.57308593
2104,2018,-0.286764706,0.504901961,0.165970847,1.2258064,1.377302683,-0.656373853,-0.244309174,0.005136074,0.004492239,15.27959589,0.463773212,-0.002544162,-0.831089193,-2.819565094,-0.020306639,-0.304193332,-0.304193332,-0.266713849,-0.353307658,0.000986473,-0.161098304,,,1.130183986,21.55861117,6.789677932,0.075740136,19.39742418
2104,2019,-0.872596154,0.548076923,-0.315390713,1.181027505,0.937283565,-0.457588125,0.422013663,0.007498538,0.006616046,15.26744539,0.481233266,0.000676541,-2.22206163,-1.338529867,0.036250627,-0.07437035,-0.07437035,-0.033892266,0.035599569,-0.017066248,0.197186515,,0.022886522,1.163191356,21.54139761,5.933190853,0.132368068,19.57739841
2109,2017,0.437823834,-0.20984456,-0.001971253,1.118685774,1.604882576,1.052429323,-0.451388898,0.017560924,0.014126478,14.57134714,1.664444625,0.02541103,-1.25878308,,0.07414841,-0.028228216,-0.028228216,-0.004534389,0.026196428,-0.011389483,-0.345479139,,0.013992549,1.137949012,22.15671126,2.504250646,0.695161943,20.04661259
2109,2018,-0.230392157,-0.166666667,-0.250646957,1.150387759,0.929463496,0.57871011,0.212044634,0.00492951,0.004308063,14.78690821,1.451614992,0.001819589,-0.554684231,,-0.004119303,-0.146063311,-0.146063311,-0.09761297,-0.110041094,0.010781024,-0.105471658,,0.029314813,1.120176414,22.16743458,2.704909182,0.649295557,19.93515389
2110,2016,-0.94184168,-0.634894992,0.368641339,2.255100402,3.200066794,3.985492725,0.62125095,0.108482758,0.066280102,16.66076547,0.608178442,0.060815435,4.035553526,,0.099989051,0.794236326,0.794236326,0.589175709,0.578938751,0.805648195,0.695935547,,0.0290608,1.555512909,23.88552696,1.56646906,0.396185556,22.85585819
2110,2017,0.450777202,-0.909326425,-0.028591803,1.361420538,0.403164491,1.507892744,-0.005261382,0.115765699,0.076962843,16.10767026,1.750757243,0.1110663,-0.258214803,-0.464325713,0.238808289,0.07529537,0.07529537,0.205297924,0.182184285,0.128236017,0.106866402,,-0.005541428,1.539316497,24.00618232,1.558551373,0.373029201,22.95739115
2110,2018,0.843137255,-0.041666667,-0.268445882,1.289124286,0.608328035,1.054400777,0.265812003,0.039851565,0.026504171,16.66677218,1.064105002,0.034397527,-0.707737826,-1.124030891,0.392924292,0.210467824,0.210467824,0.325598044,0.333844258,0.506552081,1.245899049,,0.041573857,2.093373717,24.41600597,0.960564719,0.305011461,23.76649706
2110,2019,0.319711538,-0.956730769,0.062743132,0.895915504,0.619873755,0.903647143,-0.065835728,0.04010469,0.02108978,16.54760911,1.309244126,0.062419509,-0.838875051,-0.042352298,1.093821097,0.357179555,0.357179555,0.29013288,0.293084295,0.199317494,0.242313965,,0.015354262,2.178778124,24.59775861,1.019548539,0.296849671,23.9834728
2111,2016,0.961227787,0.483037157,-0.425902397,1.140082843,0.579823033,-0.730135533,0.663079286,0.018912213,0.01252106,15.18530574,0.728881194,0.016982018,-2.064832793,-1.200404667,0.395540837,0.278573138,0.278573138,0.315102495,0.304662568,0.050964396,0.247658061,,0.022854326,1.654124208,22.23822847,1.800164606,0.184089079,21.31049875
2111,2017,0.007772021,-0.730569948,0.193540697,1.052743981,0.92911137,-0.193998832,0.52431507,0.020686163,0.012298854,15.13719361,0.752139395,0.013618351,1.74621849,,0.326754008,-0.03191939,-0.03191939,0.02282633,0.051847547,0.0565486,0.1299302,,0.022442157,1.73285035,22.29323603,1.679120162,0.17391053,21.43265461
2111,2018,-0.414215686,-0.735294118,0.172708998,1.111572949,0.286615069,-0.469946322,0.061783743,0.037097722,0.021896518,15.42997474,0.578353017,0.011026873,0.068747637,,0.243109573,0.098774905,0.098774905,0.030230467,0.022163407,-0.008790849,-0.129650223,,0.03013674,1.590708809,22.28440631,1.89062345,0.178770173,21.29379451
2112,2018,0.740196078,0.762254902,0.10249541,0.998586136,1.759163201,-0.006581078,0.327975084,0.005339162,0.002027662,14.10828008,0.289231134,0.000624002,-1.211098166,-2.852028416,0.301151097,-0.042814543,-0.042814543,-0.080784811,-0.113606226,0.097052263,0.152210788,,0.030272736,2.820612831,20.81905301,1.204897578,0.154339882,20.38127199
2112,2019,-0.716346154,-0.103365385,-0.1408367,0.984867548,1.658573184,-0.095960369,-0.129110809,0.025612875,0.009362779,14.25671303,0.260795379,0.00094934,0.09362645,-1.798997644,0.428811587,0.25383673,0.25383673,0.298424197,0.378585446,0.072590618,0.093931086,,0.025539064,2.926624724,20.88912987,1.183636462,0.142512754,20.4710497
2114,2016,-0.237479806,-0.55088853,-0.5973148,0.956987479,0.67218702,0.077315816,-0.029382485,0.012846857,0.009655806,15.37989375,0.384767385,0.002919857,-1.303705376,,0.151526902,0.159822204,0.159822204,0.341299853,0.244124104,-0.091748038,-0.302742405,,0.020504358,1.246724029,21.49090734,1.926634892,0.289264738,19.87090314
2114,2017,0.398963731,-0.699481865,-0.01511227,1.014164463,1.113043409,0.248250397,-0.138636541,-0.024985315,-0.01966658,14.76111954,0.650492914,0.001198661,-2.632896139,-2.025590113,0.186386706,0.455186787,0.455186787,0.300552888,0.483358885,0.003326648,0.442526,,0.021726394,1.397675419,21.49422846,0.928242793,0.299304224,20.23729888
2116,2016,0.557350565,0.544426494,-0.400378365,1.239119487,1.430713474,0.687949482,0.335589331,0.031809016,0.009926133,15.25869245,0.301432002,0.01409854,0.629340356,-4.966148377,0.460395971,0.083802118,0.083802118,0.071151494,0.07134178,0.069921726,0.041600663,,-1.217698134,3.098297696,22.13188375,1.363889395,0.058393437,21.74215731
2116,2017,0.823834197,0.119170984,0.442812339,1.057930152,1.110403604,0.762560216,-0.149316663,0.03696484,0.012106424,15.07629288,0.397688912,0.011179879,-0.618726657,-1.691753612,0.426273156,0.155531276,0.155531276,0.168032748,0.150496793,0.080685061,0.081070795,,,3.100619917,22.2094789,1.367345239,0.051191373,21.82010934
2116,2018,0.710784314,0.512254902,-0.328722174,0.975618157,0.812001739,0.186909449,0.195768114,0.034347879,0.011110564,14.9784027,0.457650204,0.008808729,-2.554508108,-2.689124905,0.590816453,-0.240920879,-0.240920879,-0.189566412,-0.190982821,0.0583169,0.130067489,,-3.783471183,3.615526944,22.26615872,1.280700614,0.046236423,21.94238669
2116,2019,0.641826923,0.733173077,-0.120840616,0.753850547,0.84680725,0.168538872,-0.192457486,0.027083615,0.007637412,14.83660902,0.499105397,0.011712459,1.217943604,,0.395228071,0.254959633,0.254959633,0.17375176,0.173464873,0.009894799,-0.033071766,,-0.028496987,3.253482285,22.27600488,1.291333769,0.043607564,21.90875569
2120,2017,0.937823834,-0.92746114,-0.015543265,0.803589351,-0.151210982,-0.227499002,-0.231873502,0.088760872,0.056567745,16.13740234,1.060794678,0.031943027,1.116194591,-0.069098623,0.285174181,1.63513319,1.63513319,1.992572828,2.160434125,0.237243126,0.258960057,,0.001507827,1.53811792,23.64716108,1.50677846,0.250096216,22.59692398
2120,2018,0.889705882,-0.919117647,0.022301512,0.788078334,-0.318556484,-0.391696336,-0.054073941,0.046329349,0.029817817,17.50052348,0.384235724,0.004724683,0.18850101,-1.263135426,0.088494578,-0.079516908,-0.079516908,-0.022816018,-0.026485186,0.345906961,0.747101834,,0.009978218,1.831975945,23.94422918,1.273247673,0.256008544,23.1548823
2120,2019,0.112980769,-0.944711538,-0.455541298,0.884898138,0.133573694,-0.083418088,0.139137448,0.022621831,0.01231148,17.68193017,0.300233018,0.006151001,-1.756850226,-0.439633294,0.249327387,0.27176171,0.27176171,0.293447481,0.282372344,0.244311467,0.422268204,,0.011955981,2.079394969,24.16281152,1.158702034,0.325092248,23.50713522
2121,2016,0.295638126,0.147011309,-0.249402961,0.878231158,0.283370699,-0.527354251,0.190161177,0.022748855,0.007355269,15.66226026,0.767324898,0.005584965,-0.777178163,-2.136644181,1.713932462,0.292491704,0.292491704,0.327102852,0.483135809,0.128862871,0.156021204,,0.034013476,3.294476988,23.53400388,1.101421881,0.243448803,23.17226138
2126,2017,-0.707253886,-0.911917098,-0.182003854,1.033023725,0.666220021,0.553976983,-0.012173142,0.026404367,0.013895413,15.60179249,0.67150493,0.020153218,0.139443533,-1.370557531,0.596889139,0.026474501,0.026474501,0.044482132,0.035380102,0.032122443,0.030446042,,0.023406527,1.971303842,22.80590375,1.235799142,0.227457969,22.09809263
2131,2019,-0.117788462,-0.004807692,-0.400929141,0.816827282,0.737631218,-0.216244704,-0.061455096,0.139535667,0.093062647,16.64619531,0.65435076,-0.037484002,1.468171126,-1.285205989,0.263699466,0.24500341,0.24500341,0.269749418,0.262290682,0.698406315,0.832312902,,0.027856338,1.564437296,23.79636702,1.67281023,0.038794232,22.77691484
2135,2016,0.705977383,0.928917609,-0.36938839,1.208126064,0.767700563,-0.557216204,0.142533068,0.010014958,0.003326473,15.35228479,0.787980621,0.016658118,0.579875595,,1.37639639,0.232505241,0.232505241,0.216815643,0.226183985,0.125226303,-0.062647206,,0.027377671,2.473534549,23.02383552,1.314759081,0.184598109,22.50585137
2135,2017,-0.924870466,0.940414508,0.079468567,0.89328233,0.607567096,0.032619653,0.004336584,0.012775151,0.005022239,15.36400899,0.884212056,0.016813043,0.307318886,-3.508323105,0.938974735,0.024887717,0.024887717,0.014378383,0.013717588,0.099715443,0.131150925,,0.021552273,2.582304147,23.11888697,1.265856456,0.153092137,22.629087
2135,2018,0.639705882,0.946078431,0.311097562,1.090057598,0.514356761,-0.169479944,0.491387579,0.016830842,0.006724134,15.62496493,0.72490466,0.01434722,0.105360749,-1.513677127,0.901786432,-0.01143387,-0.01143387,-0.031130101,-0.029332079,0.1917572,0.216607257,,0.016356247,2.670410579,23.29431583,1.174328206,0.123299854,22.82515305
2135,2019,0.182692308,0.841346154,0.028851049,1.178418526,1.007848125,0.53594585,0.415881563,0.020956196,0.007785702,15.73811841,0.728168362,0.02077398,-1.065402857,-2.189813433,1.001153948,0.31831206,0.31831206,0.311447234,0.314795106,0.116087158,0.151742473,,0.01569475,2.820948006,23.40414479,1.184883139,0.117477985,22.96642904
2140,2016,-0.945072698,0.777059774,-0.431011352,1.067781823,1.125428881,-0.20844856,0.224854483,0.014942893,0.005085793,15.3258216,0.468815389,0.007819984,-2.11685672,-3.054131429,0.837941557,0.395418992,0.395418992,0.418289161,0.390129145,-0.054203478,-0.067821246,,-0.011676825,3.088363934,22.57112366,1.361676554,0.030115639,22.17986313
2140,2017,-0.360103627,0.922279793,0.371685156,1.056915559,1.034864654,-0.174976173,0.405364527,0.019669005,0.006534054,15.01242503,0.647683333,0.006712091,1.725224186,,0.626786674,0.16988027,0.16988027,0.180374153,0.182881274,0.043442937,0.03590687,,0.002479562,3.042474866,22.61364942,1.347007855,0.02694661,22.21514038
2140,2018,0.267156863,0.987745098,-0.248616298,1.197791602,1.149635943,-0.424665108,0.75554375,0.018370894,0.006225842,15.11638115,0.609128492,0.009214144,1.240479322,-2.892991448,0.88493568,-0.114266111,-0.114266111,-0.146676928,-0.156458644,0.06922547,0.076917017,,-0.006336425,3.087843573,22.68058395,1.310108036,0.023530383,22.28924273
2140,2019,0.997596154,0.971153846,0.124147065,1.002430693,1.08096365,0.326082563,0.187044064,0.024541989,0.007973645,15.13042777,0.636588722,0.014115875,-0.272459657,-1.029328457,0.979480348,0.801351448,0.801351448,0.881582442,1.000680464,0.177861198,0.215736044,,-0.02621427,3.31006791,22.8442842,1.169613229,0.018924771,22.48459242
2146,2016,0.447495961,0.231017771,-0.128880551,1.816482148,-0.08521692,0.452606986,0.574711601,0.03937516,0.006071416,17.47817389,0.69892189,0.020552493,0.916780601,-1.273479223,4.330896194,0.445145869,0.445145869,0.414553237,0.389688794,0.191860465,0.191323562,,0.006170616,6.632492382,26.04627582,1.398550725,0.013005928,25.88514336
2146,2017,-0.305699482,-0.080310881,0.117056992,1.337760818,-0.026725954,0.714342239,0.57437892,0.041714974,0.006318676,17.3629164,0.956528285,0.019559123,0.592933225,-1.924620906,4.475203079,0.25652864,0.25652864,0.27052525,0.291714113,0.180487805,0.16854465,,0.009842654,6.409592389,26.21220356,1.333333333,0.019095347,26.04090245
2146,2018,0.416666667,0.00245098,-0.108723358,1.26417635,0.193840458,1.076878488,0.388354893,0.041675114,0.006733389,17.30943949,1.2378087,0.026475498,0.311513859,-2.395571566,5.762735094,0.07357932,0.07357932,0.054393957,0.060221516,0.078512397,0.057167231,,0.013639628,5.806051728,26.28778624,1.369318182,0.023381695,26.09649536
2149,2016,-0.586429725,0.686591276,-0.376900552,1.03560276,1.579915029,-0.074178982,-0.286511195,0.010053575,0.005398406,15.2562468,0.480473062,-0.001029046,0.360659804,-0.781008829,0.391967745,0.202755377,0.202755377,0.216436191,0.217914866,0.069179,0.1001164,,0.018996494,2.013801984,22.140786,1.651929968,0.300861539,21.45446914
2149,2017,0.396373057,0.160621762,0.340292517,1.308310562,1.258642425,0.481825466,0.48831616,0.008972985,0.00443791,14.91638368,0.703399365,0.000624885,0.665517687,,0.345506229,0.156281645,0.156281645,0.101537272,0.100356071,-0.002891431,-0.027874807,,0.033050711,1.96391531,22.13789038,1.31187614,0.284260353,21.42619845
2149,2018,0.580882353,0.203431373,-0.292795001,1.235153558,1.248806856,-0.15119305,0.415192395,0.007606082,0.003873562,14.96334206,0.672961459,-0.00804925,-0.174695989,-1.594062091,0.633283047,0.019793124,0.019793124,0.069773155,0.107551678,0.127560037,0.236982955,,0.020890664,2.166582127,22.25794642,1.31956959,0.280538305,21.63887377
2149,2019,-0.305288462,-0.466346154,1.349623653,1.060945203,0.826926004,-0.605793585,-0.377171351,0.01536237,0.007166119,15.4226702,0.477846371,0.005291051,0.593880467,,0.228456318,0.273498251,0.273498251,0.199715063,0.197704728,0.191627165,0.026648435,,0.021362053,1.86531302,22.43326616,1.762747909,0.224904459,21.66517332
2150,2019,0.007211538,-0.15625,-0.150857635,1.011743548,1.188694505,0.448111529,0.204250688,0.02827692,0.023663697,14.60363477,0.672380461,0.01372495,-0.827747017,-0.649801235,-0.201575275,0.303438789,0.303438789,0.405109814,0.437496404,0.124701149,0.398192406,,0.273091421,1.272939759,21.37528692,3.447603524,0.221076669,19.83545375
2151,2016,0.302100162,-0.870759289,-0.091762256,0.932182578,-0.6799844,-2.238224934,-0.099377529,0.006782163,0.004939072,15.77814947,0.632811377,0.000883348,1.507102003,-0.073604916,0.101089886,0.759127127,0.759127127,0.744149931,0.847908368,0.112209249,0.35840458,,0.011322366,1.484249969,22.62842686,2.089243023,0.091062193,21.50836324
2151,2017,0.321243523,-0.932642487,-0.107355396,0.841946185,0.027341156,-1.746964922,0.696070767,0.001625931,0.001118404,15.70648916,0.682146591,-0.002441224,0.762863802,,0.09029825,-0.102456199,-0.102456199,-0.068627168,-0.09649257,-0.054727429,-0.029277795,,0.026568965,1.503856487,22.5721449,2.240965004,0.098343045,21.4786483
2151,2018,-0.669117647,-0.791666667,0.358575845,0.941464124,0.272552005,-1.244477794,0.375388426,0.003617463,0.002303061,16.05265643,0.452269189,0.000377961,-2.682723624,-1.429475032,0.115411684,0.206903347,0.206903347,0.156153385,0.180888848,-0.018422236,0.16271659,,0.023614387,1.658020728,22.55355086,1.679601324,0.095404881,21.62940746
2151,2019,-0.71875,-0.870192308,0.324420561,0.938844874,0.444523536,-0.585649242,-0.013922718,0.009171029,0.005739176,16.71871122,0.242936541,0.001902466,1.765054037,,0.044940861,0.224321575,0.224321575,0.207782096,0.224757624,0.143248427,-0.030193179,,0.032861768,1.507527332,22.68742457,2.019966571,0.113634995,21.59874908
2152,2018,-0.151960784,-0.81127451,0.879984611,1.055901031,0.86542873,-0.735824557,-0.000242865,0.01897481,0.014153638,16.92560599,0.44481355,0.005135702,0.28342538,-2.354080758,-0.001976436,-0.06234724,-0.06234724,-0.053201934,-0.068869983,0.121738275,0.27455661,,-0.102528265,1.39158205,23.38413186,2.299372586,0.113996933,22.11613038
2152,2019,-0.858173077,-0.350961538,0.003800728,1.180341101,0.663906326,-0.346771984,0.62812762,0.019384449,0.01394002,17.1548778,0.388478203,0.006762041,-0.110990383,-1.944333946,-0.08197333,0.105122426,0.105122426,0.083884127,0.121947866,0.072119256,-0.074491906,,-0.151682578,1.320852477,23.45376916,2.930117473,0.101095894,22.03871798
2155,2016,-0.437802908,-0.689822294,-0.296224802,0.604384267,0.125612849,-0.421797487,0.044152369,0.017147008,0.011754041,16.08125957,0.47781191,0.006233928,0.643018979,-2.937692821,0.221639016,0.467691121,0.467691121,0.506298099,0.558720088,0.017176912,-0.084136364,,0.033885309,1.404497259,22.62704269,1.327621102,0.377559094,21.38225296
2158,2018,-0.218137255,-0.352941176,0.661326246,1.208308981,0.980526753,0.129569045,0.31593721,0.030464987,0.017737775,15.46890727,0.384509263,0.003916839,1.157444461,-1.944550985,0.104423941,0.182148668,0.182148668,0.131059983,0.169922929,0.07532841,0.063081724,,0.003201372,1.764508239,22.00474806,1.895488634,0.206969705,21.16835355
2161,2018,-0.801470588,-0.431372549,0.09907217,1.226635625,1.337435569,-0.843790415,0.173988402,0.156876537,0.115369492,15.5998126,0.302856674,-0.022041714,0.682896252,,0.027091269,-0.336038161,-0.336038161,-0.284820708,-0.304446588,0.262070436,0.467415982,,0.029985902,1.411581549,21.63843126,4.207394305,0.049718483,20.40597242
2163,2016,0.163166397,-0.308562197,-0.356029265,1.157213356,0.440565211,-0.965007905,0.110329186,-0.031557942,-0.005747623,15.4885764,0.21387482,-0.005482709,2.477750529,-3.693921872,1.098061327,0.231635695,0.231635695,0.210531612,0.243025133,-0.022647035,-0.012819264,,0.030914488,6.028128077,22.56672372,0.651421134,0.370095746,22.38533496
2163,2018,0.970588235,0.203431373,0.720074619,1.110976819,0.474119301,-0.725476618,0.176972179,0.028230634,0.005773512,15.37417657,0.202034625,0.001005116,-0.112858184,,0.361883931,-0.072201652,-0.072201652,-0.108460784,-0.123317576,-0.044192359,-0.057960015,,0.019191211,4.696957061,22.18610384,0.834401033,0.239804423,21.94669904
2163,2019,-0.942307692,0.338942308,0.883418398,0.80188886,0.857372662,-0.676301492,-0.719580325,0.033379189,0.00692936,16.5175337,0.065345091,0.003390739,1.049354321,-1.466807564,0.195932299,-0.084596117,-0.084596117,-0.065616711,-0.079003112,0.286683401,0.314125377,,0.026668803,5.099000669,22.43817174,0.82262092,0.21313836,22.21987037
2164,2017,0.383419689,0.422279793,-0.271135209,1.09453954,2.365315625,1.087909391,-1.379576542,-0.173021978,-0.034506399,14.22836955,0.331278102,0.028754738,0.160323251,,0.568226604,-0.960126053,-0.960126053,-0.970567988,-0.971827472,-0.867066105,-0.917329223,,0.026487216,2.563532948,21.23070803,1.271475455,0.33517041,20.73626963
2164,2018,-0.166666667,0.867647059,-0.28686289,1.137247375,1.476660743,-0.002113538,0.879256959,0.021799456,0.008169954,14.26505524,0.409563647,-0.004126022,-0.24368808,-3.813980694,0.788500255,0.124911778,0.124911778,0.087734801,0.122891169,0.054511936,0.169594936,,0.027256231,3.090956622,21.28378607,1.045761164,0.286459923,20.89292711
2164,2019,-0.59375,0.240384615,0.658747752,0.960767865,0.594676238,-0.025079983,-0.386793494,0.583329456,0.19826963,14.86995098,0.213034913,0.00809185,0.175393564,-2.570222775,0.484070618,0.505642522,0.505642522,0.43999633,0.58379309,0.134427468,0.316757419,,0.041271547,4.655527284,21.40991416,1.093455911,0.245466471,21.16809933
2165,2016,0.172859451,0.28917609,-0.343067482,1.01745551,0.892042957,-0.188851788,0.160809067,0.009008391,0.005462574,14.8944592,0.547779985,0.001684887,-2.661406377,-0.380635543,0.604313954,0.115475856,0.115475856,0.158345757,0.164959586,0.193864433,0.543798071,,0.016278837,2.180816347,21.89977318,0.93708135,0.201809868,21.28627992
2165,2017,0.14507772,0.204663212,0.191628529,0.879347441,1.400116214,0.822636038,-0.520710891,0.009142643,0.004086354,14.61361581,0.687183476,0.007217117,1.314289856,-0.923836402,0.671121483,-0.023428223,-0.023428223,-0.065958442,-0.110086326,0.171722146,0.296429576,,0.021488172,2.494286658,22.05824777,0.922962724,0.165192637,21.54589393
2165,2018,0.18627451,0.25245098,-0.10429498,0.833315541,0.876290893,0.562830903,-0.468946059,0.015916383,0.006262057,14.79808672,0.583574505,0.009493131,2.163463521,-2.24564132,0.73098253,-0.208827759,-0.208827759,-0.217884633,-0.24634581,0.022716445,0.003581014,,0.017213171,2.426446375,22.08071004,0.889344024,0.147316986,21.54946855
2165,2019,0.507211538,-0.675480769,0.040634544,1.026160808,1.458348017,0.166627162,-0.472843869,0.014700377,0.005687351,14.98731656,0.509497569,0.009822989,2.128000867,-1.442236482,0.862615375,0.792167616,0.792167616,0.877017221,1.01226183,0.264344503,0.406746988,,0.025786649,2.890897842,22.31526384,0.961634849,0.286168084,21.89074848
2169,2019,0.442307692,-0.853365385,0.22740733,1.270089646,0.660910269,-0.993361826,0.390817197,0.084747526,0.04860118,15.64147672,0.554992159,0.11457528,1.586493254,,0.181742115,-0.02232767,-0.02232767,0.049560359,0.069699558,0.147905962,0.049203006,,0.021631408,1.652572712,22.58648908,1.425203987,0.188718446,21.65732308
2170,2016,0.392568659,-0.576736672,-0.541735322,0.773773668,0.719993002,-0.438852946,0.238964866,-0.001028736,-0.000399527,15.19814081,0.5264382,-0.011928705,-0.633702514,-2.540802077,0.68925786,0.250776329,0.250776329,0.256017352,0.299681645,-0.033123254,-0.004669251,,0.013404737,1.909351241,22.0435991,0.668232426,0.358005412,21.30181172
2171,2016,-0.605815832,0.053311793,-0.088223037,1.299684729,0.997536232,3.01e-05,0.327791195,0.027948995,0.02111293,15.73177329,0.493306021,0.014584115,2.550267142,-0.385884245,0.130498895,0.311126208,0.311126208,0.319071191,0.297492979,0.134368369,0.443082056,,-0.00402132,1.410742901,22.31897903,2.575704077,0.131942847,21.08507478
2174,2017,-0.948186528,-0.862694301,-0.160509563,1.021005151,0.506353123,-0.253704686,0.197097896,0.048733881,0.029250508,16.23507956,0.384519502,0.015934266,1.581294326,-1.837829909,0.154390344,-0.031851789,-0.031851789,-0.014579523,0.071036152,0.197845091,0.173444289,,0.015763411,1.625107653,22.82099986,1.608126786,0.089142813,21.8655944
2179,2017,0.103626943,-0.492227979,0.102141646,0.735553846,-0.731921214,-1.577170702,0.586146874,0.043206615,0.02282104,17.26378215,0.197699352,0.007235608,0.799479967,-0.856638289,0.11843671,0.282254654,0.282254654,0.267085351,0.291274003,0.283605155,0.354782868,,0.010468574,2.022379792,23.38960426,1.949388117,0.124099451,22.70746236
2179,2019,0.846153846,-0.552884615,0.909310914,0.825264214,-0.188376366,-1.085325755,-0.198003429,0.05268343,0.030225325,18.0095831,0.15495755,0.007831282,0.526489431,-1.039591347,0.051775221,0.385317147,0.385317147,0.322915756,0.270154309,0.343920443,0.509256876,,0.027725992,1.895737191,23.80115147,1.900469594,0.099891399,23.05143547
2181,2017,-0.515544041,-0.062176166,0.145221809,0.999759475,1.351727233,-0.594441626,-0.606798977,0.001462224,0.001346073,15.39504645,0.830065175,0.004176554,-1.214014859,,0.039512599,-0.131632089,-0.131632089,-0.22150955,-0.159815341,0.041474579,0.338699712,,-0.016971311,1.109474024,22.21989172,8.859006826,0.037334648,19.90393769
2183,2018,-0.674019608,-0.980392157,0.106946677,1.266059304,0.907942517,-0.177687745,0.279777114,0.001589893,0.000324906,16.02009363,0.953416118,0.001219979,1.121998788,-2.96555588,2.128369094,-0.05278363,-0.053910869,-0.048246659,-0.039596962,-0.006608411,-0.002590268,,0.035148951,5.041376448,24.47075147,1.133134203,0.03380657,24.24965766
2183,2019,-0.425480769,-0.908653846,0.058140131,1.09853767,0.672114084,-0.007019073,0.083893274,0.004232661,0.000838133,16.15885208,0.804111076,0.007804408,2.447939438,,1.943216804,0.256184531,0.254388501,0.240046796,0.250975585,-0.021873707,-0.018127255,,0.033439128,5.120640976,24.44863499,1.08567259,0.032948024,24.23136409
2186,2016,0.066235864,-0.260096931,-0.29001047,0.99094837,0.515307829,-0.21167837,0.267876027,0.032725992,0.025238091,15.47914793,0.305245506,0.009181477,-0.236910863,,-0.125582446,0.014318663,0.014318663,0.017116777,0.05324515,0.024845569,-0.046967639,,,1.247780662,21.41777483,2.995679521,0.27156235,19.80119698
2186,2017,-0.28238342,0.821243523,-0.190283525,0.947908336,0.835480517,0.420390165,0.002030318,0.024406949,0.019551847,15.14634859,0.432658807,0.002225829,-1.18937845,,-0.008424895,-0.134320475,-0.134320475,-0.052169026,-0.066256596,-0.025281325,-0.024005775,,,1.248185391,21.39216845,3.064202007,0.272037281,19.77689837
2186,2019,-0.423076923,-0.350961538,-0.058611908,0.81663122,0.441933987,0.05068483,-0.358856597,-0.043667074,-0.032351478,15.01296342,0.399746791,-0.015826892,-1.396632844,-0.79373964,-0.01401623,0.533657425,0.533657425,0.134136165,0.193000377,0.002969072,0.451026101,,,1.575161885,21.35108237,1.295548547,0.200069173,20.34362058
2189,2019,-0.581730769,-0.350961538,-0.071016346,1.269995525,0.887221741,-0.98302078,0.081622679,0.019477234,0.008127608,15.1803061,0.374969191,0.001385878,0.917936742,,0.324213558,0.288073391,0.288073391,0.27420587,0.295778398,0.119785489,0.110994446,,0.013280914,2.379607313,22.08117405,1.320815576,0.111893247,21.53603748
2196,2018,-0.306372549,-0.678921569,-0.22213086,0.98243319,0.989212524,-0.250506904,0.218175391,-1.92e-05,-2.52e-05,14.50376072,1.062955723,-0.008337426,1.693574512,,0.212330934,-0.286772449,-0.286772449,-0.224773874,-0.279862398,-0.047495809,-0.136386505,,0.009458157,1.332206507,21.74493473,1.771355407,0.187304316,20.35609964
2201,2016,-0.932148627,-0.117932149,-0.299384584,1.208945135,1.029272982,-0.386047536,0.064949151,0.001714628,0.000583931,14.9220625,0.295754276,0.001150233,-1.199612674,,0.649020882,0.122756608,0.122756608,0.124542981,0.133547243,-0.025638272,-0.03872967,,0.047452562,2.801601048,21.63163856,0.647251031,0.524194585,21.19012325
2201,2017,-0.764248705,-0.406735751,-0.006176712,1.078138642,1.318287691,0.470430457,-0.199408756,0.002736941,0.000990362,14.4445144,0.485598607,0.001134571,2.895601333,,0.533455559,-0.111388555,-0.111388555,-0.114246104,-0.136328428,-0.074743394,-0.127520728,,0.045393135,2.540524822,21.55395439,0.753978965,0.556283739,21.05370686
2201,2018,-0.882352941,-0.397058824,0.953332195,0.475561657,-0.508946996,-1.575081901,-0.045307421,0.001408343,0.000544931,15.57376305,0.162274136,0.00041214,1.175900215,,0.258660679,0.126541003,0.126541003,0.089037866,0.107218962,0.052635977,0.052862548,,0.0429525,2.541367504,21.60525187,0.695953203,0.450071154,21.10521955
2202,2017,-0.207253886,-0.979274611,0.079165452,1.516405393,0.200546497,0.496035378,-0.063363988,0.030978663,0.009930206,17.40089805,0.712762553,0.006188087,-0.013946973,-1.315413612,1.20265426,0.426451904,0.426451904,0.582132173,0.639090663,0.293666937,0.290127342,,0.021396631,3.114743303,25.29584425,1.154273772,0.198107935,24.90863094
2203,2019,0.944711538,-0.670673077,0.206410971,0.723957893,0.443519561,0.480462639,0.273466685,0.020899918,0.007690716,16.6052445,0.627059183,0.013911814,-1.303000185,-2.421940691,0.696052175,0.417906638,0.417156828,0.407405114,0.433370712,0.123695311,0.157354773,,0.017234518,2.837951335,24.13775417,1.338070673,0.094017777,23.70332328
2204,2016,-0.877221325,0.612277868,-0.027004919,0.931643189,0.518341833,-0.073778945,0.274696026,-0.002941801,-0.001160847,15.895145,0.817142454,-0.00897034,1.583049266,,1.032062985,-0.078773589,-0.078773589,-0.028530217,-0.063425541,-0.053714127,-0.083338909,,-0.000279406,2.424580916,23.48082584,1.354712748,0.172884214,22.94904483
2204,2017,-0.196891192,0.440414508,-0.100927672,0.641156709,0.8429142,-0.308980223,0.237453401,-0.008430068,-0.003423941,15.70751483,0.979070092,0.000529244,1.135977058,-4.110662775,1.117854009,0.301641967,0.301641967,0.216135957,0.256017067,0.023439931,0.029070602,,0.005401244,2.443734005,23.50399528,1.380465742,0.153990858,22.97770089
2204,2018,0.544117647,-0.620098039,0.173385908,0.899827014,0.728202176,-0.541273579,0.605957036,0.001399359,0.000566568,15.71320586,1.000274124,0.000548496,-1.018177889,-2.315975124,1.008700018,0.325645449,0.325645449,0.287144605,0.29780823,0.037016342,0.067214629,,-0.033935945,2.550982544,23.54034296,1.367023603,0.140546138,23.042753
2204,2019,-0.740384615,0.682692308,-0.151571861,0.930121053,1.101837192,0.315872988,0.156487946,0.003221897,0.001229598,15.80102582,0.906712413,0.00382886,-0.280077122,-2.955562448,1.104648591,0.144638577,0.144638577,0.182192466,0.154791661,0.061722549,0.10556212,,0.105935142,2.725529832,23.6002356,1.316086963,0.124988229,23.14310691
2205,2016,-0.79644588,-0.098546042,-0.571836134,1.139235548,1.434649892,-0.25306966,0.223057018,0.000236558,0.000113896,14.55196358,0.497612808,-0.009952291,-0.584380777,-1.572018391,0.882773499,-0.059511446,-0.059511446,-0.075738523,-0.122910311,0.306394214,0.417854742,,0.019844123,2.506039675,21.75838109,0.853135374,0.187971088,21.24916088
2205,2018,-0.522058824,-0.301470588,-0.254804065,0.948090934,1.181254825,-0.246604507,0.787804331,-0.001362822,-0.00035982,14.46473174,0.564197121,-0.014580457,0.046027572,-1.57610997,1.261128178,-0.241569483,-0.241569483,-0.155945676,-0.277575409,0.095895895,0.187304504,,0.044757112,3.557210615,21.9789562,0.632602497,0.147994264,21.64889655
2209,2016,-0.983844911,-0.673667205,-0.466485683,0.819608486,1.00275217,-0.468547892,0.486650843,-0.003640874,-0.001404412,14.49516092,0.317676675,0.001187911,2.691601651,,0.508174561,0.254224321,0.254224321,0.218329204,0.287616176,-0.097996774,-0.188418205,,0.017796919,2.283158941,21.0961171,1.243703585,0.260084076,20.51988208
2209,2017,-0.816062176,-0.551813472,-0.033338393,0.842895282,1.450763924,-0.445801869,-0.036136966,-0.00526883,-0.002292696,13.90846302,0.580354543,-0.007356692,-0.993337736,,0.520410421,-0.400260409,-0.400260409,-0.36173148,-0.423213138,0.026935359,0.065234872,,0.024052576,2.39791188,21.12269609,1.281785886,0.239665809,20.58307739
2209,2018,0.208333333,-0.375,-0.162242391,1.199257393,0.972553839,0.013090358,0.139242782,-0.013094641,-0.005573215,13.80314908,0.622681712,-0.004610711,-1.840827683,-2.761667795,0.699849625,0.074912462,0.074912462,0.0042197,0.032064365,0.026961643,0.06124969,,0.012022426,2.515309631,21.14930067,1.301221943,0.220123433,20.64252456
2212,2017,-0.655440415,0.323834197,0.139180045,0.773115815,0.405398658,-0.174654633,-0.156313565,-0.00156178,-0.0012734,16.00652386,0.926891634,-0.007425106,0.262702744,,0.073956071,-0.057575133,-0.057575133,-0.015662315,-0.112712945,0.024356157,-0.118158768,,0.027889956,1.171527486,23.00848553,2.412446195,0.062075461,21.08716533
2212,2018,0.125,0.401960784,0.912434317,0.957144584,0.129479165,-0.725156193,-0.121224938,-0.007476666,-0.006310663,16.8117335,0.44325739,-0.005559535,0.14048283,-0.717350925,0.059678129,-0.078520724,-0.078520724,-0.045281373,-0.052385177,0.119075459,0.521277559,,0.037204468,1.248494629,23.12098839,2.01507148,0.048776715,21.50671582
2212,2019,0.0625,0.415865385,-0.267890085,1.002535064,0.248051575,-0.686308836,0.326131033,-0.01066455,-0.008922808,16.9712836,0.377601287,-0.004328656,0.409835982,,0.032587416,-0.703230793,-0.703230793,-0.620325817,-0.894410736,-0.059665533,-0.39944797,,-0.399023918,1.145626981,23.05946874,3.084708852,0.021425184,20.99680982
2213,2017,0.033678756,-0.28238342,-0.469719985,1.085009644,1.737965072,0.395975663,0.137439377,-0.000469827,-0.000434155,14.43641137,0.199979574,-0.001781428,0.111328373,,0.003003636,-0.043828771,-0.043828771,0.05571978,0.040916212,-0.050836551,-0.297084861,,,1.116344222,19.8236293,7.599674708,0.176823839,17.56236799
2213,2018,0.727941176,-0.223039216,1.341058883,0.976799143,1.433347869,-0.189194373,0.276428923,0.000200051,0.000157502,14.74446889,0.151777245,4.37e-05,2.332770416,0.066510796,-0.03627548,1.146246458,1.146246458,0.975421968,1.684214454,0.095014331,0.549368577,,,1.172968948,19.91439675,4.781851881,0.047709879,18.00021547
2217,2019,-0.09375,0.5625,-0.326631405,1.167541404,0.991403967,-0.053689166,1.079525186,0.002903833,0.001201153,16.28478006,1.091170876,0.010482581,-2.982525247,-2.895435378,1.475368995,-0.078364629,-0.078364629,-0.065305475,-0.09621445,-0.158554244,-0.101592828,,0.037715809,2.776184448,24.08705882,1.23553248,0.098719071,23.64044884
2218,2016,-0.28917609,0.899838449,-0.378194658,1.264759683,1.306662795,0.202267518,0.183016294,0.010904482,0.005867933,15.46207664,0.547811423,0.00154732,-0.108224908,-0.828721265,0.6546502,-0.41593053,-0.41593053,-0.407758298,-0.507238026,0.170433041,0.318654552,,0.031087183,2.159530872,22.55355263,1.012390148,0.435750299,21.93167713
2218,2017,0.733160622,-0.220207254,0.067136076,1.115848466,1.463990351,0.382651108,-0.400286694,0.006965937,0.00326435,15.14168214,0.76675226,0.001642591,-0.918500608,-2.294530159,0.68582235,-0.078702508,-0.078702508,-0.065131397,-0.068829225,-0.00747629,-0.024409059,,0.029226301,2.117639798,22.54604826,0.876778145,0.513690707,21.90696523
2218,2019,-0.829326923,-0.098557692,0.637771775,0.9927633,1.46476473,-0.047884648,-0.904601963,0.016456427,0.007725744,15.5320945,0.557918516,0.009035168,0.507254315,,0.387875018,0.149831288,0.149831288,0.105354469,0.041487969,-0.00539144,-0.067516256,,0.068713016,1.996391482,22.59433695,1.328127667,0.441053077,21.89938061
2225,2017,0.468911917,-0.774611399,-0.069372994,0.787223037,0.153360607,-0.357148804,0.267548809,0.022785307,0.011928854,15.01748929,0.762163844,0.021159344,1.995789103,-1.169621729,0.893711472,0.124730897,0.124730897,0.121608628,0.132708241,0.058107657,0.263057942,,0.026914224,2.425161879,22.41580968,1.227107528,0.114695164,21.88419681
2225,2018,0.828431373,-0.696078431,-0.077060229,0.958028298,0.440848407,-0.412924889,0.432341675,0.029223418,0.013167205,14.8834503,0.962724189,0.026221107,-0.3422199,,0.798257716,-0.027811971,-0.027811971,-0.050709591,-0.028693966,0.128563562,-0.013496425,,0.015913599,2.056276491,22.53675532,1.387734126,0.115821355,21.87060848
2225,2019,-0.319711538,-0.766826923,0.000755519,0.99738562,0.98419986,0.604874504,-0.022922389,0.026758409,0.01352405,15.13295807,0.833652062,0.022901836,0.522486884,-1.867436822,0.76429015,0.054600482,0.054600482,0.102570878,0.154597161,0.147659938,0.195802501,,0.017816353,2.151612657,22.67448036,1.698186002,0.136854379,22.04942599
2226,2019,-0.444711538,0.0,0.242372111,0.873487964,0.836513356,0.2650215,0.222399021,0.027652001,0.015387593,15.70500801,1.054011045,0.02300536,0.039929128,,0.541657122,0.468150675,0.468150675,0.449828802,0.524579177,0.025583309,-0.062604564,,0.031080439,1.683814053,23.24435174,2.18586597,0.431203781,22.343221
2227,2017,-0.642487047,-0.422279793,-0.045022203,1.139649599,1.095022827,-0.45190445,0.495171946,-0.00224337,-0.001664705,14.75971395,0.313060827,-0.000740756,0.421370715,-0.716585415,0.107476533,-0.120983798,-0.120983798,-0.130405104,-0.103449188,0.132083544,0.474721767,,0.008162475,1.515406769,20.92025297,2.627289171,0.160073009,19.84177023
2227,2019,-0.838942308,-0.387019231,0.244579186,0.867026537,1.093760452,-0.43448015,-0.446410808,-0.005788735,-0.003628589,14.98941679,0.250437195,-0.000650285,0.416583945,-1.890775515,0.109970948,0.227423725,0.227423725,0.173417149,0.254190188,0.055629246,0.125686963,,0.006166629,1.67067843,21.02653407,1.766180954,0.246906674,20.11383878
2230,2019,-0.841346154,-0.899038462,0.785227407,1.210601765,-0.196788815,-0.663388368,0.051387674,0.021940681,0.012563385,18.32865569,0.139056131,0.001140113,0.929983865,-1.086009882,0.041774864,0.452830097,0.452830097,0.391445769,0.533186947,0.157593624,0.290216164,,0.011567779,1.893389091,23.91108896,1.446374487,0.07678837,23.15998749
2231,2017,0.979274611,-0.406735751,0.357923335,0.983727527,0.155188657,-2.19450687,0.723589952,-0.005232653,-0.004049033,14.54294586,0.32011764,-0.001044418,-3.040387089,-1.914327925,0.041082905,-0.322976609,-0.322976609,-0.238366157,-0.273668901,-0.209365977,-0.217485013,,0.925831943,1.300916581,20.38105872,3.888556116,0.057353461,18.91706745
2246,2017,0.955958549,-0.867875648,-0.085544906,1.165680585,0.741373362,-0.663062794,0.751723651,0.00770903,0.005545153,15.02589312,0.769454883,0.001361889,0.161083427,-2.94297353,0.147713642,0.111481783,0.111481783,0.096360762,0.08462439,0.075990193,0.117881557,,,1.402600534,22.05656556,2.39071837,0.234463035,20.80842708
2246,2018,0.401960784,0.06127451,-0.057104515,0.54478698,0.626766856,-0.248469599,-0.166743882,0.010678065,0.007585327,15.08044572,0.767100531,-0.000508668,-0.40819391,-1.581233409,0.086943465,-0.112990855,-0.112990855,-0.073196175,-0.146837962,0.053074055,0.161975274,,,1.463533284,22.10827911,2.303395391,0.216222539,20.95854846
2246,2019,-0.264423077,0.132211538,-0.052219271,0.868971206,0.971743729,0.237776489,-0.082949875,0.010541309,0.007275083,15.13011216,0.748297306,0.006760268,-0.225832278,-1.874791994,0.073693637,0.333566486,0.333566486,0.331704726,0.473315765,0.092399279,0.16624652,,,1.510877063,22.19665556,2.298114076,0.190030758,21.11233895
2248,2018,-0.75,-0.571078431,-0.234390472,0.917503718,0.756070446,0.324448932,0.116487397,0.2257849,0.015351641,14.65694236,0.028717699,-0.005087423,1.939344491,,0.198770542,0.300354167,0.300354167,0.13597094,0.178571993,-0.412535918,-0.443505323,,0.034687354,10.65163386,20.04293807,0.809132869,0.172133574,19.94435199
2248,2019,0.891826923,-0.262019231,-0.168294352,0.917309198,1.041841996,-0.101113893,0.414662599,-0.517490852,-0.060846735,14.39868608,0.032339406,0.002488364,-0.630663488,,0.216745296,0.555079334,0.555079334,0.309135498,0.495052083,-0.037593734,-0.060849435,,0.028205839,8.637230867,20.00461947,1.055810037,0.171041675,19.88157252
2249,2018,-0.362745098,-0.931372549,-0.180908512,1.275705747,1.419395355,-0.359354407,0.514807388,0.006421594,0.0029354,15.62722385,1.167513564,0.002680754,1.5682621,,0.620535322,-0.26131824,-0.26131824,-0.267828292,-0.293803199,-0.049810056,-0.264087889,,0.022964197,1.67872135,23.36038584,1.74439107,0.163739262,22.45480882
2249,2019,0.396634615,-0.90625,0.432692587,0.933617079,0.987442824,-0.150361921,0.018783352,0.012888895,0.00778565,15.82568559,1.132739008,0.014560163,0.426225808,-4.051402939,0.222190209,0.326638789,0.326638789,0.308698048,0.351975464,0.062922069,0.117539973,,0.235644026,1.739383884,23.42140763,1.8404149,0.138200029,22.56593864
2250,2016,-0.925686591,-0.576736672,-0.388713551,0.592336773,0.109152351,-0.805058926,0.18041296,0.007171575,0.005153356,15.8844344,0.713739727,0.008078653,0.048729201,-0.594960221,0.226174983,-0.060717518,-0.060717518,0.001566658,-0.073980763,-0.096123528,-0.293845631,,-0.028596454,1.377326519,22.77453985,1.366736228,0.418125258,21.47975117
2250,2017,-0.740932642,-0.699481865,0.25413699,0.840243456,0.293016886,-0.457476258,0.038584947,0.004594314,0.003403952,15.9400723,0.689871731,0.015575886,0.37006512,-4.148900084,0.175039587,0.311550065,0.311550065,0.210906149,0.287243075,0.128493072,0.317321128,,0.018660728,1.470147434,22.89542303,1.363189308,0.367577529,21.7553514
2266,2017,0.329015544,0.810880829,0.251475017,0.558669361,0.553587558,0.1024042,0.285292246,0.010344715,0.005559021,15.74919388,0.647073848,0.005880494,-0.479657155,-4.550620192,0.311762898,-0.015931373,-0.015931373,-0.024320043,-0.039294243,-0.006587425,-0.043087932,,0.032271804,1.785437861,22.80892626,0.785864535,0.075098299,21.98774864
2266,2018,-0.681372549,0.323529412,-0.195957928,0.792813636,0.240413524,-0.205516717,0.245792832,0.007409987,0.004238433,15.72935147,0.680801415,0.008701393,2.112102088,,0.276999323,5.022530315,5.022530315,3.825094606,4.607396298,1.150519771,1.581787072,,0.039818718,2.119245429,23.57463583,0.872454879,0.102910049,22.93623047
2266,2019,0.322115385,0.276442308,0.283103888,0.980444107,0.737161029,0.35823882,0.328464396,0.065764049,0.035041022,15.97939214,0.968056715,0.040459496,2.332737968,0.885871591,0.594611667,1.188292613,1.188292613,1.149830416,1.300589135,0.189370343,0.169241221,,0.022492393,2.079848287,23.74805987,1.180098159,0.096725439,23.09258547
2268,2018,0.674019608,-0.446078431,-0.139893992,1.231806764,0.693096797,-1.582435087,0.127244762,-0.007193326,-0.005662447,16.81306281,0.21993439,-0.007678523,0.151824721,,0.002419316,-0.291698077,-0.291698077,-0.161371589,-0.345900089,-0.010333085,-0.100047516,,,1.250736744,22.4341588,3.40284135,0.055188096,20.8270743
2270,2017,-0.279792746,-0.360103627,-0.016450974,1.027353312,1.220719748,-0.159777611,-0.363495508,0.014276411,0.008044529,14.79111978,0.893676611,0.008816726,-0.781802241,,0.271007149,0.317144301,0.317144301,0.180938482,0.213205309,0.087507791,0.119069298,,0.030486744,1.705908646,22.09243509,3.701590229,0.083326179,21.21006774
2271,2016,0.18901454,-0.903069467,-0.228883491,1.510407187,-0.347750284,0.421005554,0.092373751,0.052548764,0.027680577,16.86226102,0.301089932,0.00591465,0.245132842,-0.46232132,0.270763556,0.302142624,0.302142624,0.327761888,0.378629619,0.503173946,0.655947446,,0.018265563,2.135544918,23.48638754,1.632917984,0.138588795,22.85477833
2274,2016,0.386106624,-0.476575121,-0.246809663,1.129399116,1.35286048,0.522748748,0.049473206,-0.001400935,-0.000617749,15.08645661,0.751649681,0.001318611,0.674172122,-1.641007946,1.161363583,0.124937392,0.124937392,0.097982233,0.103325913,0.103369193,0.181891787,,0.015774873,2.475711337,22.60857792,0.448678851,0.472383805,22.0911903
2274,2017,0.515544041,0.919689119,0.659432079,0.983005894,0.999626588,0.750416318,-0.276637055,0.018718603,0.00759278,15.29199865,0.648593885,0.010096195,-0.399557833,,0.564403057,0.109176882,0.109176882,0.071147752,0.066137179,0.000918881,-0.033699019,,0.024702058,2.355489218,22.60949638,0.374648379,0.619117812,22.05691038
2274,2018,0.803921569,-0.318627451,-0.271705329,1.303213833,1.678361433,0.59498512,-0.429493579,0.020319431,0.008562174,15.53471089,0.512086932,0.001944335,-0.964132372,-6.178772703,0.79447972,-0.172256644,-0.172256644,-0.105447124,-0.111440136,0.00076542,0.021123908,,0.021288021,2.422282706,22.61026151,0.428558879,0.575972566,22.07781427
2276,2016,0.43457189,0.94184168,-0.425784572,1.097715537,0.680266432,-0.873299577,0.65602299,0.005127991,0.003145138,15.89211475,0.496154546,-0.00531913,-0.596969929,-0.592231414,0.452997838,0.307336941,0.307336941,0.309449443,0.308962183,0.170612948,0.436433289,,0.030544929,1.945827518,22.77165093,1.891504711,0.110034409,22.05026853
2276,2017,-0.150259067,0.691709845,-0.077597053,1.079344741,1.030612621,-0.291899938,0.035527596,0.005102148,0.002790633,15.59240656,0.681575691,-0.002583918,0.205702481,-2.003150514,0.560312519,0.121507806,0.121507806,0.098125991,0.099069949,0.038365496,0.046457937,,0.036701291,1.960277215,22.80929876,1.622458723,0.11917261,22.09567959
2276,2018,-0.81127451,0.904411765,0.297015925,1.181995461,1.057532837,-0.118286263,-0.041896659,0.008732356,0.004648439,15.79364989,0.578194635,-0.012288125,0.044457702,,0.338130021,-0.175229638,-0.175229638,-0.170185008,-0.187538957,-0.010752526,-0.078239256,,0.023453458,1.839754232,22.79848801,1.908872582,0.145125862,22.01421001
2276,2019,-0.418269231,-0.120192308,-0.075293345,0.954097448,1.176663837,-0.120079907,0.010899457,0.015987282,0.008637935,15.8295149,0.58764671,-0.005884563,0.000844035,-2.576932873,0.372384653,0.448264795,0.448264795,0.460255715,0.529333121,0.179937816,0.386015939,,0.096795702,2.155956487,22.96394975,1.645657819,0.123128704,22.34064341
2277,2016,-0.250403877,-0.615508885,-0.289092606,0.984668548,0.900946626,0.200165839,0.493591608,0.014180265,0.006730233,15.90038698,0.752952985,0.030497183,-0.495380358,-2.377578362,0.76216367,0.031748657,0.031445982,0.034276271,0.009021079,0.061795233,0.066655777,,0.014475275,2.167529339,23.31978257,1.38346437,0.215554076,22.70108445
2278,2018,-0.855392157,-0.193627451,-0.283692433,0.882718121,1.018388641,0.081017409,0.019692516,0.007125155,0.005241675,14.48725625,0.606308854,-0.002072302,-0.031153879,-3.208127665,0.193792498,-0.085688861,-0.085688861,-0.126029435,-0.119212892,0.020672922,0.053410838,,-0.002444214,1.396659317,21.2269066,2.70646302,0.167455234,19.9681459
2279,2017,-0.406735751,-0.730569948,-0.309398409,1.269868951,0.264188182,-1.444196326,-0.264200519,0.015968303,0.008709979,15.34897772,0.41220058,-0.015622556,-2.790380573,,0.322993694,0.085286044,0.085286044,0.303600541,0.367800126,-0.296191111,-0.108744689,,0.022443982,2.777624714,21.79408331,1.88762716,0.075388534,21.34776522
2279,2018,0.715686275,-0.715686275,0.030441685,1.217587228,0.499634806,-0.402169564,-0.83113489,0.013814535,0.005007302,15.18506405,0.272756643,-0.016485516,1.802855056,-3.482138263,0.246162833,0.15005912,0.15005912,0.171329197,0.330399332,-0.110835874,-0.13446331,,0.023653409,2.652338387,21.67660987,1.71925247,0.080625134,21.2033597
2283,2017,-0.233160622,0.204663212,-0.00663666,1.086704647,1.278049815,0.452757373,-0.150362714,0.019548623,0.012187886,15.16907614,1.074588023,0.023123424,-0.006902519,-4.146461181,0.523621181,0.040608031,0.040608031,0.02302268,0.016329345,0.061661458,0.028086128,,0.036343116,1.596092203,22.66821198,1.36531913,0.391314795,21.6832938
2292,2018,0.598039216,0.022058824,0.294168734,1.287859798,1.184489967,0.248285824,-0.473174877,0.001163776,0.000646326,15.59912547,0.695772792,-0.005800353,1.70706641,,0.217539776,-0.199725287,-0.199725287,-0.073731283,0.01424287,-0.000115764,0.059559263,,0.027430847,1.542767094,22.54001698,1.030775283,0.044312059,21.49536439
2292,2019,0.086538462,0.016826923,-0.242545183,1.416231648,1.122426132,-0.169875227,0.479578539,0.001241514,0.000783815,15.51091012,0.700157688,0.005181036,-2.584741191,-1.511130061,0.281289633,0.210970012,0.210970012,0.153416802,0.223566743,-0.097410551,0.075300458,,0.030729301,1.721566965,22.4375295,0.939744348,0.050796582,21.56796451
2294,2019,0.596153846,-0.817307692,0.092356427,0.993920804,-0.16272578,-0.435112599,-0.10210706,0.015177095,0.012471947,17.38417974,0.167224637,0.004410849,-1.315151531,,0.001215411,-0.103830758,-0.103830758,-0.190153455,-0.253728878,0.284368943,-0.17734921,,0.006687914,1.148268155,22.95903514,4.78033242,0.128937092,20.9120475
2296,2016,-0.075928918,0.844911147,-0.417416273,1.300348236,1.117840551,-0.683502397,0.328458007,0.007749833,0.005596296,14.71185445,0.638502219,0.001743243,-2.74207632,-3.088270262,0.098513422,-0.14916849,-0.14916849,-0.173868417,-0.227699182,-0.047761143,0.065410825,,0.018934305,1.489349108,21.48190797,2.850102806,0.047080681,20.36888966
2296,2017,0.303108808,-0.551813472,-0.008793639,0.998837878,1.009756741,-0.219013531,-0.09587767,0.010297892,0.007009224,14.46882209,0.759131444,0.00232795,1.572054553,,0.064947688,0.111499288,0.111499288,0.123809745,0.160420119,-0.112628157,-0.431103293,,0.033767703,1.266856271,21.3624168,4.035160364,0.096270365,19.80483327
2297,2019,-0.514423077,-0.233173077,0.209592046,0.777250862,1.067841634,-0.601466073,-0.148904531,0.0035618,0.002646399,15.06064903,0.404198216,0.001632664,2.087159878,-1.161880159,0.05564304,0.404740055,0.404740055,0.353818012,0.350722065,0.10939283,0.371125839,,0.017361998,1.421950754,21.43260163,2.515676983,0.243078928,20.21770526
2298,2016,-0.828756058,-0.731825525,-0.358108694,1.169591141,0.638081168,-0.804073568,0.103231868,0.009571223,0.007528763,15.22408755,1.08798755,0.011879887,0.093745386,-0.019801428,0.116795307,0.289886453,0.289886453,0.341013021,0.352571115,0.091321505,0.293206696,,0.012322779,1.378664765,22.55377369,2.753326354,0.093105528,21.26155423
2298,2017,0.196891192,-0.336787565,0.002290655,1.076440041,1.154747683,-0.20100329,0.010958181,0.007526414,0.005544891,15.07964841,1.269963739,0.005077305,-0.017237515,,0.277234943,0.242717871,0.242717871,0.242501235,0.240090892,0.015185162,0.083467918,,0.016915686,1.414696397,22.56884471,2.103710734,0.087327444,21.34172116
2300,2016,-0.337641357,-0.28917609,-0.533394981,1.365236041,1.393495152,-0.089504061,0.456428046,0.020916084,0.008950018,15.33609871,0.311353545,0.004356101,-0.75405473,-1.386646746,0.496606734,0.316603397,0.316603397,0.320480668,0.327056581,0.129806712,0.230402802,,0.019154494,2.692668824,22.07392801,0.961545832,0.305638376,21.60970165
2300,2017,0.800518135,0.212435233,0.414816228,1.129316013,1.691549562,-0.019246604,0.465951116,0.023533924,0.008644508,15.06961632,0.406971478,0.006674315,0.742548278,-1.112033795,0.48217892,0.329714739,0.329714739,0.315009321,0.319113279,0.117507137,0.160003291,,0.020312331,2.877915014,22.18502844,0.997218779,0.290052272,21.75812449
2302,2016,-0.079159935,0.037156704,-0.519520714,1.005932559,2.11262985,0.952995324,-0.184679206,0.010024062,0.003049218,16.64485324,0.31683165,-0.011057354,-0.673579807,-1.612316465,0.729300758,0.310366559,0.310366559,0.286267494,0.295726458,0.199687168,0.092046867,,0.022909665,2.885301701,23.68995831,1.469411656,0.115419888,23.2644167
2302,2017,0.932642487,0.743523316,0.02590005,1.143759485,0.92879365,0.591404828,-0.214997368,0.013674602,0.004822982,16.41196067,0.517789757,-0.003252443,0.347033542,-1.641758046,0.782455577,0.295232998,0.295232998,0.266380173,0.273868897,0.181709169,0.232207239,,0.025053064,3.138123846,23.85692014,1.380022571,0.096718526,23.47322376
2302,2018,-0.612745098,0.007352941,-0.1440526,1.368097209,1.24059802,0.788785024,0.382975659,0.026866393,0.008804578,16.38836824,0.608109261,-0.010744142,-0.088926444,,0.713826082,-0.092132683,-0.092132683,-0.103591563,-0.102777862,0.033264915,-0.088822299,,0.012424747,2.505220591,23.88964375,1.506098608,0.085986208,23.38020642
2303,2018,-0.210784314,0.575980392,-0.049734182,1.324669316,1.083877853,-0.364284681,0.11432861,0.020223039,0.014876861,15.52714907,0.95962606,0.01138247,3.070708919,-1.618127672,0.141483218,-0.08189473,-0.08189473,-0.024542216,-0.025146283,0.056218604,0.28760972,,0.002134492,1.455931503,22.67702608,1.724669949,0.21101426,21.51596748
2303,2019,0.432692308,0.84375,-0.179693709,1.0083018,1.201955011,0.291680253,0.05147294,0.01007444,0.006972201,15.13684879,1.323026102,0.0116236,-2.190421156,-1.9752954,0.261066369,0.221185899,0.221185899,0.27001401,0.309717089,0.002678544,0.026997042,,0.010657924,1.47221114,22.67970104,1.643558464,0.23728877,21.54260653
2305,2016,-0.082390953,0.60904685,-0.450530526,1.155773719,0.402538601,-0.455797607,0.629322743,0.003305246,0.000678938,15.71706046,0.746641988,0.008432899,2.808643713,-2.392644733,3.212381321,-0.17086405,-0.17086405,-0.294838333,-0.187102075,0.093616575,0.109918396,,-0.008769081,4.880826076,23.93245879,2.108154132,0.027338135,23.70319234
2305,2017,0.419689119,0.461139896,-0.137742473,1.010935777,1.254943028,0.773631506,-0.034082751,0.007546885,0.001592301,15.32628763,1.136121765,0.015780462,-1.818493082,-3.283836918,3.627341967,4.028656275,4.028656275,4.840990717,4.823686186,-0.006504002,-0.011577496,,0.001405009,4.785976413,23.92593354,2.631398432,0.026699051,23.6915473
2305,2018,-0.870098039,-0.06127451,0.050614445,1.266223568,1.245941507,0.352144047,0.424349673,-0.000638857,-0.000196651,15.13285418,1.381510141,-0.040684113,-2.271776524,-1.530723713,4.407773585,-0.506946272,-0.506946272,-0.380760314,-0.387210242,0.079834483,0.124340631,,0.005373899,5.670868476,24.00274132,1.885288918,0.024003974,23.80874406
2307,2016,-0.386106624,0.004846527,-0.518443207,1.009164386,2.605066196,1.552800951,-0.171885412,0.004422698,0.000907144,15.73313313,0.526318018,0.000225849,-0.954125138,-1.166602096,2.527018497,0.067081861,0.066404981,0.07269025,0.055536158,0.243182566,0.295382459,,0.015175882,5.836598985,23.73985009,1.096606273,0.025254347,23.55191362
2307,2017,0.976683938,0.507772021,0.199376943,1.107910673,1.695831406,0.781231859,-0.569357122,0.005315501,0.000890358,15.54764133,0.646452701,0.003166023,1.553510498,-1.197441598,2.78383845,0.276373115,0.276373115,0.270752425,0.286988255,0.251491042,0.299670604,,0.010162218,7.172014208,23.96418577,1.047797989,0.024897111,23.81402447
2307,2018,-0.556372549,-0.723039216,-0.126557851,1.324304242,1.429705438,0.509563017,0.448976706,0.002207265,0.000319505,15.47094975,0.723001082,5.53e-05,-0.917787529,-1.546523289,3.988291252,0.030703173,0.030703173,0.023820557,0.012549367,0.397660189,0.404669088,,0.009320901,7.401085448,24.29898531,1.114430627,0.028528839,24.15382622
2307,2019,0.786057692,-0.855769231,-0.253517654,1.192233219,0.979739033,0.829951122,0.225385021,0.004009102,0.000526279,14.97720443,1.640062838,0.000417827,0.374412994,-0.791243425,14.86640421,0.560244155,0.560244155,0.564409357,0.567859251,0.22500256,0.242797488,,0.008431707,8.159826914,24.50192824,1.35408727,0.023807868,24.37119109
2312,2019,-0.730769231,-0.740384615,0.849527093,1.091842431,0.689267522,-0.149600337,0.219794627,0.088558176,0.042101776,16.02704721,0.453815503,0.009805827,-0.462423258,,0.108613849,0.245637202,0.245637202,0.197315248,0.260123557,0.27979176,-0.359829304,,0.020377224,1.354269599,22.90060246,1.281525975,0.272856117,21.55964312
2314,2018,-0.134803922,-0.779411765,0.234794799,1.121074067,0.59982868,0.00258568,0.567968638,-0.001247643,-0.000336165,15.0326826,3.283035272,-0.018863884,0.07342264,-0.640251188,6.057521798,-0.39335916,-0.39335916,-0.217114295,-0.315662868,0.494327553,0.73145882,,0.018557167,4.433595259,24.62606101,1.495789241,0.050394303,24.37045808
2314,2019,0.598557692,-0.862980769,-0.116831845,1.083505626,0.650339003,0.15329093,0.140144779,0.001211245,0.000225835,15.320169,2.540603263,-0.019422096,2.004809313,-1.024117909,7.36507645,1.705892204,1.705892204,1.458636711,2.479953639,0.247496796,0.293064727,,0.012707527,5.069402956,24.8472,1.595147851,0.062235165,24.62747324
2315,2017,-0.525906736,0.069948187,0.175478671,1.168466389,0.562105684,-1.069250401,0.012652321,0.018882216,0.014548882,14.35957538,1.101482479,0.031861145,-1.003733746,-1.884240027,0.02930963,0.184523332,0.183546999,0.067322786,0.012932812,0.097670466,0.174645317,,-0.098201134,1.338158595,21.69768599,2.043295598,0.023702561,20.32215123
2315,2018,-0.610294118,-0.325980392,0.13159032,1.280708097,1.196207927,-0.087723467,-0.768928466,0.015812401,0.011867096,14.65908936,0.876536205,-0.008859002,-0.001455381,-1.03218007,0.09545506,0.102240037,0.101071519,0.095971115,0.027595574,0.177570304,0.550666182,,,1.498733822,21.86113924,1.63123377,0.020852703,20.76083586
2315,2019,0.947115385,-0.480769231,0.2726539,1.259831708,0.318803025,-0.558504742,0.709293324,0.027995802,0.019151649,15.0061798,0.667296571,0.005583061,0.840894434,-1.019858253,-0.025644424,0.365730145,0.352594774,0.347553148,0.234997992,0.079003347,0.168969682,,,1.563761238,21.93717703,1.56756469,0.156094131,20.91695861
2316,2018,-0.198529412,-0.620098039,-0.25747716,1.233476754,0.725498729,-1.646358582,0.419468783,0.022402906,0.007088085,14.60703273,0.463700536,-0.023822357,-3.488040233,,0.927917322,-0.20751529,-0.21007475,-0.126002031,-0.068617991,-0.117814742,-0.088534666,,0.029634925,3.489960164,21.8362811,0.864943404,0.102570192,21.49865749
2320,2016,0.676898223,0.28917609,0.725726793,1.05077098,0.780004332,-0.493018688,0.221374181,0.0189534,0.017543206,15.58917393,0.67545512,0.010323768,-0.177970626,-1.219616848,-0.091839241,0.143364673,0.143364673,0.180800978,0.14650521,0.039375802,0.17761953,,-0.182981396,1.086794073,22.09850486,5.594265063,0.608345207,19.57105578
2320,2017,0.81865285,0.090673575,-0.295647358,0.976498061,0.801102867,-0.416662738,-0.096658554,0.01658834,0.015218411,15.88967847,0.463334151,0.014880739,-0.306196861,,-0.167180602,0.031023512,0.031023512,0.077261493,0.153462108,-0.004773095,-0.306344875,,-0.077069852,1.058943668,22.09372034,8.167517833,0.578703121,19.2052754
2321,2017,-0.588082902,-0.652849741,0.054508336,0.61273525,1.05856544,-0.002847779,-0.440084829,0.015079714,0.005449641,14.90467197,1.010390192,0.006619806,1.312868835,-2.423441368,1.022639186,0.027460472,0.027460472,0.046128487,0.071235591,0.051561357,0.049074726,,0.018708861,2.770707494,22.85527311,1.061584079,0.245157684,22.40754959
2323,2016,-0.43457189,0.980613893,-0.51019286,0.979623829,0.016454114,-0.843369518,0.709730668,0.052817313,0.019950901,14.62969745,0.411485528,-0.009302635,-0.695575867,-1.449226116,1.042845137,-0.735764356,-0.735764356,-0.608582463,-0.660944927,0.015132138,0.093012295,,0.005861776,3.044276097,21.61800377,1.343559465,0.008722971,21.21978437
2325,2016,0.021001616,0.185783522,-0.499592633,1.133338304,1.011007924,-0.307646805,0.564568009,0.011515175,0.004214547,15.33442646,0.82701282,0.015762143,0.876039954,-2.257795156,1.587252681,0.046109196,0.046109196,0.039798661,0.037598914,0.070725831,0.066044752,,0.018056122,2.943941667,23.1683701,1.437229021,0.049184644,22.75333841
2325,2017,0.82642487,0.784974093,-0.164964227,1.106848655,1.112540162,0.076162357,0.179579789,0.012064794,0.004213691,14.92684183,1.347354837,0.028642367,-2.477954756,-1.056821198,2.582868385,-0.066024866,-0.066024866,-0.048821674,-0.083146632,0.058686848,0.100215435,,0.026545893,3.186960266,23.22539942,1.348096131,0.111660544,22.84884442
2325,2018,0.848039216,0.909313725,-0.027612917,1.224413719,0.938220708,0.39582812,0.215015996,0.008455257,0.002639613,14.87697704,1.320264431,0.005155539,1.395885018,,2.470530138,-0.048488015,-0.048488015,-0.052604981,-0.006501859,0.006137638,0.016462864,,0.025522043,3.260127669,23.2315183,1.373055298,0.1183299,22.86517324
2325,2019,0.1875,-0.03125,-0.193566156,0.876126494,1.127779314,0.471482874,0.229360142,-0.006056921,-0.001818589,14.73544299,1.455224056,0.00961403,-2.432637087,,2.92971223,-0.207807198,-0.207807198,-0.179645129,-0.189705548,-0.177370659,-0.16602118,,0.025797028,3.365057051,23.03626874,1.405592651,0.104028052,22.68362597
2326,2016,-0.399030695,-0.43457189,-0.499607083,1.203068851,1.120462921,0.070438637,0.295782809,0.02654777,0.012888284,15.57600492,0.508573364,0.023265341,-2.521557404,-2.675645522,0.672703238,0.048926638,0.048926638,0.071919898,0.048085115,0.081384298,0.073301072,,0.027368303,2.086003187,22.58067957,0.993160244,0.235599073,21.92793385
2326,2017,0.658031088,-0.621761658,0.162417866,1.252750282,0.902406718,0.273134959,-0.180802333,0.032357093,0.015631977,15.28932532,0.721907698,0.021978268,0.809879135,-1.634243742,0.552330575,0.298086169,0.298086169,0.258846576,0.280982134,0.075401647,0.109019759,,0.024672305,2.159310764,22.65337379,0.861684766,0.278986259,22.03141037
2326,2018,0.134803922,-0.571078431,0.683185917,0.890247191,1.284526248,0.235648296,-1.401574011,0.034780264,0.016603406,15.70936544,0.513333423,0.006776419,-0.525960762,,0.313885885,-0.055888796,-0.055888796,-0.035281852,-0.059032537,0.047049169,-0.01364832,,0.025629131,2.023332123,22.69934968,0.950994561,0.267025715,22.01766806
2329,2019,0.572115385,-0.420673077,-0.25471102,0.784056748,0.617876063,-0.163486034,-0.03079149,0.012698516,0.005636603,14.76399445,0.957581688,0.005421025,-2.044915659,-1.813613976,0.860738703,0.288814116,0.288814116,0.250058558,0.313661482,-0.006740891,0.064129184,,0.023498176,2.494423957,22.43392786,0.974622088,0.154213401,21.92161085
2331,2018,0.056372549,0.590686275,0.091088761,0.956526364,0.829817761,-0.605310972,-0.020132956,0.009135709,0.007018769,15.03196694,0.648681434,-0.000918899,2.225797933,-1.655081819,-0.004328019,-0.032827252,-0.032827252,0.026097679,0.029268982,0.072667153,0.121559062,,-0.191473341,1.296833993,21.79924596,2.962132382,0.121037533,20.32473782
2331,2019,-0.504807692,0.3125,0.075873437,0.734947707,0.800368176,0.354974744,-0.458286028,0.006018209,0.00458708,15.31983067,0.494130638,-0.002253883,-2.956900288,,-0.01855081,-0.401315891,-0.401315891,-0.361979155,-0.45855188,-0.103428284,-0.124715455,,-0.369450352,1.287758277,21.69006897,3.29699055,0.092131102,20.19153157
2334,2017,0.404145078,-0.038860104,-0.055050189,1.152059658,1.322700699,0.175159169,-0.086287503,0.027385411,0.016306236,14.92047482,0.667359033,0.003567044,-0.647376949,-6.663191697,0.227459656,0.025384125,0.025384125,0.073400895,0.022106858,0.02793458,0.03929734,,0.025137782,1.66718819,21.92231202,1.712073112,0.146577181,21.0064904
2334,2018,-0.580882353,-0.656862745,-0.245574066,1.143700988,1.695330208,0.817801693,0.011855321,-0.019507468,-0.011807579,14.80973714,0.688648653,-0.002939357,-3.284645174,,0.227120459,-0.109230511,-0.109230511,-0.130258099,-0.110762403,-0.167130177,-0.126484373,,0.00709975,1.723299139,21.7394341,1.672861627,0.156784211,20.87126114
2335,2019,0.927884615,0.007211538,0.841490071,1.311206473,0.837264361,-0.565235009,-0.329401139,0.034206001,0.014642089,15.83821868,0.453872815,0.010828581,1.465365895,-1.359152825,0.474202771,0.307244962,0.307244962,0.28392331,0.337706032,0.230869944,0.342720692,,0.022765143,2.640630196,22.94101089,1.298874299,0.28189196,22.46507372
2337,2017,-0.424870466,0.676165803,0.195967038,0.821529833,1.535370392,0.084799553,-0.78513758,-0.002174382,-0.001777651,14.6533694,0.56771065,-0.01035096,1.689203967,,0.033409376,0.294132779,0.307897045,0.109840733,0.359999357,-0.037016841,-0.134169201,,0.209364913,1.216738281,21.16947768,4.348112792,0.133507135,19.44423921
2337,2018,-0.115196078,0.348039216,-0.212632745,1.177408742,1.53701087,0.36942679,-0.086183346,0.001422302,0.001170455,14.53843009,0.628868523,-0.005700646,-0.353912844,-2.264720823,0.096915276,-0.057811911,-0.062274873,0.031326128,0.112897697,0.020713478,0.145614054,,,1.249887017,21.18997955,3.948577259,0.122428627,19.58018
2337,2019,0.242788462,-0.319711538,-0.078267504,0.78863393,1.185492197,0.333124994,-0.075921186,-0.019088325,-0.015025905,14.44283434,0.660872554,-0.003688975,-2.932994276,-1.06697523,0.077127472,1.010865777,1.004710363,0.735558117,0.892981143,-0.035534835,0.183308438,,,1.325016726,21.15379799,3.259545204,0.119431334,19.74849427
2340,2016,0.793214863,0.644588045,-0.011265166,1.452057807,1.371685408,0.311030765,-0.54475482,0.019829926,0.007415304,16.92572528,0.346426267,0.009812825,2.273930671,-1.27937809,0.649236375,0.639177747,0.639177747,0.639829296,0.674321702,0.197885804,0.265338911,,0.031348494,2.835835017,23.87723912,1.083737936,0.285142994,23.44240211
2340,2018,-0.960784314,-0.931372549,0.046358221,1.070094198,0.575427632,0.154808097,-0.365804843,0.01751061,0.007090931,16.76232396,0.572157243,0.005553861,-1.091391937,-2.64534894,0.610425989,-0.095120563,-0.095120563,-0.056429053,-0.07061106,0.11398254,0.025196053,,0.026292955,2.205415531,24.10339372,1.170467369,0.254679954,23.49930212
2340,2019,0.117788462,-0.951923077,0.856789288,1.482846818,0.579213551,-0.038918445,-0.176981792,0.012362033,0.005371239,17.26695169,0.447625077,0.006553528,-0.533928667,-5.876011958,0.273497603,0.425087918,0.425087918,0.356224051,0.369524471,0.0904424,0.049541323,,0.034869851,2.110014254,24.1899772,1.101393165,0.30504731,23.54765535
2341,2016,0.247172859,-0.890145396,0.408109695,1.176069571,-0.224721123,-1.223376635,-0.171044227,0.014220313,0.007449203,15.82200111,0.445828766,0.006093757,0.411366424,-2.242476791,0.224770009,0.662567124,0.662567124,0.60335294,0.633011416,0.465375441,0.397433591,,0.031700768,1.854990798,22.94994795,1.361376654,0.143758771,22.17540364
2341,2019,0.564903846,-0.814903846,-0.02551476,1.133091497,1.53167095,0.097081544,-0.169962118,-0.000796066,-0.000412749,15.16407638,1.198186627,0.001518041,-2.573937859,,0.846296565,-0.194898073,-0.194898073,-0.175754104,-0.212372548,-0.21613433,-0.155363735,,0.042981513,2.05026337,22.70950102,0.591083414,0.216231073,22.04057372
2342,2016,-0.583198708,0.812600969,-0.629737947,1.250473274,0.963729116,-0.83856895,-0.074356199,0.002337213,0.001341109,15.52931888,0.451690442,0.002573866,-2.330266455,,0.343965218,0.063361924,0.063361924,0.064789283,0.086655163,-0.03370884,-0.06697849,,0.028008226,1.66064201,22.11032367,1.798712558,0.344078226,21.18857622
2342,2017,0.702072539,0.987046632,-0.07150723,1.034409114,1.323285344,0.142054525,-0.008899042,0.002053338,0.001220663,14.97902476,0.758844794,0.002872295,1.584540985,,0.368912477,0.225314418,0.225314418,0.215244798,0.210768654,0.01289234,0.022146796,,0.047670658,1.670726621,22.12313361,1.517654566,0.32651707,21.21048133
2342,2018,-0.085784314,0.875,-0.194548046,0.930067172,0.898672901,-0.23970821,0.264042829,0.001948848,0.001180643,14.81382073,0.897131934,0.002748021,-0.33630174,-2.466581805,0.433157211,0.070436791,0.070436791,0.065359766,0.083462966,0.021381172,0.041804506,,0.042160116,1.693438538,22.14428941,1.584571211,0.333676573,21.25143565
2342,2019,-0.141826923,0.980769231,0.534972406,1.100647761,0.68458244,0.010390277,-0.351597016,0.002168722,0.001293433,15.02323043,0.739212875,0.001895575,2.2678863,-5.590530789,0.286920564,0.207631971,0.207631971,0.208237664,0.23156036,0.01850469,0.029143624,,0.038536029,1.705794305,22.16262498,1.553945814,0.317813659,21.28016267
2344,2016,0.150242326,-0.793214863,-0.410019678,1.125757958,0.593171376,-0.470351812,0.714554307,0.012635526,0.007668319,15.90880265,0.919780887,0.018087,-0.071497654,,0.244263966,-0.106006495,-0.104159991,-0.162336584,-0.129266888,-0.151506175,-0.393906398,,0.00391016,1.416452542,23.08056422,0.817541263,0.033613198,21.85642591
2344,2017,-0.512953368,-0.800518135,-0.051421788,0.971582232,0.893980869,-0.012046616,0.125762472,0.010422498,0.007006619,15.62825786,1.227174907,0.017015614,0.69791182,-1.232713051,0.346362042,-0.038071087,-0.039175164,-0.061557238,-0.100346703,0.087382517,0.216970806,,0.006488416,1.490423029,23.16433767,0.990996588,0.034582508,22.05279074
2344,2018,-0.279411765,-0.754901961,-0.110626737,1.026007417,0.749428564,0.374340993,0.096475433,0.007572173,0.005092005,15.4760065,1.46444822,0.012427585,-1.033275541,,0.285518238,0.002785185,0.000475174,0.104368467,0.282326663,-0.024865574,-0.076199397,,0.002206787,1.452912816,23.13915772,1.048494905,0.034544754,21.97353171
2347,2017,0.896373057,0.313471503,0.215838725,1.030764586,1.363782149,0.179331548,0.002586474,0.003723017,0.002116903,14.12009899,0.858829223,0.003868203,1.829758289,-1.388690898,0.496121047,0.139890251,0.139890251,0.121514487,0.159146653,0.173124468,0.44279735,,0.014156221,1.95292937,21.5304347,1.648984053,0.114120492,20.81288973
2348,2019,0.076923077,-0.129807692,-0.066183191,0.916706853,2.111737648,0.321429012,-0.120591219,-0.014823681,-0.010715518,14.5270665,0.478928011,-0.009983238,0.792411806,,0.145550339,-0.087243902,-0.087243902,-0.10164306,-0.071480056,-0.199587311,-0.053007447,,0.05848767,1.500766054,20.85741374,1.474275969,0.512646107,19.75982181
2352,2016,0.437802908,0.114701131,-0.162489202,1.041823934,-0.054963542,-0.435381598,0.340748407,0.0535723,0.028317707,16.61886814,2.205999503,0.024451439,-1.365558582,-1.96653521,0.198651585,0.321591023,0.321591023,0.341337336,0.359788687,0.324494224,0.106345526,,0.001116158,1.737882246,24.80079929,1.317070693,0.205968637,23.94416099
2352,2017,0.805699482,0.797927461,-0.252439261,0.793093034,-0.229831549,0.008776827,-0.193913225,0.028400211,0.015718733,17.61442012,0.803259619,0.022242083,0.685210288,-0.488354388,0.52895502,0.178128549,0.178128549,0.177744074,0.164934468,0.373518697,0.690430674,,0.014751146,2.09446887,25.11817513,1.182121686,0.186212955,24.46914432
2352,2018,0.512254902,0.203431373,0.596471035,0.531016617,0.046967894,0.01453889,-0.475400737,0.030568109,0.014681174,18.54767489,0.412999083,0.003477641,-0.097867092,-1.270209389,0.178628356,0.420457876,0.420457876,0.412609206,0.441100448,0.258679963,0.29676288,,0.020123356,2.164095216,25.34823865,1.367483214,0.192605814,24.72901539
2352,2019,-0.540865385,-0.110576923,0.225161239,0.72688593,-0.492898524,-0.440338518,-0.696608363,0.024015987,0.011157795,19.69455881,0.147902548,-0.003788452,0.169771194,-1.216129368,0.152105259,0.242023931,0.242023931,0.346550149,0.372572744,0.303921569,0.385597439,,0.025953714,2.320882464,25.61361497,1.058135452,0.170980366,25.0551468
2353,2016,0.987075929,0.237479806,0.018886679,1.104046164,-0.052905316,-1.254447143,0.139968753,0.002672698,0.00214566,16.13127928,0.803525623,0.003396743,0.128739694,-2.379991036,0.067216304,0.330758208,0.330758208,0.164474556,0.258615356,0.0447066,0.143216317,,0.027737558,1.300795855,23.09218595,3.354512888,0.148368892,21.62788621
2353,2017,-0.774611399,0.336787565,0.408692461,1.005823058,0.468182936,-0.070597708,-0.561384367,0.018078079,0.013778695,16.40513006,0.640599724,0.007508918,4.924997106,-0.441045131,0.114313836,0.490724589,0.490724589,0.338939355,0.33247476,0.248395267,0.708397204,,-0.008958089,1.462941946,23.31404489,2.555347576,0.115573225,22.16344183
2353,2018,-0.664215686,0.007352941,0.322030657,1.060269461,-0.37724673,-0.10190985,-0.530229638,0.036560471,0.024987547,16.75104096,0.517500866,0.012021974,1.6851271,-0.28131175,0.227237101,0.286624741,0.286624741,0.20373151,0.240333174,0.320325006,0.701151177,,-0.006944937,1.688389252,23.59192281,2.053287987,0.09240374,22.69474701
2353,2019,-0.235576923,0.024038462,0.433163608,1.306581521,-0.240704492,0.364903979,0.448000963,0.036570829,0.022143651,16.88623503,0.510045206,0.010178216,0.650864228,-2.865138827,0.140667108,0.105976303,0.105976303,0.113386261,0.099123832,0.074438966,-0.037089329,,-0.013270295,1.575789945,23.66372144,2.382285586,0.091729978,22.65695238
2354,2017,-0.834196891,-0.955958549,-0.628465939,1.34502546,1.320725324,-0.643853607,-0.098244317,0.00839708,0.005972904,15.04266837,2.206139383,-0.002245024,-2.740648114,-0.713015577,2.160855914,-0.389950982,-0.389950982,-0.104994046,-0.190628837,-0.425837627,0.485512895,,0.122152235,3.854153337,22.76943588,0.551424481,0.010537519,22.46905976
2357,2016,0.34733441,-0.654281099,-0.094692509,1.03031364,0.342375512,-0.6005826,0.316133125,0.031005254,0.012521698,14.91369207,0.404502131,0.011893948,0.159657253,,0.379296303,-0.150327496,-0.150327496,-0.077694727,-0.096188411,-0.06685776,-0.15224847,,0.026991543,2.17995794,21.69785332,0.255856797,0.257998944,21.08402653
2358,2016,-0.18901454,0.670436187,-0.119127177,0.545406808,0.271413053,-0.212032397,-0.191700167,0.034676288,0.020849802,16.46050285,0.34354524,0.00578925,-0.079867186,,0.199795327,0.066558432,0.066558432,0.056677778,0.023582813,0.135313728,0.226538059,,0.019747237,1.751393135,22.89401796,1.800775533,0.116468593,22.04778013
2358,2018,-0.161764706,0.610294118,-0.511292455,0.969894761,1.263884075,-0.324459051,0.311604383,0.002389865,0.001362731,15.58814095,0.842063773,0.000986731,0.529037917,,0.60813961,0.084500925,0.084500925,0.091500003,0.153981175,-0.110335886,-0.113890673,,0.020564143,1.728364719,22.78519767,1.467622483,0.340613253,21.92106859
2360,2016,-0.169628433,-0.18901454,-0.332494722,1.098821018,0.899055133,-0.135864614,0.391634544,0.023147714,0.018131775,14.53692681,0.527175128,0.012883259,0.222390696,-0.227069606,-0.122365412,0.676535363,0.676535363,0.521206515,0.641366648,0.1965281,0.643700332,,0.007190421,1.351823561,21.14000859,2.24330688,0.240904428,19.79392864
2360,2019,0.252403846,-0.439903846,0.545160577,0.709419792,1.151543625,-0.016988778,0.160889154,0.029250587,0.022734628,14.60088058,0.578700894,0.008082076,1.184419179,-0.326260644,-0.11254011,0.259881425,0.259881425,0.175877195,0.219312897,0.232304018,0.501984564,,0.015180792,1.414147411,21.38924133,2.78846977,0.186979422,20.16118121
2361,2017,0.74611399,-0.272020725,-0.005603726,0.905493615,0.855789802,-0.346937758,0.044658472,0.009509262,0.005438347,14.72129523,0.775024658,0.007515627,-2.024343154,-1.497361567,0.406177469,0.098304733,0.098304733,0.084074842,0.066293648,0.06264346,0.246953176,,0.019100319,1.976076578,22.002989,1.304603408,0.168708548,21.29766141
2361,2018,-0.058823529,0.267156863,0.06435699,0.935377696,0.818960791,-0.382546813,0.236831385,0.014802035,0.007609877,14.80859076,0.678613974,0.003965973,2.016143948,,0.414844521,-0.222724503,-0.222724503,-0.192983643,-0.226545222,-0.03798157,-0.032237995,,0.019065738,1.987659679,21.96426733,1.237887139,0.186691934,21.26489233
2361,2019,-0.670673077,0.663461538,0.139781147,0.766262839,1.055718228,-0.011282721,0.215644321,0.012059046,0.006107029,14.95538096,0.575084924,0.008773337,-0.51344636,-2.383707334,0.464009738,0.539391234,0.539391234,0.487208801,0.560013616,0.12549565,0.192864926,,0.019956919,2.1125511,22.08249085,1.144088133,0.226510713,21.44125024
2362,2017,-0.663212435,-0.440414508,-0.26107552,1.121065362,0.308114837,-1.639747954,0.86827753,0.003676662,0.003107826,14.83963588,0.322816674,-0.00376844,-3.268300638,-0.924340143,-0.024601603,0.172210924,0.172210924,0.275449351,0.329277054,0.087182276,0.23330446,,0.026744014,1.261490291,20.88721899,3.549067511,0.155038576,19.31356707
2362,2019,0.084134615,0.194711538,0.137803766,1.279219211,0.730652513,-0.839802872,0.436195057,0.051468325,0.039939388,15.14459732,0.325699653,0.008704675,1.433119625,-0.766395294,-0.046070338,0.289669883,0.289669883,0.268889243,0.239372429,0.611775165,0.259944636,,-0.048301112,1.216320678,21.47464602,4.805396903,0.091184179,19.74782221
2366,2016,0.938610662,0.647819063,-0.397472904,0.530013799,-0.01715454,-0.567825235,0.166357335,0.106358304,0.04299378,16.25673962,0.244692269,0.026686886,3.534507874,-1.049959445,0.563415981,-0.075697384,-0.075697384,-0.071057273,-0.285941501,0.40073921,0.407766046,,0.036325792,2.393162207,22.79459548,1.512983242,0.275136561,22.25355602
2366,2017,-0.494818653,0.797927461,-0.345377145,1.185942466,0.553567143,-0.345479308,-0.521616745,-0.006000966,-0.002267652,15.49851246,0.607233396,-0.011176057,-2.04499393,,0.809980211,-0.749291326,-0.749291326,-0.200167402,-0.248058582,-0.124460597,-0.158565684,,0.056267587,2.269974833,22.66168036,1.134783759,0.313731292,22.0809087
2366,2018,0.953431373,-0.301470588,-0.553287741,0.969731498,0.530006485,-0.781984987,-0.210085245,-0.017289104,-0.007645793,14.94325278,0.951439813,-0.029250994,-2.334429942,-2.839764445,1.872214739,-0.160487244,-0.160487244,-0.03073253,-0.044249299,-0.035029241,0.125867314,,0.080634625,2.879772732,22.62602288,0.87043875,0.304951272,22.19946238
2366,2019,-0.600961538,-0.293269231,-0.171692124,1.239323115,1.983795299,0.987301472,0.062528465,-0.048474434,-0.016628366,14.64962049,0.830681555,-0.021016561,-1.433029594,-1.901667247,2.099360498,-0.075597168,-0.075597168,-0.108541735,0.331963361,-0.174332809,0.076270026,,0.01362258,6.705570917,22.43445938,0.650261574,0.286691258,22.27296377
2367,2016,-0.369951535,0.583198708,-0.483376074,0.874240726,0.953958572,-0.071483606,0.086429517,0.0178102,0.011922751,15.32482115,0.839241665,0.00785978,-0.117915649,,0.422969146,-0.074773456,-0.074773456,0.03354667,0.017332897,0.011877701,0.046892734,,,1.520315074,22.45246955,2.071137292,0.23601041,21.38023121
2367,2017,-0.225388601,0.57253886,0.450566251,1.136342317,1.232108808,-0.528928754,0.072923509,0.006533457,0.004118049,15.02181011,1.034263189,0.007511406,-4.09575271,-1.139148879,0.465118203,0.175397245,0.175397245,0.095039193,0.142060498,-0.071956587,0.218692814,,,1.816288224,22.37779279,1.539026057,0.239840245,21.57801003
2367,2018,-0.281862745,0.098039216,0.229459172,1.031599485,1.146507565,0.232565063,-0.254156297,0.021616096,0.012123347,15.24319381,0.71407972,0.001284346,1.91853768,-1.357554817,0.420924504,0.036036318,0.036036318,-0.005619544,0.001501087,0.107869101,0.261472416,,,2.048082746,22.48023123,1.366441701,0.200954362,21.81028966
2367,2019,-0.915865385,0.735576923,0.054152835,1.208608758,0.812782617,0.32486732,0.294729337,0.048770463,0.024035121,15.48975305,0.555577974,0.012482635,0.841369933,-2.93791969,0.441761899,0.266395654,0.266395654,0.27536016,0.318102297,0.136734291,0.206822177,,,2.189577343,22.60839072,1.35596211,0.168187288,21.99828026
2372,2016,-0.10177706,0.46365105,0.242061592,1.303289409,0.220528885,0.295248982,0.373659887,0.065944949,0.050542541,16.69218978,0.16801682,0.005171568,0.545863668,-4.031583211,-0.02559697,0.183930601,0.183930601,0.16397733,0.160474928,0.124138842,0.080218466,,,1.297368531,22.10229539,2.596374447,0.210975985,20.62917432
2372,2017,0.233160622,0.204663212,0.201208866,1.046383219,-0.389166341,0.115007437,0.030699781,0.067921452,0.053124925,16.81548454,0.170037494,0.005284464,0.423708629,,-0.003763088,0.115763217,0.115763217,0.10582403,0.109542554,0.076668655,0.004560772,,,1.272035056,22.17616708,2.847740216,0.201781986,20.63372472
2372,2018,0.696078431,-0.210784314,-0.314588608,1.095682837,0.651728754,0.84334097,-0.07803979,0.057695384,0.046493588,16.72493324,0.202530978,0.005237428,-0.250234196,,-0.042040508,-0.142797945,-0.142797945,-0.122164048,-0.121738746,0.024095177,-0.013796623,,,1.259359139,22.19997655,3.060449709,0.265256976,20.61983204
2372,2019,0.105769231,0.627403846,0.788415012,0.881951022,0.155370261,0.831991157,0.238985761,0.07106196,0.057456248,17.11685788,0.14713457,0.003819254,1.195513041,-0.874689867,-0.028693139,0.322517782,0.322517782,0.345666205,0.421787473,0.206342469,0.389907414,,,1.311102835,22.38756958,2.609580721,0.231147662,20.94906918
2373,2017,0.466321244,-0.901554404,0.295325491,1.160602618,0.425565723,-0.62622547,0.134901728,0.024661089,0.016342951,16.31573008,0.694775786,0.009388355,5.995251976,-1.773588566,0.164275415,0.247405381,0.247405381,0.254366078,0.275426988,0.165488181,0.301290479,,0.008506497,1.566244092,23.35798136,1.747237995,0.023875641,22.34057087
2373,2018,-0.857843137,-0.894607843,0.382251942,1.211122302,0.254405035,-0.846366122,-0.544237985,0.023379595,0.014920137,16.77130388,0.47584105,0.006214928,1.165672519,-0.827297467,0.160568453,0.035722536,0.035722536,0.031943464,0.043733708,0.118727352,0.159065837,,-0.005242708,1.598889144,23.4701731,1.674516382,0.036082838,22.48818524
2375,2016,-0.680129241,0.670436187,-0.407287282,1.15456404,0.655353587,-0.29212216,0.405794984,0.014152179,0.00589965,16.01535029,0.864822693,0.012030669,0.042344847,-2.637893286,1.458315661,0.0374958,0.0374958,0.048601626,0.042923063,0.053233119,0.056647505,,0.01655413,2.50253008,23.71529014,1.431685901,0.040381047,23.20513829
2375,2017,-0.497409326,0.981865285,0.098816252,1.208462985,0.84273564,0.417773514,0.154151493,0.013154754,0.005360033,15.75834101,1.152749129,0.011283895,-0.150988408,-2.835335675,1.412988463,0.12247742,0.12247742,0.122187072,0.120418296,0.04604274,0.069443568,,0.023929765,2.589572932,23.76030436,1.399388725,0.036584312,23.27227678
2375,2018,-0.164215686,0.485294118,0.717401087,1.162180998,0.56091789,0.150931875,0.160517958,0.012035071,0.00478349,15.91075826,1.037671065,0.003835841,2.279470143,-2.8468981,0.74202315,-0.178803958,-0.178803958,-0.180276451,-0.191243905,-0.011359222,-0.041308515,,0.016802409,2.470604498,23.74888013,1.391844821,0.037855671,23.23009082
2375,2019,0.53125,-0.009615385,-0.234772827,1.313049081,0.29543392,0.295943728,0.583481688,0.011842778,0.004806188,16.30973187,0.719556622,0.006673084,-1.169648722,-4.221094866,0.929038539,0.367741043,0.367741043,0.382190901,0.405526329,0.076036616,0.10210044,,0.016590951,2.561860721,23.82216462,1.424187379,0.038467312,23.32730867
2376,2018,-0.808823529,0.764705882,-0.143652174,0.997926047,0.940914973,-0.284538054,-0.094984646,0.020922271,0.015818533,15.80416049,0.500012041,0.00382615,-0.191406404,-0.431478479,0.137413094,-0.048066616,-0.048066616,0.002844408,-0.034606014,0.19621848,0.575366092,,0.009219377,1.434986748,22.40905757,3.040078127,0.190948935,21.21546225
2376,2019,-0.139423077,0.103365385,-0.092573725,0.825780994,0.516306495,0.126682369,0.370389106,0.01535917,0.010552918,15.64364358,0.618907974,0.005961845,-1.049237629,-2.182413237,0.187475468,0.197051759,0.197051759,0.209629624,0.284212042,0.095170305,0.312312516,,0.022598323,1.570429944,22.49996745,2.305647858,0.244990272,21.48725311
2378,2016,0.718901454,-0.308562197,-0.279657398,1.495841759,1.273397977,-0.049954113,-0.260698156,0.004758384,0.002678357,15.97550132,0.229786146,0.001080878,-1.315464517,-2.045541325,0.221677058,-0.025669248,-0.025669248,-0.033436803,-0.072982183,0.039453241,0.071238175,,0.028463425,1.818478804,21.99951088,1.066668794,0.3289571,21.20120277
2378,2017,0.585492228,0.194300518,0.10623188,1.23722329,0.953657619,-0.206627752,0.498448062,0.004915799,0.00266003,15.52697817,0.362718982,0.001107354,1.002170919,-1.525413414,0.213836304,-0.089931889,-0.089931889,-0.034757718,-0.046533725,0.06960093,0.166153757,,0.037000453,1.963554124,22.0667965,1.394709723,0.32227977,21.35491372
2380,2016,0.121163166,-0.108239095,-0.299277879,1.257965644,1.107806483,0.012490101,0.352339247,0.010140696,0.008973916,14.72393127,0.827096719,0.004339438,0.377048095,-1.178552227,-0.062554487,0.068996412,0.068996412,0.081733118,0.036675048,0.067780429,0.280326121,,,1.162778241,21.60908928,6.031479843,0.152253374,19.64291061
2381,2017,0.663212435,0.733160622,0.254340744,0.849762329,0.804833907,0.08206013,0.169756299,0.027334049,0.021983657,14.50169528,0.90578219,0.020985565,0.369856342,-2.397731893,0.057530498,0.105319874,0.105319874,0.023609505,0.004963444,0.021006927,0.087083836,,-15.34559523,1.257209686,21.49916882,3.6021272,0.140504941,19.91241046
2383,2016,-0.618739903,0.79644588,0.0435101,0.929932599,-0.161906921,-1.871769366,0.466423818,0.008506464,0.004974814,15.89477044,0.463715191,0.006453934,1.151963441,0.932270865,0.406376234,2.783399459,2.783399459,2.825602197,4.611600224,0.587571963,1.433056481,,0.034276458,2.294449112,22.92057253,1.18269322,0.046942691,22.34816497
2383,2017,-0.051813472,0.85492228,-0.324245631,0.940339704,-0.167453389,-1.89861501,0.624514793,0.01475254,0.006431457,15.66870752,0.628839011,-0.005627537,-2.229189808,-2.847328921,0.712104391,-0.720058682,-0.720058682,-0.666262662,-0.832235266,0.026295469,0.044665957,,0.052011593,2.348873416,22.94652822,1.114367957,0.049653438,22.39186214
2383,2018,0.073529412,0.639705882,-0.159990985,0.821735098,0.749724756,-1.459770865,0.434941391,-0.011582121,-0.00528285,15.43993886,0.721336197,-0.022639181,-2.51104019,-3.153132118,0.844228052,0.02736747,0.02736747,0.21972795,0.271881804,-0.152750228,-0.042134118,,0.08987266,2.850946843,22.78076848,0.891102501,0.062649934,22.34881463
2383,2019,-0.826923077,-0.165865385,-0.198507227,0.998024331,0.917985278,-0.598114006,0.313409192,-0.019564401,-0.006646719,15.29410773,0.56889429,-0.016675353,0.203714027,-3.767062954,1.029354475,0.309614871,0.309614871,0.06242634,0.150296202,-0.337898434,-0.303931565,,0.095206059,3.150066216,22.36843217,1.045999181,0.089094976,21.98650734
2386,2018,-0.791666667,-0.544117647,-0.190803733,1.022809831,1.074269866,0.513029578,-0.1318,-0.001917554,-0.000689323,15.27575975,1.189205112,-0.007510338,-0.652060273,-2.10890924,1.942113026,-0.245416862,-0.245416862,-0.236513994,-0.247932881,0.082667722,0.138138224,,0.017835856,2.945063482,23.43933297,0.623879969,0.337238926,23.02449722
2386,2019,0.254807692,0.201923077,1.075484198,1.037354053,1.087344804,-0.032118434,-0.365463903,0.010661075,0.003708474,15.45116764,1.039879899,0.015583625,2.802706517,,0.796005961,0.021426999,0.021426999,-0.022414803,-0.021655973,0.082546252,0.083746385,,0.01955373,2.951427756,23.51864888,0.754761734,0.330673869,23.10492113
2389,2017,-0.922279793,-0.880829016,-0.186101186,0.964009934,0.788851748,-0.71183194,0.309406187,0.005908017,0.004796356,15.77358711,0.881629155,0.001578677,1.020198227,-2.607620357,0.149897361,0.15880054,0.15880054,0.149055086,0.164007943,0.073048547,0.222298102,,0.042617447,1.249978804,22.79874906,2.27767738,0.228410142,21.18924332
2392,2016,-0.812600969,0.28917609,-0.433318658,0.96106995,2.572895893,0.637182345,-0.369889903,0.013212158,0.007677517,15.12788028,0.860241409,0.022470682,1.4396825,,0.626521268,0.404794832,0.404794832,0.322874695,0.337769439,-0.004610911,-0.11534108,,0.031448423,1.609696064,22.3951725,2.767306944,0.07650493,21.42433242
2392,2017,-0.487046632,0.124352332,0.022205957,1.04244256,0.977332314,0.114341158,0.045972899,0.022820306,0.014895703,14.80242788,1.259367843,0.028244127,1.205438511,,0.431383699,0.095984261,0.095984261,0.061461661,0.138027881,0.002546712,-0.139041247,,0.029019989,1.482079622,22.39771598,2.347786117,0.11433759,21.27462374
2392,2018,0.590686275,0.203431373,0.12587199,0.976910544,0.350588492,-0.184728406,0.094317027,0.029233824,0.019705383,14.93566055,1.215590653,0.02918229,0.315158161,,0.269413565,0.270895832,0.270895832,0.303714932,0.498257213,0.095166412,0.078085002,,0.007504829,1.471018972,22.4886223,2.235983982,0.111881962,21.34981006
2394,2016,0.709208401,0.088852989,-0.27838036,0.982318597,0.565819039,0.419693746,0.485957311,0.0229112,0.014187721,15.20342369,0.757590796,0.013195064,-0.26070341,,0.226806057,0.099256896,0.099256896,0.088554388,0.125582684,-0.139120285,-0.41305656,,0.015982635,1.373898547,22.15502538,2.185470334,0.319953998,20.85360225
2394,2017,-0.323834197,-0.730569948,-0.000404997,0.606893865,0.581373553,0.312321892,-0.005890493,0.030607492,0.022267026,15.01388251,0.946682866,0.023213198,0.001779373,,0.159672961,-0.131575579,-0.131575579,-0.140547388,-0.163289235,0.038496837,-0.084434959,,0.02589746,1.31566694,22.1927997,2.798520024,0.29549015,20.76538837
2394,2018,-0.213235294,0.046568627,-0.049459897,0.67795484,0.518087478,0.372846045,0.113823887,0.026302977,0.019817202,14.90163575,1.133393772,0.039086723,0.205877282,-3.524992308,0.194197973,-0.077893918,-0.077893918,-0.07615949,-0.092312229,0.135651989,0.253438976,,0.009724087,1.360200146,22.32000663,3.634429961,0.286895652,20.99127933
2394,2019,-0.076923077,0.305288462,-0.035015308,0.788893905,0.7483573,0.755215104,0.178663113,0.023727783,0.017698325,14.94562607,1.185077094,0.005782489,-0.827646916,,0.213225938,0.290297154,0.290297154,0.338090615,0.397451861,-0.02139679,-0.146565437,,0.065832257,1.300293606,22.29837761,3.174545138,0.274147118,20.83279292
2398,2016,0.408723748,0.024232633,-0.210031625,0.887402514,1.788279642,0.905041802,0.091363241,0.020785707,0.017069885,15.03993003,0.679197826,0.018323663,1.686973662,-0.234295508,0.21468548,0.406393748,0.406393748,0.399199247,0.39419923,0.161018797,0.510433668,,,1.370858437,21.90520365,2.445760305,0.120531442,20.59783165
2398,2017,0.582901554,0.686528497,0.267413589,1.096664262,1.124131584,0.374110715,-0.000675747,0.03421114,0.024915038,14.83498405,0.902374266,0.027494163,-0.570433476,-1.321956216,0.22560341,0.283072738,0.283072738,0.19514452,0.193897992,0.182819365,0.320321479,,0.670953807,1.43262176,22.07310453,2.357654239,0.097263068,20.8757069
2398,2018,-0.629901961,0.37745098,0.634814912,1.349427608,1.011099237,1.126807119,-0.021961501,0.035513272,0.024870233,15.14659773,0.76807646,0.009194086,1.562089539,-1.424636415,0.165061097,0.019626911,0.019626911,0.055018617,0.09378562,0.199983857,0.353599298,,-0.067775975,1.516614763,22.25541263,2.106931139,0.085979617,21.17847409
2398,2019,0.326923077,0.355769231,-0.328590933,1.282900732,0.706347482,0.550654453,-0.134999014,0.032298193,0.021448335,15.34621921,0.692920456,0.018457748,-0.08307396,-0.332752895,0.398756742,0.507007179,0.507007179,0.604687019,0.64976677,0.261322038,0.57418463,,0.010780566,1.739522132,22.48757304,1.780364915,0.074110538,21.63221153
2401,2016,-0.589660743,-0.166397415,-0.248958726,1.453821609,1.890017595,-0.094217285,-0.105938423,0.02663595,0.015306696,15.12258274,0.22124216,0.008492873,3.093922865,-0.208034152,0.01871644,0.528855785,0.528855785,0.531581858,0.51501958,0.24698632,0.477679746,,,1.989646773,21.24664733,1.831765521,0.051831966,20.54828301
2401,2018,-0.926470588,-0.223039216,0.354596438,1.179912531,1.026896708,-0.471800716,0.131429245,0.042528523,0.016867701,15.11237924,0.26381066,0.017115575,1.444959451,-0.146971611,0.232981552,0.121729788,0.121729788,0.117134403,0.14948223,0.444106142,0.641352038,,,2.990574648,21.88992113,1.354051137,0.028667883,21.48287893
2401,2019,-0.233173077,0.408653846,-0.266698004,1.223067738,0.985838939,-0.336002279,0.656857167,0.037609503,0.012508823,15.19203585,0.284460415,0.011692755,0.299935854,-2.622394679,0.236342507,0.369798654,0.369798654,0.405986059,0.431551455,0.07080412,0.046363923,,,2.860608124,21.95833101,1.402180913,0.025734896,21.52820016
2405,2016,-1.0,-0.654281099,0.009484862,1.494728359,-1.340018646,-3.4546562,-0.780726473,0.00571299,0.003779932,17.02388674,0.281527822,0.002543826,1.558054979,,-0.007056616,0.187716434,0.187716434,0.177738577,0.208348603,-0.101363505,-0.264407918,,-0.295968237,1.42816225,23.01741965,1.570397088,0.065363491,21.8127781
2405,2017,-0.264248705,0.515544041,0.178064355,1.281126413,-0.181453992,-2.160382305,0.615727262,0.005669041,0.004245523,16.8062507,0.366329258,0.001538563,1.495239548,,-0.007277694,0.094279239,0.094279239,0.090625988,0.175241288,-0.083648349,-0.456550333,,-0.034446075,1.216246804,22.93006456,2.327292868,0.071123369,21.20295992
2409,2018,0.987745098,-0.544117647,2.442106559,0.97699199,0.099113395,-1.383133857,-0.366534781,0.020314858,0.018474384,15.69716944,0.732216644,0.009548591,3.738675217,,-0.037638308,0.078388407,0.078388407,-0.014161868,-0.011235421,0.027076279,-0.021781988,,-0.075637588,1.114287447,22.34587199,3.985423572,0.134737197,20.06861832
2409,2019,0.490384615,-0.548076923,0.533728645,1.295352386,-0.196784874,-1.645437155,0.577576307,0.025932035,0.022589432,16.50562126,0.326707332,0.004899546,-1.402140492,0.024627806,0.014378597,0.941612977,0.941612977,1.110837211,1.297631178,0.195541626,1.272802091,,-0.001452981,1.242210807,22.52447132,2.04760977,0.161395491,20.88963179
2410,2016,-0.861066236,-0.43457189,0.467349367,0.96132079,0.059922958,-0.953559405,-0.52576941,0.03779343,0.02595863,16.74268941,0.163223326,0.0021966,-0.089113391,-1.74411366,-0.010152243,0.171526738,0.178594495,0.213997418,-0.35281715,0.10360643,0.218753555,,0.011645946,1.559558759,22.25684722,3.074152184,0.07295042,21.23183755
2410,2017,-0.92746114,-0.492227979,0.176871135,1.038213191,-0.381294219,-1.431174219,-0.097102023,0.035444908,0.022811992,16.97870831,0.135269594,0.002206344,-0.632828163,-1.143950033,0.002151534,0.277599109,0.287155256,0.342433206,0.94711405,0.213129617,0.515002314,,0.01329448,1.811838118,22.4500507,1.714767327,0.145045324,21.64725451
2410,2018,0.830882353,-0.634803922,1.093157654,0.813740239,-0.850094648,-1.026274231,-0.388367831,0.019784755,0.010728917,17.44814325,0.088679231,0.00094681,-1.244212319,-1.796344962,0.005038344,0.171560102,0.166269199,0.128740755,0.847389466,0.536666264,-0.012986299,,0.012514113,1.404103736,22.879666,2.247959772,0.091525202,21.63418315
2416,2017,0.150259067,-0.095854922,0.088984167,0.969960945,0.808536444,-0.454118075,0.356606157,0.010808836,0.004173713,15.72454583,0.795484453,0.014008714,-3.475238782,,0.326478873,-0.184820404,-0.184625549,-0.189782478,-0.184902901,-0.244724116,-0.331709876,,0.021474622,2.103913512,23.06917354,1.620056577,0.001271684,22.42423596
2421,2017,-0.634715026,-0.544041451,-0.092920247,0.885619973,0.963645432,-0.018401064,-0.336601878,0.014874588,0.007964861,15.64040803,0.533532706,0.003202152,-1.536424359,-0.928851136,0.441441488,-0.11387773,-0.11387773,-0.084090907,-0.15281285,0.06204899,0.06764518,,0.01873358,1.895459414,22.59593407,1.896578764,0.074837785,21.84605445
2424,2019,-0.271634615,-0.350961538,-0.127008241,0.915718074,0.833053871,0.355023793,0.216047689,0.013286865,0.007609295,15.78851833,0.558816607,0.008988152,0.112840551,,0.322445622,-0.005541441,-0.005541441,0.054350256,-0.002269751,-0.02721048,-0.077747696,,0.024867613,1.651182734,22.60648866,1.522369595,0.126691888,21.67603184
2425,2019,-0.521634615,-0.480769231,-0.528778495,1.411358712,0.904660911,-0.249064282,0.184541365,0.015906642,0.013195829,15.83986107,0.598028884,0.021976485,-0.702190116,,0.063997383,0.539382821,0.539382821,0.435517068,0.818227241,0.119342576,-0.438508808,,0.037887806,1.108966836,22.48259838,2.768453892,0.001673312,20.16245788
2430,2016,0.037156704,0.15993538,0.614615904,1.270171962,0.066592086,-0.876896229,0.077426188,0.025972115,0.010478468,16.26105852,0.403866388,0.013695437,3.731869668,,0.367069222,0.261410121,0.261410121,0.16208389,0.186535433,0.068460074,-0.119950037,,0.031111613,2.0459721,23.10376295,1.554561473,0.384797556,22.43283662
2434,2016,-0.948303716,-0.654281099,-0.447423033,0.757675733,1.218445212,0.274204116,0.447431356,0.026580293,0.017224341,16.16440938,0.597349265,0.014548916,-0.122912517,,0.279805606,-0.196273733,-0.196273733,-0.16562739,-0.205051453,0.045600038,0.046372675,,0.031524207,1.543189916,22.98380888,1.584192041,0.150479311,21.93966097
2435,2019,0.427884615,-0.211538462,0.521054616,0.576620704,0.514279621,0.155700872,-0.286916529,0.018981467,0.012870325,15.56115595,0.928691849,0.012996927,1.480070637,,0.119673999,0.093384528,0.093384528,0.085780084,0.292233505,0.038314847,0.052866295,,0.026801376,1.470732448,22.77551369,2.037697682,0.118316964,21.63628775
2438,2016,-0.0726979,-0.806138934,-0.298101695,0.973393126,0.731180299,-0.463472125,0.481076831,0.008727094,0.005732559,14.62833959,0.759173481,0.010109271,0.666164939,-0.02265949,0.461415896,0.582093123,0.582093123,0.600090698,0.66379489,0.281960518,0.860343454,,0.024039646,1.743056727,21.84045467,1.634126256,0.184962706,20.98783147
2443,2016,-0.809369952,0.66720517,-0.273360287,0.64820305,0.250409948,-1.041927165,-0.149118324,0.020138203,0.013090258,15.27148643,0.516386135,0.003328149,0.980634498,,0.258609132,0.271399788,0.271399788,0.229027305,0.225123056,0.015407492,-0.102563392,,0.02316264,1.468674276,21.95324063,2.411845028,0.221020539,20.81103323
2443,2017,0.994818653,0.546632124,0.062872962,0.889875307,0.640067098,-0.334116358,0.352031952,0.02075294,0.013303842,15.00266896,0.724542737,0.013051152,0.788157232,,0.18889322,0.21882877,0.21882877,0.201705284,0.191945899,0.074636894,0.060931226,,0.020613893,1.459947641,22.02522346,2.55511251,0.232890757,20.87018027
2443,2018,-0.551470588,0.598039216,-0.040794376,1.044710521,0.904026742,-0.00927739,0.637963156,0.024558145,0.017146123,15.02417793,0.756653288,0.013587917,1.051226639,,0.152519845,-0.12991941,-0.12991941,-0.153568429,-0.153727184,0.051601246,-0.088455206,,0.020190084,1.37567689,22.07553746,3.121930233,0.194570566,20.77756572
2443,2019,-0.538461538,0.790865385,-0.049171266,0.956592256,0.637801042,0.531114125,0.210465415,0.049707491,0.036580472,15.09283326,0.823713984,0.025392596,0.048613927,,0.108920583,0.501510177,0.501510177,0.505749322,0.56864047,0.172810824,0.398244303,,0.017917308,1.482747992,22.23494074,2.607482016,0.19936705,21.1127831
2446,2016,0.812600969,-0.340872375,-0.443970908,1.073684423,1.028595831,-0.575739588,-0.239316407,0.013569309,0.010494318,15.17785955,0.660743458,0.020045228,0.020418903,-1.151606475,0.083983765,0.402930435,0.402930435,0.429522176,0.482322008,0.08180261,0.217189179,,0.005757139,1.367657198,21.99576762,1.919453723,0.078334002,20.68206411
2449,2016,-0.037156704,-0.576736672,-0.160946523,1.071700709,1.147090111,-0.189390199,-0.127687718,0.029707172,0.015215061,15.74104825,0.453904335,0.013600492,1.551869096,,0.315588815,0.117176141,0.117176141,0.071582747,0.071996981,0.073515776,0.055016818,,0.015598927,1.866767428,22.52388805,1.343878504,0.362433618,21.75669518
2449,2017,0.518134715,0.5,0.256220425,1.126252699,0.013821741,-0.767529528,0.110095537,0.039983495,0.021837145,15.7960099,0.471816819,0.012898824,-0.786513921,,0.150961955,-0.088651912,-0.088651912,-0.096506581,-0.094344474,-0.064495178,-0.217155906,,0.014962601,1.635444029,22.45721907,1.609559109,0.382061681,21.51187346
2449,2018,-0.718137255,-0.468137255,-0.116715593,1.244722434,0.476784702,-0.699156196,0.067057688,0.025522959,0.015192221,15.75448786,0.518129797,0.005486439,0.500327154,-2.520957465,0.209074606,-0.08146219,-0.08146219,0.020390408,0.048390655,0.03547568,0.064539814,,-0.030482056,1.665143342,22.49207999,1.569221966,0.397649751,21.57441607
2449,2019,0.300480769,-0.466346154,-0.137566012,1.367099649,0.843537425,-0.538323883,0.688679541,0.006305951,0.003862568,15.64075424,0.580872619,0.00585256,-3.233516997,,0.180722455,0.15765311,0.15765311,0.14075485,0.15505393,0.010198089,-0.010434547,,,1.642825365,22.50222643,1.672989958,0.345277042,21.5639267
2451,2016,0.011308562,-0.163166397,-0.52009776,0.958098316,0.752650884,0.239828514,0.020831127,0.025676796,0.009667291,16.1415558,0.067820217,0.002847682,3.421581114,,0.19037468,0.343343691,0.343343691,0.48899963,0.553376408,-0.108091583,-0.214962162,,0.068519247,2.279117246,21.1407971,0.835855341,0.225380031,20.56317909
2451,2019,0.502403846,-0.420673077,-0.118227494,0.969572685,1.409550357,0.238213004,-0.405783615,-0.000515177,-0.000405913,14.88740295,0.238593724,0.000917912,0.928008711,-1.713173052,0.156464214,2.324485431,2.324485431,1.967993067,2.387621144,0.018600205,-0.043698149,,0.033717811,1.728440528,20.9624693,1.56518129,0.294465999,20.09840043
2452,2016,0.954765751,0.537964459,-0.4133199,0.787261584,0.607369907,-0.480371926,0.425673526,0.010712652,0.005085197,14.57673867,0.652363725,-0.011821991,-2.724305973,,0.570414869,-0.448542205,-0.448542205,-0.348355151,-0.405591631,-0.103217661,-0.186876617,,0.016037349,1.975955099,21.71245019,2.043497258,0.100847433,21.00705962
2452,2017,-0.440414508,-0.621761658,-0.012531484,1.018165469,1.652561491,0.394146946,-0.506050789,-0.006070797,-0.003061309,14.25535127,0.843206262,0.002383099,-2.657024377,-2.186587308,0.58419021,0.245032101,0.245032101,0.021295318,0.035050021,-0.022958582,0.079193798,,0.018421527,2.200490515,21.68922396,1.543552807,0.198755372,21.0832739
2455,2016,-0.479806139,-0.0726979,-0.389515706,1.325513922,0.674003773,-0.49200051,0.169043386,0.027984658,0.012808681,14.89082492,0.435446804,0.013479347,-0.093719502,-2.535576989,0.490467703,0.310592504,0.310592504,0.288893342,0.317963176,0.286946348,0.093599189,,0.019222829,1.957570976,21.68203776,1.184201318,0.317363559,20.96697792
2455,2018,-0.129901961,-0.120098039,-0.22941396,0.793776488,0.227823848,-0.610548148,0.317558403,0.009486588,0.004571337,14.59707644,0.624430918,-0.008387751,-1.519758848,-1.464642678,0.737802357,-0.191399371,-0.191399371,-0.15514785,-0.163837741,0.265339715,0.453617603,,0.007313833,2.499373442,21.96526569,1.10554485,0.198575808,21.45427293
2455,2019,-0.21875,-0.189903846,0.633811407,0.761392448,1.13581622,-0.011499263,-0.497738156,0.01693276,0.006910668,14.65089523,0.660708776,0.01173311,1.63432376,0.078560747,0.954944883,1.055643275,1.055643275,0.951875853,1.029324205,0.750864699,0.932374108,,0.011298522,2.959371324,22.52537547,0.82382845,0.190054947,22.11302229
2457,2016,0.886914378,-0.731825525,-0.554768401,0.881062224,0.359088973,-1.663148868,-0.31914922,-0.013477191,-0.008449012,14.98927129,0.563251867,-0.005482054,1.536708645,-3.040412951,0.324609347,0.177500438,0.156850903,0.039820256,0.182494206,-0.001942094,-0.037269294,,0.012466261,1.588008341,21.78206967,1.827762339,0.144803587,20.78857491
2457,2017,-0.567357513,0.049222798,0.056594822,1.167947827,0.954390801,0.237738218,0.069039103,0.010349005,0.006546741,14.84033242,0.664101966,0.00059596,-0.786360262,-6.147110402,0.277024398,0.553343926,0.539186247,0.39735969,0.534845944,0.117301535,0.303664429,,0.011501944,1.760694065,21.89298611,1.607259508,0.124931318,21.053754
2457,2018,0.919117647,0.137254902,-0.078448907,1.132979068,0.997574003,0.565937619,0.123036243,0.018304036,0.010752079,14.7741228,0.740303821,-0.014422933,0.455713108,-1.36832992,0.384263709,-0.180454933,-0.180249529,-0.137220501,-0.195362303,0.084366486,0.076090687,,0.005752167,1.750531257,21.97398204,1.612836347,0.131854871,21.12708874
2457,2019,0.783653846,0.072115385,0.184433077,0.957912357,0.907629242,0.157046767,-0.231634118,0.014596638,0.008274836,14.83366377,0.757747427,0.002058159,1.461494553,-1.735538592,0.393141638,0.611268504,0.612936376,0.492362296,0.579158159,0.119646237,0.150165409,,0.027867142,1.787091365,22.08699482,1.668357826,0.118294726,21.26699451
2459,2016,0.024232633,0.689822294,-0.233376564,0.770395941,0.07718408,-0.947248123,-0.081828175,0.001745851,0.001567819,15.16683499,0.332071047,0.00066288,1.139802489,-0.614253668,0.024229667,0.60794475,0.60794475,0.48105337,0.699493912,0.052822755,0.3104029,,,1.147959446,21.0988466,4.147380304,0.232369761,19.05004357
2459,2017,0.598445596,0.624352332,0.016092846,0.749512252,0.037987417,-0.787314543,0.094078047,0.002037807,0.001781871,15.28542879,0.295203307,0.000167364,-2.582375533,-3.633970432,0.030116656,-0.228003024,-0.228003024,-0.173478448,-0.317352239,-0.044976119,-0.149161273,,,1.129724403,21.05282767,4.789570684,0.212575264,18.8885109
2459,2018,-0.259803922,-0.193627451,0.463826575,0.888456719,0.413581711,0.438214611,-0.666912203,0.05779513,0.051620362,15.44364287,0.546333712,0.042429796,2.661959631,4.781286451,1.980147971,76.70201146,76.70201146,63.28488836,80.52459634,21.00823404,135.157572,,0.034358844,3.453093661,24.14424432,0.933512901,0.358230804,23.80232373
2467,2016,-0.366720517,0.69628433,-0.326217458,1.08410148,1.632383324,-0.487317706,0.201547359,0.007035113,0.005453422,15.37139932,0.411534205,0.003136652,1.526116518,,-0.106211769,0.01492718,0.01492718,-0.006982712,0.168691637,-0.012199642,-0.088347508,,-0.810194587,1.201301307,21.56857283,2.738745938,0.069456433,19.78221498
2467,2017,0.202072539,0.888601036,0.912936298,1.086300094,0.515655366,-1.652375772,0.716393933,0.01397539,0.011206057,15.22168272,0.505360237,0.00522849,1.758944843,-1.06073828,-0.023501287,0.209411003,0.209411003,0.163907332,0.375226438,0.096243617,0.321757103,,,1.253197008,21.66046227,1.805753979,0.056948915,20.06117697
2467,2018,-0.774509804,0.784313725,0.136242856,0.944778453,0.648694236,-1.170010969,-0.814883386,0.014542623,0.011564127,15.77323411,0.298516573,0.00442372,2.933406906,-3.162055176,0.02532615,-0.041851124,-0.041851124,-0.106846107,-0.064544849,0.107801057,0.092577715,,0.006603971,1.248851728,21.76283929,1.891241562,0.047905678,20.14971675
2467,2019,0.992788462,0.725961538,-0.366149248,1.11364685,0.85659747,-0.26768678,0.719995666,0.061038946,0.048898806,15.73292174,0.363279913,-0.007361353,-0.923571217,,-0.031847738,-0.070244564,-0.070244564,0.001909961,0.005636977,0.000838534,-0.090993077,,-0.388271329,1.220972878,21.76367747,2.157226597,0.040702433,20.05431418
2468,2016,-0.663974152,-0.599353796,-0.32976149,0.61005239,0.352073606,0.163775915,0.263213215,0.062475102,0.049086923,15.8974031,0.818926713,0.066530693,-1.404207659,,-0.335695528,0.194334416,0.194334416,0.198702748,0.205027557,0.233975396,0.283322709,,-1.000584497,1.235873928,22.93423177,2.719977827,0.151442669,21.2779956
2468,2017,0.611398964,0.64507772,0.462511361,1.059912872,-0.335862468,-0.064714804,0.120187415,0.076758219,0.062983391,15.70818134,1.228747092,0.049064733,0.437551174,0.43541279,-0.097155943,0.486161602,0.486161602,0.598474279,0.584615364,0.360960015,1.175590568,,-0.040206283,1.439049232,23.24242212,1.644073549,0.226627687,22.05529575
2468,2018,0.882352941,-0.544117647,-0.348396281,1.162919954,0.112772574,0.573482139,-0.0637689,0.029049889,0.020823881,16.56121397,0.697618689,0.002454607,-0.717748238,-0.571060565,0.041024129,-0.062106728,-0.062106728,0.041126617,0.041120743,0.209440542,0.563134777,,-0.009083867,1.651038503,23.43258001,1.317510481,0.247869061,22.50198903
2468,2019,-0.158653846,-0.408653846,-0.543235252,0.79796548,0.464148908,0.14937322,0.024577713,-0.005263385,-0.003125074,16.61731296,0.562702325,-0.008088962,-2.25411479,-0.471455885,0.381466549,0.190022138,0.190022138,0.224071788,0.215987738,0.269790362,0.754941516,,0.016823256,2.197702744,23.67143183,0.957045493,0.272476925,23.06442456
2469,2018,0.357843137,-0.193627451,0.039847913,1.232249416,1.074846293,0.287633254,0.152114983,0.01008746,0.008036903,14.46443449,0.684618507,0.00104206,2.140981514,,-0.058792467,-0.387170227,-0.387170227,-0.325685998,-0.376798894,-0.008329859,-0.135029013,,-1.11790707,1.218910126,21.1935235,4.319822377,0.082727431,19.47647236
2469,2019,-0.173076923,0.610576923,0.239189576,0.739112343,0.58496044,-0.013109292,-0.646724934,0.021712691,0.017928112,14.81871318,0.585672602,0.020095122,2.488127402,0.254324066,-0.188037323,4.302477839,4.302477839,3.63955077,4.195509365,0.805460397,0.926476616,,,1.237061638,21.78433913,5.41496985,0.126931603,20.13216511
2471,2016,-0.37641357,0.324717286,-0.377894686,0.864020115,0.981447221,-0.291010007,0.007414524,0.00981611,0.003241099,15.46865012,0.559252257,0.000853541,-0.622887472,-1.719214435,1.35016328,0.169711976,0.170374505,0.178397861,0.180947042,-0.006536113,0.073136542,,0.047078995,3.601583149,22.89191826,1.151091549,0.117446694,22.56666491
2471,2017,0.507772021,-0.121761658,-0.063046285,0.72006043,1.571993951,0.439584572,-0.24361928,0.014844396,0.004348243,15.16705546,0.648464934,0.003141766,-1.055707447,,1.244256414,0.016100174,0.015524977,0.01473178,0.030556597,-0.09032034,-0.130802148,,0.039779237,3.227880188,22.7972555,1.12481285,0.119175058,22.42648041
2474,2019,-0.887019231,-0.480769231,-0.110274996,1.062925073,1.152941858,-0.299653554,0.707539879,0.008094428,0.004587612,14.93499471,0.518883179,0.004235869,-0.096301519,,0.254655606,0.28108824,0.28108824,0.198997591,0.324166526,0.027833449,0.032640125,,0.017727692,1.798235313,21.77847081,1.600682615,0.006089458,20.96631316
2476,2016,-0.402261712,-0.476575121,-0.45609541,1.129102554,0.865705469,-0.711516688,0.758366836,-0.021898012,-0.015104368,15.05263461,0.282723355,-0.005034363,1.956428171,,-0.070607349,-0.057771844,-0.057771844,-0.188622196,-0.096159032,-0.137326496,-0.454775789,,0.020482593,1.230249937,20.89295842,4.343782289,0.373312009,19.2171512
2476,2017,-0.769430052,-0.461139896,0.430001534,1.039984324,1.473146014,0.155935841,0.130648155,-0.004652129,-0.003740426,14.89279973,0.313766413,0.00095953,-3.00000203,-1.381169883,-0.06862437,0.411462813,0.411462813,0.291444483,0.402066503,-0.149246549,0.290908714,,-0.04131132,1.396622077,20.73132552,5.010416689,0.257055429,19.4724976
2478,2016,-0.166397415,-0.153473344,-0.202201039,0.944427854,1.287151984,0.073632836,0.045472424,0.014071511,0.010210842,14.98620553,1.001649004,0.020011302,2.345773061,-0.294931169,0.212735201,0.657551472,0.657551472,0.548405882,0.550957127,0.609681882,0.874108666,,-0.196750672,1.484109511,22.56528061,1.776502642,0.277953072,21.44502154
2480,2016,-0.340872375,0.256865913,-0.051003035,0.908716247,0.284352868,-0.681669049,0.293841334,-0.005883618,-0.002819769,15.38741854,0.495030207,0.001549917,1.533196815,-0.988898398,0.489845579,1.138952715,1.138952715,0.988399623,1.608059287,0.201190885,0.33081181,,0.03981709,2.497549841,22.54298839,1.529261379,0.211510655,22.03150854
2480,2017,-0.349740933,0.150259067,-0.387656217,0.901295085,0.806553015,0.383955625,-0.460334086,-0.001929867,-0.000685928,15.06306685,0.713918154,-0.006638516,-1.498421162,-1.027046284,1.152877825,-0.029266619,-0.029266619,-0.04924254,-0.0499531,0.205147058,0.353989014,,0.056021008,3.064309993,22.72958999,0.961229123,0.192003698,22.3345636
2483,2016,0.602584814,0.476575121,-0.364621101,1.058485012,0.976021395,-0.337291193,0.518561461,0.011161888,0.006979646,14.92758839,0.951145626,0.012528253,0.763352374,,0.355046484,0.142515328,0.142515328,0.218557086,0.300845886,-0.068651599,-0.207040199,,0.010646579,1.494245921,22.1820602,2.083500585,0.257317417,21.07571645
2483,2017,0.25388601,0.378238342,-0.019637401,0.893749831,1.288580558,0.487275319,-0.452241782,0.009687375,0.006518459,14.81987506,1.074658514,0.006906204,-0.243776418,-1.31973436,0.39557342,-0.212498603,-0.212498603,-0.195840391,-0.281479524,0.105221209,0.238064714,,0.046149434,1.588620349,22.2821057,1.708599588,0.233414182,21.28926589
2483,2018,0.242647059,0.840686275,0.072577809,1.022451286,0.58220976,-0.520264678,-0.32878149,0.002553513,0.001548157,14.89993118,1.08778078,0.002734324,1.731728846,-0.023242405,0.8237914,1.134692164,1.134692164,1.021196833,1.257588749,0.535752573,0.960816407,,0.034392395,1.897806561,22.71112624,1.259620128,0.245807386,21.96262682
2483,2019,0.509615385,0.865384615,0.075594606,0.961192577,0.944348382,0.159895718,-0.81200224,0.01744713,0.009546405,15.16338547,1.035722907,0.024041887,0.717235252,,0.595931896,0.175961839,0.175961839,0.080130058,0.117797593,0.029693265,-0.031870329,,0.036269325,1.801125197,22.74038719,1.308290246,0.262210781,21.93023757
2486,2018,-0.987745098,0.661764706,0.067330585,0.686297701,1.502422238,0.307125075,-0.567663526,-0.013671034,-0.011411395,14.94191543,0.303467163,-0.001071903,-0.247564935,-1.129810721,0.019126498,0.357957756,0.357957756,0.194448612,0.213763854,0.14836135,0.769797674,,-0.022079706,1.322992947,20.96752068,2.666966882,0.218879965,19.55749934
2486,2019,0.704326923,0.391826923,-0.26429182,0.709600118,0.854040964,0.417989446,0.005084428,0.003263468,0.003004048,14.80658208,0.35691527,-0.001230676,-0.560961551,-0.452049752,0.021442883,-0.259233236,-0.259233236,-0.124267663,-0.139039041,-0.040938291,-0.104168598,,0.044278711,1.295407615,20.92572082,3.05175585,0.221339193,19.44749629
2487,2016,-0.938610662,-0.137318255,-0.425360514,1.082269419,1.333672161,-0.08806759,0.696603019,0.005081442,0.00315749,14.77979824,0.665959398,0.004027029,1.591304178,-2.573601135,0.32588141,0.260309735,0.260309735,0.217552286,0.248098055,0.065699347,0.120122284,,-0.085696097,1.674749555,21.80560421,2.232651545,0.13099009,20.89652689
2487,2017,-0.89119171,-0.272020725,0.149857267,0.94982713,1.069288593,0.122839297,-0.19960001,0.01052887,0.006388441,14.56824616,0.849480851,0.005054814,-0.445400713,-2.115845623,0.346608453,0.761722523,0.761722523,0.634202822,0.740076435,0.067855319,0.059023279,,,1.665455095,21.87125647,2.14396854,0.147975193,20.95387394
2492,2017,0.873056995,-0.422279793,-0.274404718,1.294182486,1.508301052,0.686570564,-0.189155627,0.013657803,0.010806517,14.62912303,0.556174784,0.006758601,-0.932147979,-2.024293537,0.046987542,0.049636742,0.049636742,0.061491467,0.033197732,0.100345337,0.397709043,,0.020781816,1.360775175,21.26267471,2.484981641,0.441628014,19.93511989
2497,2016,0.628432956,0.121163166,0.072298478,1.694003439,2.041134123,0.393695936,-0.037588046,0.022652781,0.016333903,16.21348139,0.256969495,0.00647904,0.680519754,0.212914832,0.150889465,0.327348476,0.327348476,0.372281323,0.38995827,0.165357899,0.237460762,,0.029357261,1.560822918,22.27947424,1.407082823,0.211801001,21.25591097
2497,2017,-0.82642487,-0.080310881,-0.347146402,1.373646123,1.037917536,0.317865478,-0.00292372,0.015803853,0.010148643,15.64280488,0.486016757,0.005842393,-0.713717144,-1.838330327,0.278522933,0.151863502,0.151863502,0.183531494,0.234418617,0.171214052,0.395094645,,0.023697068,1.74823894,22.4375151,2.012954282,0.168894813,21.58887323
2497,2018,-0.575980392,-0.803921569,0.304853862,1.219093709,0.659816615,-0.099338114,-0.114296887,0.00558407,0.003434843,15.63492764,0.521677571,0.000614638,-1.014731625,-2.640859357,0.189724271,-0.177578832,-0.177578832,-0.211305854,-0.213059456,-0.043765267,-0.156652222,,0.022929722,1.606346642,22.39276324,1.99270215,0.181410064,21.41849737
2498,2016,-0.670436187,0.718901454,-0.397438205,0.710291787,0.472409921,-0.150107077,0.196104667,0.014070265,0.009883102,16.15231495,0.445681095,0.005403801,-1.785529709,,0.148567367,0.164005037,0.164005037,0.165282818,0.130926937,0.068082852,0.186749027,,0.008658482,1.501323052,22.64650094,2.344737955,0.059042388,21.54964961
2498,2017,-0.18134715,0.471502591,0.336543362,0.937859286,1.682686034,0.382158988,-0.541771548,0.012207677,0.00837384,15.92183924,0.573389139,0.005890381,2.294395656,,-0.009325404,0.045699521,0.045699521,0.019965051,0.029043714,-0.173548501,-0.607430998,,-0.139601396,1.188515469,22.45588689,5.539637416,0.071297204,20.61460666
2498,2018,-0.102941176,0.512254902,0.562321248,1.020469633,0.940548229,-0.166289818,0.164920512,0.027363712,0.023249339,16.2414869,0.44519577,0.00547934,-0.118840131,-0.522827978,0.009407308,0.133252441,0.133252441,0.066457061,0.079583752,0.282498999,1.097853423,,-0.05055702,1.350354888,22.70469741,3.74044884,0.057469764,21.3555213
2498,2019,0.625,-0.497596154,-0.23619229,1.041588215,0.883784764,0.049053042,0.229905272,0.029274605,0.022524402,16.40996619,0.419059417,0.009564,0.106688297,-1.376155318,0.049808222,0.270967936,0.270967936,0.231653713,0.213072113,0.123786304,0.056440555,,-0.367451666,1.322585996,22.82140102,3.757974843,0.050016443,21.41042659
2505,2018,0.066176471,-0.375,0.125143357,0.667114802,0.730977152,0.251042219,-0.271292488,0.00371906,0.001409628,16.19422529,0.502731155,0.001567998,1.608513614,,0.748566237,-0.091029627,-0.091029627,-0.003473737,-0.081012236,0.011614327,-0.097189107,,0.191336223,2.077699264,23.32918968,1.206991975,0.187685276,22.67275698
2505,2019,-0.269230769,-0.608173077,-0.019723831,0.972839047,1.050727486,0.238771347,-0.060563573,0.006105207,0.002612992,16.40887988,0.472217867,0.00737796,0.443376641,-2.029258366,0.74503991,0.324967927,0.324967927,0.163177359,0.301851215,0.157322654,0.29306481,,0.030751799,2.378327315,23.47529896,1.09947356,0.158676551,22.9297722
2506,2017,0.613989637,-0.813471503,0.406649663,0.550748198,0.31600235,-0.172437316,0.223408801,-0.007871456,-0.00172637,16.7617001,0.242178734,0.000965547,0.664841137,,0.259535794,-0.163441345,-0.163441345,-0.132636917,-0.128435606,-0.050412774,-0.074144143,,0.041056311,4.215652932,23.64395503,0.862373994,0.197041938,23.37318097
2506,2018,-0.107843137,-0.860294118,-0.615730545,0.489105041,0.11870496,-0.548318716,0.336137108,-0.0129969,-0.003157964,16.98123658,0.199764975,-0.009526792,-0.166959518,,0.606942554,-0.36821305,-0.36821305,-0.356584487,-0.379758997,-0.269723482,-0.343021805,,0.064195082,3.187019571,23.329623,0.700442217,0.329880962,22.95307652
2506,2019,0.430288462,-0.788461538,0.313229523,0.890453894,1.100475984,-0.598487452,-0.447855836,-0.017764865,-0.005526806,16.71304875,0.234701914,-0.004774606,-2.831583245,,0.284137082,-0.3660169,-0.3660169,-0.359603008,-0.356796324,-0.184248634,-0.24982512,,0.049649661,2.71048911,23.12597733,0.966002623,0.25814879,22.66562759
2512,2016,-0.964458805,0.773828756,-0.407399196,0.393814295,-0.26482811,-0.957312527,0.157444549,0.008467927,0.003793251,15.99906327,0.351018054,-0.012674181,-0.007122329,-1.148839802,0.650034784,0.077913304,0.076736484,0.220508401,0.13708688,0.000887373,0.040241205,,0.041397332,2.531585879,22.69244299,0.672591691,0.059812577,22.18990078
2512,2019,-0.115384615,0.90625,-0.267197594,1.088847662,1.485681436,-0.333080436,0.608561453,-0.018628428,-0.005770803,15.11949428,0.403571155,-0.029124771,1.02932655,,0.720980277,0.169523949,0.169523949,0.087708055,0.172561425,-0.181720233,-0.170920995,,0.061062165,3.407279778,22.13840361,0.883935582,0.088492246,21.79098674
2514,2016,0.935379645,-0.789983845,-0.292315027,0.795955945,0.65723734,0.14909318,0.125885737,0.020026812,0.012557358,14.80256483,0.359188304,0.025094341,1.532097797,-1.080610218,0.299043699,0.436712803,0.436712803,0.457227801,0.607120759,0.113046698,0.420323825,,0.025732865,1.845509707,21.23887349,1.043312284,0.261483084,20.45830236
2514,2017,-0.904145078,0.020725389,0.034328975,0.466913757,0.625041602,0.293159762,-0.331926951,0.035367587,0.019468903,14.64538237,0.414230027,0.023894333,0.562934667,-1.805859405,0.305875368,0.096407345,0.096407345,0.069365831,-0.01911091,0.029890334,-0.078831795,,0.058602247,1.694282034,21.26832582,1.351418402,0.275912346,20.37618973
2514,2018,0.524509804,0.161764706,-0.353389264,0.938738591,0.525287551,-0.018737499,0.07187749,0.010158512,0.00560221,14.53584024,0.502226698,0.001023071,-0.806350957,,0.396643393,-0.475556276,-0.475556276,-0.326561713,-0.361710803,0.014918486,0.053621045,,0.045367183,1.740358937,21.28313412,1.30989207,0.251560228,20.42842258
2514,2019,-0.867788462,0.824519231,0.048705544,0.815152911,1.366233948,0.300134676,0.206545406,-0.015626834,-0.009016221,14.29131466,0.562430683,0.003053069,-2.868167361,-1.827359521,0.40222857,0.508310081,0.508310081,0.361955475,0.543320375,-0.198814102,-0.011327107,,0.041240158,2.105067744,21.06147184,1.105684619,0.165525775,20.41703083
2520,2018,0.992647059,0.705882353,-0.094803923,0.941816416,0.556266381,-0.097734967,-0.023464175,0.010898111,0.005488737,15.09800005,0.776866588,0.008577732,-1.037029516,-1.796084313,0.74944226,-0.177905712,-0.177905712,-0.155126015,-0.213809841,0.113502845,0.196156209,,0.021390586,2.156745601,22.53536208,1.297184354,0.450657065,21.91237221
2520,2019,0.060096154,0.194711538,0.14037774,0.731302636,0.584549933,0.114380423,0.054824241,0.011698347,0.005422576,15.12825489,0.771908462,0.011071489,-1.824685899,-2.713931055,0.696592893,0.07178967,0.07178967,0.077696953,0.119992853,0.02594169,0.019505936,,0.018425155,2.141208372,22.560973,1.189250135,0.489598016,21.93169034
2523,2016,-0.673667205,0.43457189,-0.16387873,0.09915911,0.626688964,-0.384646676,-0.289637435,0.014483417,0.009345376,15.31178362,0.479358292,0.003830576,0.456342445,-2.135547875,0.278981219,0.167653526,0.167653526,0.188482357,0.126423508,0.147036453,0.203189421,,0.039264315,1.621642757,21.98872699,1.93640911,0.114655292,21.02989761
2523,2017,-0.670984456,0.707253886,0.077604217,1.019337177,0.778968699,0.19770259,-0.056400407,0.012479689,0.007731136,15.31707785,0.488943462,0.003191131,-0.764154204,-1.913457605,0.227660138,-0.074753978,-0.074753978,0.006953254,0.017539126,-0.02055848,-0.035035923,,0.030203742,1.606877634,21.96795424,1.968780888,0.119203547,20.9942332
2523,2018,0.24754902,0.551470588,-0.27112724,1.08164754,1.153265575,0.348450874,0.174920331,0.005565406,0.003455215,15.17098735,0.569141865,-0.002109002,-0.370006334,-4.064099869,0.329844898,-0.067733171,-0.067733171,-0.109251944,-0.134188576,0.117469002,0.270169922,,0.014739905,1.752184865,22.07902055,1.7910249,0.106312259,21.23338389
2524,2016,0.770597738,0.806138934,-0.478345906,1.036745408,1.491842479,0.098331896,1.652728471,-0.01827661,-0.009194701,14.97832212,0.250878849,-0.004778782,0.205659098,,0.240236377,0.40312979,0.40312979,0.296546848,0.445089861,0.549340153,0.934008828,,0.02453484,2.7626866,21.63858709,0.537755356,0.312235941,21.1892226
2524,2017,0.968911917,0.580310881,0.061683805,1.008850831,0.997132568,-0.545392203,0.247532677,0.013641555,0.004978875,14.70547888,0.402306726,0.002122075,-2.037511024,-0.220371555,0.454669226,1.169157203,1.169157203,0.810284487,0.614710714,-0.025255969,-0.215131817,,0.0365739,2.056544194,21.61300672,0.674746978,0.268946655,20.94698311
2526,2016,0.140549273,0.418416801,-0.271682036,0.99423785,0.68526762,-0.809163191,-0.160909779,0.014041648,0.010096908,14.97614759,0.610080371,0.014241092,-0.080496521,,0.171174575,0.954171578,0.954171578,0.777817943,0.763542651,0.251313591,-0.035925399,,0.026530007,1.277415036,21.85254005,2.824910593,0.139229795,20.32546095
2527,2019,-0.641826923,-0.78125,0.51768298,0.837303118,1.10305285,-0.176701114,0.009224882,0.010407178,0.005437982,14.85202308,1.173512344,0.008651585,0.388262773,,0.411793553,0.197338025,0.197338025,0.180415763,0.205366991,0.022237733,0.01848494,,0.014751561,1.923877089,22.58606678,1.572732646,0.09159762,21.85254808
2529,2016,-0.49273021,-0.43457189,-0.38066915,0.660627384,0.360405721,-0.793257522,-0.408539574,0.008257719,0.00682408,14.98474916,0.4986985,0.011933297,0.357892179,-1.464862971,0.104174812,-0.004558042,-0.004558042,0.106003933,-0.034090667,0.106276587,0.632649063,,0.046943299,1.311854791,21.46145173,2.534218445,0.184685399,20.02479211
2529,2017,-0.093264249,-0.406735751,-0.278406471,1.235335787,0.910421231,-0.543224731,0.545825099,-0.006178574,-0.004668738,14.32098235,0.944778864,-0.003739319,-2.389969988,-1.700926835,0.184516076,0.003299583,0.003299583,0.182568462,0.290461655,-0.095297472,0.058284871,,0.035115674,1.385187277,21.36130264,1.587987384,0.329248246,20.08144166
2530,2017,-0.821243523,0.0,0.055123876,1.20086514,0.110707193,-1.843743627,0.068322156,0.017052365,0.014208321,14.94196202,1.395937549,0.010291759,1.084736604,-3.544782805,0.005848328,0.199851216,0.199851216,0.234952943,0.290226013,0.052746707,-0.05360179,,0.010811563,1.176954258,22.37203798,3.320755476,0.103670297,20.47724401
2532,2017,0.546632124,-0.492227979,0.374201368,0.965113934,1.030593027,0.111465277,-0.041054378,0.0265188,0.018450197,14.58517537,0.666066307,0.010305118,0.996456886,-1.895489598,0.159653764,0.026691925,0.026691925,0.025120068,-0.007317618,-0.044783501,-0.098166478,,0.01549225,1.431533378,21.4065391,1.311374064,0.337164849,20.20738252
2533,2018,-0.066176471,-0.656862745,0.059544845,0.940902139,0.796991611,0.01753169,0.123553253,0.013045517,0.007582926,14.79699688,1.050448924,-0.007449254,2.892152022,-0.804821623,0.556363208,0.092008252,0.092008252,0.086312295,0.082239878,0.355901428,0.376382039,,0.027381136,1.816207375,22.54895261,1.779711223,0.192879098,21.74911532
2534,2017,-0.341968912,0.805699482,0.01630046,1.034243303,1.739576478,0.653307413,-0.301608834,0.014470776,0.005936678,15.30714827,0.742436095,0.020110459,0.12731787,-2.910921384,0.705709222,0.014714053,0.014714053,-0.011085589,0.035893204,0.072984628,0.094102003,,-0.006867128,2.539298723,22.87070175,1.458363937,0.118085778,22.37014074
2534,2018,0.107843137,0.583333333,0.245699628,0.917816077,1.047783671,0.552141407,-0.007225785,0.026588036,0.01051095,15.49842213,0.641502357,0.012743927,1.565089711,-1.404041322,0.615755114,0.40762164,0.40762164,0.375608424,0.361838617,0.15914323,0.253008865,,-0.027199593,2.900895467,23.01838289,1.279544828,0.154817204,22.59568849
2534,2019,0.360576923,0.699519231,0.852524499,1.160013801,1.096084273,0.368529775,-0.016386219,0.050187546,0.018088342,15.90092796,0.459053988,0.008175654,-0.343921286,-2.863456293,0.35817641,0.175530764,0.175530764,0.189782479,0.152576963,0.106071674,0.115823095,,-0.024580886,2.950339611,23.11919759,1.203703852,0.081803451,22.70528082
2535,2016,0.925686591,-0.709208401,-0.298788402,1.115046811,1.053530225,0.100619398,0.233976952,0.00505286,0.002103245,14.73421344,1.204344045,0.012589133,-0.740836848,-1.485613397,1.84110027,0.46500241,0.46500241,0.367573996,0.387809194,0.123773761,0.200676027,,0.042731878,2.559838148,22.77744052,1.019749433,0.245244358,22.28207855
2537,2018,0.218137255,-0.852941176,-0.241439438,1.068359191,1.415248298,-0.293463981,-0.324594219,-0.010422985,-0.007603596,15.93097558,0.700234848,-0.004812179,-2.615121931,-1.955752812,0.236966627,-0.058066204,-0.058066204,-0.005064571,0.026973715,-0.269574023,0.126904065,,0.005705494,1.644654807,22.57612603,1.98872168,0.141914885,21.63955522
2537,2019,-0.78125,-0.788461538,-0.074849023,1.290296551,1.164303984,-0.42596973,0.762930329,0.01183815,0.006924789,15.90628311,0.495901379,0.002454053,1.873819418,-1.374669262,0.319341785,0.467071129,0.467071129,0.428129724,0.490664749,0.147219652,0.240403479,,-0.004261335,1.73553176,22.71346735,1.872070774,0.135337495,21.85499194
2539,2017,-0.585492228,0.261658031,0.10636211,1.04480431,0.960630522,0.358360317,0.357693712,0.014577372,0.004730128,14.84744395,1.13820505,0.014118631,0.271789071,-1.774700395,1.765593492,0.161661041,0.161661041,0.160929092,0.171325852,0.033280404,0.041738104,,0.021908856,3.179664413,23.04769911,0.781266539,0.372726607,22.67009438
2539,2018,-0.620098039,-0.926470588,0.494705586,1.01055255,1.380855837,0.766731992,0.020919738,0.019476051,0.006332416,14.9460888,1.069791286,0.012558692,0.053834247,,1.048008828,0.036892205,0.036892205,0.011503771,0.028374129,-0.020089628,-0.046539517,,0.022748762,3.002987171,23.02740495,0.772811311,0.371725948,22.62243708
2539,2019,0.959134615,0.362980769,0.276041423,0.971799608,0.728922373,0.008876959,-0.228240463,0.047766847,0.016280403,15.50311169,0.648531515,0.033145778,2.227251879,-2.136558166,1.012830512,0.361383248,0.361383248,0.313977221,0.316849121,0.190760993,0.226124141,,0.028128169,3.192916508,23.20199754,0.775618176,0.337046314,22.82629517
2540,2016,-0.192245557,-0.273021002,-0.266667153,0.686652448,0.634259842,0.03298576,0.076376692,0.023526248,0.021504315,15.42593703,0.70928555,0.022533132,-0.204296675,-1.500102236,-0.026307751,0.104028681,0.104028681,0.109238312,0.130035978,0.57354471,0.60012475,,-0.035531652,1.098647324,22.38003171,8.057974078,0.205369444,19.96974782
2540,2017,0.632124352,0.396373057,-0.042848539,0.91220418,0.839875866,0.044885894,0.333944721,0.019486379,0.017788269,15.23135429,1.184759613,0.017054454,-0.228686501,-0.436591623,0.016655023,-0.136408812,-0.136408812,-0.110713878,-0.137912656,-0.019925794,0.126957752,,0.005609705,1.115133748,22.35990472,6.675306899,0.209553061,20.08926957
2540,2018,-0.509803922,0.083333333,-0.052265264,0.961642194,0.947850797,0.045961011,0.403487089,0.015321619,0.013685245,15.16744138,1.191212355,0.012440331,2.000430443,,0.015132917,0.041794127,0.041794127,0.046049288,0.073663174,0.022816048,0.13367042,,0.03158818,1.129224633,22.38246437,6.192892199,0.234084111,20.21473009
2540,2019,-0.033653846,0.125,0.163680809,0.903969757,0.649437184,0.170599805,-0.193823184,0.020121243,0.017964309,15.29891682,1.07095465,0.020687823,-0.438943499,-1.018098219,0.089186713,0.792952108,0.792952108,0.786125899,0.849574418,0.056364481,0.327894403,,0.031376131,1.168021814,22.43729765,4.757778561,0.266191655,20.49832463
2542,2016,0.075928918,0.767366721,-0.564572575,1.354075284,0.996155602,-0.419840436,0.07912072,0.01428745,0.008003585,15.49977888,0.652230112,0.011769165,-0.081632762,-0.256529641,0.811303672,0.535351158,0.535351158,0.562784421,0.60323185,0.345520348,0.631772844,,0.0232909,2.167232888,22.80750077,1.410810969,0.16088169,22.18868547
2542,2017,-0.880829016,0.857512953,-0.16494041,1.079834984,0.698207953,0.158163765,0.255679606,0.014625889,0.006877256,15.32066532,0.851524932,0.00778417,-1.284408388,-2.642131158,0.696789288,0.229764218,0.229764218,0.251018385,0.291185289,0.056484773,0.040503786,,0.030325779,2.129631631,22.86244791,1.521132556,0.139797702,22.22839048
2542,2018,0.681372549,0.424019608,-0.254157151,0.938991642,0.508377551,-0.299622672,0.555822913,0.013874612,0.006576945,15.34834158,0.879640866,0.008168357,1.590606488,-2.691179845,0.824966735,0.162320795,0.162320795,0.140183154,0.155934137,0.118911018,0.176978543,,0.02469787,2.262253738,22.97480382,1.488950144,0.126703651,22.39134108
2542,2019,0.016826923,0.088942308,-0.120726673,0.879954944,0.945426014,0.287715368,0.397983343,0.013326694,0.005924182,15.28615792,0.973323441,0.009459404,-2.312812248,-1.127568462,1.185484637,0.2111581,0.2111581,0.247386506,0.247615632,0.081018776,0.156160405,,0.025494225,2.479832436,23.05270773,1.686100756,0.105077108,22.5364456
2543,2016,0.799676898,0.441033926,-0.225677713,0.891379492,0.741824828,0.251789569,-0.123765617,0.031697206,0.016715508,15.89452924,0.388594261,0.020378579,0.027045125,-0.671569398,0.310992519,0.227862131,0.227862131,0.235314686,0.263727763,0.239222933,0.330169351,,0.030851442,1.958573821,22.63457556,1.174563213,0.165903718,21.9200503
2543,2017,-0.909326425,0.75388601,-0.088065094,0.899488388,0.727701289,0.589835071,-0.59611636,0.038089372,0.019361289,15.65936075,0.544496219,0.027919659,-0.503605557,,0.293761398,-0.056645542,-0.056645542,-0.083006985,-0.143138382,-0.026603272,-0.154271672,,0.022129408,1.739834422,22.60761202,1.353041122,0.176154417,21.7524932
2543,2018,0.884803922,0.632352941,-0.191257519,1.055148257,0.465526665,0.12588817,0.217110076,0.035447365,0.019227061,15.53228933,0.680071607,0.02430298,0.889515825,,0.279086057,-0.176894341,-0.176894341,-0.162773146,-0.135770303,0.086466861,0.14615937,,0.00738013,1.813551441,22.69054304,1.240577001,0.152360239,21.88890987
2543,2019,0.033653846,0.620192308,-0.029512458,0.84457409,0.539041431,0.21277182,0.119269587,0.036886447,0.02093811,15.45597848,0.795956162,0.03276564,0.852437804,-1.025880855,0.474695043,0.347894643,0.347894643,0.344314725,0.486947674,0.21110675,0.367881018,,0.036252772,2.027020818,22.88207765,1.18502172,0.115241662,22.20217272
2544,2016,-0.499192246,0.741518578,-0.408981619,0.845007892,0.345663756,-1.357027041,0.227607164,0.011211367,0.003890654,15.98435157,0.183729572,0.004883535,1.332922041,-0.316287199,0.462168086,0.645050886,0.645050886,0.639549831,0.643328107,0.685099535,0.699707791,,0.027288999,2.844019727,22.56798317,1.502804714,0.094651681,22.13471254
2544,2017,0.227979275,-0.766839378,-0.057074338,1.142294212,-0.033567956,-2.484712885,0.954433467,0.007063588,0.002341085,15.64646176,0.350069804,0.004391501,-2.172475845,-1.663695726,0.615508945,0.073873241,0.073873241,0.045657447,0.064204175,0.191625193,0.307707049,,0.035947861,3.46677233,22.74330125,1.241310434,0.088009767,22.4029878
2544,2018,0.095588235,0.044117647,-0.001220989,1.256546969,0.944931711,-1.168803152,0.146374382,-0.00012557,-3.45e-05,15.73818424,0.318148102,-0.007676228,0.51206838,-4.866137547,0.625874424,-0.054555557,-0.054555557,-0.048515564,-0.052495146,-0.011603377,-0.020751536,,0.024452787,3.389388037,22.73163003,1.348923344,0.08523552,22.38201793
2544,2019,-0.963942308,-0.757211538,0.001157305,1.034062904,0.923828885,-0.795199302,0.225262781,0.016767725,0.00491615,15.86781813,0.335607219,0.00267516,0.575598404,-3.860792508,0.383768502,0.138753431,0.138753431,0.123729487,0.107105406,0.183482346,-0.015498835,,0.014028475,2.41799928,22.90009126,1.664062219,0.067363717,22.36639773
2545,2016,-0.728594507,-0.28917609,-0.516085939,1.179748688,0.606773629,0.092146118,0.008520249,0.00737843,0.004773996,15.08387263,2.001024221,0.007115775,1.946727786,-3.850485204,0.566155065,0.232460991,0.232460991,0.122941137,0.154502939,0.012869618,-0.01168474,,0.031025026,1.541968848,23.12713256,1.195625729,0.187387112,22.08152574
2545,2017,-0.502590674,-0.461139896,0.054596549,1.059697587,0.712762836,-0.110240047,0.472021933,0.008170476,0.005272887,15.32869201,1.643576452,0.004387082,1.184233479,-2.28424706,0.445919966,0.367675058,0.367675058,0.365171112,0.442959639,0.074720837,0.084486478,,0.024401071,1.549600157,23.19919351,1.375999288,0.198751317,22.16263232
2545,2018,-0.985294118,0.862745098,0.210696081,1.020013598,0.752330715,0.078209944,0.716656847,0.008009376,0.005201354,15.70101172,1.189250421,0.005691537,-1.123962423,-2.483194177,0.315254251,-0.127614263,-0.127614263,-0.062054607,-0.066869276,0.01368702,0.027439285,,0.01393195,1.561241073,23.2127877,1.522884062,0.212481916,22.18970189
2545,2019,0.014423077,0.927884615,-0.026696449,0.655576195,0.211324242,0.105841542,-0.230891642,0.008971613,0.00572902,15.92638027,0.940180344,0.005789963,0.266377386,,0.142894336,0.055225167,0.055225167,0.003491795,0.054750279,-0.031621967,-0.109779131,,0.023877968,1.493585527,23.18065497,1.718212266,0.188612132,22.07341621
2551,2017,0.17357513,-0.984455959,-0.179807037,1.14960922,1.291923186,0.123427615,0.002612777,0.010156202,0.006655424,14.64136444,1.217385514,0.015719758,-0.820484262,-1.07122061,0.406130864,-0.257518444,-0.257518444,-0.237407107,-0.25250271,0.180987543,0.49124596,,0.004557886,1.715042422,22.29727659,2.482077221,0.055545813,21.42242537
2551,2018,0.316176471,-0.975490196,0.684385254,0.550881642,1.175166232,0.723187157,-0.943739111,0.009205012,0.005458781,14.88481393,1.068862739,0.01039636,-1.160802369,,0.138874424,0.214759761,0.214759761,0.079437853,0.087180461,0.030338345,-0.263655959,,0.001179891,1.424420107,22.32716383,2.218025546,0.05699796,21.11636754
2551,2019,-0.617788462,-0.975961538,-0.38095446,0.938543401,1.057525324,0.373549982,-0.357641353,0.026271436,0.018373139,15.1061288,1.002819646,0.025266881,2.925414949,-3.540279855,0.145912082,-0.097536741,-0.097536741,-0.019385863,-0.083005601,0.020520693,-0.105545337,,0.003738926,1.353459476,22.34747681,2.704778084,0.06638261,21.00482648
2552,2019,-0.990384615,0.576923077,-0.205111409,0.937685863,1.086528941,-0.187219154,0.080182277,0.004373196,0.003956833,14.9297485,0.221552569,0.000916223,0.004526667,-1.038040853,0.014081877,0.129207366,0.129207366,0.087742899,0.096944688,0.067190859,0.574754559,,,1.159844817,20.4804912,4.977734006,0.268013843,18.49865315
2553,2018,0.213235294,-0.080882353,0.054068681,0.9687748,0.698426824,-0.105232702,0.110269067,0.022734428,0.019642471,14.04949461,0.554897699,0.013082793,0.141325448,,0.033163622,0.014677158,0.014677158,0.006437391,0.036273871,-0.047489309,-0.351110956,,,1.123281588,20.46551359,5.198236826,0.255884611,18.25597499
2553,2019,0.742788462,-0.247596154,0.651901753,0.591364267,0.371223325,0.165415928,0.099226419,0.030627475,0.02712869,14.58955372,0.377091954,0.009168223,2.85800363,0.212194649,-0.013704451,0.48931224,0.48931224,0.429834112,0.376697374,0.695032846,1.336360139,,0.534187543,1.178239922,20.99321571,4.155826867,0.168890944,19.10456922
2554,2016,0.240710824,0.424878837,-0.472269398,0.962801861,0.71450572,-0.409086876,0.17395828,0.011120593,0.005434541,14.93423762,0.741428604,0.015014465,-0.406057684,-3.434909134,0.762380119,-0.107777796,-0.107777796,-0.067328554,-0.088269185,0.051890653,0.105210363,,0.019950675,2.145363501,22.30187561,1.316199034,0.094386074,21.67428867
2554,2017,-0.727979275,0.901554404,0.138964358,1.186564254,2.112172909,0.543960933,-0.212462485,0.006282039,0.003099056,14.70958069,0.903664078,0.030306421,-2.921119944,,0.498401078,0.34438309,0.34438309,0.248143448,0.318833551,-0.1568191,-0.12828835,,0.028265272,2.231860869,22.13130186,1.70047194,0.114508097,21.53699208
2554,2018,-0.62254902,0.536764706,-0.324673501,0.971302971,0.970498405,-0.212711092,0.579618539,-0.013944085,-0.006434649,14.61488356,0.814731703,-0.030458283,1.753779122,,0.739264471,-0.58938296,-0.58938296,-0.482077084,-0.556301173,-0.079134394,-0.087764738,,0.021768292,2.206388144,22.04886069,1.364353507,0.124532103,21.44513472
2554,2019,0.911057692,0.961538462,0.130561697,0.824494552,1.271130484,0.625295107,0.216773312,-0.025583589,-0.011632721,14.59507715,0.832465397,0.003206121,-0.426100427,,0.343957051,0.546415599,0.546415599,0.198314359,0.223402822,0.031751327,-0.259339061,,0.03515952,1.646114753,22.08011836,1.974204843,0.124475473,21.14492239
2556,2018,0.904411765,0.161764706,0.495560028,0.670005123,1.045757306,-0.227773746,0.22003498,0.013555263,0.004166471,15.34096172,0.591567871,0.01120144,2.098538291,-2.553875099,0.73014414,-0.00991732,-0.00991732,-0.023134494,-0.029160426,0.077719037,0.028193403,,0.015337792,3.009159037,22.9509656,1.189347883,0.109110717,22.5470212
2556,2019,0.807692308,0.002403846,0.293860597,0.950234861,1.115115955,0.397336846,-0.486134414,0.029886348,0.009678603,15.76633962,0.463289283,0.021779146,-2.185368824,,0.481760861,0.11774175,0.11774175,0.103137673,0.106784343,0.183787717,0.122292524,,0.017114398,2.724770799,23.11968483,1.046267886,0.141355704,22.66239469
2557,2017,-0.243523316,0.150259067,0.669217226,0.997685989,0.30042815,0.214043051,0.086430228,0.036118073,0.02527621,16.12232565,0.329895296,0.009027585,3.125090112,,0.07510603,0.060177512,0.060177512,0.039610418,0.025466811,0.019602366,-0.055848601,,-0.010760105,1.373579788,22.23212684,2.404509836,0.235137386,20.93008285
2557,2018,-0.382352941,-0.397058824,1.143529249,1.021090078,0.077191678,0.099536357,0.151407391,0.045266593,0.032799428,16.74147751,0.193097805,0.005413074,2.133032021,-0.978486603,0.043262828,0.154614731,0.154614731,0.117898959,0.147745192,0.114544595,0.168363696,,-0.028583006,1.398813562,22.34057273,2.326584558,0.224972066,21.08568707
2559,2018,0.112745098,-0.301470588,0.083207151,1.169943905,1.070725904,0.271389109,-0.163485746,0.014982953,0.009933579,14.8061276,0.675488832,0.005893689,-1.274944761,-0.566965223,0.2689276,0.012439729,0.012439729,0.025126012,0.039733068,0.371185328,0.540968624,,0.010407242,1.719037881,21.96236136,1.514511521,0.130756377,21.09075536
2563,2018,-0.975490196,-0.700980392,-0.33263754,0.863890347,-0.306615144,-0.120425684,0.431372823,0.033758531,0.024113415,16.62969368,0.710305675,0.001185468,-0.841870366,,0.075550007,-0.302386384,-0.302386384,-0.240563301,-0.282358676,0.017040563,0.178080643,,-0.232772295,1.426093483,23.43529718,2.602062647,0.141108553,22.22726179
2565,2018,0.110294118,0.098039216,-0.347162386,1.446105705,1.290436344,-0.334775421,0.323857074,0.005502769,0.003678772,15.59885117,0.390258274,-0.001226148,-2.853500213,,0.07210467,-0.199179032,-0.199179032,-0.191095812,-0.189324025,-0.121977325,-0.200252968,,0.015916881,1.405679856,21.82132436,2.235838933,0.18814743,20.57861233
2571,2018,-0.958333333,-0.588235294,-0.018573241,1.338317288,1.102006055,0.584428861,0.007860552,0.009757016,0.007728909,14.15579114,1.047682761,-0.002557023,1.071083151,-1.167629949,0.173091601,-0.163919015,-0.163919015,-0.150843788,-0.154351216,0.078591099,0.335614678,,0.049672834,1.337422824,21.39439609,1.601132568,0.232386447,20.01723313
2573,2016,0.880452342,-0.531502423,-0.392578661,1.306141905,0.601628693,-0.759231252,0.633530739,0.054554073,0.020703767,16.74043775,0.249911867,0.011134294,-1.363945308,-2.190680429,0.565320744,0.483040688,0.483040688,0.584941479,0.616277459,0.091553605,0.050866609,,0.050304106,2.5046321,23.23370403,1.371963516,0.391578779,22.72411059
2573,2019,0.913461538,0.689903846,-0.051627834,0.830409926,1.097623415,0.466683895,0.270809206,0.012326848,0.005214994,15.58118706,0.905511202,0.015340427,-1.022009465,,0.660465566,0.352555264,0.352555264,0.338123599,0.34888623,0.126412448,-0.035541769,,0.026741946,1.981976901,23.27705777,1.646994443,0.320074917,22.5747755
2576,2018,-0.924019608,-0.12254902,-0.093866516,1.115178661,1.27257519,0.05750147,0.41644468,0.01018711,0.007346323,14.28469787,0.554046311,0.003160539,0.872218166,-0.890895006,0.093632401,0.124699075,0.124699075,0.079701897,0.083681064,0.154509305,0.439446414,,-0.002252425,1.508353592,21.04431986,2.387604878,0.140965793,19.95672312
2576,2019,-0.223557692,-0.189903846,0.033183618,1.157418328,1.577461491,-0.407653551,-0.045819086,0.027442307,0.018614131,14.46262887,0.497739346,0.015161253,2.459429552,-1.135076464,0.180755067,0.331626681,0.331626681,0.309526609,0.330332689,0.218038447,0.432544139,,0.03583778,1.656666449,21.2415616,2.126370425,0.122217552,20.3161751
2578,2016,-0.570274637,0.670436187,-0.121710098,1.160928636,0.169667044,-0.286439864,-0.163655536,0.004964346,0.004300136,14.7137284,0.605764024,0.001849301,3.180677248,,-0.085926622,0.205293918,0.205293918,0.221030864,0.231955251,-0.001236204,-0.088569888,,,1.13785386,21.24761271,4.960674171,0.348423813,19.13690766
2578,2017,-0.121761658,0.849740933,-0.076414666,0.495991906,0.24097895,-0.096726821,0.119416952,0.005230122,0.004589918,14.48228915,0.769910865,0.001814931,-0.51627512,-2.695037132,-0.069715948,-0.036315184,-0.036315184,-0.046011991,-0.074683603,-0.011739958,0.32858348,,,1.19456239,21.2358033,3.049051761,0.374488641,19.42102098
2578,2018,-0.884803922,0.642156863,-0.047806294,0.681334753,0.790561912,-0.040852423,0.106772519,0.009064478,0.007779069,14.53035849,0.695437428,0.001468127,-0.159744904,-1.073094783,0.046070406,0.094785104,0.094785104,0.071587268,0.104072778,0.056687938,0.305332717,,0.011729942,1.251875313,21.29094273,2.534762508,0.35031574,19.68747895
2578,2019,0.728365385,0.560096154,-0.097564114,1.171068008,1.194865302,0.507030321,-0.395340331,0.014463685,0.011794464,14.92859686,0.472282937,0.003673522,-0.436173666,-2.152803262,0.048147457,0.190369626,0.190369626,0.207926353,0.208767771,-0.030593256,-0.23810422,,0.011474704,1.187831742,21.25987173,3.271613611,0.371779054,19.41553344
2580,2017,-0.479274611,-0.321243523,-0.105198688,1.284140087,1.377417581,-0.087392256,0.288902571,0.00378729,0.002295028,14.34029347,0.713625699,0.002712263,-0.937112284,,0.327242719,0.054612494,0.054612494,0.03789462,0.013124307,-0.006563991,-0.044770245,,0.021948459,1.600805508,21.39118389,3.207412841,0.226685986,20.41119293
2580,2018,-0.955882353,0.308823529,-0.042024477,1.127177891,0.72080197,-0.25247142,0.263300016,0.00525048,0.003255344,14.3091777,0.747479937,0.001993102,0.224511314,,0.181899853,-0.216636037,-0.216636037,-0.222092953,-0.249390562,-0.030496558,-0.101177259,,0.015075228,1.533630736,21.36021263,3.443028839,0.210264804,20.30452349
2580,2019,-0.764423077,-0.293269231,0.260040021,0.761078296,0.885937215,-0.427454936,-0.099615995,0.00745631,0.00497164,14.43984087,0.727600844,0.003235454,-0.090584041,,-0.077800318,0.343921375,0.343921375,0.37273938,0.483002309,0.248643273,-0.055824509,,0.051595149,1.357051322,21.58227021,3.714639495,0.150873432,20.24708026
2582,2017,-0.556994819,0.68134715,-0.172857988,1.087431575,0.618054819,0.387709787,-0.445587298,0.011851242,0.008125221,14.65127369,1.462426392,0.055733272,-0.02265583,-2.447762876,0.277586648,0.088149662,0.088149662,0.089316806,0.069288692,0.080980474,0.266927233,,0.002980847,1.540062934,22.36034899,1.422167864,0.230719819,21.31245611
2583,2017,-0.023316062,0.590673575,-0.002964079,1.440591039,0.242282961,-0.815389586,0.269463263,0.008331237,0.003384591,16.04263795,0.629346512,-0.011361033,0.67452478,-2.649722371,0.814124864,-0.114183561,-0.114183561,-0.0932572,-0.104622277,0.049121372,0.028721867,,0.028047534,2.427981176,23.41406959,1.151286241,0.09472937,22.88327115
2583,2018,-0.071078431,0.590686275,-0.109172634,1.112587237,0.355786311,-1.311633152,0.340948187,0.019548119,0.007927702,15.94676997,0.745055042,0.032156892,-1.531489119,-1.791260175,1.066576977,0.125964915,0.125964915,0.019474977,0.015439298,0.092553249,0.129706546,,0.023709932,2.551901078,23.50258698,1.067628153,0.080343982,23.00522906
2583,2019,-0.307692308,-0.091346154,-0.345070601,1.297172863,0.954081513,0.009065471,0.849800144,-0.006608468,-0.002511739,15.73291103,0.936926572,-0.027327626,-0.453642554,,1.043590882,-0.289412802,-0.289412802,-0.153646272,-0.297837267,-0.158478873,-0.249547603,,0.040843071,2.184948823,23.33004282,1.302702049,0.086912202,22.71815
2593,2016,-0.822294023,0.182552504,-0.361322131,1.050105459,0.808228982,-0.445707705,0.302668454,0.006901258,0.003368148,14.51707284,0.921483715,0.005654554,0.060383565,-1.517648114,1.010520463,0.670683006,0.670683006,0.661635071,0.739985993,0.057519804,0.088533859,,0.027758044,2.182247489,22.12417826,1.365000634,0.179557741,21.51124023
2593,2017,0.388601036,0.388601036,0.14193648,1.018857502,1.396937888,0.386225048,0.170192692,0.009645741,0.004496088,14.30749774,1.158897149,0.004948883,-0.226092028,,0.868901913,-0.131534871,-0.131534871,-0.13880529,-0.147273952,0.003446663,-0.008610173,,0.035636948,2.151682403,22.12761899,1.363800325,0.225733484,21.50259278
2593,2018,0.058823529,0.649509804,-0.102934034,1.074486861,0.974408569,-0.318824406,0.534404483,0.010742875,0.005168167,14.31937819,1.160063738,0.009304822,-0.139622789,-2.74125043,1.07596029,0.032693712,0.032693712,0.036622128,0.054171593,0.047653604,0.069294649,,0.024143413,2.204118232,22.17417199,1.363245654,0.216484048,21.569592
2593,2019,-0.983173077,-0.319711538,0.083116543,0.976117419,1.033772542,-0.001485749,0.261453035,0.013420169,0.006269254,14.36527456,1.13526376,0.014623421,-0.643992999,-2.030884082,1.094807824,0.532118387,0.532118387,0.513741492,0.563494103,0.116688468,0.184000229,,0.028900718,2.376617537,22.28453957,1.349217166,0.192238916,21.73849073
2596,2018,0.990196078,-0.87254902,-0.188441319,1.126720447,1.887001228,0.22401502,0.413587717,0.002108186,0.001149968,15.63931199,0.586568862,-0.001958067,-2.649124801,-5.037075765,0.370703606,-0.201187503,-0.201187503,-0.19420527,-0.213071405,-0.135868588,-0.138133525,,0.044081128,1.923247305,22.53508765,2.108438327,0.086856691,21.80121444
2596,2019,0.576923077,-0.824519231,-0.284798942,0.954381605,1.147025064,-0.06948754,0.552486814,0.004689229,0.002411989,15.57235453,0.556124581,0.000771168,1.778419981,-3.001102952,0.562187916,0.318554971,0.318554971,0.36305017,0.43164323,0.059908947,0.129744063,,0.039256091,2.047817641,22.59327065,1.466784815,0.068417356,21.92320555
2598,2017,0.60880829,-0.248704663,-0.042706362,0.999847952,0.553694037,-0.381964118,0.28064435,0.026172866,0.017388177,14.47449852,0.431036666,0.008207282,0.51325454,-0.353528261,0.255048724,0.206403489,0.206403489,0.219980971,0.195375986,0.202042878,0.588726756,,0.025592034,1.67648781,21.05637085,1.83317695,0.123248916,20.14882898
2598,2018,-0.465686275,0.343137255,-0.108570266,0.863234297,0.983182897,0.169603035,0.067325398,0.025804509,0.015636137,14.33847433,0.510182469,0.007226692,-1.398011256,,0.324586897,0.000900211,0.000900211,-0.015511072,-0.004558314,0.039775653,0.052491077,,0.017355169,1.69047271,21.09537582,1.796180046,0.128955028,20.19998879
2603,2017,0.075129534,-0.808290155,-0.178387675,1.060014502,0.851896842,0.420911955,0.063139274,0.023537861,0.021182617,16.27338968,0.65332924,0.025143614,-0.476550365,-1.068035125,-0.004788227,0.105139483,0.105139483,0.127363721,0.083048684,0.064474067,0.165881887,,,1.12658835,22.90344131,6.730043537,0.282440915,20.71743261
2603,2018,-0.786764706,-0.75,1.698001181,0.334185911,0.497574542,0.258110695,-0.660556174,0.027989174,0.024844505,16.57535469,0.542908204,0.014221227,-0.027763131,-0.897977426,-0.0027128,0.503543278,0.503543278,0.484262613,0.738206833,0.144577621,0.70923839,,-0.00504389,1.201630828,23.03847699,4.093786302,0.263743405,21.2534805
2603,2019,-0.420673077,-0.764423077,-0.079476316,0.693719762,0.23402462,-0.107251638,-0.157675414,0.046759942,0.038690419,17.09248156,0.335549363,0.023553456,0.872010814,0.545210867,0.074711481,0.314076513,0.314076513,0.308103041,0.225971549,0.405293901,2.258668053,,0.011885148,1.636923364,23.37872346,1.577280901,0.233993358,22.43479903
2606,2018,-0.982843137,0.529411765,0.327857804,0.942701698,1.163203596,-0.326578124,0.713089832,0.024382888,0.016225372,14.7434329,0.367607485,0.00468412,0.795939833,,0.0662862,0.705369753,0.705369753,0.456931281,0.500063781,0.045088532,-0.062430765,,0.011187176,1.449055448,21.08245139,2.545485104,0.212093783,19.91093056
2606,2019,-0.90625,0.762019231,-0.078949632,0.931361458,1.284948084,-0.060460605,0.150695305,0.048078508,0.033369741,14.90642899,0.364407806,0.027647459,0.006999984,,0.012065089,0.157650593,0.157650593,0.090198269,0.144163191,0.190491652,-0.149889136,,0.022724597,1.284177117,21.25681777,4.005694479,0.171702506,19.74854205
2611,2018,0.034313725,-0.634803922,0.179621125,0.931265543,0.655194849,-0.618970592,-0.121830277,0.034555062,0.013364976,15.45257424,0.851712533,0.007638671,2.241290834,,-0.146959212,-0.731861178,-0.731861178,-0.734744905,-0.772285406,-0.428317989,-0.727207062,,-0.014456968,1.427566704,22.59275959,2.913712601,0.087851921,21.38714323
2611,2019,0.985576923,0.778846154,-0.01106962,0.967955639,0.666522983,0.116284293,0.168068478,0.019532374,0.013562397,15.56623658,0.758267058,0.013833698,-1.672819944,-1.820736216,0.11619654,0.189443228,0.189443228,0.135297045,0.177742793,-0.000953214,0.253180825,,-0.002937776,1.601781107,22.59180592,2.593326215,0.085903588,21.61282821
2613,2016,0.744749596,-0.340872375,-0.383476539,1.159461481,1.272733968,0.072291642,0.290461221,0.012445739,0.00923074,14.49210545,0.852220663,0.052432937,-1.431324381,-0.519030923,0.11831729,0.418080425,0.418080425,0.31501521,0.416631602,0.090088761,0.261205882,,-0.308012869,1.328020725,21.53733592,3.016224413,0.222144875,20.13896777
2613,2017,-0.313471503,-0.603626943,-0.077605009,1.08171117,1.389810948,0.624813914,-0.290610005,0.005097893,0.003879589,14.32881137,0.996488382,-0.011860163,-0.541988649,,0.03912151,-0.227424796,-0.227424796,-0.2023667,-0.242944239,-0.118547317,-0.229874952,,,1.275190749,21.41115196,3.264531959,0.225341878,19.8777654
2613,2018,0.198529412,0.870098039,0.495907276,1.146814684,0.731091565,-0.821034378,0.533010969,0.007772574,0.006138905,14.36055155,0.943222054,0.002234622,1.625021719,,-0.004210552,-0.041025692,-0.041025692,-0.091417583,-0.089169991,0.013221082,-0.063395379,,,1.249196196,21.42428641,3.682656534,0.199678943,19.81227135
2613,2019,0.382211538,0.8125,-0.185483321,1.335280192,0.838048727,-0.00452064,-0.125785273,-0.001112,-0.000845068,14.58443326,0.750543844,0.000732487,-1.041389823,-0.878045433,0.086215476,0.516770213,0.516770213,0.558398876,0.735475834,0.135702569,0.778527435,,,1.454327357,21.55153787,2.435339274,0.159624815,20.38805709
2615,2017,0.588082902,0.266839378,-0.091287722,0.964408008,1.325341351,0.329638406,0.158397041,0.031195306,0.014594412,14.05488346,0.640413938,0.009065805,0.859293235,-1.52977367,0.703124401,-0.019597677,-0.019597677,-0.028146556,-0.049636462,0.057306705,0.034731685,,0.020844123,2.200175203,21.34472538,1.024981991,0.37242014,20.73865593
2615,2018,-0.541666667,-0.352941176,-0.148656255,0.946585375,1.213342566,0.454698095,-0.13100591,0.022819441,0.0101639,13.96576708,0.768214622,-0.022393436,-1.579128236,-2.65462317,0.648495518,-0.364869621,-0.364869621,-0.266950174,-0.29295102,0.146847301,0.294177304,,0.013758954,2.601235773,21.48174208,1.196508821,0.312351059,20.99653114
2615,2019,0.439903846,-0.665865385,-0.048538111,0.796697831,1.251403756,0.273377535,0.304115363,0.013630145,0.005353144,13.89470463,0.783467137,0.023140171,0.577515973,-1.652776161,0.661509997,0.997335335,0.997335335,0.748227606,0.966172933,0.012598624,-0.012895795,,0.022858413,2.500431702,21.494262,1.306588729,0.29363981,20.98355147
2620,2016,0.993537964,-0.49273021,-0.570997559,1.027951197,2.17734019,0.413210369,-0.099424768,0.017660878,0.009799993,14.93549919,0.765323472,0.020907661,1.295034357,-1.610665095,0.651793216,0.331241261,0.331241261,0.331188368,0.3503714,0.183713163,0.348865448,,0.021148959,1.991297377,22.27376046,1.455579375,0.185324287,21.57623337
2620,2018,-0.892156863,-0.490196078,-0.124579209,1.06060744,1.043476237,0.12372577,0.291814939,0.017191722,0.00793346,14.38574455,1.454782371,0.003805295,-0.402417851,,1.458476519,-0.184722966,-0.184722966,-0.176552821,-0.187443755,0.052024708,0.037724346,,0.022538956,2.137576,22.47076337,1.478074761,0.129695153,21.83999058
2622,2018,-0.004901961,0.191176471,-0.075743353,1.386373499,1.314784511,-0.352099847,0.497355838,-0.001507362,-0.001095403,14.78015217,0.495111098,-0.000532169,1.514728665,,0.156805433,-0.561832734,-0.561832734,-0.458861263,-0.47203859,-0.033316981,-0.003281992,,0.05679327,1.385946196,21.27035378,1.115274638,0.076137476,19.99191339
2622,2019,0.899038462,-0.480769231,0.556093684,1.077629524,1.337733734,-0.02920203,0.245681678,-0.002876442,-0.002095187,14.75734449,0.478348185,-0.000788257,-2.72287931,,0.066700744,0.656924319,0.656924319,0.097166986,0.812726756,-0.188998965,0.059739895,,0.049351947,1.572030606,21.06086783,0.838860399,0.088319124,20.04993688
2623,2016,-0.831987076,0.221324717,-0.375478293,1.135524617,0.965848073,-0.588786813,0.224015056,0.001890459,0.000865056,15.05770298,0.631286887,0.002981414,-0.092128751,-1.019411471,0.796921259,0.145480352,0.145480352,0.131513427,0.154902574,0.081908694,0.153343863,,0.030193501,2.434887322,22.38189367,1.098253135,0.435966207,21.85307951
2628,2018,0.703431373,0.117647059,-0.273412909,1.01899547,1.300720247,0.547132205,0.172296708,0.003866685,0.00165585,14.96719921,0.886273425,0.00542216,1.102588124,-2.383210682,1.01471912,-0.227769601,-0.227769601,-0.221428528,-0.241860558,0.085835046,0.112597568,,0.031176198,2.465140581,22.68715522,1.30645011,0.00615371,22.16685758
2630,2019,-0.471153846,0.901442308,0.067108754,1.279696712,1.852013807,0.408273864,-0.121965929,-0.002003602,-0.000470426,14.64222907,1.398199603,-0.025779323,-2.572445103,,4.220294562,-0.460711713,-0.460711713,-0.31900249,-0.408592373,-0.085824092,-0.031298308,,0.027016955,4.87913937,23.23550196,1.1710381,0.06304925,23.00614643
2632,2018,0.5,-0.240196078,0.213413891,1.15774449,1.117761772,0.083852029,0.198750835,0.034982766,0.025757405,15.21682081,0.485969641,0.00884146,-0.699449139,0.571976485,0.105804815,-0.07456503,-0.07456503,-0.085576736,-0.052860441,-0.059574664,-0.335467631,,0.002608086,1.30276645,21.6923099,2.267440144,0.234918947,20.2330263
2637,2019,0.149038462,0.038461538,0.521954832,1.04601433,1.024806619,0.472529936,-0.069266036,0.048799451,0.023420451,15.48377579,0.662360381,0.031551263,-1.307119209,-1.871582791,0.511079064,0.5356948,0.5356948,0.435891625,0.454904784,0.234788397,0.222032729,,0.018114237,2.022548852,22.84443269,1.453961646,0.182830244,22.16237255
2639,2016,-0.424878837,-0.331179321,-0.301294694,0.737119893,0.758894166,-0.741225378,0.077151548,0.000456261,0.000317026,15.06381094,0.67371867,0.000296899,-2.713630349,-1.745601614,0.3780075,0.330551913,0.330551913,0.333201463,0.374807833,0.074705531,0.26614472,,0.024184576,1.604090124,22.03246171,1.292886905,0.230325182,21.05587313
2639,2017,0.424870466,-0.259067358,0.254442584,0.698751248,1.159963282,0.71809511,-0.105170007,0.001134305,0.00071796,15.13089793,0.643392786,0.000309386,1.804515293,-1.06109848,0.353817953,0.220966097,0.220966097,0.184503504,0.252126881,0.09846454,0.240590483,,0.032949746,1.74009756,22.12637504,1.14062669,0.212276156,21.2714606
2639,2018,-0.74754902,-0.257352941,-0.170653323,1.52015029,1.647011572,-0.002323002,0.102454282,0.005663397,0.003277643,15.27215837,0.54739315,-0.008177545,-0.249745527,,0.375772604,-0.115109496,-0.115109496,-0.052026105,-0.079380655,0.013419982,0.043285189,,0.028051049,1.778896121,22.13970577,1.205897812,0.21002536,21.31383517
2640,2017,0.230569948,0.795336788,-0.452224997,1.005056488,-0.028345174,-1.152068953,0.083136712,0.040532253,0.022964409,16.24562346,0.65566608,0.025112746,-2.187542578,,0.427451394,-0.091608878,-0.091608878,-0.092374626,-0.091977809,0.061506665,0.015717921,,0.028717513,1.648273896,23.26859879,2.252277646,0.027558405,22.33542818
2640,2018,-0.477941176,-0.012254902,-0.228629256,1.15209297,1.507689223,-0.408293336,0.460092699,0.026912448,0.01654864,15.80377947,0.97050189,0.01636575,-2.268653561,-1.353629363,0.586830253,-0.014061144,-0.014061144,0.008636666,0.016321351,-0.214682014,0.032695679,,0.053850295,2.071238024,23.02693222,1.311547765,0.035471144,22.36760073
2641,2018,-0.299019608,0.159313725,0.660204154,0.970846432,0.721062819,0.474933584,-0.543024754,0.03318397,0.018288013,15.41484669,0.66227526,0.006197691,2.460873844,-1.08545714,0.257818935,-0.000416823,-0.000416823,-0.016612207,0.013618298,0.291577972,0.421702302,,0.001600353,1.953382288,22.68906852,1.73519166,0.23630547,21.97176683
2642,2016,-0.046849758,-0.709208401,-0.638943072,1.449874127,0.677724455,-1.497076069,-0.359604309,0.005397659,0.004243686,15.69559302,0.623436554,0.004233609,-3.014232482,,0.232589533,1.225839686,1.225839686,1.055099074,1.559430149,0.283924786,0.995424706,,0.019677048,1.444105204,22.52413266,2.359831251,0.089785529,21.34494897
2644,2016,0.731825525,-0.088852989,0.094615009,1.073434293,0.33752237,-0.118752409,0.193492641,0.014221947,0.008763936,15.4725468,0.256473118,0.004216847,1.283796392,-1.505378292,0.160892616,0.229855771,0.229855771,0.244323303,0.19555892,0.083379029,0.132538644,,,1.67203623,21.57034518,3.136435147,0.062265349,20.65885997
2644,2017,-0.186528497,0.779792746,-0.337677133,0.842107641,0.670515108,0.53093644,-0.396036279,0.011358073,0.006770606,15.25669066,0.336946672,0.003667122,-1.427712816,-2.63457637,0.128735752,0.140135556,0.140135556,0.279389019,0.214127006,0.039897801,0.009184677,,,1.639494842,21.60946761,2.556555311,0.478221846,20.66800272
2644,2018,0.088235294,0.975490196,0.195926604,0.469256364,0.992663957,0.271504656,0.000991264,0.016107695,0.009773567,15.1551698,0.394936927,0.003102511,-1.236061633,,0.031886859,0.053962127,0.053962127,0.047877538,0.033202601,-0.026895848,-0.173790323,,-0.472277014,1.495160101,21.58220345,2.551034782,0.407139292,20.47709603
2644,2019,0.134615385,0.622596154,0.061443516,0.759801499,0.726547905,0.170092522,-0.088993375,0.016930701,0.011191029,15.19471053,0.401962238,0.005026755,0.039495283,,0.025232055,0.177602073,0.177602073,0.169847511,0.195888231,0.049144858,0.151257707,,-1.036429957,1.570865999,21.63017887,2.137306987,0.438554591,20.61795103
2645,2017,-0.577720207,0.329015544,9.95e-06,1.098715169,1.325320168,0.257288462,-0.228230394,0.023859841,0.016886004,14.74901244,0.71577914,0.010969687,-0.006697697,,0.096333365,0.280554508,0.280554508,0.277298432,0.298441497,0.020705229,-0.129451323,,-0.031641595,1.335000455,21.65330115,2.237562444,0.168973322,20.27074613
2649,2017,-0.712435233,-0.772020725,-0.02820863,1.134356998,0.714551202,-1.061912965,0.164925113,0.028553095,0.0208906,15.04561766,0.69226539,0.009312173,-0.883842264,-0.51256517,-0.118365946,0.382518437,0.382518437,0.366993731,0.42264833,0.308921258,0.723844062,,0.008119989,1.499666295,22.08663824,3.171458802,0.082857985,20.98758082
2649,2018,-0.661764706,0.473039216,0.038238754,1.180313706,0.857972421,-0.822806514,-0.375970776,0.024351938,0.016271377,15.18899978,0.688921432,0.001444893,-0.27820681,-1.890966928,-0.103968363,0.143330564,0.143330564,0.149156644,0.176145235,0.130094107,0.193743063,,0.001577555,1.543092172,22.20893915,2.833774259,0.073652107,21.16467462
2649,2019,-0.074519231,0.798076923,0.135490538,1.142521608,1.185013908,-0.242675507,0.087559506,0.029863207,0.019710071,15.32101048,0.661860838,0.010096993,1.487129631,,-0.120282838,0.233443167,0.233443167,0.221855611,0.172909379,0.028485051,-0.116240454,,0.047055031,1.433537783,22.23702605,3.656099748,0.069766495,21.04110436
2651,2018,-0.053921569,-0.431372549,-0.010995487,1.061400073,0.851569942,-0.284345476,0.296888096,0.014260295,0.011751126,14.72290202,0.86614969,0.013035181,2.027456378,-5.340094942,-0.062964474,0.000122251,0.000122251,0.010519602,0.045094651,0.063714715,0.051827079,,,1.231404393,21.72650273,4.076727146,0.05755226,20.05475895
2659,2016,0.176090468,0.919224556,-0.124275781,1.029260571,0.570811561,-0.031100825,0.199604018,-0.012714174,-0.007189114,15.25375885,0.566650423,-0.006978828,2.407998909,,0.214190926,-0.613511321,-0.613511321,-0.415012749,-0.487039959,-0.285619106,-0.484000869,,0.036689477,1.475511201,21.8815519,0.322867872,0.429874488,20.74918255
2660,2018,0.642156863,-0.634803922,0.204388324,1.113121668,0.961463947,-1.007228669,0.079028879,0.037253566,0.014467073,14.38512551,0.341039676,0.004184685,1.802936047,,0.3470353,-0.007177889,-0.007177889,-0.041073309,-0.021979728,0.108649793,0.093528497,,0.085966263,2.410280512,21.16836228,1.111667384,0.235945669,20.63240777
2664,2019,-0.079326923,-0.408653846,0.17540182,0.87648002,1.204549742,-0.416745837,-0.124852537,0.021974763,0.012271397,15.55005664,0.485365793,0.009102417,0.977475904,-0.046875352,0.452375959,0.395638332,0.395638332,0.402406076,0.469135857,0.45830981,1.026357862,,-0.004743447,2.359769152,22.61497984,0.784219679,0.122814472,22.06373098
2667,2016,-0.764135703,-0.308562197,-0.447521058,0.664202682,1.284841137,0.074898598,0.057089964,0.01177755,0.010282199,14.16264314,0.546002769,0.0093819,0.949501912,-2.006286338,0.018242833,0.296056596,0.296056596,0.458821346,0.470476217,0.034342186,0.075464413,,,1.165596614,20.61700525,5.983335068,0.14192298,18.66557169
2667,2017,-0.227979275,-0.492227979,0.294855151,1.204484241,0.92684743,-0.576205741,-0.036889762,0.008607135,0.007308294,13.99149396,0.65691239,0.008771301,-0.702347312,-0.997441081,0.014053251,0.255144008,0.255144008,0.354565717,0.362938335,0.038575341,0.172179478,,,1.190967358,20.65485516,5.333834834,0.139498401,18.82443651
2667,2018,-0.404411765,-0.352941176,-0.202202916,0.908772052,1.374842382,0.064593935,0.532015586,0.00544414,0.004564517,13.84491191,0.771741588,-0.001174899,-0.380845765,,0.024427596,-0.515651633,-0.515651633,-0.452912669,-0.517624964,-0.009209757,-0.060843685,,,1.179231586,20.64560273,5.701769237,0.126423959,18.76166317
2667,2019,-0.278846154,-0.466346154,1.122823708,0.792871016,0.964973545,0.018251543,-0.004772602,0.004042696,0.003460554,14.47508951,0.41933035,-0.000291237,0.415559107,,-0.03968316,1.035787312,1.035787312,0.984042654,1.474821215,0.024980088,0.206790348,,,1.217952708,20.67027592,4.998902463,0.106787791,18.9496274
2669,2018,0.384803922,0.43627451,0.198170356,1.217243482,0.768373592,-0.769548381,0.342064749,0.013839343,0.012172092,14.99685342,0.645263457,0.00595575,2.853838668,-1.22583937,0.034594888,0.614467414,0.614467414,0.555144817,0.648347382,0.161034851,0.82299896,,0.015841655,1.213522196,21.71661571,3.263266233,0.197052154,19.97907418
2669,2019,-0.925480769,0.754807692,-0.137436118,1.408254346,1.074080394,0.308396175,0.046297714,0.028681013,0.022960023,15.16978211,0.602618219,0.009373052,-0.501332432,0.457971055,0.195721968,0.219812628,0.219812628,0.448707319,0.513569315,0.248215876,1.238301437,,0.015963068,1.460958851,21.93833094,2.225769842,0.162406697,20.78479147
2672,2019,0.711538462,-0.850961538,-0.169140251,0.730549514,0.88465479,0.352657819,-0.042245148,0.013541434,0.006686132,15.57455715,0.902818586,0.005893342,0.301211475,,0.853556535,0.119789605,0.119789605,0.148716773,0.17090936,0.065395645,0.056816947,,0.015726658,1.97977601,23.11136819,0.816504127,0.292896384,22.40795318
2678,2016,-0.864297254,-0.709208401,-0.338424573,0.91443683,0.649376527,-0.073140116,0.219985319,0.016326192,0.011726667,16.14892945,0.287787126,0.006196602,-0.146478048,,0.002293759,0.145565717,0.145565717,0.152442782,0.168582279,0.389209256,-0.017559319,,0.010134116,1.274497002,22.14038539,3.284388057,0.170457245,20.60501885
2678,2017,-0.152849741,-0.015544041,0.160352522,0.710857263,0.547998647,-0.511458132,0.214608082,0.01460991,0.01177777,15.98687587,0.378944233,0.005347449,-0.197885043,-1.282469758,0.025961959,0.020729087,0.020729087,0.006739331,0.022884452,0.048313995,0.108154043,,-0.009401604,1.294784839,22.18756854,2.785204863,0.250648793,20.70771446
2678,2018,-0.110294118,-0.742647059,-0.053460677,0.828017183,0.547071589,0.328725281,-0.0968933,0.011837534,0.009147355,16.13094758,0.335861843,0.001248723,0.204154949,-1.687544634,0.009152616,-0.356106376,-0.356106376,-0.314448866,-0.322369138,0.076918221,0.2603577,,-0.000601275,1.363236905,22.26167201,2.619996157,0.222986025,20.93911003
2682,2017,-0.888601036,-0.528497409,-0.040974819,1.149430317,1.437597219,0.604153753,-0.028633765,0.007470923,0.003170874,14.55969654,1.564488973,0.004686757,1.043675903,-0.584257155,2.346883193,-0.083522398,-0.083522398,-0.045860139,-0.067986962,0.24180576,0.371804177,,0.026710374,2.79039686,22.96629578,1.151452608,0.173532596,22.52254925
2682,2018,0.411764706,0.085784314,-0.224087605,1.012613647,0.946730145,0.023948117,-0.017177108,0.003434139,0.00121093,14.51306583,1.673728565,-0.006612627,-0.369318442,-3.05431522,2.307573899,-0.256534735,-0.256534735,-0.173135486,-0.159105685,0.046000665,0.083274271,,0.016525061,2.980555456,23.01126978,1.026570764,0.172019785,22.60253744
2682,2019,0.425480769,-0.569711538,-0.154915153,0.627913541,1.051065016,0.34483912,-0.095073296,-0.000413834,-0.000166225,14.52560723,1.521392647,0.010248023,-2.837817336,,2.66617424,0.741544276,0.741544276,0.572131104,0.651056087,-0.132263864,-0.059799606,,0.021523356,3.571218171,22.86940218,1.117152583,0.207565833,22.5408752
2683,2018,-0.759803922,-0.490196078,1.941437315,1.218768941,0.208126061,-1.084994957,-0.429742357,0.024120615,0.012344149,16.33332053,0.311531146,0.002088847,0.55485515,-1.683202587,0.11743642,0.082898475,0.082898475,0.04809582,0.072131786,0.158259275,0.247650825,,0.013969254,2.207577467,22.83739793,1.44006807,0.130962889,22.23411844
2683,2019,-0.478365385,-0.526442308,-0.206383126,1.148978219,0.378276275,-1.162549188,-0.946104413,0.030699074,0.014617668,16.95437406,0.199552645,0.00504173,0.704071775,-0.837699744,0.083282657,0.344858624,0.344858624,0.363962876,0.350689122,0.51254948,0.344786072,,0.015755872,1.946824397,23.25119455,1.858643005,0.133506002,22.53035339
2685,2017,-0.987046632,-0.018134715,-0.29635276,1.130827663,1.333158703,0.498334761,-0.047873169,0.020635287,0.016477372,15.21758796,1.177120692,0.010060915,-2.122209021,,0.178053354,0.618792089,0.618792089,0.729950295,0.775066346,0.094346949,0.370550124,,0.029935791,1.306903105,22.55758508,2.332239177,0.041795335,21.10870158
2685,2018,-0.529411765,-0.718137255,0.00497825,0.884731743,1.090420013,0.153923528,0.229660326,0.011497306,0.00888419,15.29893297,1.119233493,0.00481047,2.657687054,0.17764114,0.396429056,-0.137770977,-0.137770977,-0.130996115,-0.135904579,0.158439305,0.493921218,,0.032801358,1.434389618,22.70465875,1.965409691,0.066494338,21.51010594
2688,2016,0.114701131,-0.741518578,-0.417008808,0.931569032,0.630393035,0.054836058,0.344898664,0.020892117,0.011907227,15.10598444,0.449534244,0.012056596,-3.413923845,-1.815296088,0.273721872,0.098182955,0.098182955,0.102123159,0.117852453,0.092057931,0.093058026,,0.018405721,1.789450549,21.83573563,1.269823238,0.247132817,21.01740893
2696,2019,-0.132211538,0.223557692,-0.197247355,0.63031654,0.716777618,-0.409695047,-0.288226359,0.010230186,0.004844656,14.5021173,0.712940599,-0.006858569,1.607587093,,0.492533826,0.040317398,0.040317398,0.069953235,0.087492474,-0.080133036,-0.155317189,,0.02015913,1.976952742,21.74330934,1.459368436,0.283287616,21.0384357
2707,2016,-0.660743134,0.153473344,-0.277923463,1.115164335,1.042282257,-0.0115334,0.484139992,0.040584662,0.019282391,15.53357598,0.406814011,0.015555042,0.589126258,-1.116728299,0.331200387,0.145843076,0.15032917,0.149324442,0.140436638,0.279731376,0.361509241,,0.008246048,2.359205744,22.48934397,1.411258569,0.011799314,21.93791947
2707,2017,-0.847150259,0.450777202,-0.377653975,1.380968072,0.558747696,-0.439110231,-0.151374876,0.031674956,0.013939438,15.11114127,0.705643548,0.019522467,-2.214370969,-1.663704357,0.692835572,-0.01092387,-0.011582257,-0.008474229,-0.013892114,0.051063157,0.071477821,,0.013638053,2.42317683,22.53914615,1.227883548,0.01578539,22.00695831
2707,2018,-0.573529412,0.409313725,0.173070087,1.264480712,1.774737761,0.689295984,-0.234147675,0.004989452,0.002178539,14.91455875,0.833988729,-0.008537293,0.905620785,,0.51364993,-0.78714273,-0.783996409,-0.738824798,-0.775290268,-0.154628857,-0.162736854,,0.022469213,2.390546445,22.37116663,1.103821908,0.013753094,21.82934144
2707,2019,-0.737980769,0.480769231,-0.156588736,1.338048025,-0.113418081,-0.533901524,-0.297591749,-0.061796354,-0.027473333,15.17178461,0.478187174,-0.02428803,-2.99072735,,0.390246566,-0.759564706,-0.748595151,-0.672983722,-0.777106436,-0.477793426,-0.281074646,,0.033407896,5.02034583,21.72147459,0.672998173,0.018869344,21.4993437
2715,2016,0.541195477,-0.576736672,-0.506754107,0.889858154,0.49494345,0.03800994,0.208217133,0.005054836,0.003400525,14.31131694,0.29100862,0.001750869,-1.292596087,,0.105030616,0.106584308,0.106584308,0.083283176,0.116964847,-0.00454831,-0.077268659,,0.031163298,1.438915124,20.3578815,1.869312362,0.318850238,19.17054283
2715,2017,0.505181347,0.033678756,0.117336222,1.076017311,1.308061801,0.527777062,-0.127502332,0.002700508,0.001922335,14.10257912,0.364710751,-0.00293395,-0.173909444,-1.182536602,0.108955297,-0.081775425,-0.081775425,-0.030619882,-0.088541474,0.047931889,0.133644648,,0.050822443,1.49249553,20.40470009,1.732060624,0.287240741,19.29598062
2715,2018,0.492647059,0.237745098,0.530363171,1.01095977,0.498485151,-0.033632099,-0.129526753,0.005985877,0.00400849,14.28342103,0.312838776,0.000854729,-0.396426173,,0.063927178,-0.008635511,-0.008635511,-0.041984806,-0.010851226,-0.034264791,-0.13805015,,0.026435166,1.417472441,20.3698345,1.808764983,0.399152117,19.14742244
2715,2019,0.079326923,-0.262019231,-0.217071793,0.663709856,0.486475663,-0.344057289,-0.525967186,0.004985628,0.003467229,14.62641977,0.224579721,0.002252013,2.334727311,0.41697945,0.205235681,0.431232839,0.431232839,0.417193218,0.402368519,0.433592223,1.408676321,,0.048853218,1.979576167,20.73001784,1.514141591,0.316892356,20.02649979
2722,2017,0.619170984,0.18134715,-0.139150457,1.038185526,1.524404879,0.565239973,-0.305454525,0.017401746,0.011327258,14.55134068,0.899554657,0.00729743,1.443701562,-2.713301328,0.31694088,-0.035681667,-0.035681667,-0.037600153,-0.042323745,0.036882747,0.024965739,,0.023199724,1.557814188,21.78527837,1.555520387,0.141108027,20.75826532
2722,2018,-0.558823529,-0.397058824,-0.195754574,0.851691012,0.924028732,0.080986358,-0.143246563,0.013521659,0.008761459,14.66326596,0.813223681,0.000770655,-1.9377218,-1.313530318,0.457993921,-0.090500916,-0.090500916,-0.069723236,-0.058727102,0.078435294,0.172031516,,0.024125162,1.637068065,21.86078956,1.811107768,0.154978195,20.91700391
2722,2019,0.771634615,-0.576923077,0.045309355,0.81590894,0.879128364,0.028291294,0.455548543,0.004322328,0.002660138,14.53403616,0.932552577,0.01750991,1.140309136,,0.325936581,0.494867638,0.494867638,0.451350995,0.497245853,-0.01717782,-0.092303404,,0.02503035,1.561050209,21.84346249,2.069058654,0.141260105,20.82015881
2723,2019,0.740384615,-0.211538462,-0.007192031,0.722638895,0.868848562,0.075683351,-0.731561014,0.01133198,0.005688577,14.74714333,0.250101799,0.000398607,0.373826544,-0.7188406,0.242410607,0.690646074,0.690646074,0.672465143,0.728420068,0.427559756,0.830817277,,0.047750219,2.668174634,21.26061373,1.142088381,0.240577832,20.79094914
2724,2016,0.592891761,-0.518578352,-0.549678428,1.169176508,1.714891637,0.895664428,0.452896269,0.018888143,0.017088475,14.45642719,0.926407114,0.009637548,-0.112322159,-1.701458635,-0.046538481,0.183327579,0.183327579,0.157613105,0.19766165,0.058782051,-0.051067975,,,1.104029636,21.37739577,7.991726309,0.218743001,19.01534951
2724,2017,0.212435233,-0.544041451,0.046779884,0.892284041,0.934416157,-0.646148218,0.124593571,0.018306256,0.016628896,14.46592078,0.948321334,0.010855417,0.565148903,,-0.007905892,0.121780237,0.121780237,0.117967587,0.216093184,0.055134677,-0.099330659,,,1.087468245,21.43106418,9.297812566,0.205422514,18.91073243
2730,2017,0.738341969,0.248704663,0.013159602,1.067179007,0.741979499,-0.283759875,0.18291771,0.019699698,0.01198106,14.61772261,0.447638709,0.006307653,-0.630405752,-1.315426495,0.265730021,0.178616973,0.178616973,0.147291687,0.173748854,0.046403477,0.02788746,,0.022632052,1.653376887,21.25609209,1.606972882,0.133865442,20.32767114
2731,2018,0.06372549,-0.085784314,-0.254122096,0.65359068,1.843632208,0.305621993,0.463696258,0.021149896,0.007390112,14.32815686,0.718894432,0.012671995,0.241100645,-1.651790611,0.996510729,0.042887931,0.042887931,0.044337202,0.042402735,0.189883059,0.24987949,,0.035897947,3.122288809,22.06947396,1.303471413,0.086661637,21.68340277
2737,2017,-0.24611399,0.075129534,-0.258007324,1.007617596,-0.029851777,-0.427181431,-0.780801304,0.035429545,0.025338252,15.66448296,0.53490911,0.022392115,0.494873343,-0.835521927,-0.005349712,0.021806668,0.021806668,-0.001372972,0.048756819,0.124487395,0.391353865,,-0.00889833,1.596169464,22.34271275,2.111787246,0.236587529,21.35787576
2737,2018,-0.659313725,-0.595588235,0.00584188,0.463433503,0.522092917,0.204241274,-0.292485237,0.037060225,0.024404682,15.85719023,0.436048137,0.020405207,-0.254227474,,-0.040759379,-0.329657643,-0.329657643,-0.350009474,-0.318047101,-0.054649518,-0.10155904,,-0.008805478,1.550307184,22.28651321,2.319070988,0.238705404,21.25078148
2737,2019,0.237980769,0.175480769,0.098585512,0.908717243,0.540755945,0.117166597,-0.002318156,0.041153134,0.026773446,15.91245575,0.404622889,0.025504731,0.598594849,,-0.06497701,0.3135,0.3135,0.329568812,0.265485489,0.13467864,0.130113511,,-0.033626476,1.546882326,22.41286269,2.231373819,0.292192594,21.37309956
2738,2016,0.182552504,0.91276252,0.068612231,1.336022791,2.088259852,0.963244976,0.313420661,0.013313623,0.009431019,14.82288945,0.24755032,8.91e-05,0.073876992,-0.89649729,0.103681794,0.274706716,0.274706716,0.328780933,0.369908796,0.343615297,0.945800768,,-0.020187202,2.062254743,21.02359484,1.730273106,0.146479162,20.36018869
2738,2017,0.088082902,0.831606218,-0.200621169,1.154218281,0.701055411,-0.413913662,-0.006414194,0.027881227,0.016317372,14.7032113,0.71685015,0.008439938,1.43363673,0.568332209,0.157072037,1.059816591,1.059816591,0.690714312,0.785444541,1.90824606,0.849942836,,-0.022897807,1.487326193,22.09114501,1.557699194,0.061631493,20.97534343
2738,2018,0.955882353,0.276960784,-0.158136114,1.018342633,1.002770816,-0.074759849,0.410200234,0.012988644,0.00855712,14.88848755,0.903692405,0.006301886,-1.067125165,-1.585650452,0.238080122,-0.018640059,-0.018640059,0.065164715,-0.07579493,0.253625168,0.622863011,,0.017024509,1.736587539,22.3171845,3.47954239,0.05726076,21.4595353
2743,2016,-0.628432956,0.563812601,-0.438282798,1.08414948,0.4231849,-1.365206624,1.000022244,0.009164929,0.003306037,14.74182012,0.836424452,0.004486854,1.08845862,-1.590162661,1.494168915,0.096016581,0.096016581,0.088409538,0.096492666,0.086811051,0.126880977,,0.018761768,3.037787929,22.55453134,1.282622477,0.121339808,22.15526661
2743,2017,-0.958549223,0.652849741,-0.139415766,1.161662789,1.118060458,0.383322866,0.166926297,0.009369209,0.003091266,14.55118434,1.004222758,0.005283891,0.637117747,-1.376573753,2.158439147,0.293200078,0.293200078,0.296549482,0.252510478,0.151144261,0.20057288,,0.033497964,3.329082408,22.69528779,1.241803693,0.197878766,22.33806545
2743,2018,0.666666667,0.218137255,0.02389833,1.052983686,1.342081672,0.38925281,-0.024388712,0.007727447,0.002326146,14.54869299,1.047495658,0.000729616,-0.267215518,-2.500755535,2.193352187,-0.15377862,-0.15377862,-0.139037717,-0.154841592,0.077799149,0.094185184,,0.033445309,3.451291213,22.77020893,1.221892408,0.190132038,22.42807542
2743,2019,0.004807692,-0.293269231,-0.059781318,0.945307244,1.10598533,0.605560152,0.225226493,0.016239622,0.004694777,14.71438944,1.008996479,0.005220637,0.465228924,-2.630485589,1.776911034,0.520587508,0.520587508,0.506208331,0.563545966,0.205072757,0.150376861,,0.029645943,3.105747839,22.95674887,1.354454677,0.155371081,22.56816501
2752,2019,-0.908653846,-0.711538462,0.013869404,0.223511621,0.254312859,0.015812636,-0.182320267,0.005671942,0.001976337,15.39275522,0.426779733,0.010115225,0.972373041,-1.211068661,0.446099334,1.240122037,1.240122037,1.020606328,1.185359431,0.402612716,0.345336723,,0.030966067,2.202683839,22.50413054,1.090038221,0.315826686,21.89900959
2755,2016,-0.308562197,-0.137318255,-0.504001818,1.223433349,1.25235954,-0.520897789,0.006747138,0.010151823,0.006999326,13.8912337,0.533419636,0.003752488,0.795681236,-0.617249767,0.042021344,0.463508507,0.463508507,0.412900454,0.387886522,0.141202508,0.139553305,,,1.441400272,20.54931921,2.787340038,0.044585324,19.36590099
2755,2017,-0.914507772,0.124352332,0.208374363,0.933320624,1.061223529,-0.795885116,0.774859118,0.084318722,0.057997593,14.62991742,0.447859722,0.10751036,2.625756964,1.17050299,-0.037107149,9.193193208,9.193193208,7.739920885,-0.022093778,3.030124739,3.935673989,,,1.600098834,21.94311654,2.075480007,0.211895956,20.96239022
2761,2019,0.963942308,-0.048076923,-0.061463246,0.823212431,0.664876496,0.325761207,0.266127652,0.049784853,0.003837678,14.53671076,3.176123611,0.177492583,-1.173009597,-1.887528475,36.23271088,0.239354413,0.239354413,0.239136845,0.25208614,0.144871636,0.13854605,,0.005461004,11.63997596,25.24291561,0.956321366,0.028804409,25.15308846
2762,2017,0.813471503,0.111398964,-0.189991518,1.360714935,1.588285057,0.210046499,0.012627734,0.020517206,0.018125927,13.94214971,0.879817015,0.013534677,-2.776621519,,-0.049206271,-0.084385848,-0.084385848,-0.03747496,-0.159681703,-0.025809752,-0.272708257,,,1.092818394,20.78936633,6.961972044,0.161137277,18.32349585
2767,2016,0.460420032,-0.059773829,-0.426657795,1.393147229,0.548373465,-1.242308032,0.684517733,0.014911409,0.012877183,13.66076082,0.826825699,0.003656199,1.125397735,-2.291704339,0.024221027,-0.005389621,-0.005389621,0.044037257,0.025830923,0.013618913,-0.155736345,,,1.140535798,20.4971538,7.391238159,0.016795863,18.40336261
2767,2017,0.64507772,-0.17357513,0.093961376,0.936586078,1.272827068,-0.026884541,0.257713999,0.008796123,0.007632535,14.41415768,0.392298279,0.001746422,-2.31174834,-3.597109767,0.03082056,-0.014555238,-0.014555238,-0.027447925,0.006350728,0.049117069,0.192240161,,,1.162829844,20.54510272,6.065366594,0.016742022,18.57919664
2767,2018,-0.232843137,-0.178921569,-0.214799523,0.735768765,0.286987463,-0.547865282,0.664325883,0.006005447,0.00518311,14.3834282,0.415570092,-0.001799617,2.117326284,-2.198738646,-0.019139848,0.034528145,0.034528145,0.024130602,0.056796892,0.070561581,0.319965992,,,1.20867967,20.61328607,4.569619821,0.016971224,18.85680261
2769,2016,0.964458805,0.903069467,-0.185885859,0.999511422,2.041481998,0.550197535,0.210391224,0.039002791,0.0045181,14.91271212,0.440675063,0.017117261,-2.214889868,-1.387411194,0.511506929,0.047344571,0.047344571,0.058915848,0.013895802,0.382780687,0.419163001,,0.005404949,14.022417,23.64233247,1.057566101,0.000570659,23.56834746
2769,2017,-0.183937824,0.670984456,-0.23386333,1.114700885,1.157035516,0.175747995,-0.814708949,0.022189558,0.001777858,14.67484945,0.573261582,0.013206956,1.106588833,,0.559511173,0.441976662,0.441976662,0.423243799,0.460872954,-0.624322952,-0.675182827,,0.002878867,5.075070129,22.66330705,1.193384651,0.001490443,22.44385466
2769,2018,0.465686275,0.715686275,-0.258964935,1.090306792,1.884419261,0.619878784,-0.382292966,0.011591568,0.002368072,14.49518932,0.701528557,0.009716159,-0.037372355,-3.749405536,0.647362949,-0.562911984,-0.562911984,-0.569624752,-0.598186322,-0.126588916,-0.164090813,,0.00376116,4.319309964,22.5279581,1.240513514,0.00146366,22.26461936
2769,2019,0.096153846,-0.466346154,-0.163442786,1.252008446,1.029507382,0.53994298,0.481319821,0.00955818,0.001968915,14.40277753,0.804545801,0.014035469,1.936993463,,0.55638866,-0.028069216,-0.028069216,-0.039163495,-0.032410296,-0.325800397,-0.437297245,,0.002083249,2.788565361,22.13372904,1.446106936,0.002080996,21.68961561
2772,2018,0.578431373,-0.120098039,-0.012318295,0.910498769,0.925508839,0.000745048,0.334833878,0.006722312,0.003294563,14.44903137,1.29915323,0.0347406,0.247171517,-1.111723252,0.716397734,0.244143793,0.244143793,0.241222751,0.245052557,0.149750898,0.36832687,,0.010717107,2.073829874,22.40338518,2.572176107,0.414810954,21.74521968
2772,2019,0.28125,-0.098557692,0.873185289,0.89739407,0.87515963,0.149631203,-0.491536037,0.01899291,0.008553041,14.70823073,1.030187221,0.01052475,0.587552953,-1.951092107,0.364881981,0.112163111,0.112163111,0.214619356,0.254978704,0.135428039,0.072002208,,0.004130911,1.956471124,22.53039488,3.629967769,0.394710672,21.8147478
2774,2018,-0.200980392,0.414215686,-0.199044364,0.819977429,0.982534595,-0.370077358,0.168143419,-0.000550487,-0.000325624,13.78242642,1.198830143,-0.009842929,-0.810811301,-1.877511289,,0.229754053,0.229754053,0.166612347,0.229213451,0.034222576,0.057564525,,,1.480514383,21.17978478,2.65247258,0.106083083,20.05449708
2774,2019,0.805288462,0.882211538,-0.050397057,0.884561021,1.145292103,0.401239647,-0.075520944,0.001342636,0.000937693,14.42041746,0.588579804,-0.003949162,0.256150871,-0.765203095,,2.225421519,2.225421519,1.448160303,1.089281708,0.482265534,0.964196605,,,1.754642779,21.57335647,2.089448928,0.060658316,20.72958039
2781,2018,-0.848039216,0.455882353,-0.228920729,0.718145069,0.396099051,-0.029745081,-0.017920954,0.005969898,0.002509437,15.00469646,0.615496196,-0.01109377,-0.277875423,,0.656908201,-0.497104602,-0.497104602,-0.449779382,-0.481372897,-0.05001512,-0.072612805,,0.033474801,2.390725977,22.26958238,1.656436001,0.047380687,21.7278112
2783,2019,0.723557692,-0.896634615,-0.074672989,0.786476771,1.163205355,0.208623194,-0.030418266,0.013271677,0.006128823,15.06227628,0.689566975,-0.002432878,0.512426326,-0.262950609,1.016915081,0.842336357,0.842336357,0.890000566,1.118267775,0.392405819,0.558734818,,0.029732199,2.606531503,22.65550835,0.541725358,0.370745193,22.17156545
2785,2017,-0.883419689,0.844559585,0.015278622,0.866464176,1.311202356,0.505575181,0.099082019,0.001950863,0.001109773,13.97213389,0.6197608,0.00043391,1.404327994,-1.780056408,0.336114467,0.097919116,0.097919116,0.135720626,0.13438935,0.069276329,0.147231354,,0.034811203,1.891077855,20.99740098,1.67332923,0.071329214,20.24493054
2785,2018,0.046568627,0.921568627,0.498797561,1.079363245,0.62508736,0.911367755,-0.079274368,0.002268412,0.001213765,14.57928195,0.32337333,0.000578342,-2.573495384,,0.190302574,-0.299876103,-0.299876103,-0.292411007,-0.325516339,-0.112766547,-0.176933102,,0.035366109,1.776586469,20.87775384,1.776093024,0.075155834,20.05021275
2785,2019,0.180288462,0.802884615,0.191885607,0.473913528,-0.170288035,-0.118347388,-0.106230606,0.01120222,0.006211392,14.93921828,0.217115893,0.007974604,1.957903234,-1.933583208,0.178207808,0.766526757,0.766526757,0.750688385,0.921415589,0.172409913,0.339697116,,0.036548491,1.997979577,21.03681523,1.572073884,0.057553695,20.3426563
2787,2018,0.921568627,-0.656862745,-0.090116029,1.019801699,1.066404276,0.110254613,-0.02325896,0.009042193,0.005841754,13.96908949,1.303292702,0.003342316,2.100147401,-2.582397556,0.491734745,-0.070331041,-0.070331041,-0.064107082,-0.045682792,0.032756599,0.042710436,,0.032525852,1.565431104,21.60099204,2.652499359,0.1704932,20.58266396
2789,2017,0.160621762,0.240932642,-0.137121593,0.977229739,0.82063479,0.133122315,-0.631013581,0.024592153,0.007985518,14.02030265,1.01340729,0.02199693,-0.42820186,,1.48626653,0.052210915,0.052210915,0.036385463,0.014359173,0.1033302,0.118611146,,0.046062645,3.249974787,22.14878068,1.101215729,0.010559379,21.78105245
2791,2017,-0.137305699,0.873056995,0.288305512,0.923169164,0.913599982,-0.44674685,0.196533505,0.01908721,0.013959635,14.03197762,2.493222305,0.002752229,0.786286119,0.270627231,0.449509898,0.31959839,0.31959839,0.231096963,0.273104117,0.262555044,0.849957422,,0.001751566,1.630158112,22.25302894,2.006802858,0.115759752,21.30256741
2791,2018,-0.450980392,0.81127451,4.87687935,1.027855168,0.327968451,0.465381488,-0.370671586,0.032841452,0.020314077,15.59381355,0.572753011,0.000630059,2.160915855,-3.145962472,0.075306531,0.243641079,0.243641079,0.155470068,0.193105416,0.240620955,0.249193874,,-0.007170989,1.637287694,22.46864097,2.062540216,0.106173947,21.52506585
2791,2019,-0.012019231,0.552884615,1.038063644,0.677241784,-0.655862806,-1.32853196,-0.434163908,0.05407859,0.033887501,16.99960601,0.156807555,0.001612422,1.393090112,-0.765158092,0.053204209,0.342503681,0.342503681,0.346502853,0.465684104,0.367334182,0.567061055,,-0.008737168,1.805345076,22.78150396,1.884087449,0.112673485,21.97426778
2793,2019,0.949519231,-0.704326923,-0.25711921,0.847563756,0.917843478,0.02581477,0.326105851,0.032105699,0.018687479,15.14403498,1.152098079,0.042434928,-1.919338998,-5.297298543,0.603623952,0.285033928,0.285033928,0.263952089,0.268656374,0.16875199,0.231147413,,0.032840617,1.859559503,22.8875092,1.835833314,0.189374659,22.11583434
2799,2017,0.647668394,0.160621762,-0.258568936,1.017733041,0.519264608,-0.801609396,-0.245219166,0.013748175,0.009250659,13.87742016,0.530651449,0.008260905,1.436438506,-0.357619534,0.136400889,0.798362446,0.798362446,0.729062115,0.841729356,0.255326076,0.564952565,,0.033654046,1.773097205,20.77186102,1.174278309,0.251969607,19.94178268
2799,2018,0.948529412,-0.325980392,0.389230195,0.910008164,1.525433441,0.671285054,-0.445688259,0.033815262,0.017490684,14.71488908,0.260415351,0.008403437,2.729378592,-0.170326959,0.156197062,0.894774546,0.894774546,0.924663458,0.968469359,0.376318041,0.629330554,,0.026754083,2.066837579,21.09127287,1.303670681,0.187277929,20.42995191
2801,2017,0.772020725,0.994818653,0.008660759,1.052556476,1.22156184,0.032218552,0.393394195,0.034398516,0.028913364,13.50592883,1.248999763,0.020663242,-1.11108235,-0.244974644,0.087447148,0.282294314,0.282294314,0.20970733,0.195896273,0.092644118,0.122235404,,0.017681155,1.254269311,20.87952272,4.146178223,0.11995089,19.28360824
2801,2018,0.039215686,0.985294118,0.543154221,0.826785878,0.493918256,0.20454757,-0.219077741,0.0457462,0.037045885,14.51791048,0.490501842,0.017616671,2.139889812,,0.025152829,-0.058198132,-0.058198132,-0.106542566,-0.074970739,0.11126927,-0.068470256,,,1.204723646,20.98502557,4.962740269,0.114997558,19.21268109
2801,2019,-0.127403846,0.978365385,0.246930693,0.614035362,0.114481078,-0.168127602,0.015405149,0.040680394,0.034663766,14.80220767,0.422374424,0.013179877,1.475255588,,0.010222271,0.459512831,0.459512831,0.566849286,0.604448704,0.103855508,-0.080741401,,,1.164844294,21.08383463,6.126985298,0.114905236,19.12849328
2802,2017,-0.930051813,-0.461139896,-0.182502269,1.093699381,1.211749381,0.006799521,0.220638981,0.02929019,0.02643039,13.65200504,0.709304779,0.019029438,0.023283074,-0.926872894,-0.003096287,0.102550766,0.102550766,0.096758129,0.055581737,0.075416418,1.41240459,,,1.311638439,20.36637794,3.024567162,0.267606783,18.92918926
2802,2018,0.12254902,-0.267156863,0.156673671,0.881430743,1.106119823,-0.126398855,-0.053293551,0.033962999,0.029869202,13.98794647,0.470425017,0.010769681,1.259552051,,-0.006066494,-0.241997788,-0.241997788,-0.267123994,-0.305090528,-0.131004009,-0.678897597,,,1.096243085,20.22596118,9.649649426,0.289280559,17.79319407
2802,2019,-0.711538462,-0.526442308,0.356476751,1.09023122,1.045005971,-0.268136321,0.681839937,0.043433781,0.039035468,14.31790486,0.367865983,0.005181206,-0.281560417,-0.96588058,0.00783583,0.757017824,0.757017824,0.895766646,1.150037409,0.118364352,0.98761224,,,1.184877706,20.33782839,4.97577523,0.237207015,18.4801281
2803,2018,0.575980392,0.556372549,1.096230254,1.273440052,1.040431697,0.117764227,-0.372854715,0.076947789,0.041542521,15.04381264,0.406548653,0.01143957,0.69549621,-1.63943846,0.070335426,0.374192211,0.374192211,0.317820113,0.090932652,0.182941909,0.061005124,,0.013030708,1.682656764,21.73806839,1.74018442,0.194641041,20.83593135
2811,2017,-0.29015544,0.948186528,-0.03857476,1.11125724,1.18603855,-0.043835593,0.231622707,0.021311405,0.011124948,13.43004363,2.01709082,0.035868407,-0.757203899,,1.388403822,-0.014195278,-0.014195278,-0.053114917,-0.056772283,0.239255725,0.30729352,,0.027943391,2.114472365,21.91049112,2.019046105,0.084471766,21.27006689
2811,2018,-0.821078431,0.901960784,0.019440102,0.881626804,1.118650371,-0.030648272,0.413782949,0.020617458,0.010398474,14.47480095,0.937578484,0.005115403,0.109292195,-1.081847938,0.478522578,-0.189146444,-0.189146444,-0.161786796,-0.194205523,-0.006590931,-0.046706322,,0.028454098,2.023410563,21.90387837,2.154536122,0.092191174,21.22223463
2811,2019,0.617788462,0.884615385,-0.136989142,0.820031486,1.022359167,0.090088724,0.278195881,0.009132157,0.00466378,14.60664605,0.740706946,0.008429215,-2.841319089,,0.337037564,0.068759885,0.068759885,0.007916775,0.036295634,-0.088442221,-0.119355504,,0.022523162,1.955540594,21.81127808,2.341809123,0.093188582,21.09513337
2818,2019,0.175480769,0.240384615,0.008116352,1.136638179,0.683970925,0.352267561,0.439782915,0.03281014,0.02804803,15.25491472,1.314843679,0.048324506,1.807144501,-3.567275381,,0.22080739,0.22080739,0.059632763,0.028522951,0.0880871,0.094406322,,0.010592547,1.164371479,22.62713954,3.216442322,0.028936452,20.6693318
2822,2017,-0.79015544,-0.440414508,0.085889424,1.056473812,1.269863929,0.684348609,0.001062633,0.021109533,0.009743542,14.36249914,1.239776147,0.016224616,-0.794935039,-1.918857423,,0.250422894,0.250422894,0.198842454,0.20513865,0.218587433,0.293346842,,0.028464085,2.409409718,22.45697446,1.850327861,0.0262218,21.92076365
2822,2018,-0.441176471,0.286764706,0.349115298,0.838301542,0.625669022,-0.156911621,-0.4290841,0.02786361,0.012149771,15.31707699,0.60368576,0.002911264,0.228005051,-2.238920939,,-0.117061552,-0.117061552,-0.100557361,-0.118332415,0.044052385,-0.119954952,,0.033971809,1.972661768,22.50008413,1.793781848,0.026312719,21.79298147
2822,2019,-0.516826923,0.305288462,-0.291637039,0.859751072,0.6483434,0.487857571,0.726256673,0.02470507,0.01262329,15.29522074,0.771296897,0.007665211,0.245727444,-1.595974242,,0.288667586,0.288667586,0.291629285,0.292935794,0.393994335,0.544627528,,0.02141515,2.204348865,22.83225737,2.038557125,0.04180717,22.22776427
2826,2018,0.735294118,-0.325980392,0.086409732,0.950316627,0.946368244,0.226502119,-0.063493558,0.007638341,0.005970825,14.07665796,0.489826032,0.003964565,0.600262372,,,0.084433052,0.084433052,0.078763891,0.027842522,0.150217576,0.528265657,,0.002921097,1.360478652,20.61516999,1.954942912,0.226364316,19.28701086
2828,2018,-0.495098039,-0.301470588,-0.350719882,0.943211451,1.12239804,-0.435437812,0.832084404,0.008374427,0.004112729,14.1112457,0.759781753,0.00128638,0.419144955,-0.37072727,,-0.354144465,-0.354144465,-0.386035893,-0.440335992,0.008094813,-0.009831173,,0.027643015,2.336259909,21.62427552,1.178258371,0.341753218,21.06559879
2828,2019,0.0,-0.293269231,-0.088429354,0.943257067,0.951037364,0.488050101,0.059484692,-0.000262264,-0.000167109,14.09355551,0.779420088,0.00145011,0.100441265,-1.917534729,,-0.016669264,-0.016669264,0.004989092,0.01941826,0.00801301,0.047818797,,0.021388945,2.466407411,21.63225659,1.148407747,0.308918637,21.11230946
2829,2018,-0.865196078,-0.446078431,0.65236896,0.747948158,0.480596625,-0.711849116,0.423594466,0.003830812,0.002293788,14.43716314,0.550312012,0.00576088,0.194489658,,0.142636215,0.581757727,0.581757727,0.259939689,0.586384739,-0.059592902,-0.22010972,,0.050223952,1.503837179,21.15505997,2.332632389,0.144247093,20.06153789
2831,2018,-0.838235294,-0.571078431,0.428667899,1.075091493,-0.083678992,-0.386397247,0.283043548,0.038102744,0.020227149,15.93330831,0.797340558,0.012439814,0.201343101,-2.050843807,,0.169952124,0.169952124,0.158534977,0.205247009,0.31178431,0.507487178,,0.01741923,2.065555776,23.37359232,1.61208282,0.276788021,22.7116895
2831,2019,0.762019231,-0.497596154,0.073231631,1.082752106,0.071162982,0.343711973,-0.01722209,0.037059121,0.018352218,16.50268635,0.514715169,0.011257552,0.187581492,-1.437374494,,0.404155764,0.404155764,0.447811885,0.497941334,0.133109537,-0.021508079,,0.018222921,1.803349455,23.49855797,1.650246468,0.287735051,22.68994676
2842,2018,-0.389705882,0.230392157,-0.46678193,0.957365698,0.823617072,-0.097384469,0.004942898,-0.011028432,-0.004496845,14.43937278,0.514383714,0.003739129,0.7421389,-1.323196095,,-0.180091758,-0.180091758,-0.114076379,-0.136046187,0.149198329,0.199133301,,0.018894162,2.411359438,21.56675496,1.312234197,0.205445389,21.03111767
2842,2019,-0.795673077,0.276442308,-0.036499309,1.190799961,1.080558963,0.163475794,-0.191614899,0.012286456,0.005090717,14.64526701,0.42876185,0.006185267,-0.978070552,-3.304500378,,0.270898868,0.270898868,0.217468941,0.229390915,0.003738798,-0.02466935,,0.018663278,2.318737998,21.57048679,1.584761812,0.297059097,21.00613893
2843,2018,-0.411764706,0.551470588,-0.074869884,0.94674764,0.96683511,-0.03137902,0.408174672,0.026256358,0.02068704,14.08255991,0.463819451,0.006304887,0.558237947,0.087338829,,-0.118243505,-0.118243505,-0.086710821,-0.077317988,-0.017072192,-0.000849942,,0.009513585,1.358965836,20.42728469,1.856620303,0.424257214,19.09603264
2843,2019,-0.098557692,0.884615385,0.018681714,0.673919256,0.697157753,-0.058779352,0.339614949,0.022796184,0.01667443,14.32432297,0.327857052,0.007830914,-0.911552848,-0.680443855,,0.346691477,0.346691477,0.315649114,0.226612499,0.268076959,1.066885574,,0.018438043,1.756055384,20.66478624,1.060477148,0.363528216,19.82207556
2868,2018,0.659313725,0.960784314,-0.149407641,0.885967038,1.029085884,0.718709134,-0.163102958,0.015615457,0.013772492,13.62349295,0.978348474,0.005719341,1.017948735,1.089149959,,0.239702011,0.239702011,0.110885323,0.089457647,0.147797445,1.159744909,,0.002529746,1.230426679,20.66004457,4.412065245,0.202501014,18.984861
2868,2019,0.639423077,0.939903846,-0.264858072,0.816155427,0.654167209,-0.066655126,0.2681129,0.011921719,0.009555248,14.49483571,0.393118605,0.001348133,-2.16405618,-1.568213734,,-0.02363077,-0.02363077,0.167004591,0.219468745,0.064427466,0.389433222,,0.010007875,1.323547609,20.72248163,1.052199287,0.19127281,19.31375691
2869,2018,0.549019608,-0.588235294,0.680965837,0.924814002,0.302191513,-1.496129277,-0.172584714,0.171615841,0.094280544,14.99331927,0.439817638,0.018177497,3.918549686,1.267041011,,1.38894967,1.38894967,0.551809275,0.567475053,1.345251272,2.188623413,,,1.736122011,21.9841699,2.052877953,0.055374649,21.1261566
2869,2019,0.168269231,0.007211538,-0.453915044,1.300751296,0.262469676,-0.525640144,0.694926761,0.059406389,0.036297784,15.38078081,0.496952526,-0.000970559,-1.66738271,,,-0.835935427,-0.835935427,-0.588962783,-0.753639119,-0.224923711,-0.613968171,,,1.267712771,21.72937608,3.818083974,0.125816728,20.17432115
2883,2018,0.215686275,0.264705882,0.157685937,1.1504639,1.16832218,0.323546043,0.316821789,0.030854423,0.02585273,13.72329082,0.525627316,0.006833916,0.327791003,-2.412991514,,-0.06490714,-0.06490714,-0.048761633,-0.027980766,0.18401183,0.459866909,,0.039356407,1.270729759,20.28409941,3.839293849,0.029520887,18.73787391
2883,2019,0.461538462,0.629807692,-0.307188049,0.905923009,0.840597522,-0.196510402,0.358632062,0.029271696,0.022313529,14.00511439,0.494271902,0.013882015,2.063993646,0.714522691,,0.818544765,0.818544765,0.987952021,1.058297176,0.531414956,1.536030891,,0.016232049,1.545148217,20.71029153,2.449487539,0.020286703,19.66847413
2889,2018,0.37745098,0.941176471,-0.059756179,1.337450377,0.735046668,-0.23899119,0.241041057,0.023567419,0.003908199,13.72406653,1.727318079,0.040988975,0.254028525,-0.40864569,,-0.861803408,-0.861803408,-0.875789363,-0.890976651,0.421995574,0.48783204,,0.001812435,7.283786389,23.22950661,1.126349785,0.01701879,23.0818285
2889,2019,-0.759615385,0.379807692,0.081514112,1.165523134,1.069642492,0.276636643,0.350728683,0.029469397,0.004081121,14.63004054,0.773477307,0.022999249,0.809432721,,,0.510475689,0.513400122,0.53056389,0.656458059,-0.622162464,-0.741074355,,-0.008300105,2.446181946,22.25621563,1.484254653,0.04381898,21.73061416
2892,2018,-0.183823529,-0.24754902,-0.251134792,0.986537815,1.276246265,0.329348261,-0.236807131,0.033608599,0.027592472,14.08093883,0.535115973,0.015687882,-0.273717569,-1.061470941,,-0.032355755,-0.032355755,-0.06572646,-0.062369513,0.063241599,0.204351484,,,1.277341021,20.55042571,3.523037854,0.233476359,19.02313771
2899,2018,0.909313725,0.066176471,-0.050358386,0.914777236,1.318213764,0.04658595,0.234324623,0.015980108,0.012780044,13.85631169,0.991666452,0.002602758,-0.540887984,,,-0.09494955,-0.09494955,-0.111112255,-0.128364867,0.007948654,-0.158226936,,-9.56501308,1.206389377,20.96921,4.623905652,0.132912165,19.20358738
2903,2019,-0.84375,-0.211538462,-0.008646606,0.8928254,0.892077684,-0.009706058,0.458499646,0.029455732,0.021409068,13.96018403,0.565948245,0.01953786,0.01336077,0.939531267,,2.33781651,2.33781651,1.69503152,2.271488443,0.264546781,0.680563124,,,1.449511633,20.73908588,2.589187632,0.183003635,19.56826564
2912,2018,0.958333333,-0.375,0.717485413,1.089558818,-0.363938746,-1.656487972,-0.156880345,0.055622162,0.037191674,15.7190158,0.212743372,0.003788484,1.399324987,,,0.0167637,0.0167637,0.01695556,0.086013076,0.034028521,-0.208811127,,,1.389401878,21.46818816,3.198312912,0.046881639,20.19617144
2912,2019,0.387019231,-0.439903846,-0.604279281,0.998598759,0.317639164,-1.07293559,0.616330036,0.031579257,0.023663537,15.57840168,0.286060079,0.00258593,-0.287694969,,,0.009934925,0.009934925,0.47279747,0.246186843,0.099697482,0.04451633,,,1.362773828,21.56322328,3.323704345,0.085105427,20.23972538
2917,2019,0.961538462,0.310096154,-0.10283172,0.92509288,1.134651489,0.284790375,0.1844871,0.025810129,0.018637585,14.05193627,0.673403627,0.007417577,-0.128324526,-0.505581869,,0.167785228,0.167785228,0.20509834,0.209345624,0.268364681,0.772232295,,0.014791003,1.730104876,21.10039672,2.591557761,0.109578529,20.2376476
2918,2019,0.795673077,-0.581730769,0.048557275,1.19180027,0.414047823,0.427391581,-0.176134401,0.040698625,0.021363969,15.62265677,0.557266716,0.006791152,0.84056707,0.177396859,,0.723295215,0.723295215,0.754168322,0.772340264,0.680197301,1.055763643,,0.012248239,2.472333848,23.01714968,1.331400221,0.281620309,22.49883589
2928,2019,0.769230769,-0.420673077,0.489107138,1.181191933,0.360842813,0.529126388,0.408717252,0.025114423,0.007132596,15.86017432,0.489264921,-0.003137869,1.693281104,-0.54144334,,0.174064075,0.174064075,0.152299373,0.10909805,0.422600009,0.526226243,,0.044873389,4.318781814,23.52093568,0.973655258,0.092462725,23.2575601
2929,2019,-0.637019231,0.024038462,-0.115066511,0.957405263,0.737266132,-0.197848243,0.703479018,0.015882032,0.008600082,14.72410131,1.300532434,0.016587711,0.411022566,-0.505797885,,0.705361678,0.705361678,0.665737055,0.642375488,0.531151608,0.964062927,,0.001979002,2.341644085,22.83907861,1.740623878,0.022681231,22.28212112
2941,2019,0.34375,0.805288462,-0.253894277,1.3993815,0.886725199,0.82700822,0.136439503,0.002342326,0.000609124,14.66952055,1.501824243,-0.013108477,-0.635294894,-1.322413152,,0.52049255,0.52049255,0.478420161,0.46874409,0.384368635,0.42501705,,0.013836047,4.254539614,23.5394726,1.237769172,0.016061121,23.27153687
300001,2016,0.495961228,-0.802907916,-0.329106608,0.987455524,0.637048236,-0.735082859,0.151655235,0.009068568,0.002610955,16.3108552,0.260773713,0.004526117,-0.390757303,-1.084718564,0.725828332,0.007038847,0.007038847,0.013922018,-0.0224966,0.271455448,0.340470095,,0.032784684,3.768257243,23.27144222,1.028080136,0.142678804,22.96304756
300001,2017,-0.031088083,-0.080310881,0.563262208,0.918298979,0.614736737,-0.001022567,0.081895497,0.008830162,0.002359019,16.53376936,0.232262868,0.001576629,-0.969172289,-2.04704203,0.504050061,-0.096735298,-0.096735298,-0.095717657,-0.140165376,0.038985891,0.028420828,,0.039860491,3.665087292,23.30968735,0.917865373,0.183900918,22.99107201
300004,2016,0.621970921,0.357027464,-0.677697209,0.845505816,0.983621835,-0.364984002,0.112322332,0.012099308,0.010105062,15.15023098,0.905958379,-0.012318613,-1.781031316,-2.142171776,0.331338447,0.117278928,0.117278928,0.019213035,-0.04332271,-0.011955828,0.078150668,,0.031798545,1.204542069,22.04672498,3.913087874,0.239908505,20.2736439
300004,2017,-0.018134715,0.875647668,0.181116633,1.205614014,1.936581467,0.221867883,-0.504616344,0.006721317,0.005569268,14.34082584,1.656947402,0.010388763,-2.252490516,-1.733267237,0.182138579,-0.016647779,-0.016647779,-0.113333045,-0.001278615,-0.242309944,0.258664938,,0.289717074,1.392921586,21.7692441,3.942277616,0.29879645,20.50369549
300004,2018,-0.448529412,0.693627451,0.157035442,0.975347932,1.436751578,0.42182302,-0.384023755,0.00601245,0.00432037,14.59452608,0.929206916,-0.010773112,1.660820834,,0.140651382,-0.244253314,-0.244253314,-0.06883953,-0.144298815,-0.000981073,-0.017336626,,0.040913815,1.384018526,21.76826255,2.483526927,0.296702073,20.48620682
300004,2019,0.848557692,0.685096154,0.020364416,1.124702852,1.925410666,0.220283857,-0.452860614,0.006677188,0.004795191,14.81643349,0.776628996,-0.004065313,1.002770426,,0.084872603,0.670779733,0.670779733,0.493695796,0.680981673,0.029342334,-0.208889408,,0.016351537,1.271050682,21.79718264,2.995733367,0.289180798,20.25188931
300008,2016,-0.980613893,-0.615508885,-0.425727316,0.708087577,0.288046911,-1.784021549,0.72865321,0.009694466,0.007384913,15.22778302,0.711578134,0.002227252,0.562788331,-0.237043511,0.502533198,-0.120369847,-0.120369847,0.077140315,0.052778423,0.099694186,0.667259677,,-0.031571476,1.635065952,22.19959898,1.29120706,0.110583348,21.25388941
300008,2017,-0.893782383,-0.031088083,-0.20788243,1.225276032,0.497867244,-2.421323012,0.941916777,-0.38750479,-0.197378609,14.50039574,0.759096212,-0.002353093,-0.928638199,,0.599583955,-0.408626267,-0.408626267,-0.359395406,-0.419077422,-0.499719734,-0.125750527,,0.022767436,3.112775638,21.50701217,1.002863761,0.180870222,21.11949991
300008,2018,0.595588235,-0.490196078,-0.175591363,0.789559266,0.548546055,-1.611061777,0.891271448,-0.028048723,-0.008901904,14.41285426,0.347570784,0.005046435,0.382132428,-4.582314599,0.628138772,-0.332855402,-0.332855402,-0.46063854,-0.487097765,-0.191461027,-0.107201498,,-0.015474209,3.991642492,21.29448577,0.46454069,0.200728645,21.00610554
300008,2019,-0.610576923,-0.331730769,0.629588076,0.987771974,2.223077673,-0.429455873,-0.890271652,0.019225019,0.004152645,15.33568304,0.162461396,0.001696706,1.694220157,,0.007774354,1.510129758,1.510129758,1.753632072,2.095174068,0.307930741,-0.517409546,,0.064542388,1.382239222,21.56293208,1.982904577,0.150614526,20.27751864
300011,2016,0.945072698,0.195476575,-0.607680918,1.170784353,0.855950352,-0.915960025,0.156613727,0.004577253,0.002851551,15.33845757,0.562386497,-0.000694263,0.130070113,-1.334927469,0.442031513,0.251480344,0.251480344,0.196067355,0.32074145,0.17093905,0.180931486,,0.04590629,1.628925546,22.13425435,1.700735235,0.127831311,21.18259132
300011,2017,0.686528497,0.593264249,-0.035073148,1.282920865,1.468751323,0.462315188,-0.215433529,0.003154378,0.00193931,14.87511161,0.821200738,0.002564568,-2.838361211,,0.454860652,0.180929274,0.180929274,0.19289097,0.127887958,-0.151123278,-0.023995405,,0.054578818,1.798304146,21.97041304,1.581856518,0.14408877,21.15830334
300011,2018,-0.156862745,-0.833333333,-0.072000076,1.037472773,1.101557253,-0.245241886,-0.012350612,-0.000741989,-0.000354064,14.79688358,0.72443661,-0.010170592,1.732345843,-1.899271372,0.523513137,-0.22603662,-0.22603662,-0.196469492,-0.229266881,0.045793857,0.072622284,,0.050621421,1.835902348,22.01518931,1.541185614,0.131324097,21.22840972
300012,2017,0.432642487,-0.968911917,0.86201744,1.035771217,0.050104065,-0.500997159,-0.768067406,0.030956326,0.021170302,16.21747208,0.24582578,0.002914728,1.627690246,,0.031266316,0.22219409,0.22219409,0.121455039,0.072674581,-0.035545349,-0.373177737,,0.031063205,1.269870159,22.01740272,2.248056743,0.305775558,20.46867374
300015,2017,-0.03626943,-0.142487047,0.235290867,1.115844032,-0.779098957,-0.42242244,-0.770819596,0.062139447,0.037046764,17.91071553,0.098068568,0.004028057,0.083439738,-1.861393885,0.030157174,0.256387897,0.256387897,0.217516146,0.268683013,0.219416295,0.241630919,,0.015987668,1.799208985,23.1510904,1.333357337,0.145480673,22.33961047
300017,2016,-0.489499192,-0.82552504,-0.123746565,0.955082764,0.949201434,-0.923922246,-0.145879743,0.023293819,0.019065551,16.71690941,0.433358253,0.012057336,-0.906318895,-0.430155862,-0.011710237,0.25289988,0.25289988,0.23489006,0.234695604,0.216713221,0.825299759,,-0.039306909,1.340638847,23.13359058,2.752590146,0.152904216,21.76351187
300017,2017,0.601036269,0.212435233,-0.006422776,0.954823689,-0.559314466,-2.169657601,0.115834647,0.019903877,0.014748954,16.74585057,0.461997621,0.004715149,-0.966959698,-0.292653016,0.121138114,0.032335761,0.032335761,0.156777936,0.173240108,0.037029117,-0.245144686,,-0.007654146,1.22691911,23.16995059,3.648085792,0.135422797,21.48228269
300017,2018,-0.901960784,-0.865196078,-0.221698128,1.453788495,0.43076684,-1.055444258,-0.093172385,0.015050143,0.010032849,16.79583898,0.46715643,0.004665602,-2.02718405,,0.004011149,-0.029163296,-0.029163296,-0.052057824,-0.017059645,-0.107070352,-0.243833553,,-0.574311259,1.185709236,23.05670311,4.268015373,0.142643658,21.20278893
300017,2019,-0.973557692,-0.028846154,-0.320737766,1.237098925,1.219816616,-0.304168535,0.827475878,0.005538179,0.004652014,16.55778627,0.568563223,0.003149802,1.28117237,,0.018943099,-0.329939917,-0.329939917,-0.276097509,-0.338009694,0.004368915,-0.00431622,,-0.117803686,1.183808166,23.06106251,4.556152428,0.118187742,21.19846336
300018,2016,-0.699515347,0.308562197,-0.420586881,1.124531323,1.269590915,-0.400882763,0.380498326,0.012875016,0.011807571,14.63041371,0.67880987,0.006354479,0.05978877,-0.55656177,-0.228772389,0.128642703,0.128642703,0.294722678,0.301477573,0.02992611,0.126854213,,,1.099278948,21.23239414,6.362741611,0.032323339,18.82791795
300018,2019,0.790865385,-0.466346154,-0.040932334,1.30874353,1.828102074,-0.653370875,0.070317949,0.009029547,0.008088542,14.70923993,0.465836926,-0.003124967,0.016847468,-2.390397515,-0.041078312,0.273058627,0.273058627,0.243359122,0.268374741,0.110603733,0.203498028,,-0.547199794,1.120574903,21.02775334,6.767299704,0.039652708,18.79842736
300019,2016,0.192245557,-0.231017771,-0.342607774,1.15111407,2.638443202,0.899627571,0.399623561,0.013866104,0.010721336,14.60216091,0.336523581,-0.000713651,-0.526841415,,0.024231361,0.176016037,0.176016037,0.217439625,0.26361104,0.035198331,0.09834256,,0.010043015,1.340311964,20.69609595,2.191737084,0.388638494,19.32530101
300019,2017,0.059585492,-0.360103627,-0.014972746,1.188370534,1.43731417,0.510764761,-0.117530013,0.014230064,0.010678611,14.38848566,0.421308954,0.007825419,1.617266073,-3.58570026,0.046484759,0.115525432,0.115525432,0.007572916,-0.040437066,0.100549417,0.078885564,,0.013104233,1.331393097,20.79190547,2.414821421,0.368222986,19.40122963
300019,2018,-0.970588235,-0.154411765,0.749130054,1.353822196,0.820156351,0.323914092,0.029331975,0.034664028,0.02662652,14.72404965,0.342885242,0.003181438,0.192067152,-1.303384851,0.007441401,0.303779598,0.303779598,0.248845706,0.275525507,0.508697791,1.623286283,,0.004747358,1.76302591,21.20315236,1.417553775,0.287070477,20.36565747
300019,2019,-0.396634615,-0.247596154,0.491267288,1.817876677,1.78825639,0.068429671,-0.215653199,0.05268078,0.03450864,15.31023375,0.271906238,0.005921554,0.698733994,0.411885228,-0.081943139,0.852573284,0.852573284,0.959388111,1.09526598,0.495512762,-0.259803593,,0.003988639,1.272602802,21.60562149,3.430657332,0.186156245,20.06481776
300021,2016,0.253634895,-0.55088853,-0.378856785,0.720571912,1.382642678,-0.226857827,-0.032207277,0.011333303,0.006326864,15.29131691,0.327265078,0.014684408,0.91220193,-0.290215431,0.311691226,0.509181192,0.509181192,0.465499472,0.463016708,0.51585626,1.079236283,,0.024962916,2.363225436,22.00223921,1.445938302,0.085244883,21.45206535
300021,2018,-0.453431373,0.049019608,-0.25248341,1.117412681,1.314391252,0.058771445,0.18488119,0.011765599,0.004846665,14.97821324,0.498476982,0.00041473,-0.202971992,-2.437166112,0.540028774,-0.130656359,-0.130656359,-0.094835203,-0.107523853,0.086926657,0.129854489,,0.02542068,2.556063714,22.11015661,1.242004227,0.086183566,21.61384752
300021,2019,0.930288462,0.201923077,0.196589957,0.969509322,1.745914252,0.162298583,-0.429949397,0.011127734,0.004314634,15.0338854,0.52192785,0.003360096,0.795191759,-0.670916303,0.835335712,0.415588087,0.415588087,0.463729386,0.437235512,0.369336437,0.463179105,,0.021881137,2.861177916,22.42448288,1.650483687,0.077342361,21.99445906
300024,2018,-0.301470588,0.058823529,-0.116030032,1.134142429,0.461963656,-0.530775361,0.18920358,0.011736728,0.007619825,16.87831054,0.305206909,0.001982721,-1.536998011,-3.04177299,0.111250393,-0.018721029,-0.018721029,0.000572351,-0.015644199,0.05616242,0.098696556,,0.020289628,1.562450978,23.07099345,2.690895289,0.14835526,22.04928642
300024,2019,-0.365384615,-0.819711538,-0.231679448,0.93414824,0.924797006,-0.204682562,0.918392858,0.002239947,0.001495035,16.75421931,0.328582718,-0.001577824,-2.575115204,-0.198210735,0.276098281,-0.031864918,-0.031864918,0.198797547,0.159880757,0.085661426,0.77054904,,0.017299836,2.421733355,23.15318286,1.438922975,0.139283912,22.62057611
300027,2018,-0.507352941,0.308823529,-0.26408038,0.990018094,1.034547552,-0.288082338,0.288444497,-0.026846658,-0.014248915,16.03348221,0.864673251,-0.019369642,-1.339365194,,0.673093753,-0.698790209,-0.698790209,-0.608040793,-0.706355022,-0.415646725,-0.348083031,,0.041285981,2.185447526,23.06588539,0.592041295,0.082618354,22.45418513
300031,2017,-0.220207254,-0.492227979,-0.111465491,0.881878497,0.554010638,0.180241684,0.015980888,0.036470922,0.02594196,15.04980382,0.692410778,0.022490247,-0.589071205,-1.927871686,0.121736163,0.196125665,0.196125665,0.200582376,0.081569,0.377845968,1.30246976,,0.012041771,1.826290541,22.26337409,1.476065882,0.052275895,21.47027838
300032,2016,0.166397415,0.176090468,-0.602119321,0.184027907,0.703464844,0.109341757,-0.079843767,0.026051189,0.018792473,15.95679529,0.562782524,-0.004960271,-2.209095459,-0.326621743,0.333911864,0.024465797,0.024465797,0.418229834,0.13008549,-0.270999327,-0.309528378,,0.029952714,1.582841785,22.44907438,1.385961351,0.237586178,21.45001304
300034,2018,-0.240196078,0.348039216,0.245480561,1.095138076,0.196659444,-0.849776288,-0.550932172,0.022897637,0.016423323,15.72805462,0.318916453,0.003901895,-0.528120323,-1.25510368,0.083783655,-0.010638532,-0.010638532,0.006632315,-0.044031696,0.2231209,0.420233646,,0.014042674,1.533553642,21.95447966,1.977645354,0.159536095,20.89869631
300034,2019,0.925480769,0.269230769,0.709503957,1.160129763,0.744098528,-1.323904361,-1.012639515,0.024398838,0.016305433,16.23084285,0.215286822,0.004300322,1.792696191,-0.989128524,0.063483728,0.241225489,0.241225489,0.265536661,0.29967132,0.278859341,0.27143798,,0.026612268,1.528820002,22.2004482,2.252113014,0.116289472,21.13884484
300035,2017,-0.582901554,-0.665803109,0.033782628,1.286062304,1.664235886,0.655401168,-0.202766633,0.024479277,0.01582037,14.56055471,0.573229335,0.020168194,3.140842636,-0.994725205,0.288083971,0.580115589,0.580115589,0.357779367,0.355869924,0.232791827,0.367950492,,0.034474179,1.688379404,21.52774556,1.576650065,0.150038031,20.63056129
300035,2018,0.458333333,-0.727941176,0.608722041,1.292611359,0.785012957,0.009990769,-0.376198271,0.026951828,0.016045975,14.85298718,0.534228527,0.006619144,-1.723063442,,0.10447779,-0.090976722,-0.090976722,-0.012473977,0.018035009,0.140616698,-0.368066996,,0.019292134,1.291799243,21.65931464,2.833998512,0.152105395,20.1715894
300036,2016,-0.495961228,0.809369952,0.234504377,1.020479276,0.6358365,-1.273625483,-0.287700613,0.01689342,0.012509523,15.54276944,0.30408868,0.001782857,0.549553484,-0.790936993,0.052185713,0.372050891,0.372050891,0.325441946,0.425798863,0.098219531,0.046119301,,0.118637038,1.34266675,21.61897518,2.458732789,0.066216659,20.25332056
300036,2017,-0.375647668,-0.028497409,-0.282856511,1.10195025,-0.413340069,-2.344522385,0.111987934,0.021244579,0.015611351,15.59256782,0.323823617,0.00126385,-1.164443128,,0.076367678,0.156259617,0.156259617,0.153350999,0.281991469,0.046532013,-0.003432816,,0.025890111,1.321054276,21.66445703,2.184338219,0.061289495,20.24988183
300036,2018,-0.159313725,-0.745098039,0.682517367,1.130166534,0.044338368,-1.257306507,-0.413708368,0.025728575,0.019464479,15.87221434,0.256044695,0.000795936,1.05173617,-0.158326367,0.093814039,-0.182167087,-0.182167087,-0.195362764,-0.204968137,0.147709881,0.648622658,,-0.168930364,1.536328789,21.80222558,1.625315176,0.078036957,20.74982202
300039,2017,-0.471502591,-0.380829016,-0.227298116,1.09439459,1.193493405,0.197592034,0.08906613,0.027372645,0.024126604,15.40794755,0.511045782,0.015151851,-0.358020401,,-0.122414567,-0.130997911,-0.130997911,-0.112061843,-0.034365461,0.014174248,-0.047116453,,,1.12528612,21.75606267,7.814254133,0.099429965,19.56087014
300040,2017,-0.261658031,0.580310881,0.021902879,1.201200279,1.810545833,0.496646241,-0.226502165,0.008017779,0.004047785,14.10881353,1.445606017,0.018665537,-0.446288992,,1.029525274,-0.511464596,-0.511464596,-0.493542328,-0.630703272,-0.049119886,-0.117523826,,0.151365274,1.907101559,22.0404374,1.555481812,0.358757941,21.29735196
300040,2018,-0.727941176,0.558823529,0.02284402,1.195764901,1.216903466,-0.032901939,0.294481395,0.006529972,0.003322688,14.14624433,1.466613924,0.01150984,0.986335143,-0.176503019,1.598668803,0.898222938,0.898222938,0.82043709,1.45074776,0.401523302,0.771241917,,0.0445972,2.507006371,22.37799712,2.327356243,0.258103348,21.86903291
300040,2019,-0.112980769,0.757211538,0.456025621,1.241163027,1.71561857,-0.266467164,-0.223459114,0.010515475,0.004042852,14.5883803,1.040680968,0.013113745,0.593394179,-0.430418733,1.591918626,0.259372817,0.259372817,0.168882463,0.073128487,0.347038993,0.456992955,,0.057876031,2.858653729,22.67590597,2.703736557,0.134922307,22.2454076
300041,2016,0.208400646,-0.460420032,-0.257632333,1.158759244,0.959392208,-0.257598483,-0.050908817,0.018432083,0.015457605,14.83248638,0.67756472,0.026522227,0.056941892,0.348731084,0.009278997,0.302085497,0.302085497,0.294836345,0.339355221,0.12215469,1.069434016,,-0.000103587,1.383306339,21.61196259,2.405923008,0.227955666,20.32856529
300041,2017,-0.779792746,-0.603626943,0.051997137,0.66577003,1.0116581,0.324300637,-0.179320711,0.017623924,0.013210625,14.65061773,0.784677721,0.018454383,-0.512439274,-2.115051528,0.082654299,-0.069521126,-0.069521126,-0.114798092,-0.167789157,-0.011992507,0.007293389,,0.008181723,1.39373445,21.5998976,2.0642829,0.234028093,20.33583221
300041,2018,-0.87745098,0.12745098,0.576526794,0.633784267,0.664871444,-0.61075672,0.024597358,0.028253534,0.019316311,15.08769434,0.485595333,0.011380063,0.108975169,-0.666565617,0.139987507,0.168702892,0.168702892,0.155605837,0.21472452,0.153551306,0.529357205,,0.010658795,1.598817075,21.74274287,1.731191357,0.211923533,20.76067973
300041,2019,-0.346153846,0.471153846,-0.062134502,1.22800855,0.682185078,-0.597855571,0.034043026,0.038906054,0.023930015,15.43128341,0.372634929,0.015117012,0.423369881,-0.872213505,0.198256,0.375401756,0.375401756,0.432349343,0.47700313,0.31803494,0.474708102,,0.014939958,1.721343392,22.01888482,1.644645527,0.194297365,21.14913981
300043,2018,-0.112745098,-0.727941176,-0.171116548,1.06399016,1.463144802,-0.483269502,-0.098728329,0.044121556,0.021354962,15.23368044,0.732076381,0.003558898,-0.774525676,,0.70680411,-0.245302462,-0.245302462,-0.111834011,-0.042918171,-0.044171943,-0.096375998,,0.031612028,1.952115214,22.45396179,0.52414975,0.227605322,21.73597905
300044,2017,-0.935233161,-0.137305699,0.008763218,1.225788051,0.637614765,-1.22007259,0.044210442,0.017446245,0.009393158,15.04263683,0.72025848,0.018977812,-3.0089901,-1.676384216,0.527716156,0.197487053,0.197487053,0.247866988,0.293454955,0.136995124,0.245685874,,0.010730485,2.025426473,22.34589666,1.417434761,0.10716845,21.66522498
300044,2018,-0.772058824,-0.870098039,-0.083410167,1.17262451,1.313090798,-0.857963461,-0.183378462,0.009925522,0.004911518,15.08283137,0.654773321,0.008169544,-2.501239836,-1.015371984,0.753454807,-0.032795063,-0.032795063,0.010385151,-0.152852566,-0.026571546,0.230711013,,0.020709195,2.778461596,22.31896571,1.564001911,0.148770297,21.87281704
300045,2016,0.15993538,-0.634894992,-0.103542897,0.841806319,-0.101127293,-2.342576169,0.425969814,0.003926105,0.00312097,15.19132627,0.354437949,-0.00261538,1.282102428,-0.838672293,-0.000558524,-0.040996951,-0.040954922,0.042055077,0.029186603,0.180856422,-0.265162801,,-0.017798471,1.203401239,21.47072747,4.130283421,0.031578216,19.69300085
300045,2017,-0.606217617,0.57253886,-0.047975134,1.102690015,0.293436691,-1.902707533,0.759474512,0.014433428,0.011988413,14.98408312,0.56895769,0.002744237,0.469638749,-1.103284667,0.065536062,0.435039406,0.434976518,0.310529866,0.571642773,0.150891353,0.516709813,,0.012459962,1.28658189,21.6112642,3.239887032,0.025767942,20.10954425
300045,2018,0.257352941,0.071078431,0.414128204,1.084980696,1.068717162,-1.562802471,-0.286914512,0.009670174,0.007637973,15.25497265,0.448360176,0.003827779,-2.983283596,-1.029732543,0.078547359,0.12070361,0.12070361,0.084042116,0.16904544,-0.044261381,0.055033231,,0.02321733,1.326063946,21.56599339,3.015531267,0.035515534,20.16311651
300045,2019,-0.899038462,-0.644230769,-0.2466467,1.380940028,1.582943245,-0.645774695,0.259138177,0.008029349,0.005974561,15.33991712,0.390526452,0.00297677,1.404580781,,0.09743957,-0.029012569,-0.029012569,0.071502518,-0.062578153,0.033494277,0.109886729,,0.024537347,1.358813471,21.59893895,2.743573776,0.043640811,20.26737448
300048,2016,0.870759289,-0.066235864,-0.424366915,1.010496206,1.32722395,-0.395526097,-0.032709298,0.004527389,0.002518342,15.14935483,0.713751581,0.001529052,-1.904041082,,0.500012441,0.072613541,0.072613541,0.066620946,0.030262137,-0.044734013,-0.110960648,,0.021560348,1.727481684,22.25325725,1.668739859,0.278214551,21.38842612
300048,2017,-0.800518135,0.663212435,-0.082582681,1.120505182,1.674667253,0.184640725,-0.578327205,0.002607387,0.001517538,14.80137689,0.975470966,0.006501151,-2.625689792,,0.509951675,-0.217059926,-0.217059926,-0.224135835,-0.25975192,-0.120292746,-0.128845247,,0.042105853,1.71534976,22.12509116,1.688551859,0.294898292,21.25049048
300048,2018,-0.125,0.759803922,0.314835954,1.21773524,0.816581694,-0.634956626,0.537686322,-0.004393371,-0.002568171,14.95669092,0.76688,-0.003601959,1.567227153,,0.253705792,-0.041334186,-0.041334186,0.02316672,0.070536913,-0.162537737,-0.226738832,,0.042225445,1.626170922,21.94771208,1.684517553,0.290574455,20.99335205
300048,2019,-0.836538462,0.855769231,0.231823878,0.655594017,1.670662254,-0.637258908,0.053277399,-0.053109866,-0.033047296,15.48716723,0.362176457,0.001134374,-3.500023941,,0.145146237,0.25746012,0.25746012,0.109565973,0.101991745,-0.249698297,-0.435032306,,0.030891669,1.40833997,21.6604322,2.294065681,0.265402315,20.42236533
300050,2017,-0.554404145,-0.937823834,0.040794934,1.087144611,0.871725526,-1.396358796,0.369030097,0.002839077,0.002268681,14.56305469,1.355610751,0.006117541,0.19624901,-1.522764025,0.20842686,0.175769605,0.175769605,0.202590299,0.360182961,0.027601332,0.06075234,,0.037625053,1.288200513,22.03271556,1.884480772,0.039621119,20.53537045
300053,2017,0.35492228,0.531088083,-0.151209699,1.150451383,0.005307862,-1.754481148,0.508240807,0.009416912,0.007806181,15.44298841,0.636879196,0.004036034,-1.820816277,-1.712390347,0.05010731,0.061312654,0.061312654,0.101355729,0.102773224,0.023933261,0.060449428,,0.008487806,1.220217627,22.09414544,3.264511711,0.092832202,20.38197721
300053,2018,0.754901961,-0.446078431,0.071876116,1.130698592,0.990995933,-0.973235265,-0.010576105,0.00658336,0.005285988,15.70323152,0.48148333,0.002785509,-2.509116857,-1.397520344,0.103180465,-0.144729031,-0.144729031,-0.0792955,-0.231606484,0.006641676,0.415776166,,0.012118534,1.340168274,22.10076516,2.154346962,0.143476299,20.72965511
300055,2017,-0.562176166,-0.652849741,-0.385430978,1.278301343,1.019366163,-0.452174809,0.573168455,0.011359704,0.008753134,15.77572397,0.849934507,0.005286104,-2.082446454,-5.643910246,0.151511381,-0.362794309,-0.362794309,-0.30431564,-0.352259667,-0.025586682,0.005018379,,-0.036763928,1.301625775,22.750788,2.560021686,0.095121338,21.28860574
300056,2016,0.702746365,0.046849758,-0.602509342,0.561985047,0.255396396,-1.343237237,1.358229017,-0.012248182,-0.006290922,14.45488081,0.814735401,-0.032215811,2.387232959,,0.674443735,0.452057472,0.452057472,0.26750502,0.518071425,-0.149761747,-0.199543874,,0.08097204,1.948507745,21.70412123,1.167389228,0.141780857,20.98419209
300056,2017,0.924870466,-0.062176166,0.11396838,0.630636725,0.479019491,-1.183747293,0.384943139,-0.006558039,-0.0032854,14.11561422,0.95310423,-0.015610972,-2.974346258,-1.413233745,0.922817298,0.219335725,0.219335725,0.227389257,0.304237463,0.036616625,0.407744862,,0.03444525,2.950423021,21.74008339,1.055003068,0.145364462,21.32618112
300056,2018,-0.769607843,-0.855392157,-0.261897212,1.022366188,0.428865957,0.138724754,0.281033891,0.029991654,0.009745109,14.45435014,0.527675471,0.000638904,1.586853037,,0.336638398,0.7799777,0.7799777,0.578752973,0.8595161,-0.352410992,-0.615027171,,0.025165712,1.647403692,21.30558436,1.529296674,0.215446934,20.3715986
300058,2018,-0.607843137,-0.821078431,0.812403618,1.205462026,0.688536885,-0.727824586,-0.003232547,0.023446148,0.010894926,16.42893574,0.646579463,0.011599493,0.838822647,,0.417553295,0.479119226,0.479119226,0.489280788,0.535920096,0.115655722,0.166525778,,0.035815359,2.15773219,23.70409122,1.157294955,0.007080866,23.08149655
300058,2019,0.973557692,0.03125,-0.229160196,1.243366344,1.251095932,-0.275986337,0.245789625,0.03026256,0.014056996,16.55968552,0.594571103,0.025192776,0.229573944,-1.417220645,0.597297093,0.272699831,0.272699831,0.2687725,0.278903233,0.130227193,0.217509949,,0.038567313,2.369589754,23.82650989,1.162261065,0.005221668,23.27830429
300065,2016,-0.40549273,0.195476575,-0.457984633,0.539009616,1.405342882,-1.113361012,0.468975114,0.020758239,0.016455826,15.38382892,0.365346153,0.010351799,1.343535246,,-0.092724956,-0.001011738,-0.001011738,-0.022713549,0.111517479,-0.081682011,0.716225393,,-0.046941103,1.32417764,21.53473861,3.368387951,0.030037384,20.12748335
300065,2018,-0.095588235,0.428921569,-0.19386386,1.078365478,0.639892438,-1.281747493,0.438019625,0.010099764,0.008045995,15.10953208,0.463977141,-0.005049484,-1.173858993,-1.013916239,0.07038126,-0.129397716,-0.129397716,0.074014704,-0.007592439,-0.054651457,0.390624267,,0.023583553,1.394468534,21.44202434,2.632767765,0.041045501,20.17929507
300066,2016,0.55088853,-0.486268174,-0.34285292,1.001475317,1.030345138,-0.711794796,0.288665301,0.012785917,0.011565536,15.29413509,0.369904233,0.004955892,-0.253552214,,-0.09457747,0.165201085,0.165201085,0.189137398,0.216011483,0.046234289,0.203134796,,,1.1114831,21.31929563,7.316629944,0.141956997,19.01971812
300066,2018,-0.889705882,-0.544117647,-0.090140914,1.130006259,0.961832886,-0.526090518,0.244271869,0.025629455,0.022616374,15.36116684,0.384744726,0.004421307,3.464428204,-1.132153429,0.018741158,-0.0138536,-0.0138536,-0.030683318,-0.022951189,0.101664919,0.126862047,,,1.1304426,21.49049642,6.396282115,0.123228515,19.33106518
300067,2017,0.652849741,-0.569948187,0.043322564,1.011589465,1.526305608,0.471360138,-0.12508717,0.021438006,0.018503878,14.78657732,0.63625005,0.015662585,0.021012661,-1.948095626,0.021491492,-0.059182957,-0.059182957,-0.12207228,-0.152653805,0.067086063,0.405106662,,0.015750972,1.221139954,21.42897639,3.229518005,0.210591046,19.72023207
300069,2016,-0.450726979,0.738287561,-0.64069695,0.404060092,0.271211731,0.109759351,-0.014711516,0.016651639,0.00968577,14.79555501,0.218370651,0.00653035,-0.384869216,,0.162757654,-0.389176974,-0.389176974,-0.290991046,-0.417389654,-0.134122538,-0.326674692,,0.024023693,1.487677206,20.48378957,1.694383531,0.253808383,19.36847204
300069,2017,0.564766839,0.230569948,0.302114712,1.010243033,1.917339988,-0.144247307,-0.213796688,-0.005753486,-0.003833082,13.89215769,0.469034807,-0.000369793,-2.67314823,,0.110546963,-0.073660788,-0.073660788,-0.081771672,0.067389007,-0.287282829,-0.223790056,,0.028933076,1.555244773,20.14511896,1.442622972,0.263308821,19.11513979
300069,2018,0.468137255,0.333333333,0.07360684,1.094043544,0.74819209,-0.165722169,0.594167475,0.003855694,0.002416523,14.05605851,0.291424155,-0.002502611,1.930172623,,0.065952237,-0.035601853,-0.035601853,-0.044555231,0.03720867,-0.024345594,-0.140170332,,0.027019894,1.459069012,20.12047211,1.533094646,0.261581906,18.96411882
300069,2019,-0.959134615,-0.233173077,0.074646064,1.025958954,1.236185602,-0.222678501,0.573219413,-0.005735402,-0.00385339,14.31187873,0.221946282,0.002332328,-3.43126563,,0.051462023,0.105199769,0.105199769,0.080395418,-0.069386115,-0.026471066,0.235068014,,0.017804528,1.664329316,20.09364438,1.378626905,0.251868456,19.17524486
300070,2019,0.362980769,0.766826923,-0.106920557,0.910751709,0.914269058,0.340264387,0.48588882,0.00104426,0.000349439,16.77553703,1.205897514,0.000473038,0.068251229,-4.646696828,2.254281504,0.488289688,0.488289688,0.469018596,0.637675095,0.026906866,0.015463807,,0.014925746,2.954703047,24.99095913,0.992539215,0.0094475,24.57779926
300072,2017,-0.603626943,-0.914507772,-0.562586023,1.191118361,0.768848924,0.068991792,-0.121477447,0.015825381,0.006881132,16.90835574,0.534354612,0.001193987,-3.495626751,,0.624229771,-0.626651772,-0.626651772,-0.538391241,-0.563049494,-0.080046067,-0.122514635,,0.055853965,2.133345196,23.92260548,1.80640694,0.095073307,23.29008783
300074,2017,-0.310880829,0.090673575,0.074597867,0.890665523,0.837696464,-0.549994528,-0.405258279,0.001448871,0.001136367,14.43445412,0.654611776,-0.006192118,-0.078569349,,0.101521818,0.218678935,0.218678935,-0.059085212,0.197534205,-0.004422696,-0.120131264,,,1.231426539,21.13443024,3.221666514,0.188773301,19.46276418
300074,2019,-0.721153846,0.168269231,-0.073337559,1.33523922,1.73911557,-0.554549518,0.458147756,0.004286332,0.003135136,14.54456488,0.577450096,-0.003236671,0.474911486,-0.663501776,0.119900257,0.073244585,0.073244585,0.038626602,0.103640016,-0.102491848,-0.312121404,,-0.01899944,1.286077712,21.12512551,2.446700146,0.20670833,19.62203667
300079,2016,-0.208400646,0.599353796,-0.385770738,1.079674236,0.888639014,-0.755940572,0.302507877,0.008856972,0.007605194,15.50255307,0.666605639,0.011884512,-3.573213187,-0.669545202,-0.073326908,0.123340641,0.123340641,0.100811412,0.215727178,0.084101831,0.617401849,,-0.12551644,1.231873807,22.21061403,3.550660151,0.103526787,20.54051561
300079,2017,-0.569948187,0.75388601,0.540387148,0.974898088,0.96995724,-0.895393279,-0.017991914,0.008365278,0.006763345,15.46670061,0.72750585,0.007583353,0.798310804,-2.311402531,-0.132828446,-0.383788502,-0.383788502,-0.392427827,-0.477935978,-0.017087216,-0.338915842,,-0.223722216,1.144948295,22.19337915,5.063420657,0.098330095,20.12664148
300079,2018,0.164215686,0.93872549,-0.176454636,1.266904824,1.145600201,-1.153330451,0.164039477,0.000146395,4.13e-05,15.67454392,0.599446604,-0.004523519,0.272759416,,-0.198524926,-0.089532238,-0.089532238,-0.02246743,0.151597851,0.03925988,0.006005681,,-32.64042153,1.139662484,22.23188795,5.20507995,0.075213419,20.1326292
300079,2019,-0.987980769,0.903846154,0.599938813,1.160230057,1.39287017,-0.66398613,1.004205514,0.006350922,0.005600784,15.65103435,0.643269751,0.001513086,1.025223315,-2.506185287,-0.144280655,0.191762408,0.191762408,0.082146729,0.003310093,0.026436261,0.133966954,,,1.156584717,22.25798081,4.947464318,0.073155053,20.25835126
300080,2018,-0.708333333,-0.029411765,-0.261578378,1.143871204,1.10672725,-0.35789199,0.696269258,0.176472744,0.083706647,14.8116724,1.785046381,0.003213064,-0.043667613,-1.637143493,0.535491244,0.183250577,0.183250577,0.251189198,0.230400489,1.126804858,0.564693877,,0.024572203,1.685313107,22.93907343,1.388484526,0.263860527,22.03924261
300082,2017,-0.932642487,0.658031088,0.39743701,0.989027427,1.119323243,0.186254049,-0.040350668,0.03121809,0.016248147,15.24150802,0.796242281,0.013775957,0.57040219,,0.302961293,-0.105254489,-0.105254489,-0.113419452,-0.112101935,-0.184853075,-0.385049328,,0.04037679,1.577541981,22.33934299,1.240787651,0.380728649,21.33450092
300082,2018,-0.323529412,0.767156863,0.016788589,1.100561119,1.254113492,0.554024695,-0.084133496,0.023942063,0.015252348,15.21800924,0.81777909,0.002929946,0.714398727,,0.235158966,-0.228426913,-0.228426913,-0.249272932,-0.264017879,-0.0809157,-0.294491868,,0.020087439,1.390874394,22.25496556,1.532433102,0.383946429,20.98566394
300082,2019,0.302884615,0.536057692,0.960322828,1.353943431,1.31482741,-0.788357899,-1.050663386,0.034713867,0.024670699,15.76035986,0.501896502,0.006488927,0.318122623,-0.694708014,0.163954697,0.352792938,0.352792938,0.426932958,0.469237132,0.213340583,0.724600418,,0.012538938,1.665121536,22.44834293,1.035517465,0.326363436,21.53065932
300087,2018,-0.169117647,-0.914215686,0.430140233,0.792194698,1.041654416,-0.01904851,-0.164307759,-0.024168112,-0.013913017,15.19515157,0.228636104,0.001072718,-0.13869379,0.149949068,0.147486086,1.6134775,1.6134775,1.376089772,2.58632229,0.353551923,1.523687796,,0.008492985,3.246431346,21.4331058,1.166209111,0.096824765,21.06489234
300087,2019,0.259615385,0.680288462,0.673425733,1.222714125,0.914671604,-0.691935156,-1.234297023,-0.010287363,-0.00283549,16.02470065,0.077537928,-0.000472799,0.096625554,-2.860049858,0.125464935,0.20663375,0.20663375,0.209768066,0.152067215,0.208352722,0.134183059,,0.022074684,2.853033003,21.62236384,1.77827443,0.09584801,21.19080496
300091,2016,0.828756058,0.114701131,0.014468045,0.695554224,0.307864506,-0.25201485,0.325950435,0.036004863,0.013023614,15.52800577,0.232982863,0.008864409,1.477154046,-1.321461052,0.408262571,0.656892556,0.656892556,0.668894378,0.774909108,0.897852962,0.645378067,,0.026562719,2.378611545,22.42955792,1.112013356,0.124726948,21.88411786
300091,2017,-0.062176166,0.357512953,-0.325366435,1.217703777,0.690975661,-0.35285025,-0.376143844,0.02329252,0.009380413,15.21564387,0.596420056,0.010372467,-1.802220034,-0.768948226,0.531499312,0.046991575,0.046991575,0.049489158,0.017222829,0.112739331,0.10660713,,0.024517208,2.360676547,22.53638276,1.179500468,0.162920055,21.98541655
300091,2018,0.865196078,-0.848039216,-0.300746214,1.38802462,1.873484473,0.755848157,-0.186344932,0.009577061,0.004069603,14.99350653,0.801258568,0.005609087,0.698265681,-2.48698007,0.870912261,-0.334928499,-0.334928499,-0.274520233,-0.321796666,0.034032168,0.05409356,,0.021656034,2.424684985,22.56984865,1.148779794,0.174980954,22.03809776
300091,2019,-0.9375,-0.875,0.174858336,1.313185011,2.728743072,-0.283635151,-0.005454002,0.010999526,0.004513792,15.23735452,0.686552647,0.006921151,-0.197176573,,0.629082223,0.436977884,0.436977884,0.413944538,0.508537075,0.029591022,-0.13552401,,0.027047415,1.973734004,22.59901031,1.420513938,0.14798011,21.89246602
300092,2018,0.791666667,-0.210784314,0.004522079,0.980490488,1.330428235,0.121773238,0.055365336,0.0275733,0.017941206,13.98037048,0.501327967,0.015559967,0.382464339,-0.472928676,0.251289033,0.430318325,0.430318325,0.364728617,0.366453295,0.276195054,0.559473511,,,1.721395568,20.82042714,1.942949616,0.158463478,19.95072415
300092,2019,-0.177884615,0.367788462,0.134793298,1.228012969,1.851017459,-0.127947192,-0.03912013,0.040988846,0.023842777,14.26524966,0.429024848,0.02041809,0.304437843,-1.996958314,0.247934729,0.285359247,0.285359247,0.328002247,0.384562315,0.025464187,-0.081957837,,,1.600450402,20.84557252,2.16741947,0.160786065,19.86521219
300093,2016,-0.880452342,0.37641357,-0.525405315,1.702531142,1.499023405,-0.309384134,0.827544841,0.004458693,0.002904504,14.66293126,0.396148661,0.000452023,-0.015742774,-0.06722876,0.188056987,0.557690672,0.557690672,0.555166068,0.584895924,0.165825383,0.433183411,,0.037269062,1.7408843,21.17736056,2.132175247,0.329849619,20.32305655
300095,2016,0.932148627,-0.615508885,-0.442217805,0.925301777,0.184229362,-0.886891982,0.259917971,0.013266132,0.007523709,14.4200962,0.765484649,0.015644859,-0.182025058,-1.21085241,0.58055516,0.55425793,0.55425793,0.501037896,0.55467523,0.049097979,0.068855308,,0.02888597,1.826963851,21.65986754,1.608082337,0.131397899,20.86721775
300099,2016,0.861066236,0.52180937,-0.497987284,1.278807549,1.314198783,-0.515748531,0.000664386,0.004792308,0.004546218,14.72929491,0.686323079,-0.000816806,0.937894326,-0.474409918,-0.050957522,0.256951697,0.256951697,0.253175578,0.280967261,0.07177249,0.528198365,,-0.204763322,1.077911391,21.34275299,6.994870835,0.107484281,18.71554461
300100,2018,-0.867647059,0.014705882,-0.29530012,0.785624227,1.346221245,-0.83609704,0.713510045,0.001929085,0.000756389,14.60648162,1.117997733,0.006204765,-1.544922795,,1.533999595,-0.345142915,-0.345142915,-0.343874374,-0.36147293,-0.184838309,-0.084217996,,0.025030776,3.220330809,22.47165558,0.956697023,0.328223134,22.09982769
300101,2016,-0.211631664,0.256865913,-0.005936641,1.165372219,-0.288725554,-2.436038642,-0.007566657,0.013686081,0.011071851,15.89354025,0.123821151,0.004185192,1.208004007,-0.377976468,-0.026930545,-0.106386749,-0.106386749,-0.121954386,-0.068438673,0.323896896,1.036534567,,0.012050834,1.364792959,21.13900939,4.338250436,0.050697152,19.81958133
300101,2017,0.010362694,-0.582901554,-0.284502124,0.868741127,0.098838878,-2.545760374,0.685101067,0.002313369,0.001760289,15.63390344,0.183768586,0.00053765,-0.925399333,-2.510850152,-0.000679521,0.048293746,0.048293746,0.253133665,0.291127823,0.03761217,0.166030308,,-0.01141338,1.429323966,21.17593147,3.587097431,0.063772757,19.97318641
300101,2019,-0.862980769,-0.776442308,0.596924639,1.168458686,0.55992994,-1.354728556,0.115261164,0.028371136,0.018550675,16.00865193,0.130369361,0.004155614,2.13275994,-0.73811939,0.033081555,1.116017508,1.116017508,0.556632256,0.73761618,0.182819442,0.233680165,,0.007278474,1.559248625,21.42378292,2.605353681,0.063042334,20.39841772
300102,2017,0.665803109,-0.779792746,-0.124684216,0.900891893,0.532743703,-0.310655155,-0.173421525,0.011216048,0.005727849,15.27531114,0.663355041,0.000621194,-0.986393345,-1.07782901,0.662707503,-0.080844492,-0.080844492,0.127861844,0.141722629,0.186388455,0.365832433,,0.026360594,2.24967725,22.59067155,1.169544903,0.363005218,22.00277011
300102,2018,-0.632352941,0.022058824,-0.236574367,1.0548907,0.660608743,-1.780986056,0.718997739,-0.013589191,-0.005871045,15.03611113,0.821505953,-0.015027186,-3.83847457,-1.453752806,0.944942021,0.042822917,0.042822917,0.22220354,0.266796048,-0.000511612,0.125017626,,0.033001371,2.668502228,22.59015981,1.571374827,0.513384739,22.12056881
300103,2016,0.699515347,0.518578352,-0.378388719,0.693097463,1.384101737,0.02844457,-0.800980565,0.011262914,0.009731817,14.85383542,0.313496797,0.004754711,1.800969458,-3.832890824,-0.004082175,-0.118695466,-0.118695466,-0.079007418,-0.128344647,0.047403356,0.035916048,,,1.148550669,20.7646385,6.032926685,0.105180724,18.71930847
300103,2018,0.433823529,0.360294118,-0.21835549,1.166815663,1.537025552,0.694653187,0.093441514,0.020549085,0.014030456,14.61777336,0.522954702,0.003584424,3.187910863,1.814601856,0.273721375,0.637343214,0.637343214,0.571671415,0.635818527,0.050888906,-0.055275162,,0.0442576,1.662253422,21.48970174,2.16560901,0.159051169,20.56942059
300105,2016,0.169628433,-0.18901454,-0.376921723,1.209686935,2.138216614,0.679256981,0.440271431,-0.00057111,-0.000473615,14.90092105,0.659838074,-0.003859076,2.128683568,,-0.01444456,-0.300132072,-0.300132072,-0.299780387,-0.38254004,-0.051517706,-0.314979289,,,1.152775672,21.52699761,4.115738776,0.067479757,19.50604032
300110,2018,0.553921569,0.482843137,-0.110118404,0.873319985,1.564952772,1.014912002,-0.82980407,0.0045772,0.003608314,15.396231,0.464321869,0.001205874,0.891719179,,0.004221323,-0.176137843,-0.176137843,-0.196834874,0.025780332,-0.059293448,-0.286946127,,0.016444318,1.19102557,21.71872102,3.120375695,0.423618574,19.88855828
300114,2016,-0.951534733,-0.447495961,-0.336638119,1.17723342,0.396994026,-1.167948443,0.522110816,0.02593261,0.018873147,15.57225776,0.265579833,0.005148658,0.31513139,-3.218084907,-0.006382533,0.196402102,0.196402102,0.174615897,0.203812032,0.067945467,-0.02125413,,,1.340632419,21.51203184,2.730432495,0.198418941,20.14193905
300114,2017,0.523316062,-0.440414508,0.019494386,1.112910425,0.41625006,-1.085054641,0.138890218,0.030347059,0.022360001,15.50144282,0.286009269,0.00541906,-0.202858395,-3.164200396,0.024176155,0.113318451,0.113318451,0.078439391,0.078997474,0.061269176,0.297729911,,,1.450737758,21.57149737,2.311491525,0.19406314,20.40255556
300114,2018,-0.31127451,-0.571078431,0.207457453,1.260617862,0.697135738,-0.657973115,0.054515412,0.036990519,0.025916407,15.65838345,0.259928358,0.004931727,0.130762348,-1.166829003,0.029575057,0.05262189,0.05262189,0.035374584,0.002599072,0.100797,0.102288266,,,1.451624151,21.66753183,2.217834033,0.171704731,20.49994382
300114,2019,0.276442308,-0.497596154,0.321314892,1.255529429,0.911873892,-0.685888411,0.092172167,0.040571853,0.028182503,15.95142458,0.225131423,0.004614569,0.291160064,-1.240878592,0.039483464,0.259260159,0.259260159,0.254272213,0.312743893,0.169415284,0.162036424,,,1.447499227,21.82403569,2.221169847,0.158294118,20.65011783
300117,2016,0.279483037,0.802907916,-0.518232631,1.398629628,1.80848847,-0.10486807,-0.391752582,0.022576126,0.0065353,15.2980657,0.350842383,0.004681781,-0.875163762,-0.947705751,1.354951605,0.586402345,0.586402345,0.632719989,0.666018423,0.339865412,0.448221213,,0.048378227,4.320070963,22.63915201,1.241215634,0.064606732,22.37586634
300117,2017,-0.419689119,0.189119171,-0.065341343,1.196287416,1.461377554,0.426815858,-0.032295455,0.010156305,0.002515613,14.85594923,0.505232755,0.006664551,-0.055692086,-1.392829606,1.705638109,-0.180707485,-0.180707485,-0.171819015,-0.21661378,-0.068924124,-0.059221692,,0.066644613,4.474890344,22.5677375,1.275261959,0.068966487,22.31481858
300117,2019,0.548076923,-0.879807692,0.719351098,1.67661479,2.276179986,0.434222181,-0.316032288,-0.008796526,-0.001960324,14.81633533,0.506583641,-0.005207116,1.47276413,,0.90804051,-0.116138845,-0.116138845,-0.104562378,-0.112765493,-0.022173298,-0.040735727,,0.159130932,4.182288962,22.48965959,1.166115976,0.060576092,22.21640163
300118,2019,-0.884615385,0.545673077,0.289885308,1.192624522,1.058292524,-1.029575461,-0.770061883,0.022401367,0.00845985,16.42415608,0.78000103,0.004340341,-2.044917101,-1.477560986,0.80193206,0.090666127,0.090666127,0.206426821,0.238005703,0.155538701,0.264801249,,0.046473284,3.186548011,24.15722905,0.926061683,0.324948924,23.78061489
300123,2016,-0.31825525,-0.731825525,-0.043435027,0.713490628,0.288948835,-1.528624325,0.049986237,0.005570638,0.003397108,15.08353307,1.086851956,0.007192538,2.534083982,0.21828683,0.549789659,1.127402697,1.127402697,0.930431838,1.124435045,2.256726133,1.397010954,,0.011214481,1.501761504,22.68225918,1.448490628,0.127808841,21.58599006
300130,2017,-0.466321244,-0.121761658,0.185997004,1.095804863,0.115893972,-0.775909084,-0.151041871,0.027004295,0.014397869,15.27141638,0.495209073,0.011385949,3.619467111,-2.257299939,0.162346041,0.542109698,0.542109698,0.456042463,0.594952563,-0.069745267,-0.275788251,,0.014126906,1.59320517,22.02311331,1.533451303,0.117161935,21.03515054
300130,2018,0.968137255,-0.044117647,-0.131603796,1.357157027,0.626410458,-1.295522867,0.063186502,0.04757249,0.030810124,15.49263386,0.457885088,0.008936857,-1.781624993,,-0.127567527,-0.129175177,-0.129175177,-0.120980633,-0.105510803,-0.057399122,-0.274445958,,-0.017059818,1.401736807,21.96400098,3.68718502,0.014913435,20.71433082
300130,2019,-0.846153846,-0.091346154,-0.164054544,1.270827892,1.596008618,-0.03636284,0.420608079,0.02034228,0.014999365,15.26549759,0.592410319,0.012983417,-0.15376021,-0.894573679,-0.062616034,0.344280265,0.344280265,0.409044352,0.421221767,0.067097398,0.297417779,,-0.001368331,1.5348214,22.02894323,2.805931534,0.023741145,20.97470679
300135,2016,0.644588045,0.715670436,-0.506968587,1.214480048,1.390545139,0.171923534,0.139961837,0.007941665,0.003320704,15.0205277,0.370157121,0.001261607,1.002625108,-1.734127059,0.580514435,0.095803688,0.095803688,0.047010071,0.011861706,0.158874102,0.269490733,,0.023985415,2.644349415,21.90433631,1.213904537,0.242130036,21.42925605
300135,2017,0.575129534,0.331606218,0.109804562,1.133207748,1.889096737,1.239395127,-0.439785547,0.009273076,0.003557435,14.78914761,0.46637069,0.000858508,-0.331186884,,0.40063179,0.188931275,0.188931275,0.203964439,0.194279562,-0.017787214,-0.035346031,,0.022946595,2.568836664,21.886389,1.275616785,0.22657475,21.39327023
300135,2018,0.68627451,0.602941176,-0.253903685,1.124521059,1.282067088,0.088930622,0.377788746,0.004417031,0.001738014,14.64647235,0.5473486,-0.008360037,-0.281764435,-4.274585067,0.410669773,-0.329676766,-0.329676766,-0.287167606,-0.309507788,-0.080451487,-0.121982286,,0.025527226,2.398864034,21.80251652,1.347450137,0.221787248,21.26318172
300135,2019,-0.175480769,0.569711538,0.12269312,1.220020402,3.097773024,0.039211009,0.321615827,0.006612068,0.002896276,14.66233698,0.540181187,-0.011669941,-0.024514919,,0.421353952,0.755037196,0.755037196,0.634077582,0.765908989,-0.112455408,-0.194789137,,0.025374289,2.123326993,21.68322001,1.425318791,0.23410194,21.04653063
300139,2016,-0.024232633,-0.260096931,0.248413518,0.935459438,1.583711887,-0.559554735,-0.192970947,-0.015058389,-0.012356404,14.38083977,0.72354104,-0.009245739,-3.405369541,1.293488051,0.060530257,-0.069500206,-0.069500206,0.031968831,-0.097808135,-0.120697227,0.058659456,,-0.025893803,1.258039769,21.07024672,3.312551983,0.123479983,19.48605039
300139,2017,-0.468911917,-0.422279793,-0.175631357,0.401569807,-0.318012732,-2.346315837,-0.412728599,0.012073251,0.009259425,14.48945591,0.594864629,0.001112791,1.708877055,,0.083877841,-0.662724317,-0.662724317,-0.485893459,-0.574315728,-0.056144212,-0.170972556,,0.026111573,1.219748445,21.01246483,2.069197462,0.140890787,19.29854837
300139,2018,0.017156863,-0.105392157,-0.370580927,0.975557289,1.091476178,-1.729905959,0.798659463,-0.006070674,-0.004801904,14.40923828,0.603592336,-0.000711263,-0.817555755,,0.08607501,0.909430322,0.909430322,0.138096263,0.38756906,-0.071873692,-0.146717774,,0.12508606,1.198510234,20.93787738,2.268492942,0.162771889,19.13988345
300140,2016,-0.722132472,0.415185784,-0.534186722,1.322876293,-1.521442142,-2.501624784,-0.028752687,-0.015848324,-0.006385799,14.88639785,0.513255257,-0.012644952,-0.750550826,-1.182547234,1.030306411,-0.131373851,-0.131373851,-0.066929936,-0.148697797,0.110530057,0.183803154,,0.039999237,2.704273342,22.09521561,1.294232589,0.095733119,21.6335212
300140,2017,0.699481865,-0.857512953,0.369142927,1.255793,1.182221395,-0.371289515,0.695489592,0.001936432,0.000641052,14.62129942,0.754515285,0.004010587,0.19316904,-0.452025475,1.05865587,0.844233361,0.844233361,0.605833646,0.699309687,0.670681386,0.647677582,,0.023548663,2.642268973,22.60844717,1.396587521,0.073950144,22.13288797
300140,2018,-1.0,0.370098039,-0.239732,0.942199379,1.669716244,0.253929665,0.177806845,0.007394726,0.002871895,14.94604263,0.815766435,0.000823008,-2.655292883,-3.008195788,0.984536194,-0.209025372,-0.209025372,-0.141493294,-0.192648705,-0.042544894,-0.039542499,,0.02429773,2.655946674,22.56497072,1.520300529,0.088739824,22.09254242
300140,2019,-0.634615385,0.514423077,-0.316243631,1.296482092,2.451666681,0.160717499,0.257420674,-0.051121106,-0.018837566,14.86270397,0.772480085,-0.016183423,-1.974511114,,0.504258432,-0.439693993,-0.439693993,-0.393848865,-0.427740941,-0.433183628,-0.572559345,,0.02169132,1.887419143,21.99725084,2.069465542,0.134106274,21.24260261
300143,2017,-0.189119171,0.474093264,-0.355643915,0.837549764,1.532180475,0.055412374,-0.252796234,0.008462016,0.00740067,14.90983399,0.743782118,0.000852259,-0.538012649,0.483193342,0.133481079,0.015190672,0.015190672,0.142077594,0.06337105,-0.006233282,2.576360575,,0.042610698,1.261307185,21.69127085,1.475065947,0.05408457,20.11706361
300147,2017,-0.435233161,-0.883419689,-0.102520411,1.027937474,1.148139212,-0.071535835,0.27973131,0.010967566,0.004854282,15.32766409,0.893924454,0.010030834,-0.705906113,,0.951633212,0.074270231,0.074270231,0.042607367,0.063745422,-0.148070052,-0.266888852,,0.027739733,2.013097862,22.83491045,1.28858751,0.227849803,22.14824851
300147,2018,0.115196078,0.00245098,0.486653034,0.453460307,0.946274642,0.314412314,-0.504264591,0.013965101,0.006719015,15.47146606,0.807093133,0.012799587,0.356415435,-2.011030158,0.631490171,0.371128643,0.371128643,0.264669284,0.427582402,0.187821686,0.339940912,,0.01763505,2.313222514,23.00703156,0.862317722,0.198109587,22.44087403
300148,2018,-0.147058824,0.144607843,-0.029772512,1.013389379,1.144041347,-0.227657423,-0.744818461,0.009434175,0.008044885,14.95835455,1.082261471,0.003584698,1.560700257,-4.811300725,0.062961971,-0.287196645,-0.287196645,-0.205605481,-0.32902891,-0.007895408,-0.107040513,,0.041616767,1.158641472,22.08749894,2.131616874,0.033977967,20.09914226
300148,2019,0.713942308,-0.754807692,-0.164759089,1.421044187,2.208164637,-0.155735931,0.08700093,0.001213705,0.001006892,14.91051121,1.071911786,0.007820339,-2.449508932,,0.005317763,-0.297819981,-0.297819981,-0.363674072,-0.405639146,-0.261327316,-0.262589754,,0.002580096,1.158327417,21.78459857,4.053877357,0.065500315,19.79453136
300152,2018,-0.276960784,0.274509804,-0.537787704,0.969446821,2.154389114,0.122992318,0.18679915,0.002653724,0.000883013,14.60949961,0.395445528,-0.016637912,1.085445391,,0.479243558,-0.174579356,-0.174579356,-0.071872641,-0.187029184,-0.016371565,-0.001252891,,0.033238551,2.085289406,21.27820515,1.06389225,0.152029132,20.62514419
300153,2016,-0.117932149,-0.408723748,-0.438996379,0.97061239,1.659707353,-0.979920422,0.149178544,0.004126467,0.002795886,15.11468416,0.270097814,2.29e-05,-1.311850258,-1.987820906,0.093723238,0.188514368,0.188514368,0.207971008,0.274772246,0.016431097,0.055183932,,0.017316617,1.544207233,21.11625903,2.151435694,0.106338073,20.07332321
300153,2017,0.064766839,0.945595855,-0.150679361,1.201146984,1.327724649,0.015139316,-0.227435356,0.000607935,0.000541624,14.69334011,0.400427719,-0.003075583,-0.560774841,-1.455268566,0.171072906,-0.153645106,-0.153645106,-0.136666505,-0.173220316,0.031398073,0.156911022,,0.046711959,1.653726416,21.14717426,1.611495854,0.174892542,20.21907675
300153,2018,-0.223039216,0.965686275,-0.29044696,0.996384167,1.094907406,-0.611264916,0.571132625,0.002501877,0.001495697,14.45722191,0.500070029,-0.012394168,0.259354656,,0.210535711,-0.327494154,-0.327494154,-0.301725421,-0.318366203,-0.054280832,-0.178658846,,0.041640311,1.522801929,21.09136465,2.150042592,0.096659701,20.02226003
300153,2019,-0.961538462,0.96875,0.458695497,1.577891551,2.201341981,0.192717404,0.607906319,-0.014656907,-0.009637407,14.51798291,0.446869474,0.000949521,-3.019104057,-1.940639725,0.171729315,0.282684911,0.282684911,0.193003569,0.338954525,-0.118026607,0.016197527,,0.006031589,1.654434013,20.96577126,2.031477225,0.089973582,20.03832777
300157,2017,-0.966321244,-0.924870466,-0.22290636,1.296629478,1.7877309,0.245163558,0.084429325,0.000659459,0.000277981,14.92033227,1.224849954,1.41e-05,1.728061965,,0.547944346,-0.304981077,-0.304981077,-0.269236502,-0.301507272,0.057335882,-0.095991066,,0.01940104,1.446172153,22.5252332,1.378160324,0.081025838,21.34926262
300158,2018,0.424019608,-0.68872549,-0.027761125,0.592502457,0.251105909,-0.123024778,-0.714312504,0.008291599,0.006308334,15.44077324,1.081803854,0.011177284,1.600334986,,0.188288586,0.001087665,0.001087665,0.000856427,0.06330489,-0.00530746,-0.041335163,,0.032019845,1.321390228,22.70645101,2.277387281,0.13058611,21.2926674
300159,2016,0.715670436,-0.676898223,-0.47171019,0.895910005,-0.439664631,-1.484293623,0.438561092,0.015409845,0.011432586,16.06417294,0.662798849,0.007303101,0.036509492,-0.677332279,0.371983448,0.580936009,0.580936009,0.669283479,0.789997667,0.203460309,0.521712151,,0.017879763,1.491262743,22.99682663,1.695257383,0.154845054,21.88642721
300162,2017,0.808290155,-0.544041451,-0.041224021,1.082562625,0.978923357,-1.447229993,0.658666877,0.006695819,0.005488734,14.0316923,0.894347008,0.009553609,-2.239100509,-0.787982401,0.164572372,0.253472401,0.253472401,0.220151915,0.215971667,0.078153953,0.496903411,,,1.334374567,21.09032365,2.267721753,0.143103037,19.7063675
300164,2016,0.324717286,0.308562197,0.040852173,0.931527497,0.024491932,-1.477530884,0.173402149,0.003633234,0.002514203,14.55083034,0.830205886,0.005870926,1.493347927,-0.666981376,0.159536443,1.507538923,1.507538923,1.123324124,0.857994345,0.357479006,0.494227919,,0.051022653,1.374782159,21.78889474,2.09395839,0.139911553,20.48918912
300164,2017,-0.797927461,-0.603626943,-0.101412702,1.190185197,1.095947757,0.272620445,-0.320779068,0.019854457,0.014852857,14.63678321,0.919095485,0.006797547,-0.976775196,-0.587427733,0.376572897,-0.059412591,-0.059412591,-0.030170219,0.393846562,-0.000168486,0.343379606,,0.009123114,1.577991834,21.78872624,1.561446902,0.120522541,20.78437765
300164,2018,-0.340686275,-0.571078431,-0.396069309,0.954060876,1.062785623,-0.185614482,0.500023255,0.01320245,0.008407482,14.29088645,1.230157914,-0.012595819,-0.926641489,,0.364875906,-0.528794755,-0.528794755,-0.348015748,-0.439898306,-0.004506886,-0.247083138,,0.077915577,1.383181931,21.78420916,1.44727717,0.142970393,20.50057718
300164,2019,0.730769231,-0.53125,0.083964168,1.07994441,1.778554784,0.34807615,0.267855494,-0.020050325,-0.014367762,14.273678,1.133248166,0.002399795,-2.74846959,,0.302156409,0.06878836,0.06878836,-0.120398138,-0.044638049,-0.434416098,-0.150486463,,0.004230865,1.712625571,21.21431254,1.77975899,0.156448396,20.33748578
300166,2017,0.238341969,0.341968912,-0.178400163,1.219695844,-0.570538919,-1.742986317,0.235409147,0.01397414,0.012478036,16.14970099,0.46800119,0.004070918,0.385512208,-0.180239991,0.027829048,0.116984694,0.116984694,0.234247632,0.042973624,0.210233909,1.140734875,,0.006473485,1.165730125,22.53241104,3.707945287,0.047518388,20.58166887
300169,2018,-0.365196078,-0.698529412,0.32471687,1.116507151,1.087984936,-0.981537398,0.290948742,-0.001485478,-0.00090647,14.22993885,0.757624052,-0.008222686,-2.696648887,,0.332108293,0.04286089,0.04286089,0.100301476,0.189122326,0.057294629,0.503415913,,0.035276639,2.402253643,21.49274657,1.172126227,0.167045873,20.95441994
300169,2019,0.408653846,-0.730769231,-0.063212037,0.801035779,1.577182217,-0.33636696,-0.594913538,0.006146562,0.002750838,14.56221125,0.402382382,-0.001955221,0.032161814,-1.454149311,0.443272604,0.012283005,0.012283005,-0.02759732,-0.01465864,-0.197577765,-0.117702392,,0.036962996,2.791968583,21.27262624,1.047446592,0.210442068,20.82919409
300172,2016,0.618739903,-0.379644588,-0.46116552,1.004590243,1.279381371,-0.226109679,-0.152339453,0.020046248,0.012823106,14.80639,0.455967925,0.007542036,0.119050729,-1.142997838,0.333024317,0.227136901,0.227136901,0.215119211,0.168903507,0.148576984,0.231728646,,0.012012917,1.714701393,21.51630466,1.95749358,0.05143386,20.64117525
300172,2019,-0.002403846,0.146634615,0.257961656,0.941944288,1.975986219,0.162871057,0.396441468,0.020920363,0.013021174,14.6442216,0.718937281,0.0095282,1.101239069,,0.328087977,0.02954055,0.02954055,0.049727958,0.059433431,0.06019803,-0.014806061,,0.021934681,1.55612371,21.72548467,2.68281298,0.037635012,20.69652223
300176,2019,-0.995192308,0.259615385,0.306977642,1.176625645,2.492133255,-0.488963504,0.653876103,0.007151134,0.003105943,14.81505008,0.344255836,0.00299461,1.112936258,,0.285451,0.200079859,0.200079859,0.200745205,0.310145451,-0.101027174,-0.21034044,,0.034091389,2.030672727,21.37584868,0.959087398,0.416171446,20.69769327
300177,2017,0.069948187,0.722797927,-0.007543786,1.043918992,-0.121639233,-1.829214285,0.337090085,0.016181219,0.012648511,15.19967942,0.522062321,0.006675048,0.457682858,-0.82022015,0.098125822,0.229025805,0.229025805,0.259215952,0.257224194,0.243374425,0.69101258,,0.020696874,1.417972845,21.87825264,2.542417538,0.067445474,20.65668554
300177,2018,0.661764706,0.928921569,0.099105953,1.108055492,0.807047895,-1.371938956,0.206446115,0.002239771,0.001723982,15.30374181,0.502969807,-0.006204508,-3.019604417,-1.032588233,0.121678326,-0.230790323,-0.230790323,-0.181508984,-0.225483494,-0.016148092,0.087833012,,0.017974347,1.483506155,21.86197274,2.239117237,0.094685196,20.7408732
300177,2019,-0.584134615,0.867788462,-0.000403917,1.206829215,1.470482796,-0.897730785,0.349324407,0.020053117,0.013372623,15.47819898,0.430125687,0.002018219,2.087113091,-1.162533727,0.085850368,0.515324984,0.515324984,0.351946841,0.597095845,0.245145585,0.228239175,,0.009047055,1.473830491,22.0812252,2.280634684,0.063076202,20.94645478
300179,2016,-0.838449111,-0.121163166,-0.233255444,1.02033813,1.587845719,-0.052261737,0.071396026,0.026047332,0.022299619,14.53332996,0.39473691,0.006570024,-1.414288058,0.300453989,0.04209818,0.179535727,0.179535727,0.346701315,0.205008679,0.189313468,1.297418948,,,1.33771265,20.79314565,2.838030107,0.172880374,19.41662458
300183,2017,0.152849741,-0.212435233,0.017576963,1.091188489,0.631760826,-1.525796836,0.637370831,0.011672693,0.010360973,15.08991754,0.767678005,0.006728696,0.88595098,,-0.283068038,-0.181804085,-0.181804085,-0.154244769,-0.16337429,0.032577583,-0.163364602,,,1.105384398,21.85009041,8.807305102,0.075101025,19.49975658
300183,2019,-0.612980769,-0.915865385,0.04557152,1.040443005,1.013220613,-1.078041587,0.242402422,0.010934884,0.009996362,15.36307849,0.63878676,0.003058481,-0.413430298,,-0.356079381,-0.028693544,-0.028693544,0.07960483,0.082371234,-0.022611229,-0.410976227,,,1.067073766,21.87354768,15.09199799,0.131569956,19.1066653
300187,2019,-0.728365385,0.052884615,0.522952108,1.127722597,1.864674477,0.187005467,0.530298434,0.012725659,0.006119228,15.28307377,0.367219952,0.007009425,-2.291819229,-0.548009701,0.365938459,0.452242585,0.452242585,0.504821815,0.541561906,0.259190802,0.461894193,,0.021635877,2.350484449,22.05221431,1.033233405,0.12095649,21.49805623
300188,2016,-0.890145396,0.886914378,0.680543652,0.799983329,0.179992717,-2.012267128,-0.400610103,0.0102495,0.00770742,15.70526121,0.31341049,2.3e-05,0.668747939,,-0.020394832,0.301655042,0.301655042,0.289522615,0.38754045,0.104633724,-0.273253503,,,1.193683352,21.75612866,3.509562748,0.094662576,19.93755421
300188,2017,-0.968911917,0.898963731,-0.035849616,1.105824931,-0.341546566,-1.804584887,-0.114041842,0.000653793,0.000518772,15.9124699,0.301187995,-0.002576813,0.384137258,-1.696281367,-0.002455557,0.210316377,0.210316377,0.291946718,0.400490021,0.122795885,0.264709673,,-0.283077286,1.223638339,21.87195056,3.432941579,0.086700635,20.1723968
300188,2018,-0.132352941,0.781862745,0.100444,1.022849466,0.210870059,-0.646455204,-0.663319018,-0.012378955,-0.009391944,16.15596934,0.259475752,-0.004529232,0.337197004,-1.533459444,0.00221449,0.048429723,0.048429723,0.014152183,-0.018811976,0.242177516,0.52533369,,-0.099098019,1.289368658,22.08881646,2.836065255,0.09722275,20.59461
300188,2019,0.088942308,-0.038461538,-0.129871952,1.08995794,0.486710401,-0.717546177,0.280107065,0.00912572,0.00703434,16.27702912,0.265960972,-0.003474494,0.002434419,-1.622811072,0.012344287,0.29245011,0.29245011,0.2605533,0.104294662,0.059551663,0.07818904,,-0.193092841,1.295965065,22.14666232,2.988147993,0.107453762,20.66989282
300189,2016,0.0726979,0.053311793,0.126458205,0.763510885,0.52247883,-0.885061795,0.008780356,-0.001137774,-0.00098549,15.01646465,0.629889719,0.004292682,-1.197684128,,0.077119144,-0.839379348,-0.839379348,-0.775968871,-0.854838729,-0.333075707,-0.495828251,,0.037155357,1.152539924,21.25736435,3.675478121,0.17253498,19.23506729
300189,2017,-0.20984456,-0.689119171,0.024775738,0.611303703,1.19685802,-0.017677953,-0.358885946,0.008572981,0.007772843,14.82441968,0.553166885,-0.003542837,-0.321687917,,-0.023642159,-0.066355631,-0.066355631,-0.137565426,-0.128072857,-0.145877701,-0.624861689,,,1.061717434,21.09968346,5.882966693,0.132783397,18.2546068
300190,2017,-0.272020725,-0.652849741,0.408412727,1.123689435,0.795998662,0.129211633,-0.003857549,0.015004118,0.008942968,15.20879512,0.945670757,0.012743221,2.728014462,-0.612957206,0.432731699,0.253251137,0.253251137,0.222010292,0.243355223,0.197901591,0.483652021,,0.016221913,1.933663896,22.7269157,1.563913405,0.071795306,21.99886035
300191,2016,0.092084006,0.592891761,-0.342779406,0.818437675,0.433188767,-1.202185316,-0.045496836,-0.002470398,-0.002312171,15.32680229,0.264132679,0.001202268,0.451196928,,-0.087760177,1.716067784,1.716067784,0.470384591,0.716250174,-0.004039409,-0.069621967,,-0.286239634,1.065090281,20.9665113,14.18832406,0.107122467,18.17147169
300191,2018,-0.794117647,-0.517156863,0.002797366,0.791857201,0.706055901,-0.788613017,0.52124625,0.004326743,0.00386316,15.26189273,0.28401466,0.003132788,-1.246213323,1.08588608,-0.065598984,3.724037517,3.724037517,4.845189825,7.025448691,0.293874437,2.663062043,,-0.015222518,1.407223181,21.25418552,5.316421439,0.100017068,20.01417324
300191,2019,0.209134615,0.247596154,0.215523135,0.871000083,0.776124117,-0.221307758,0.506916304,0.001510422,0.001110947,15.17202108,0.31257736,0.001413065,-1.449378228,,-0.065420517,-0.097631277,-0.097631277,-0.137309137,-0.206050833,-0.080471602,-0.288806257,,,1.288355302,21.17029117,9.644453266,0.087588226,19.67336285
300193,2017,-0.113989637,-0.152849741,0.430591093,0.816727421,0.378643109,-0.61359985,-0.011214678,0.020347682,0.017752899,14.99508733,0.744406365,0.008077145,0.622336976,-3.693873957,-0.184047661,0.049498079,0.049498079,0.036712684,0.047783514,-0.01761068,-0.028319753,,-4.2688042,1.156389754,21.71607652,6.603696539,0.123910729,19.71536969
300193,2018,-0.345588235,-0.178921569,-0.078365568,0.968708727,0.443181188,0.16105636,-0.209201127,0.023951691,0.02081863,15.1139373,0.6244116,0.008792038,-0.437150424,-2.255397632,-0.195229078,-0.129800504,-0.129800504,-0.156586888,-0.143670128,-0.060523965,0.043887416,,-57.43637309,1.176844281,21.65364356,5.791399393,0.080566217,19.75832133
300193,2019,-0.704326923,-0.223557692,1.280313561,0.954654712,1.254308573,-0.152110828,0.259464528,0.023359654,0.01979471,15.19404267,0.574538711,0.008323813,-0.456743351,-1.619617865,-0.10777508,0.629358988,0.629358988,0.737338924,0.689920072,0.062375424,0.408395367,,,1.248772175,21.71415092,4.350327689,0.075858834,20.10077235
300195,2019,-0.350961538,-0.889423077,-0.005127584,0.942944481,1.235359769,-0.368597636,-0.026940548,0.00440764,0.002109098,14.45987538,1.587090123,0.023361252,1.376448378,-5.79326857,1.50743173,0.122075189,0.122075189,0.09472727,0.210639624,-0.088839403,0.035963261,,0.020887784,2.224244087,22.56606128,1.41839845,0.178099434,21.96896774
300196,2016,-0.056542811,-0.243941842,-0.319200749,0.701291359,0.289063959,-0.715370295,0.149948708,0.021450883,0.016735273,14.93205236,0.796687883,0.015423385,-1.518115188,-4.953662242,0.119048934,0.066070992,0.066070992,0.069233268,0.081029118,0.042793397,0.087712753,,-0.006273278,1.287337466,21.86386227,2.296862842,0.44721715,20.36418825
300197,2019,0.478365385,-0.978365385,0.190371718,1.164634961,2.383016951,-0.245905266,0.467690328,-0.015528045,-0.003111132,15.54935426,1.089175312,-0.026835045,2.363758522,-4.831687341,3.550851019,-0.212981042,-0.212981042,-0.139406307,-0.144758571,0.065034456,0.031778588,,0.017895765,3.871306597,24.1451044,0.844226676,0.01581817,23.84627952
300198,2019,0.865384615,0.098557692,-0.035839277,0.848102848,1.789198956,0.257543827,-0.205946835,0.010479765,0.00448177,15.18334355,0.378517642,0.000429203,0.577247057,-1.477299836,0.575669431,-0.27161497,-0.27161497,-0.253231815,-0.294512828,0.109225737,0.169607121,,0.002912382,2.496108485,22.03406087,0.785617556,0.081234561,21.52219535
300208,2017,0.616580311,0.974093264,-0.214115771,1.394250638,1.285059124,0.121067286,0.173166301,0.028691626,0.012703136,15.22025587,0.530346216,0.000613664,-1.360153414,-0.904899137,0.630690935,-0.373160124,-0.373160124,-0.108258061,-0.147549047,0.082511556,0.131610215,,0.058374117,2.587822571,22.42482165,1.266570799,0.023913976,21.93636846
300208,2018,-0.835784314,0.99754902,-0.207330639,1.068999672,1.105923993,-0.199245956,0.259974305,-0.009310268,-0.003616611,15.25918019,0.479546298,0.005398053,-1.592176583,-2.42617829,0.732123936,-0.321017866,-0.321017866,-0.281153896,-0.38135851,-0.050693426,-0.018266691,,0.053101528,2.736228432,22.37279817,1.420374453,0.021172157,21.91793287
300208,2019,-0.403846154,0.983173077,0.593425648,1.366422177,2.13768655,-0.808108611,-0.809269422,-0.010569136,-0.00378163,15.75406103,0.248192688,-0.000821217,-1.067309515,,0.432616534,1.354511937,1.354511937,1.143456208,1.449516115,-0.07661029,0.04684916,,0.081008931,3.563437578,22.29309426,0.957786863,0.020393982,21.96371773
300212,2016,-0.298869144,0.053311793,0.114550995,0.860535785,1.267332055,-0.975347401,-0.573426693,0.010720879,0.004151962,15.96959504,0.362923484,0.005624547,0.89489641,-1.138558646,0.565685245,0.035950115,0.035950115,-7.3e-05,-0.088801018,0.136578324,0.121266357,,0.027449592,2.70270229,22.93377364,1.69479468,0.039916846,22.47173809
300212,2017,-0.095854922,-0.111398964,0.231412155,1.118085197,0.212719329,-1.056517149,-0.032998969,0.010854475,0.004021897,16.14168487,0.341099313,0.006419948,0.504687049,-1.186800486,0.479569454,0.086779195,0.086779195,0.085258643,0.058497051,0.277968051,0.380584108,,0.030343367,3.130738873,23.179045,1.681981444,0.029242675,22.79424477
300212,2018,-0.375,-0.058823529,1.253558225,1.15903901,0.054127576,-1.270395826,-0.466145147,0.013478978,0.004432503,16.75010174,0.205869479,0.002009407,-0.107299863,-1.125695319,0.301879548,-0.126110582,-0.126110582,-0.14230603,-0.200359873,0.181758394,0.220570676,,0.031578004,3.366311611,23.34604849,1.30134224,0.028768556,22.99356329
300212,2019,0.697115385,-0.100961538,-0.430518679,1.088573621,-0.110083355,-0.704514091,0.530360085,0.007751761,0.002248686,16.72956598,0.230392296,0.003767768,1.407069319,-1.976171375,0.581602066,0.247938147,0.247938147,0.260129479,0.321247533,0.143239738,0.077927164,,0.033986359,2.96542759,23.4799146,1.253656774,0.023845696,23.06860319
300213,2016,-0.004846527,0.987075929,-0.305529586,1.474705229,1.457273257,-0.979711063,0.020206154,0.012013454,0.008671046,14.86285493,0.648813809,0.005635639,1.436186748,-0.63127035,0.068678403,0.442119582,0.442119582,0.354444344,0.562752487,0.373149276,0.91973439,,0.002075414,1.622118594,21.84193725,2.071001799,0.051863645,20.88357964
300213,2017,0.712435233,0.867875648,0.048645375,1.103330958,0.758467954,-1.227585627,0.400637343,0.009101637,0.005828179,14.75326265,0.755786659,0.002277646,0.047538176,-2.202376295,0.15991038,0.162164701,0.162164701,0.154373835,0.127948682,0.034583515,0.001228409,,0.014969795,1.590223195,21.87593619,2.059551384,0.054903742,20.88480729
300213,2018,-0.914215686,0.855392157,-0.038484173,1.154257682,0.87997514,-1.045104966,0.207808459,0.008623306,0.005450636,14.87646425,0.704299713,-0.007080701,0.051764018,,0.051083605,-0.345987792,-0.345987792,-0.32593889,-0.402772696,-0.047660185,-0.237129371,,-0.006136726,1.423113219,21.82710283,2.534085305,0.061553546,20.61414048
300213,2019,-0.786057692,0.908653846,-0.023956837,1.466037515,1.841299352,0.069365661,0.117159374,0.013728187,0.009598242,15.16103753,0.565823265,-0.001301046,-0.66695557,,0.056742875,0.141616654,0.141616654,0.155546103,0.201586359,-0.027175747,-0.10150891,,-0.00568692,1.378544952,21.799551,2.376915261,0.060996414,20.50710199
300215,2017,-0.613989637,-0.699481865,0.06293856,1.158034245,1.598450599,0.248679092,0.036376135,0.015863137,0.008355714,15.11075902,0.554279078,0.004222294,-0.026394537,,0.272517998,0.115388635,0.115388635,0.068392152,0.082947189,-0.043525309,-0.114105893,,0.022141056,1.844422699,22.03966585,1.116929811,0.534309261,21.25839744
300215,2018,0.74754902,0.075980392,0.03197089,1.000190118,1.29842308,0.006802965,0.109300323,0.011647249,0.006451395,15.14763612,0.545714783,-0.012736109,0.672511196,-1.255265191,0.330991464,-0.148164102,-0.148164102,0.049256231,0.055945142,0.120949031,0.363628921,,0.026275058,2.257039587,22.15384153,0.965351003,0.554308307,21.56854691
300215,2019,0.223557692,0.653846154,0.355342523,1.106346709,1.136108074,-0.352458777,0.288372512,0.014294318,0.00665702,15.25681657,0.452887266,0.00478407,-0.317115355,,0.300394749,0.328262689,0.328262689,0.072241926,0.062868115,-0.099360628,-0.172833743,,0.024136681,2.047112628,22.04919117,0.625497479,0.586648564,21.37879734
300218,2017,-0.204663212,-0.569948187,0.073024727,1.009376273,1.39141996,0.36489723,0.237879546,0.007249003,0.003777643,14.2010858,0.715570178,0.001912479,3.426321479,,0.398629823,0.024468269,0.024468269,-0.020232693,-0.024120369,0.002788974,-0.053202305,,0.047480528,1.823697935,21.40222399,1.078932897,0.49289437,20.60740632
300218,2018,-0.781862745,-0.571078431,0.026029723,0.973917605,0.953948601,-0.442754896,0.094100698,0.016191109,0.008735548,14.28979482,0.69797576,-0.005407974,0.08446463,,0.281965994,-0.31489315,-0.31489315,-0.27934026,-0.301231437,-0.04390127,-0.149028918,,0.026168115,1.672243594,21.35732989,1.517952128,0.499549661,20.44602918
300218,2019,0.274038462,-0.610576923,1.057160679,0.964875764,1.670252408,0.005379645,-0.227421893,0.019378631,0.011146371,14.67685633,0.498080872,0.008200073,0.603600491,-2.378519493,0.155688396,0.722420936,0.722420936,0.531150904,0.597845232,0.096709749,0.108848098,,0.044071419,1.684778975,21.44964445,1.404741169,0.428937474,20.54935091
300226,2019,0.264423077,0.504807692,-0.252726407,1.028906836,0.339064081,-0.147699042,0.090405241,0.027689531,0.006188955,16.28666787,0.276654121,0.007427811,1.292161192,-1.432699197,1.073789866,0.182773811,0.182773811,0.182332724,0.182498739,0.070271648,0.037029532,,0.012394499,4.293766576,23.45647609,1.267792989,0.011404754,23.19134352
300228,2017,0.621761658,0.468911917,0.046036264,1.392698303,1.380563226,-0.315275042,-0.10248109,-0.006590282,-0.002791787,14.64399918,0.801817894,0.000529488,1.469350767,,0.668829301,0.530071804,0.530071804,0.416963763,0.636865945,-0.116921026,-0.207571147,,0.049575022,2.086631041,22.07013505,1.183271482,0.250949285,21.41766635
300228,2018,0.852941176,-0.571078431,-0.362080893,1.347611909,1.645289113,0.372170483,0.132338298,0.000280559,0.000129865,14.45291163,0.907965682,0.002081549,-2.970698177,,0.887298012,0.039527705,0.039527705,0.029200828,0.064331619,-0.043350827,0.117667442,,0.028867052,2.553691355,22.02581651,1.076804903,0.238286918,21.52891023
300232,2016,0.576736672,-0.873990307,-0.267152849,0.912655306,0.452259299,-0.615657948,0.373483489,0.041369532,0.022408309,15.50017249,0.340294764,0.012739081,1.656033683,0.391644894,0.528995227,0.66795888,0.66795888,0.671106308,0.697176433,0.774130505,1.228343991,,0.003282605,2.45123864,22.43225802,1.179455997,0.144114225,21.90808199
300240,2016,0.402261712,-0.654281099,-0.356546152,1.144377327,1.282582186,0.002081396,-0.05272525,0.021737859,0.012719132,14.96541623,0.397464958,0.005552281,-0.028550803,-1.690525713,0.220980279,0.088220092,0.088220092,0.090877806,0.101185481,0.10438854,0.159323451,,0.023549984,1.830552002,21.57587619,1.464570749,0.139156019,20.78559389
300240,2019,0.682692308,-0.71875,0.158011858,1.114884443,1.386181726,-0.448985529,0.682157072,0.012058269,0.006277097,14.57416566,0.645197038,0.015072864,-1.576142618,-0.974292754,0.463034402,0.847599884,0.847599884,0.818233557,0.86376002,0.254278604,0.442064601,,0.02815653,2.176074578,21.89942898,1.296980175,0.106373051,21.28408864
300243,2017,0.264248705,0.759067358,0.109624277,1.046391043,0.89547795,0.359625535,-0.218449468,0.04613483,0.026048271,14.256832,0.388503565,0.011773674,0.115682628,-1.903296343,0.180104182,-0.180669993,-0.180669993,-0.179797062,-0.208008246,0.054244694,-0.015698356,,0.029110455,1.673026681,20.79306375,1.71734943,0.192725416,19.88245907
300254,2016,0.835218094,-0.709208401,-0.364672692,1.124429042,1.157541356,-0.703270066,0.299846883,0.007818589,0.004976729,14.30663837,0.599727842,0.006641011,-0.46042097,,0.241913371,0.283207104,0.283207104,0.326365794,-0.106276831,-0.025923139,-0.027096499,,0.033983574,1.579817233,21.12043252,1.236947547,0.216043828,20.11808101
300257,2018,-0.220588235,-0.301470588,0.162044807,1.181363852,0.614579429,0.321767701,0.248813355,0.009430932,0.004270499,15.9591756,0.417162969,0.002991362,2.606796348,-1.734671396,0.384276184,0.123839187,0.123839187,0.055517005,0.073207822,0.195295154,0.282018175,,0.010388416,2.434605678,22.93499978,0.903898029,0.238214096,22.406105
300259,2017,0.906735751,-0.049222798,-0.049832972,1.174011557,1.314098026,-0.087562754,-0.002677931,0.019515582,0.016433299,14.67378442,0.839556708,0.008335251,-0.670753643,-2.177328415,0.041436442,0.367384255,0.367384255,0.332859507,0.472251169,0.122861827,0.337921625,,-0.6027424,1.232515196,21.65884388,4.18718241,0.124403107,19.99098723
300259,2019,-0.247596154,-0.774038462,-0.208638175,1.199582214,1.556847451,-0.418973427,0.022068911,0.046445096,0.038579846,15.17516076,0.636671498,0.019928082,0.318969037,,-0.025387388,0.155270041,0.155270041,0.123688377,0.216084148,0.069919751,-0.145329784,,,1.170615411,21.83067647,5.758508329,0.080625519,19.90480355
300262,2016,-0.793214863,0.512116317,-0.496209259,0.99317921,1.116194529,-0.31459631,0.027083338,0.030570813,0.015517595,15.06289611,0.631227861,0.01187055,-0.496289901,-0.902436338,0.802691467,-0.210615308,-0.210615308,-0.142907002,-0.215221332,0.122319804,0.172727729,,0.023056941,2.157820897,22.31163054,1.39923611,0.032699864,21.68907137
300262,2017,0.095854922,0.303108808,0.280035177,1.124009169,1.44335181,0.379438344,0.21682627,0.018040102,0.008335337,14.79041465,0.894781242,0.008147217,0.319159655,-0.728384635,0.919648624,0.107085502,0.107085502,0.117186184,0.06872328,0.239682986,0.391299973,,0.026225416,2.513785506,22.52648623,1.215830923,0.028567869,22.01930991
300263,2016,-0.127625202,-0.518578352,-0.372888021,1.028697788,1.777332382,-0.25257309,-0.847275686,0.007600561,0.005619877,15.09810261,0.723587137,0.004330533,1.083112006,-1.31767,0.23926272,0.562657689,0.562657689,0.464000676,0.508758347,0.148711555,0.425789526,,0.00678042,1.451602111,22.06936107,1.862420073,0.097538384,20.90173945
300263,2017,-0.691709845,-0.012953368,-0.111969556,1.120558246,0.587788625,-0.225263427,-0.243984511,0.013715684,0.009563613,14.84071646,0.98351943,0.011316119,2.083530352,-1.092821788,0.338136535,0.143466203,0.143466203,0.102444317,0.115146839,0.149594909,0.281432331,,0.02028932,1.530887491,22.2087707,1.666923341,0.106865406,21.14971791
300263,2018,-0.036764706,-0.767156863,0.672186641,1.167723557,0.790768193,-0.880103176,-0.02231727,0.020168593,0.013369456,15.15226436,0.803383528,0.009452634,0.021200487,-1.285769383,0.23044281,-0.049578344,-0.049578344,-0.08407668,-0.077877072,0.142102685,0.253807315,,0.01382435,1.614730847,22.34164172,1.47422821,0.088877097,21.37590268
300263,2019,-0.783653846,-0.682692308,-0.14735532,1.403365176,1.415140487,-0.799726907,0.280596531,0.021416801,0.013493101,15.48920921,0.589280035,0.011548901,0.494395694,-1.265638986,0.349066577,0.213606099,0.213606099,0.215619974,0.247368764,0.093559603,0.318145444,,0.004670717,1.848042773,22.43107979,1.29726296,0.086612168,21.65212846
300264,2017,0.603626943,-0.862694301,-0.007806906,1.142303262,0.582398318,-1.445828171,0.667959031,-0.010821375,-0.007159538,14.3504561,0.320484825,-0.007032227,2.021947483,,0.122100533,-0.535821607,-0.535821607,-0.366447685,-0.53089613,-0.141574911,-0.345600014,,0.111139277,1.381654362,20.41741345,2.19592776,0.016312573,19.13089197
300265,2018,-0.899509804,0.906862745,0.191376087,0.859685971,1.465327366,-0.739758662,0.370850793,0.0077094,0.003688529,14.91076361,0.367498075,0.00015007,-0.580129359,,0.209787489,-0.07599287,-0.07599287,-0.094175808,-0.097323808,0.080885985,-0.033590933,,0.028352236,1.841085884,21.57098461,1.887972149,0.165580658,20.78756756
300265,2019,0.665865385,0.798076923,-0.142639504,1.035586048,2.006172999,-0.617184249,0.095631113,0.015561501,0.008314025,15.11499862,0.365413393,0.00331776,0.748409067,,0.177333799,0.227439935,0.227439935,0.25164436,0.346110515,0.124915073,0.142152055,,0.020655751,1.86512339,21.68869215,1.694874203,0.149779768,20.92048181
300267,2018,-0.671568627,0.424019608,-0.291802671,0.897499046,0.550472737,-0.250019728,-0.442955683,0.006443863,0.005977457,15.77051989,0.834064773,0.00386824,0.779806116,-0.812735409,-0.028571142,-0.110033741,-0.110033741,-0.047117202,-0.027420333,0.100696064,1.21165874,,-0.008050411,1.191039747,22.65138465,2.924555129,0.388493625,20.82128422
300267,2019,0.966346154,0.673076923,-0.03816845,0.88875934,1.249191329,0.014964046,0.069644387,0.013682589,0.011933387,15.63019898,0.958847743,0.01047975,0.403130423,-1.124718217,-0.026849053,-0.30761215,-0.30761215,-0.35415926,-0.447932112,-0.054676694,-0.35913598,,0.002844773,1.122005053,22.59515636,3.798260524,0.395893743,20.37634623
300274,2016,0.344103393,-0.770597738,-0.197407694,1.392868598,0.058448202,-1.250560906,-0.082468532,0.044585014,0.021497091,16.6162575,0.42450737,0.021164407,0.144491612,-0.50513902,0.680389656,0.099973926,0.099973926,0.11628293,0.070772894,0.172400757,0.19589468,,0.002113092,2.1909432,23.50702386,1.724813822,0.107474496,22.89743733
300274,2017,0.642487047,-0.79015544,0.03326646,1.402751994,1.297538408,0.324894972,0.529086262,0.027673545,0.012780555,16.06695513,0.821897832,0.017510092,-0.696812341,-1.021029127,0.844227175,0.145582925,0.145582925,0.120893411,0.167926389,0.162407872,0.210913326,,-0.001579039,2.305518691,23.65751747,1.592432642,0.13066208,23.08881222
300274,2018,-0.357843137,0.022058824,0.516586598,1.26773408,0.319582061,-0.547192728,-0.086188226,0.024103371,0.010637085,16.28801103,0.718171006,0.010325975,2.448762141,-1.758967188,0.577199521,0.555656732,0.555656732,0.648162842,0.719542284,0.255402125,0.3605274,,-0.00542496,2.588498389,23.88497341,1.494440489,0.123213383,23.39668464
300280,2016,0.928917609,-0.108239095,0.037416663,0.113581304,0.53097506,0.101078139,-0.119656236,0.005711552,0.004275846,15.24386032,0.153057997,0.000286695,-0.303448101,0.709228198,0.090224177,1.580215959,1.580215959,0.986984595,1.324707722,1.623794582,3.467120525,,0.010227295,1.667855534,21.49904282,0.871198019,0.077751169,20.58382074
300281,2016,-0.027463651,0.583198708,-0.405625716,0.840813439,-0.017991342,-1.1980009,0.193857829,0.009531343,0.00628001,14.39909798,0.620709012,0.006612837,0.049314986,,0.045078459,0.062298838,0.062298838,0.104870622,0.162691518,0.268840683,-0.403168908,,0.00381965,1.205038465,21.11081552,4.788120721,0.189621433,19.33974635
300281,2017,-0.147668394,0.634715026,-0.096792907,0.994124849,0.930288151,-0.423145582,-0.289286168,0.005791834,0.004746331,14.14735409,0.886634636,0.004775139,-1.040018352,-1.361468801,0.09434943,-0.290583143,-0.290583143,-0.178712261,-0.205474657,0.032196727,0.240490374,,0.015278877,1.257050221,21.14250479,3.325893855,0.177344175,19.55525311
300281,2018,0.382352941,0.357843137,0.288163175,0.997420336,1.174202468,0.356482038,-0.155885389,0.002135278,0.001690884,14.50391983,0.619531637,0.002620865,1.910010423,,0.010101869,0.029717535,0.029717535,-0.026185687,0.007446515,-0.017848108,-0.174391787,,0.013164224,1.207574866,21.12449549,4.175649539,0.148532083,19.36361818
300281,2019,-0.543269231,0.439903846,-0.2904434,1.248383319,1.497225673,0.000451008,0.272209014,0.011387567,0.009763277,14.69992169,0.524543503,0.006565649,-1.180196346,,-0.04420198,0.556894865,0.556894865,0.467814605,0.580599827,-0.025452954,-0.288138158,,,1.143589908,21.098713,6.088985931,0.341035654,19.02374675
300284,2017,0.139896373,0.665803109,0.393632563,1.150793674,0.518321439,0.461863349,0.162022793,0.034313144,0.012742571,15.53789235,0.771044895,0.014448197,1.41230325,-2.150204365,0.821705538,-0.292149817,-0.292149817,-0.363332494,-0.372460911,0.087153369,0.052201216,,0.014455965,2.589286721,23.21098585,1.416697903,0.05602461,22.72288872
300284,2018,0.654411765,1.0,-0.190992905,0.951950121,0.992666421,0.597400376,0.207595818,0.028109305,0.01111136,15.53219019,0.877819559,0.000779209,0.497651935,-3.346726235,1.018347399,0.039865932,0.039865932,0.094137097,0.121301713,0.09962868,0.096726762,,0.020138424,2.578472288,23.30595841,1.360001475,0.049782866,22.81521879
300284,2019,0.444711538,0.03125,-0.209533705,1.19491733,1.311065075,0.477010628,0.518958831,0.015194126,0.005974975,15.30141609,1.214840327,0.009516615,-0.765072814,-1.944367451,1.56777801,-0.098650747,-0.098650747,-0.084316394,-0.096181857,0.038974269,0.023325753,,0.013020565,2.518594792,23.34419236,1.463950956,0.0451829,22.83827666
300287,2016,-0.147011309,-0.153473344,-0.224437659,1.029478739,0.594410778,-1.045347141,-0.498667446,0.022832727,0.018651708,15.98466995,0.664095433,0.012676235,0.630264429,-0.013894411,0.130172417,0.518766797,0.518766797,0.56817648,0.789199022,0.190037972,0.739028864,,0.007340696,1.378970205,22.84167497,2.373811076,0.018857147,21.55004029
300287,2017,-0.678756477,-0.186528497,-0.452001105,1.082849531,0.664512963,-1.228707846,0.000874224,0.009216223,0.006673771,15.45570612,1.071116905,0.003328096,-2.681733875,,0.306327403,-0.410868692,-0.410868692,-0.347643021,-0.40326183,-0.354793559,-0.330272579,,0.02652032,1.399121343,22.40349002,2.342692396,0.026808986,21.14915581
300288,2018,-0.205882353,-0.544117647,-0.137976749,1.331927206,1.116497221,-0.204934194,-0.487045529,0.012805261,0.00992993,14.71072898,0.579316654,0.001968291,-2.625446824,-1.299413612,0.022636444,-0.213012558,-0.213012558,-0.114720495,-0.103680759,0.079744464,0.321446018,,0.01765824,1.348660941,21.37426665,1.902617859,0.077766892,20.0214991
300288,2019,-0.384615385,0.240384615,-0.057230173,1.012620643,1.534345279,-0.740630539,0.328716462,0.015189671,0.011603197,14.77897822,0.558060425,0.006079066,-0.114563368,,-0.009902704,0.098733719,0.098733719,-0.046420686,-0.076510578,0.00404252,-0.113866257,,0.014917006,1.29561252,21.37830102,1.787651547,0.073549968,19.90061171
300293,2016,0.654281099,0.37641357,-0.324486624,1.133425242,0.991054602,-0.974452045,-0.273975183,0.014363645,0.004247063,14.93831455,0.27238823,0.004810336,-1.875587797,-1.147873241,0.364529838,0.370590723,0.370590723,0.341189781,0.283100874,-0.190876718,-0.295443063,,0.10631902,2.747802957,21.61047962,1.124465278,0.109580594,21.1580375
300293,2017,0.691709845,-0.505181347,-0.128462432,1.307705587,0.847179071,-1.026299794,-0.129404657,0.006530843,0.002515998,14.5983623,0.433616874,0.004870638,0.935460071,,0.352888687,0.053925075,0.053925075,0.056475766,0.089273,-0.052643338,-0.131485129,,0.079101694,2.398869892,21.55639999,1.235106241,0.114136766,21.01706693
300293,2018,-0.803921569,-0.279411765,1.119618316,0.893367493,0.825119054,-1.460335898,0.473003356,-0.001519151,-0.00066897,14.6927528,0.40192063,-0.003656381,-0.587021914,-3.769158975,0.19003507,-0.172968886,-0.172968886,-0.121650168,-0.108898637,0.017334518,0.040144424,,0.049515292,2.476545258,21.57358598,1.822927866,0.107505676,21.0564265
300293,2019,0.199519231,-0.319711538,-0.231367125,1.647522816,0.81057097,-1.553050847,1.487473325,-0.024332841,-0.009576032,15.34237633,0.192159452,-0.004139982,-3.409038318,-3.877442843,0.227244801,-0.242840148,-0.242840148,-0.218811267,-0.314415207,-0.061297803,0.095149167,,0.020239254,3.284915428,21.51032898,1.795449449,0.107309986,21.14731708
300296,2016,0.903069467,-0.993537964,0.017091084,0.909901448,-0.562868552,-1.645031111,0.171170229,0.051055093,0.02187609,16.80642058,0.274467772,0.01507388,1.282197235,,0.166650876,0.437130612,0.437130612,0.393218939,0.541152627,0.104540028,-0.201326159,,0.02438966,1.706962247,23.23421554,1.962990623,0.069903233,22.3527222
300296,2017,0.637305699,-0.981865285,-0.396008937,1.156969898,-0.176709423,-1.489848703,0.29054287,0.045771588,0.026861066,16.47244504,0.542903985,0.023494447,-1.471779195,-0.942921141,0.283756641,0.121855799,0.121855799,0.152328597,0.154888519,0.195142449,0.302575469,,0.021012495,1.82280092,23.41248092,1.815146231,0.062025807,22.61706563
300296,2018,0.348039216,-0.968137255,-0.229097238,1.381383929,1.195672384,-0.258366923,0.167982272,0.023715548,0.0129941,16.32176844,0.681214435,0.001297345,-2.798070624,,0.289211124,-0.284142039,-0.284142039,-0.236198027,-0.269253717,-0.009170014,-0.085605346,,0.021964859,1.714007531,23.4032686,2.105147964,0.062920956,22.52757262
300297,2018,-0.843137255,-0.882352941,-0.341697757,1.288789265,1.406199129,-0.906889286,-0.363748166,0.00586702,0.002967137,15.40574102,0.97441627,-0.011002164,-2.949491018,,1.057232711,-0.489183475,-0.489183475,-0.26243918,-0.283196927,-0.161760486,-0.0990399,,0.035964536,2.116163507,22.84281426,1.239899833,0.083157247,22.20310684
300297,2019,-0.228365385,-0.9375,0.040940578,1.172329673,2.442055722,-0.538083882,0.42634393,-0.01482567,-0.006906665,15.35459981,0.783199214,-0.031837624,0.132967993,-3.744692217,1.006763092,-0.576703941,-0.576703941,-0.156548249,-0.52156331,-0.165109318,0.076234462,,0.062339099,3.124189342,22.66235977,0.968538169,0.057478457,22.27657518
300299,2017,0.857512953,0.748704663,0.430663793,1.298497612,1.597793786,-0.880711501,0.264775481,0.009575011,0.0054345,14.96331878,0.403489943,0.002922503,1.809074029,,0.206921844,-0.100109282,-0.100109282,-0.097488261,-0.083844456,-0.005274674,-4.19e-05,,0.040476386,1.762297564,21.52138899,1.046019224,0.009038455,20.68335231
300299,2018,0.879901961,0.071078431,0.317604398,1.197703064,1.499273695,-1.31875002,0.239058748,0.00677579,0.003683237,14.99481502,0.317375866,0.002573436,-2.739236346,-3.53666329,0.140258277,-0.095632177,-0.095632177,-0.042351866,0.140813987,-0.418247184,-0.10208974,,0.028460895,3.00874923,20.97967936,1.018707779,0.012488753,20.57566716
300308,2019,-0.036057692,-0.692307692,-0.395699076,1.20166702,-0.144174718,-0.987035628,0.861580714,0.027122784,0.016397499,17.25856566,0.251082899,0.00514165,5.261965805,-1.295931383,0.136768402,0.016388823,0.016388823,0.061814557,0.028580682,0.115643937,0.095271152,,0.015554852,1.68604606,23.36325186,1.996395262,0.217873457,22.46405517
300311,2018,-0.017156863,0.475490196,-0.075482512,1.54118149,1.201510669,-0.961420918,-0.267722175,-0.007205619,-0.004830759,15.13516899,0.349966079,-0.012891326,-3.162503449,,0.155267533,-0.430950878,-0.430950878,-0.210505057,-0.060339146,-0.148647243,-0.050680941,,0.002893796,1.836683377,21.21464957,1.520199322,0.107523761,20.42837857
300311,2019,0.84375,0.634615385,-0.174740495,1.076693144,2.332370952,-0.132225313,-0.020649954,-0.008550979,-0.004876835,14.98020048,0.28663947,-0.009252453,2.607715363,,0.140188887,0.006029767,0.006029767,-0.00644841,-0.12877257,-0.032785513,-0.11313945,,-0.017037753,1.717313411,21.18131457,1.642080568,0.100347375,20.30831105
300317,2017,0.243523316,-0.917098446,-0.573149696,1.14329219,2.351408528,0.908641063,-0.571723943,-0.003539441,-0.00191542,15.00312208,1.418666548,-0.009404639,-2.704549863,,1.024168935,-0.571641151,-0.571641151,-0.538505859,-0.624845598,-0.345731615,-0.272520976,,0.07304317,1.914122515,22.46275023,1.411783969,0.294043892,21.72370025
300317,2019,-0.091346154,-0.822115385,1.514185889,1.399128506,2.551224568,-0.65848367,-0.184611091,0.002029082,0.000985006,15.34772901,0.431917036,0.002109681,1.805115519,,0.22837323,-0.168541959,-0.168541959,-0.100816542,-0.062388252,-0.185170517,-0.354444735,,0.203991634,1.711798868,21.92921529,1.019044073,0.336880297,21.05171061
300320,2016,0.315024233,0.822294023,-0.36924176,0.893847222,0.066528377,-0.706648325,0.268058638,0.047916146,0.02992165,15.20810963,0.257666076,0.019810775,3.87438006,0.599713313,0.347244513,0.996324589,0.996324589,1.050828833,1.135271088,0.746760575,1.404274509,,0.023385137,1.931993981,21.6024538,1.612528351,0.152085481,20.87347226
300320,2017,-0.984455959,0.841968912,-0.110670045,1.303531949,1.19695303,0.324777578,-0.11438251,0.031968873,0.018096422,14.65331286,0.632847869,0.027041482,0.547018112,-4.137612472,0.380008022,0.002163022,0.002163022,-0.006000998,0.0030326,0.108609431,-0.081287053,,0.020190372,1.666023952,21.70556027,1.884505081,0.137067877,20.7886907
300320,2018,-0.328431373,0.710784314,0.100698857,1.335210717,0.301998985,-0.364431869,0.381327924,0.0283589,0.017134808,14.71890843,0.679081852,0.011054518,1.887175316,,0.306044196,-0.043685694,-0.043685694,-0.023018977,-0.039569477,0.034618205,-0.069401221,,0.014537505,1.561466079,21.73959274,2.01671109,0.21240342,20.71676365
300320,2019,-0.021634615,0.716346154,0.254106628,1.172930465,1.600068716,-0.508167778,0.65916287,0.035642357,0.022761989,14.85568545,0.659584394,0.015584651,-1.124676446,-5.3012429,0.211766898,0.229670394,0.229670394,0.219844819,0.277745072,0.075216802,0.005237683,,0.020478008,1.506418088,21.81211506,2.22902681,0.205043301,20.72198766
300323,2017,0.502590674,-0.75388601,-0.526088581,1.118980563,-0.261113688,-2.117620456,0.078235933,0.020477012,0.00874397,15.59613173,1.023623827,-0.033469664,-2.213554876,-1.54038442,1.228867999,-0.230203171,-0.230203171,0.227975584,0.266750076,0.01296364,0.09491469,,0.0190835,2.363210364,23.25928822,1.129184301,0.388575174,22.70910968
300324,2019,-0.706730769,-0.060096154,-0.3705881,1.407462775,1.736686215,-0.916468053,0.431837972,-0.004173793,-0.002874057,15.48431453,0.969610653,-0.009199105,-2.766528819,-3.156996705,0.1918064,0.094201286,0.094201286,0.204106835,0.141458359,-0.159912834,-0.010322066,,0.009055549,1.578376645,22.57476505,1.726774329,0.06684138,21.57083818
300333,2017,-0.743523316,-0.347150259,0.053477095,1.015190098,-0.014486954,-2.115531959,-0.016868142,0.012158638,0.011868953,14.84924396,0.305872845,0.003100875,0.254473064,-1.299255491,-0.082419183,0.028256393,0.028256393,0.033002424,-0.064669866,-0.006924746,0.104312131,,,1.030125211,20.57017314,20.94114955,0.126994759,17.03809988
300342,2018,-0.605392157,0.691176471,0.739614311,0.881587422,0.771878939,-1.043858674,-0.20532201,0.021684028,0.015643021,15.43490078,0.289329056,0.003328001,1.615363735,,0.029854332,-0.131577449,-0.131577449,-0.090728849,-0.10854014,-0.053699797,-0.294224388,,0.013132574,1.299728127,21.34291838,2.64498448,0.086759201,19.87588382
300344,2018,-0.833333333,0.276960784,-0.179888427,1.096706517,0.852100727,-0.326491698,-0.029342171,-0.004534652,-0.002935564,14.12578901,0.434473961,-0.016230613,0.983709743,,0.383791772,-0.650955788,-0.650955788,-0.422503605,-0.585855767,-0.044085057,-0.145625132,,0.093370642,1.605848708,20.70701036,1.011115771,0.025761015,19.73223298
300344,2019,0.526442308,0.334134615,0.419929201,0.944733946,1.706885093,-0.489689603,-0.037989736,-0.025270394,-0.015189602,14.25471192,0.30254612,0.021478071,-2.932718188,,0.186775668,1.28592267,1.28592267,0.296633437,1.070094598,-0.527216251,-0.020492996,,0.043975691,4.579509881,19.95789318,0.81287376,0.004606532,19.71152708
300348,2016,0.97092084,0.460420032,0.293635114,0.962343063,1.33135428,-0.772718843,-1.267843341,0.008003378,0.006007486,15.11802506,0.281197368,0.000707797,0.437866176,-1.953395842,0.017271085,0.212911464,0.212911464,0.325938765,0.205965388,0.317978427,1.10511811,,0.029236677,1.52036273,21.23070624,4.514810141,0.149571215,20.15852815
300348,2017,0.417098446,-0.665803109,-0.223681671,1.388521779,-0.117870174,-2.569660504,-0.122545235,0.013375266,0.009126776,15.32773594,0.255633753,0.001383582,-0.988754605,-0.655626269,-0.010802704,0.198965473,0.198965473,0.140983232,0.232199259,0.381824323,0.677525329,,0.022188161,1.710875733,21.55411084,2.236542638,0.114138994,20.67584784
300349,2018,-0.933823529,-0.056372549,-0.138300979,1.057969953,0.211708458,-0.707131543,0.247970255,0.02453025,0.018886485,15.53431879,0.650722589,0.006591232,-0.878460618,-2.077117112,0.118902444,-0.114704474,-0.114704474,-0.027892755,-0.094014178,0.095424643,0.317712745,,-0.230277589,1.370532771,22.31906237,2.060977031,0.062007474,21.01104944
300349,2019,-0.663461538,0.382211538,-0.202721461,1.012646747,0.764405227,-0.408250516,0.317832927,0.020034894,0.014506939,15.40921058,0.751602106,0.003751147,-2.527712341,-0.876370292,0.289568072,0.437916246,0.437916246,0.430843633,0.551050447,0.060756385,0.325783185,,0.001720551,1.510356271,22.3780446,1.654605137,0.068978711,21.29305281
300351,2016,0.647819063,0.392568659,-0.319123589,0.930790897,0.011831485,-1.800357282,0.352190173,0.016249574,0.014395996,15.0997676,0.799654697,0.01521358,-0.210879882,-1.811355153,0.044517572,0.073357172,0.073357172,0.093138564,0.044704529,0.06807525,0.084968121,,-0.100151104,1.142695543,21.94185668,4.370754602,0.178439369,19.86142471
300351,2017,0.274611399,-0.406735751,-0.225283208,1.145975283,0.644544225,-0.86535137,-0.137048214,0.010600679,0.009252185,14.65907403,1.23949464,0.008882749,-2.679084907,,0.011483147,-0.109298381,-0.109298381,-0.018865955,-0.038249651,-0.155481652,-0.01209791,,,1.17106709,21.77286786,4.52309856,0.197304853,19.84925302
300352,2018,-0.267156863,-0.279411765,0.125988579,0.935721853,0.813140391,-1.736633681,-1.00864852,0.009549762,0.008171258,15.86123306,0.30128162,0.000499123,-2.1971913,-0.211133267,0.039763284,-0.106668541,-0.106668541,-0.079340444,-0.085026295,0.05938714,0.491672455,,0.016768885,1.247740461,21.76799614,3.59224736,0.030437302,20.15128824
300352,2019,-0.774038462,-0.65625,-0.027982641,1.385875109,1.577890515,-0.645674631,0.596740537,0.008259556,0.00658478,15.74750504,0.335886635,-0.002552478,-0.175518813,-1.441727598,0.06026406,0.279938736,0.279938736,0.3285311,0.279077802,0.123293734,0.728907787,,0.021799717,1.440088995,21.88426134,2.442592091,0.025734709,20.69877812
300354,2016,-0.735056543,-0.379644588,-0.384141132,1.249303742,2.373138959,0.042969131,0.05429427,-0.000133068,-0.000102972,13.71046742,0.386813676,-0.005862375,0.45574376,-2.674543771,-0.024547742,-0.004293778,-0.004293778,0.010839713,-0.010123801,0.007646549,0.002374533,,,1.102172529,19.76367133,9.974867881,0.307517574,17.38529564
300354,2017,-0.292746114,-0.313471503,0.164113881,1.16794896,1.563470368,-0.079466815,0.045606206,0.001907848,0.001738687,13.48642167,0.489196738,-0.002732128,1.505152486,,-0.035970356,0.197409411,0.197409411,0.199074369,0.081087435,0.002518029,-0.202065241,,,1.07966128,19.7661862,13.02661719,0.30182224,17.1595672
300355,2016,-0.457189015,-0.021001616,-0.449208281,1.327724701,1.761803047,0.672295088,0.297721046,0.06983874,0.028167418,16.3327623,0.310653764,0.002635534,0.116642615,0.229019076,0.828921642,-0.300615048,-0.300615048,-0.266285867,-0.301726308,0.329770518,0.435231646,,0.036245801,3.009900914,23.20634679,1.248101776,0.030604961,22.80252505
300355,2017,0.29015544,-0.971502591,-0.318006416,1.35548573,1.415288939,0.418958295,0.249921137,0.025937452,0.008856531,15.48145573,0.826198499,0.004213531,-1.091392716,-1.386183204,1.78210247,-0.31172268,-0.31172268,-0.300005097,-0.323921139,0.245164347,0.280409355,,0.029939744,3.191467537,23.42561431,0.803695143,0.02200569,23.04970489
300355,2018,-0.963235294,-0.933823529,-0.351085377,1.129529345,1.147176053,-0.019236575,0.518244737,0.004377625,0.001375301,15.18180603,1.207531867,-0.007978702,0.041783241,-3.106749266,2.766472441,-0.300692876,-0.300692876,-0.246411171,-0.281685893,0.074601631,0.01885903,,0.022706892,2.865701554,23.49756433,1.002059448,0.026861101,23.06838829
300364,2019,0.627403846,-0.600961538,-0.14869443,1.356018213,1.457579912,0.16479517,-0.259397959,0.008113505,0.006445146,15.34465978,0.31782423,-0.005288349,1.811913525,-0.55797343,0.053829509,0.27513981,0.27513981,0.19894175,0.03873188,0.085845735,0.236551648,,0.023814286,1.328285427,21.42268751,2.708312658,0.018515377,20.02492671
300365,2016,0.567043619,0.224555735,0.144134709,0.582588279,-0.272277386,-1.834163139,0.177533812,0.024605884,0.018072492,15.15314053,0.332533149,0.002177982,0.611974687,-0.617246434,-0.05172152,0.590255377,0.590255377,0.568905399,0.689144435,1.058076652,0.411519609,,-0.082206327,1.323548287,21.46535897,3.628605995,0.031520041,20.05663583
300365,2017,-0.386010363,0.479274611,0.164602385,1.086276623,-0.411024661,-2.097140759,0.589944601,0.020214758,0.015794202,15.39284577,0.346474428,0.001668438,0.521982979,-0.281050667,0.007677245,-0.050106282,-0.050106282,-0.098595745,-0.165358547,0.231779693,0.33915772,,0.011902155,1.361962016,21.67381899,3.304755635,0.027326413,20.34867667
300365,2018,-0.762254902,0.821078431,-0.374629694,1.003740533,0.687151792,-0.64742882,-0.131345297,0.018804407,0.013820202,15.2759098,0.465466918,0.00183388,0.037655201,,0.013305287,-0.44959058,-0.44959058,-0.441916317,-0.546170866,0.071735301,-0.075757761,,0.005702336,1.297337114,21.7430981,3.808414868,0.022736304,20.2698956
300365,2019,-0.798076923,0.584134615,-0.208636893,1.007687142,1.506262223,-0.539991693,0.512773381,0.017393807,0.013598615,15.01228996,0.668859889,0.003719159,-1.85593044,,-0.046056319,0.192828112,0.192828112,0.207224422,0.240048766,-0.037536388,-0.328739251,,-0.000809808,1.190258728,21.70483909,5.645008929,0.021857367,19.87129798
300366,2016,-0.373182553,0.486268174,-0.469555262,1.176901775,1.022366185,-1.403787681,-0.432551365,0.008200588,0.00646846,14.82768813,1.062799677,0.011210002,0.066480961,-4.238010807,0.094065592,-0.038289741,-0.038289741,-0.016590738,-0.057520178,0.019470345,-0.112644024,,0.014078304,1.251532859,22.05592005,3.086784262,0.022265145,20.45136932
300366,2017,0.101036269,0.002590674,0.109044811,1.407348293,0.358621684,-2.160617391,0.472657751,0.010495514,0.008174485,14.70371521,1.182984086,0.008201081,-2.854349482,0.243661003,0.339734899,0.298160201,0.298160201,0.379983303,0.414180935,-0.021056136,0.754570587,,0.024455327,1.563032643,22.03463907,1.937061271,0.021361033,21.01359346
300370,2016,-0.292407108,-0.980613893,-0.288859553,0.680281843,1.109277324,-0.878617448,0.254385202,0.016691286,0.007225647,14.77912059,0.546145923,-0.006524857,0.348750316,0.168912683,1.001130355,0.393593729,0.393593729,0.379223837,0.254107043,0.486669535,0.737422345,,0.029690195,2.897684239,22.21484715,1.3246218,0.073861222,21.79156959
300370,2017,0.170984456,0.059585492,0.081703516,0.903957272,1.454130276,-0.901224731,-0.149558084,0.00899396,0.003072049,14.66308289,0.64015637,-0.000460027,-2.882762953,-1.983931775,1.007466307,0.000320744,0.000320744,-0.017479236,-0.00235445,-0.115164463,-0.001647962,,0.031709208,3.830159305,22.09249367,1.071867495,0.084616481,21.78992027
300370,2018,-0.720588235,-0.960784314,-0.375464173,1.097893424,1.876373941,-0.541108842,0.295920553,-0.011126887,-0.002984789,14.6314481,0.450686664,-0.028283041,1.63116802,,1.255873784,-0.625891392,-0.625891392,-0.358336491,-0.501879828,-0.211012998,-0.217725304,,0.050006191,3.740106597,21.85548823,0.776952679,0.097566887,21.54437094
300374,2017,-0.940414508,0.96373057,-0.130517915,1.401319842,1.516156625,0.331339188,0.17044854,0.012730976,0.007353117,14.28113418,0.922401068,0.005093773,-0.570242142,-0.829573478,0.66667961,0.034289872,0.034289872,0.029063723,0.088699236,0.111148067,0.21043077,,0.017874107,1.900145782,21.76042377,1.373488875,0.183447751,21.01329461
300374,2018,0.963235294,0.823529412,0.745676411,1.082150721,1.157041207,-0.062508944,0.564800929,0.011067385,0.005882258,14.30419731,0.938878632,0.000657091,0.017389492,,0.408786095,0.188788416,0.188788416,0.198173976,0.227073963,0.04564088,0.042459436,,0.025584978,1.894955944,21.80505375,1.052882432,0.369822614,21.05487738
300376,2016,0.063004847,-0.954765751,-0.414249899,0.978109309,1.475031522,0.163553418,-0.283807372,0.025117636,0.009186929,16.58218632,0.270352599,0.006919987,-0.100370831,-2.909539702,0.408627674,-0.133990519,-0.133990519,-0.143619669,-0.182070467,0.077357039,-0.005478017,,0.060124005,2.259866932,23.10687494,1.280630714,0.293312463,22.52257511
300376,2017,0.696891192,0.461139896,-0.089825495,1.100713715,0.848311477,-0.241777974,0.353334007,0.036627655,0.016136402,16.23308325,0.437901485,0.007977717,-1.13730148,-1.427343993,0.557830566,-0.507701957,-0.507701957,-0.533426025,-0.599303317,0.174366995,0.233546877,,0.043761941,2.413069016,23.26760421,1.111131169,0.345046551,22.73246877
300376,2018,0.379901961,-0.120098039,0.044628535,0.85297027,0.77753736,-0.535325929,0.290753546,0.023727142,0.009826007,16.20642092,0.500636857,0.005391799,-0.140412095,-3.972200719,0.536297343,0.050728065,0.050728065,0.085571513,0.092678525,0.056030419,0.013961152,,0.047052621,2.284470085,23.3221212,1.256856046,0.304841219,22.74633336
300376,2019,-0.048076923,0.324519231,0.530767148,1.250275226,2.955940054,-0.73737417,0.248734006,0.021101543,0.009435674,16.6337591,0.366535258,0.004406056,1.567086549,,0.312630862,0.087602962,0.087602962,0.056070068,0.089354572,-0.00798389,-0.071523331,,0.032853243,2.110810817,23.31410527,1.380192434,0.284098201,22.67212334
300377,2016,-0.269789984,-0.18901454,0.189930922,0.693929148,0.898908993,-2.579619331,-1.337474743,0.011835285,0.011315851,15.64391297,0.431893563,0.004295265,0.731191447,-0.223116653,-0.078148308,0.568056128,0.568056128,0.569412743,0.57868755,0.095440493,1.035691308,,-0.071084528,1.088838576,21.8103011,6.210091585,0.177568681,19.30425518
300378,2018,-0.482843137,-0.588235294,-0.007009662,1.477230532,0.955418997,-0.915474151,-0.482183896,0.004082561,0.002090096,15.16446603,0.350690651,-0.014783599,0.465000595,,0.03790835,-0.083494057,-0.083494057,0.017274627,-0.012286486,0.061190575,0.071717228,,-0.00354242,1.549795084,21.48900798,1.457795157,0.370462304,20.45267561
300378,2019,-0.980769231,-0.319711538,0.573427521,1.425248168,0.648255619,-1.676730145,0.184625515,0.028706553,0.018467704,15.69660491,0.228217468,-0.003176924,0.111674762,,-0.003053205,0.201427346,0.201427346,0.144652792,1.556795501,0.161936771,0.226808154,,-0.006576245,1.598872926,21.63909622,1.686166854,0.292587051,20.65709141
300382,2017,-0.191709845,0.25388601,-0.134798203,0.732713767,0.177694078,-0.245215674,0.073399549,0.024751427,0.016234839,14.87825702,0.365639826,0.005633835,-0.638239166,0.46184497,0.137939988,0.346922995,0.346922995,0.403964864,0.450271447,0.192726142,0.515382319,,0.023178536,1.882997843,21.34531861,1.661069922,0.149470642,20.58802099
300385,2016,-0.647819063,0.573505654,-0.356583696,1.064779895,1.376030993,-0.364973713,0.384241573,0.015993727,0.007932804,14.23873841,0.642202433,0.015231136,-0.991843123,-2.010975274,0.653077064,0.066631076,0.066631076,0.133967433,0.140932327,0.285750085,0.176355976,,0.017718131,1.854978288,21.5372447,1.431930905,0.178591733,20.7626925
300387,2017,-0.344559585,0.440414508,0.470013529,1.063548399,1.397516749,0.464658792,0.105997109,0.019557792,0.012426289,14.52529485,0.558465098,0.006206033,-0.560699669,,0.033404543,0.160848663,0.160848663,0.162910307,0.196087629,-0.126121284,-0.555014478,,-0.051982396,1.172310453,21.03789068,2.969633647,0.127593431,19.12045666
300387,2018,0.325980392,-0.468137255,-0.15859627,0.711551975,0.260418895,-0.334426141,0.303478378,0.022005614,0.018391867,14.78695165,0.453881745,0.017026896,-0.342685438,-0.435685639,0.06822466,0.009758427,0.009758427,-0.040999817,-0.061325324,0.185629289,0.918910688,,-0.022503316,1.312145262,21.20816436,2.025266392,0.115954386,19.77221434
300387,2019,0.747596154,-0.387019231,-0.223746208,0.902944058,1.842797617,-0.047092006,0.021059417,0.016495869,0.012076996,14.61868128,0.568062002,0.012314921,0.038856547,-5.05286153,0.059835555,-0.001283382,-0.001283382,0.135318957,0.147331176,0.055037418,0.199991661,,0.023307289,1.370939972,21.26174059,4.066403108,0.116190771,19.95452895
300388,2017,0.24611399,0.028497409,-0.114922318,0.987592719,0.925945022,0.269341353,-0.154526601,0.035304045,0.009524996,15.43638329,0.492842403,0.012264093,-0.829334132,-1.003787423,1.344638089,0.069574015,0.069574015,0.055187376,0.039335652,0.462026629,0.564593012,,0.021363662,4.762665355,23.29239241,1.021606782,0.021194418,23.05671252
300397,2016,-0.841680129,0.615508885,-0.517765109,0.721423136,0.861959854,-0.812074853,0.543882154,0.003713028,0.002807404,14.83873526,0.461847151,-0.006929954,3.233259545,,0.009842722,-0.549962263,-0.549962263,-0.137461029,-0.529939104,-0.051008782,-0.273193893,,-0.212536219,1.176945719,21.1082006,3.963163149,0.244269927,19.21336563
300397,2017,0.841968912,0.432642487,0.663796896,1.285100813,1.185429552,-1.076521671,0.659383209,-0.007834342,-0.006458583,14.59619538,0.595712592,0.009065218,-3.559991251,-2.334131083,0.047077034,3.353703567,3.353703567,0.921424828,2.994498908,0.037239414,0.552778103,,-0.004668539,1.290436033,21.14476338,2.5086131,0.237474104,19.65341128
300397,2019,-0.822115385,-0.439903846,-0.215741226,1.420129571,1.272272809,-0.838548575,-0.239837272,0.032685968,0.023160103,15.7259507,0.216249799,0.002516704,-1.27645905,,0.033476015,-0.638902292,-0.638902292,-0.472336762,-0.608590519,-0.068794857,-0.335134324,,0.124676865,1.276949033,21.35623862,2.484018699,0.194178929,19.82784317
300402,2017,0.704663212,0.733160622,-0.027893322,1.092322404,1.581987284,0.120492209,0.260199111,0.004765458,0.001978375,13.57518161,0.77851419,0.004858243,-0.148001384,-2.136433932,1.008010768,0.668922176,0.668922176,0.609412105,0.640952957,0.225439821,0.352936543,,0.025890634,2.990743121,21.34911923,1.077182391,0.228065213,20.94210533
300402,2018,-0.00245098,0.889705882,-0.132595287,1.065548674,1.232813254,-0.494261961,0.351203098,0.005754216,0.002050221,14.20256134,0.45186478,0.000932865,0.518764006,-2.319551977,0.603200724,0.349326201,0.349326201,0.334013271,0.361989098,-0.054313544,-0.109635049,,0.027795071,2.678782683,21.29327502,1.166814597,0.24134233,20.82598149
300402,2019,-0.382211538,0.850961538,0.710595001,1.183091244,2.347574767,-0.093960941,-0.764425615,0.016415798,0.006049431,14.92009348,0.22665959,0.002355942,-0.809306547,-3.10077283,0.31941446,0.078458199,0.078458199,0.070658123,0.083990246,0.101679741,0.213111412,,0.021294258,3.226686812,21.39011108,1.129052482,0.208369936,21.01916997
300405,2016,0.848142165,0.195476575,-0.453701815,1.239576327,1.685746691,-0.14004043,0.029984144,0.004762707,0.002520042,13.99167673,0.809385111,0.001690088,-0.748218153,-3.132327291,0.530285822,0.1629788,0.162956279,0.192089776,0.206898987,0.007295745,0.001749563,,0.029548234,1.902327597,21.31850388,1.46325357,0.191369572,20.57264806
300405,2017,0.038860104,0.038860104,0.381843601,1.092575301,1.382071591,-0.170166838,0.108100323,0.005490703,0.002796123,13.92903894,0.843817407,0.007595838,-2.60228711,,0.591047557,-0.267533864,-0.26726955,-0.24879184,-0.288810819,-0.047286537,0.009955064,,0.034908654,2.011372726,21.27006279,1.408681849,0.19860804,20.5825539
300405,2018,-0.49754902,-0.620098039,-0.330684024,1.070602693,1.638415255,-0.246871594,0.804729831,-0.003035388,-0.001475811,13.71827689,0.953808497,-0.014885468,1.631644149,,0.62105022,0.121691254,0.120995632,0.107791014,0.156499848,-0.042627414,-0.033066783,,0.025883395,2.031894647,21.22650015,1.402644193,0.203165882,20.54892805
300405,2019,0.735576923,-0.668269231,0.746311299,1.258326971,1.703619335,0.034238246,0.318422598,0.014584089,0.007217235,14.00893578,0.680511799,-0.000986123,-1.825854363,-5.281807834,0.394986117,0.056577645,0.056484012,0.034444801,0.085762826,0.068942589,0.15781158,,0.030299039,2.222566214,21.29317008,1.31401484,0.199713729,20.6954597
300406,2019,0.824519231,-0.59375,-0.151278341,0.679460319,0.013669315,-0.565051254,-0.57477379,0.023873046,0.020791938,15.75600822,0.440223783,0.020447003,-1.772058333,0.024369833,-0.004589217,2.044879739,2.044879739,1.269692448,1.079177497,0.896015565,1.034852757,,0.014296616,1.153035137,22.15535802,6.376962854,0.073730005,20.13587258
300407,2016,0.915993538,0.993537964,-0.630754432,1.282047916,0.379472228,-1.616592992,0.317525279,0.032359281,0.015199506,14.403874,0.538210245,-0.034632389,-0.326486372,,0.362944541,0.046331824,0.046331824,0.047788019,0.059506301,-0.015345156,-0.08251075,,0.058221469,2.015128062,21.37841907,2.191844173,0.089585827,20.69275109
300407,2017,0.240932642,0.966321244,0.085896351,1.186860825,1.596748793,0.522171754,-0.178848526,0.005877414,0.002924834,14.0439472,0.844705461,-0.021361131,0.119638744,-1.779626473,0.384704089,0.282534306,0.282534306,0.225961183,0.316500637,0.229592913,0.262353712,,0.060507691,2.071145675,21.58510222,2.31471995,0.076292566,20.9257291
300407,2018,0.264705882,-0.490196078,-0.037780832,1.186401697,1.125485313,-0.149399479,0.517491281,0.001099018,0.000205114,14.25935838,0.810114963,-0.026878688,0.77808975,-3.747874842,0.299607882,-0.187698868,-0.187698868,-0.165459944,-0.229610995,0.104891054,0.029655898,,0.043460527,1.930351012,21.68484895,2.242688765,0.083484853,20.95495376
300407,2019,-0.473557692,0.233173077,-0.072982664,1.050327309,1.481884636,0.067288767,0.425735681,0.004624207,0.002425648,14.30972275,0.852427136,-0.016835771,0.397001035,-2.952563654,0.273474115,0.051317075,0.051317075,0.04566506,0.024954141,0.056310289,0.072327603,,0.026788123,1.957972792,21.73963093,2.238273563,0.077200883,21.02478538
300412,2016,0.327948304,-0.592891761,-0.263896307,1.583387819,2.461315298,0.935910903,-0.060938984,0.018239854,0.012760191,14.26826767,0.537140831,0.000362864,-1.016856495,-0.576715568,0.131012222,0.245943318,0.245943318,0.371494017,0.41469577,0.160218309,0.381152862,,-0.004928548,1.607300849,20.97638787,1.909837741,0.106358102,20.00310061
300412,2017,0.867875648,0.367875648,-0.293309929,1.208130847,2.037772201,0.449167663,-0.0088135,0.009979649,0.00626114,14.29099757,0.512574761,0.000108151,1.44764046,-0.661862631,0.212582363,-0.00295262,-0.00295262,0.009794471,-0.062157776,0.155481026,0.365070745,,-0.005197914,1.806274104,21.1209046,1.703557086,0.130578489,20.31430687
300412,2018,-0.776960784,0.458333333,0.387047644,1.061477072,1.454489581,0.156780106,-0.109424571,0.015018907,0.008269169,14.25277649,0.544323449,0.002327653,0.602891607,-1.27469018,0.268350092,0.76376161,0.76376161,0.724345285,1.15537295,0.174298173,0.391341472,,0.01289821,2.122586407,21.28157527,1.474145157,0.119135815,20.64457523
300412,2019,0.661057692,0.103365385,0.053583936,1.289531072,2.174441589,-0.111457123,-0.209039246,0.025401993,0.012436479,14.6256301,0.390556294,0.006383031,-0.253668684,-3.006882031,0.288322536,0.283068597,0.283068597,0.224461319,0.226998033,0.065901073,0.047538697,,0.012294169,2.082316694,21.34539579,1.574210787,0.11148433,20.69101855
300419,2017,0.888601036,0.189119171,-0.072961864,1.094999168,1.129411994,-0.912103207,0.313428697,0.00210976,0.001789271,14.2289231,0.916792776,0.002179492,-2.707563975,-0.860657657,-0.021614427,-0.132583007,-0.132583007,-0.0994152,-0.157662522,-0.294766038,0.567272567,,,1.43103465,20.92617018,2.582517605,0.112077522,19.72620567
300419,2018,-0.879901961,0.149509804,-0.029604945,1.055308302,1.079690341,-0.465816377,0.344325457,0.010002772,0.006839049,14.42615677,0.47492824,0.002807771,1.587915419,-4.524797603,0.106048785,0.109202949,0.109202949,0.07391247,0.093060591,0.040777964,0.18686517,,,1.523189957,20.96613866,2.427698846,0.096934834,19.89752119
300419,2019,-0.334134615,0.1875,0.169972045,0.97421034,1.849700543,-0.904001139,0.300490293,0.005180951,0.003496376,14.79932654,0.321424854,0.000650934,1.63297479,-1.003213789,0.156629868,0.44341316,0.44341316,0.538722353,0.662226242,0.006359644,0.022793849,,,1.536316049,20.97247816,2.445188827,0.090776224,19.92005914
300422,2016,-0.324717286,-0.951534733,-0.126031459,0.932621784,1.68887779,0.027397409,0.001669264,0.030702311,0.01152628,15.09266845,0.349481293,0.015697192,2.746340477,-0.044570429,0.67297403,1.078401746,1.078401746,1.078682905,1.073974478,0.719767906,0.968709215,,0.022680563,3.651672591,22.35215816,0.981467371,0.058900605,22.03216346
300422,2017,-0.101036269,-0.940414508,-0.232302204,1.224411104,1.104803845,0.512339363,-0.061416,0.043100597,0.012283189,14.89937712,0.545943373,0.023676016,-0.262048403,-0.268028391,1.346691418,0.323219873,0.323219873,0.283856737,0.306422009,0.542016048,0.624175466,,0.027020518,4.25247253,22.78524884,0.908651488,0.06532037,22.51716374
300422,2019,0.098557692,-0.331730769,-0.233741056,0.912865458,1.220181774,0.618253659,0.233238052,0.02398254,0.005382941,15.16015614,0.695393392,0.01482718,-0.695758596,-1.717229709,2.223478852,0.032216334,0.032216334,0.060656039,0.023959939,0.24017013,0.212924382,,0.02539464,4.517330173,23.27773335,0.836356073,0.052264568,23.02751443
300424,2017,-0.015544041,0.235751295,-0.232468803,0.893094931,0.38498296,-1.636084873,0.536885721,0.012329277,0.007261763,14.82024971,0.35081225,-8.31e-05,-1.098198586,0.565114905,0.414993098,0.971920042,0.971920042,1.005703355,1.278502212,0.203394352,0.359769634,,0.010973189,2.306682672,21.55123273,1.630157776,0.138936291,20.98291393
300424,2018,0.075980392,-0.397058824,-0.128299145,1.046494934,0.809747241,-1.102337979,0.484470489,0.015500175,0.006755153,14.87605721,0.350893233,-0.000117808,0.437382675,-2.133510423,0.388085803,-0.060618529,-0.060618529,-0.010891334,0.005736763,0.059283841,0.015859992,,0.01956925,2.189405804,21.60882579,1.698118273,0.134123271,20.99864946
300424,2019,-0.300480769,0.175480769,0.168729258,1.368531593,1.552834254,-0.573472491,0.092383747,0.008035163,0.003565235,14.95535528,0.333989681,0.001677206,-2.629012505,-3.546109834,0.331179526,0.028923533,0.028923533,-0.036867195,-0.102724703,-0.127699494,0.048709906,,0.022068568,2.882841972,21.47220449,1.448115965,0.166242305,21.04621021
300428,2019,-0.165865385,-0.778846154,-0.140587313,1.37654131,0.760692826,-0.127979736,-0.239521376,0.036077751,0.017246859,14.86750805,1.545932107,0.058352664,0.890546355,0.377730918,1.897416386,2.749319518,2.749319518,2.807549814,3.235700223,0.631296885,1.114634174,,0.02714079,2.418543369,23.18175304,1.491406945,0.179246508,22.64821814
300435,2016,-0.715670436,0.861066236,-0.231474159,1.011844509,0.940540526,-0.43697898,0.048525482,0.022941386,0.013657236,14.00558153,0.623865661,0.019321275,0.290182514,-0.727608017,0.35107651,0.25260135,0.25260135,0.273958626,0.212137813,0.223839605,0.520851715,,0.013294123,1.79721293,21.03702056,1.837549393,0.05402324,20.22415
300435,2018,-0.196078431,0.786764706,-0.312889249,1.050572085,1.205525385,0.233189923,0.243086431,0.026278154,0.013724733,14.21971958,0.737525862,0.014988294,1.641007622,-2.367410408,0.229530247,2.232464135,2.232464135,2.07137174,2.478330039,1.062828812,0.403819792,,0.006726291,1.424591494,21.85342846,1.993462926,0.199280798,20.64291559
300435,2019,0.879807692,0.677884615,0.220561244,1.118423733,2.243221589,-0.169681116,-0.496251789,0.026203026,0.018413484,15.00373797,0.688195959,0.016482574,2.32561336,-0.51285769,0.117426361,0.245976059,0.245976059,0.258347802,0.287273753,0.166369566,0.323134058,,-0.029546498,1.510808351,22.00732445,1.686254863,0.195446053,20.9229188
300440,2018,0.678921569,0.022058824,0.233790384,0.933183102,0.693832764,-0.283240905,0.04102057,0.019715554,0.013091784,15.13768312,0.336021831,1.47e-05,0.308813888,,0.059751324,0.046120288,0.046120288,0.101581123,0.140010387,0.004076475,-0.2362181,,-1.00753105,1.338483233,21.31126347,3.331057489,0.073714469,19.93644569
300440,2019,-0.016826923,0.146634615,-0.229475038,1.295910514,1.49178597,-0.352987524,-0.025192272,0.017197143,0.012850298,15.13494043,0.368418258,0.000220434,0.461140073,-2.249374391,0.073088532,0.168882582,0.168882582,0.32842181,0.123101496,0.141745098,0.795204073,,0.047525157,1.660083377,21.44382135,1.862354031,0.065162976,20.52156439
300444,2017,-0.160621762,-0.665803109,-0.150358668,1.199143145,1.212680418,0.305563239,-0.294564236,0.021766283,0.010062717,14.64004226,0.756174943,0.005330273,-1.956921283,-1.881824374,0.693925275,0.025400501,0.025400501,0.053633276,0.065176343,-0.024871005,-0.06487075,,0.03464454,2.156745275,22.04141798,1.331086856,0.138403231,21.41842797
300447,2017,-0.158031088,-0.440414508,-0.159844086,1.111011535,1.044731786,-1.032293549,0.324823576,0.029040849,0.024889379,14.37884417,0.876073778,0.011029183,-2.186953237,-0.751018703,0.035139223,-0.012237585,-0.012237585,-0.083477683,-0.094081161,-0.240655961,0.361120253,,0.033725886,1.337803303,21.04426144,3.459454526,0.107659556,19.667941
300447,2018,-0.539215686,-0.301470588,-0.104405469,1.01423856,1.382181441,-1.05781814,0.268838046,0.019604616,0.015115174,14.427145,0.587719021,0.005415695,1.734360003,-2.451863478,0.101650889,0.04987703,0.04987703,0.015832476,0.142436518,0.169939591,0.298241405,,0.024414749,1.389269214,21.20121355,2.756851569,0.086532729,19.92895158
300450,2017,0.71761658,-0.78238342,0.105518694,1.20406562,0.291211641,0.064856798,0.152536886,0.063756542,0.027677813,16.55072172,0.217820624,0.006805958,-0.812291113,-1.376341173,0.120899997,0.292227155,0.292227155,0.34482548,0.201716654,0.263046047,0.326707029,,0.023997203,2.394375381,22.87887263,1.48308418,0.050948003,22.3381968
300450,2018,-0.850490196,-0.656862745,0.354848376,1.138522351,-0.38728859,-1.035468976,-0.015208474,0.052180113,0.022796309,17.32869353,0.117918087,0.002319925,-1.137973613,,0.068579157,0.001451373,0.001451373,0.078594864,0.051701306,0.258563774,0.262782915,,0.006204181,2.405620283,23.10884384,1.643137778,0.048220846,22.57151475
300450,2019,-0.901442308,-0.319711538,1.065440579,0.913277892,-0.185610516,-1.337408562,-0.473412829,0.061920399,0.026668078,17.9592932,0.080541137,0.002303738,-0.013208403,-0.387781505,0.078922462,0.753392762,0.753392762,0.697933516,0.815006829,0.75317119,0.6876389,,-0.043211153,2.285535755,23.6702701,1.536345635,0.040211198,23.0948452
300453,2017,-0.831606218,-0.160621762,0.009898059,1.154745925,1.169393178,-0.626776913,0.511217774,0.01642446,0.01329856,13.83090218,0.596837398,0.004661741,0.382714669,0.002493468,0.184299466,0.169583877,0.169583877,0.180338614,0.132073656,0.435802454,1.88629061,,0.021601325,1.604459245,20.75491057,0.979173523,0.355303842,19.77870276
300454,2019,-0.5,-0.129807692,0.241836459,0.912422885,-0.871235507,-1.699905607,-0.181881862,0.015853696,0.010152469,17.77949679,0.093135548,-0.001390257,0.812652978,-0.307338202,,0.482635088,0.482635088,0.48460273,0.574230602,0.448501524,0.297777082,,-0.648246891,1.506218472,23.01177052,1.723054736,0.030082425,21.9213814
300455,2016,0.017770598,0.331179321,-0.088132076,1.054962299,0.27187238,-1.536163807,0.298228151,0.02164336,0.018043486,14.58236722,0.324244845,0.003039616,-0.075426994,,-0.04971085,0.014342976,0.014342976,0.021846015,0.028788774,0.020166565,-0.212081024,,,1.135159313,20.48404707,8.988401805,0.150130408,18.35597297
300455,2018,-0.475490196,-0.230392157,0.868302281,0.742526582,0.468545238,-1.587203316,-0.261536867,0.020211917,0.017882407,15.54298541,0.16340915,0.001124255,2.138586975,2.100605158,0.010833884,1.105369644,1.105369644,1.41567541,1.590489225,1.488408671,5.98896764,,0.008443179,1.46499578,21.45974362,2.62208461,0.089559704,20.31216431
300456,2017,-0.388601036,-0.875647668,0.190037095,0.855458759,-0.283999927,-2.537200597,0.718674894,0.015332756,0.008641586,15.09230074,0.594557335,0.002459559,-0.922952873,-3.544526259,-0.081883332,-0.111082373,-0.111082373,-0.01447474,-0.082228772,0.292047996,-0.43049394,,-0.01874711,1.238069799,22.11985829,3.240485819,0.076713431,20.47111336
300464,2017,0.715025907,-0.21761658,-0.05869311,1.216373387,0.709914513,0.058431961,0.500415343,0.022958382,0.010755541,13.76327411,0.724293299,0.012480158,0.908956302,,0.787916783,3.760308036,3.760308036,3.310613743,1.894191684,1.665933562,1.490691795,,0.030269897,2.014698026,21.80440668,0.917530829,0.147866769,21.11852841
300467,2017,0.797927461,-0.89119171,-0.435238169,1.23058144,0.671435335,-1.019326318,0.293446195,0.022424674,0.019022882,14.90378454,0.993285088,0.03350066,-2.574465864,-3.115303504,0.140623894,-0.254002935,-0.254002935,-0.218483952,-0.034699184,-0.236672392,-0.15975397,,0.056254074,1.197447536,21.76244844,1.937298965,0.007302036,19.95997383
300467,2018,0.68872549,-0.914215686,-0.068635782,1.412501301,1.476982147,-0.231575974,0.083258538,0.016014514,0.013138207,14.60525164,0.937971385,0.015743732,-0.411819927,,0.03165466,-0.073527698,-0.073527698,-0.015909697,0.444705311,-0.463895652,-0.310734853,,-0.011706618,1.269032665,21.13902198,3.522711212,0.018467551,19.58784457
300468,2016,-0.46365105,0.502423263,-0.234126922,1.167880505,1.114072708,-0.920156597,-0.27328621,0.022355421,0.018873404,14.83711965,0.331758317,0.003724688,-0.012499799,-1.709386372,-0.079800663,0.067650811,0.067650811,0.10641181,0.196528514,0.149970999,0.198664123,,,1.178281186,20.8959578,4.102218533,0.016554336,19.00750777
300468,2017,0.678756477,0.637305699,-0.161000744,1.223052215,0.6355945,-1.26152321,0.246639769,0.019403869,0.016297165,14.83044945,0.380016491,0.004603026,-1.770989894,,-0.128011001,0.00661139,0.00661139,-0.003494957,0.001360597,-0.02386218,-0.59474618,,,1.0670267,20.87180631,9.573823491,0.243844444,18.10426608
300468,2019,-0.954326923,0.6875,-0.206852522,1.385348687,1.188822966,-0.837430705,0.270554213,0.016527474,0.01547521,15.57621066,0.197948655,0.00161627,-1.007751923,,-0.067542002,0.200580612,0.200580612,0.203784423,0.209665965,0.050331966,0.01185583,,,1.069338748,20.9462039,12.23769083,0.250323492,18.21041205
300469,2017,-0.979274611,-0.621761658,0.068417089,1.291883384,0.70080266,-0.697582064,-0.738989729,0.001799622,0.000671129,14.51190487,0.230161095,-0.007649946,0.412125449,-2.022793378,0.299924944,0.223934217,0.223934217,0.173032827,0.255879027,0.099538268,0.044244418,,0.01504097,2.729595196,21.085847,1.451126439,0.009493289,20.62958107
300470,2017,0.567357513,0.075129534,-0.05575374,0.929757334,0.24650479,-0.106503067,0.070735936,0.044083385,0.034457549,15.29260735,0.251619058,0.010793797,0.631245797,0.393561999,0.01397924,0.455884877,0.455884877,0.454662694,0.453374285,0.321436149,1.085507809,,-0.002782164,1.366022949,21.22561258,4.041561178,0.111651528,19.90864977
300470,2018,0.053921569,-0.504901961,0.256944657,0.974597202,0.432978695,0.098914319,-0.312604343,0.039027586,0.028632541,15.38015241,0.267414305,0.00523257,2.827428828,,-0.013832859,-0.049606317,-0.049606317,-0.021550704,0.02933002,0.114945384,-0.017305644,,-0.033358449,1.309182942,21.334418,4.82949675,0.107654155,19.89119264
300470,2019,0.46875,0.247596154,0.214004115,1.068820103,-0.015527717,-0.047707208,0.79997294,0.038891363,0.030408812,15.84394329,0.212677992,0.007322826,-0.270824843,,0.014853065,0.333761989,0.333761989,0.300005545,0.329672199,0.330101863,-0.207145124,,-0.160117346,1.163838827,21.61967353,5.930092444,0.083294881,19.65907756
300471,2016,0.04361874,0.237479806,-0.546516409,1.143972392,0.75141731,-0.959037321,0.313381891,0.000312633,0.000921529,14.73970344,0.715413392,-0.021363392,-2.21973707,-0.430759763,0.379400886,-0.652504751,-0.652504751,-0.394099523,-0.649393708,-0.054150222,-0.051203978,,0.024338276,1.549652538,21.65788595,1.502468191,0.310746602,20.62138627
300471,2017,-0.676165803,-0.569948187,0.507913759,1.400425764,2.141900011,0.349070844,-0.001555424,-0.031324822,-0.020284953,14.55076813,0.770235873,-0.004193557,-3.089929179,,0.238585601,-0.002502277,-0.002502277,-0.198381104,0.01433819,-0.265178733,-0.284765475,,0.04744624,1.527276338,21.34975797,1.157042137,0.406443184,20.28624148
300471,2018,0.387254902,-0.571078431,-0.23991401,1.514685753,1.86922674,0.18063577,0.043046553,-0.00097257,-0.000638764,14.69962122,0.51104006,-0.017352834,2.076048854,,0.233484365,0.013568902,0.013568902,-0.002568552,0.062924589,0.007001922,-0.013017019,,0.076537189,1.511433314,21.35673549,1.242268709,0.408950259,20.273139
300476,2017,-0.411917098,-0.284974093,-0.266474873,1.083446894,-0.218364552,-1.465682085,-0.021898224,0.039554457,0.024523425,16.08555397,0.301730606,0.011290344,-0.98065287,-0.528112087,0.20592393,0.037933582,0.037933582,0.020050474,0.025408503,0.255546252,0.489226654,,0.007703374,1.856988521,22.46225116,0.955802534,0.33939236,21.6889643
300476,2018,-0.602941176,-0.279411765,1.098058094,1.282961068,0.007300901,-0.8746066,-0.509250312,0.039575996,0.021414304,16.40350364,0.247075227,0.005719629,1.227506823,-0.786126589,0.172600949,0.461198049,0.461198049,0.504977846,0.518686211,0.402436662,0.673743579,,0.008720048,2.226038604,22.80046236,0.82417746,0.398256212,22.20402708
300477,2016,0.980613893,-0.198707593,0.012146592,0.913460082,0.17890238,-0.724022692,0.339351364,0.023927158,0.010821308,14.87797102,0.568084247,0.00165158,0.464013951,0.073429163,0.629237959,0.633045614,0.633045614,0.643728904,0.695592272,1.1631295,1.087404711,,0.021189494,2.344860951,22.26095133,1.165848755,0.134421336,21.70501585
300477,2017,0.777202073,-0.305699482,-0.217229724,0.91859289,1.366582115,0.566682371,-0.582372426,0.008857157,0.003967251,14.89544407,0.669062764,-0.004595295,-1.939627914,-1.561079864,0.893497725,-0.141891111,-0.141891111,-0.12417482,-0.12894448,0.044402268,0.079351318,,0.02742095,2.455360424,22.30439606,1.000151259,0.130818298,21.78137608
300477,2018,-0.99754902,-0.230392157,0.147618996,0.661566547,0.927302411,-0.327191062,0.538290251,-0.001732957,-0.00088499,15.0299477,0.586503004,-0.018087036,1.083997051,-4.412920406,0.658234431,-0.485074057,-0.485074057,-0.345623731,-0.440380997,-0.02234853,-0.008579576,,0.031883085,2.506740753,22.28179402,0.968292308,0.151952737,21.77275949
300477,2019,-0.971153846,-0.408653846,-0.03430834,0.964954799,1.510606636,-0.922357799,-0.4908022,-0.016922813,-0.006852238,15.05431238,0.512720423,0.005249899,-2.908307902,-4.698591045,0.584216173,1.455449827,1.455449827,0.868724847,1.317564651,0.03066346,-0.088528959,,0.03447964,2.13476082,22.31199675,1.158067647,0.169824801,21.68006403
300481,2016,1.0,-0.069466882,-0.40068339,1.082602955,0.829133587,-1.171468803,0.100320425,0.040992426,0.035794673,14.36174431,0.328783495,0.016481056,0.157921494,0.381769381,-0.063025847,0.266893869,0.266893869,0.229316264,0.264247024,0.511954737,0.743315267,,-0.049031738,1.167424228,20.52908945,4.768004169,0.180112325,18.58706524
300481,2017,0.940414508,-0.17357513,0.078193537,0.997178716,0.845025133,-0.405911225,-0.218012136,0.041920676,0.035589304,14.96519473,0.239667436,0.008857401,0.247561247,-1.348796781,-0.082046576,0.097776449,0.097776449,0.027070759,0.057747151,0.027804712,-0.480162817,,-0.045962982,1.078207555,20.55651463,11.22826605,0.253487335,17.93282561
300481,2018,0.299019608,-0.105392157,0.507562523,1.269185949,0.413427112,-0.708018497,0.016350482,0.048826682,0.043511977,15.22489969,0.205236931,0.006830314,0.918374543,,-0.046467434,0.1475545,0.1475545,0.109893181,0.059707678,0.176213673,0.430869892,,,1.096778574,20.71881516,9.490604231,0.241355301,18.29110819
300481,2019,-0.949519231,-0.165865385,0.185989752,1.57306944,0.849638017,0.16485924,-0.018367838,0.052068641,0.047194394,15.5577012,0.16937575,0.007857909,0.728472883,,-0.02086032,0.516821462,0.516821462,0.626487732,0.7973567,0.940486512,-0.054050821,,,1.044948189,21.38175388,24.06034267,0.196964946,18.23554176
300489,2016,0.137318255,-0.098546042,-0.403693926,1.123135668,1.96165688,-0.213563752,0.159894403,0.006752032,0.004891682,13.74033242,0.510324373,0.004523964,-2.046249468,-1.656369321,0.201032864,-0.008522802,-0.008522802,0.070828045,0.062441472,0.03616249,0.098248852,,0.025361139,1.4211518,20.32184358,2.773967737,0.534847272,19.10561397
300489,2017,0.357512953,0.507772021,0.188438895,1.21901997,1.701458167,-0.102605401,0.121357688,-0.009132171,-0.006439107,13.81342098,0.470906019,-0.008509309,0.095951022,,0.14250779,-0.351795318,-0.351795318,-0.072900089,-0.096433597,-0.04600334,-0.046992901,,0.124448824,1.420531238,20.27474847,1.459923664,0.556917086,19.05748104
300489,2018,0.196078431,0.352941176,1.687680429,0.90144937,1.618644747,0.305081222,-0.423126659,-0.016044905,-0.011668236,14.3903443,0.261457074,-0.001089665,-2.94773056,,0.035415233,1.430179675,1.430179675,0.679810383,0.898090992,0.572092125,2.412218312,,0.019121163,2.797586684,20.72715577,2.963982899,0.307943543,20.28484365
300489,2019,0.634615385,-0.240384615,-0.299768122,1.336008647,1.788230733,-1.601408696,-0.900887782,0.013783962,0.005440073,15.15754244,0.101074678,0.001997627,2.160048035,2.467688697,0.417531367,1.626084941,1.626084941,1.553893914,1.320216925,1.275012835,1.929632637,,0.037792301,5.795027704,21.54914146,1.239438398,0.212238331,21.35972069
300490,2017,1.0,0.349740933,-0.444771995,1.215168535,1.041248071,-0.238339455,-0.405036135,0.009762906,0.005121351,14.30873905,1.006097966,0.001494377,1.313256907,-1.226621142,0.552578131,0.197981348,0.197981348,0.198928268,0.241128754,0.253369431,0.138587801,,0.023851388,1.82921679,21.87115329,1.303049174,0.067394618,21.07999175
300490,2018,0.818627451,0.384803922,-0.225025545,1.07327181,1.373257096,-0.153604382,0.485606704,0.008204585,0.004500451,14.58530387,0.817091783,-0.008666146,-0.790186443,,0.53721673,-0.433008029,-0.433008029,-0.383629794,-0.482337505,-0.043625509,-0.131728029,,0.017296885,1.699401892,21.82654757,1.442082092,0.090658221,20.93874146
300490,2019,-0.1875,0.716346154,0.987948372,1.149593765,2.535367384,-0.482029434,-0.810182572,0.002273352,0.001275007,14.72740623,0.730335095,0.000225431,0.334321512,-0.106934848,0.342258477,1.290623954,1.290623954,1.118592899,1.645420941,0.394349353,0.824961725,,0.01422398,2.167587893,22.15897547,1.695600331,0.112520658,21.54030048
300491,2019,-0.680288462,-0.262019231,0.165174903,1.138772239,2.205705606,-0.612516415,-0.13936907,0.012336959,0.009631305,14.38098469,0.390049356,-0.002105493,1.449033368,-0.856263285,0.076647498,0.865093809,0.865093809,0.526801182,0.841530065,0.178589436,0.725812167,,0.024158923,1.391595847,20.69095832,2.485187499,0.159869384,19.42298216
300497,2019,-0.918269231,-0.677884615,-0.366888254,1.069426083,0.508157254,0.030955322,-0.046835361,0.044917663,0.029581006,15.48117807,0.445086239,0.016201836,-1.442267441,-3.096321999,-0.098877104,-0.0496776,-0.0496776,0.099316811,0.103288902,0.503465416,0.298530314,,0.00409965,1.407834089,22.19298618,2.098862998,0.170964576,20.95403893
300509,2019,-0.050480769,-0.072115385,-0.119529261,1.013739328,1.243296741,0.08754773,-0.01240829,0.017272194,0.007521409,14.00820099,0.563501638,0.010862655,1.806473713,-1.701001496,0.416112067,0.093498741,0.093498741,0.058893682,0.075959423,0.05022868,0.087357419,,0.000470507,2.558755188,21.24917108,1.316236596,0.103606922,20.75353774
300510,2019,0.834134615,-0.067307692,0.343243665,0.971987101,1.669454454,-0.47940601,0.325957525,-0.005963491,-0.004567864,15.30015246,0.644815441,0.000229554,1.907445985,,0.024744274,0.209893095,0.209893095,0.057740583,0.242793023,-0.183305997,-0.428134088,,0.002622324,1.206482979,21.872036,4.28806592,0.140893466,20.10678921
300511,2017,-0.012953368,-0.730569948,-0.09465948,1.232200932,1.164808915,-0.056053776,0.073285091,0.051043742,0.020840011,14.32159088,0.960424013,0.069935407,-0.279746439,,0.843878148,0.094011954,0.094011954,-0.09266993,-0.094403886,-0.043546179,-0.148414408,,0.02646719,2.242583512,22.02195209,0.52130491,0.637883821,21.43151623
300511,2018,0.183823529,-0.671568627,0.587342812,1.102098368,0.610448057,0.29052867,-0.206768208,0.026298113,0.011510782,14.53184722,0.845094575,0.044970613,0.657728817,-3.563341837,0.45313269,0.127511312,0.127511312,0.092092918,0.099089761,0.079583702,0.038184219,,0.019075325,2.140584367,22.0985276,0.574638571,0.606457801,21.46898947
300511,2019,0.204326923,-0.519230769,-0.349989249,1.361172824,0.995527696,0.124531997,-0.314172635,0.03378054,0.015216055,15.08125953,0.57886297,0.036368139,-0.698998946,-2.46440576,0.7087516,-0.067271826,-0.067271826,0.203646927,0.18600679,0.089883124,0.1448158,,0.02170321,2.271148463,22.18459806,0.706599105,0.599222352,21.60423322
300512,2017,-0.046632124,0.310880829,-0.22613668,0.996100606,1.158058187,-0.303476494,0.333965704,0.03266416,0.021950083,14.03049404,1.15783927,0.010589066,-0.807038634,,0.157714955,0.185371453,0.185371453,0.378524879,0.43226499,-0.124552201,-0.162959249,,-110.7535522,1.443515301,21.39034928,2.353455459,0.130647559,20.21024498
300512,2018,-0.590686275,0.340686275,-0.073593709,0.840060663,1.076329359,-0.067083747,-0.075236998,0.023906678,0.016874009,14.6820403,0.585593862,0.005257041,-1.522275827,,0.137562202,-0.054404562,-0.054404562,0.014996548,0.056608698,-0.026100767,-0.198303042,,,1.338545001,21.36390184,2.831555192,0.127030686,19.98922038
300512,2019,-0.831730769,0.290865385,0.213442473,1.204045364,1.245526374,-0.271619619,0.351772074,0.011679652,0.008580081,14.86953261,0.508893311,0.0091175,-0.375241968,-1.018745291,0.133557957,0.396161449,0.396161449,0.218154305,0.192432773,0.156731715,0.405197256,,,1.443516572,21.50950039,2.41663633,0.153687127,20.32939807
300515,2017,0.756476684,0.277202073,0.018293613,1.347253442,0.697639349,-0.849262949,0.307680895,0.026099684,0.021658319,13.70349573,0.533601668,0.004959561,0.264872474,-0.837352298,0.030927394,0.251353275,0.251353275,0.211597376,0.140479533,0.113021992,0.432922612,,,1.25913752,20.20952692,5.051788279,0.150789782,18.62870355
300515,2018,-0.894607843,-0.375,0.035406848,1.190285385,1.432986319,0.229728804,-0.003127687,0.028047299,0.021936903,14.28543581,0.310017215,0.005550732,0.50206654,-4.256842621,0.040456336,0.16101619,0.16101619,0.041199371,0.092053332,0.100306741,0.179205206,,-0.08915548,1.282977401,20.30511591,3.942160426,0.130131157,18.7935442
300516,2017,0.42746114,-0.28238342,-0.013621474,0.992467692,0.988605888,-0.256479059,0.0933169,0.005279238,0.004804395,14.31969585,0.719672661,0.002355714,0.310126107,-0.716962631,-0.020153233,0.312933839,0.312933839,0.278454209,0.373579722,-0.088784716,0.116351743,,,1.144794561,20.90135379,5.939599215,0.203325868,18.83368923
300517,2017,-0.194300518,-0.380829016,-0.280194164,0.917591339,1.798630924,1.128606084,-0.066189892,0.016741649,0.009134272,13.33286906,1.057574881,0.019794958,-1.824160334,-0.69117727,0.622301713,1.143550184,1.143550184,1.098770561,1.299490959,0.191569617,0.288453879,,0.070858189,1.989233439,21.04464601,1.574431251,0.133102904,20.34607171
300517,2018,-0.789215686,0.237745098,0.056614355,0.954389081,1.119221031,0.244298606,0.142904646,0.014893668,0.007613359,13.73137808,0.769803798,0.005124426,-1.053025898,-1.351610821,0.49388762,-0.054705971,-0.054705971,-0.044841599,-0.057262177,0.136918004,0.191135329,,0.052863475,2.087720716,21.17296711,1.513854069,0.147325827,20.52097863
300523,2017,-0.696891192,-0.124352332,-0.148303369,0.932364345,-0.396773418,-1.75011997,-0.004877233,0.031319074,0.021956209,15.56474961,0.20167411,0.002114963,-0.58610765,-0.010214287,0.028624646,0.054099433,0.054099433,0.626876008,0.49943783,0.625492191,0.966980965,,0.010392499,1.59298123,21.5597892,2.436552669,0.066729343,20.57158942
300523,2018,0.443627451,0.448529412,0.2902849,0.853559815,0.068310487,-0.958477458,0.218252968,0.025469365,0.016394757,15.88768077,0.202737383,-0.000793131,0.552526108,-0.661387349,0.052668002,1.047519895,1.047519895,0.707413358,1.472808087,0.205986003,0.30236748,,0.010916607,1.672229185,21.74708669,2.302726783,0.05559978,20.83577317
300523,2019,-0.387019231,-0.221153846,-0.487764716,0.844794746,0.58890316,-0.483476159,0.196764125,-0.008161192,-0.00490145,15.78219095,0.241894768,-0.013817856,-0.244512559,-2.539128359,0.127569295,-0.195589272,-0.195589272,-0.03904954,-0.178746037,0.053009189,0.137639157,,0.04422345,1.767734238,21.79873865,2.096700058,0.051122182,20.96472837
300526,2017,-1.0,-0.422279793,0.005009886,1.253521281,0.952912022,-0.579341138,0.303181751,0.008795605,0.005217398,13.53709095,0.720933195,0.002008302,-3.050136766,-0.433018328,0.572715468,0.123641142,0.123641142,0.168694725,0.166614026,0.190600341,0.424381922,,0.031677198,1.913843068,20.78359704,0.816324511,0.237455731,20.04438733
300526,2018,0.335784314,0.161764706,7.414551541,0.226313668,-0.514309626,-1.073974284,-0.006073326,0.003646995,0.001689438,16.11398599,0.084778645,-0.000799681,-1.87363102,,0.022706262,-0.54883229,-0.54883229,-0.292180363,-0.336717518,-0.153862147,-0.344215637,,0.02748329,1.587480875,20.61652406,1.03879671,0.256211566,19.62246407
300527,2018,-0.615196078,0.671568627,-0.149513517,0.980325404,0.419641814,-1.353724198,0.792240012,0.003946282,0.001840762,15.98029414,0.265727799,-0.002500431,-0.427002847,,-0.004135532,-0.715964253,-0.715964253,-0.662318947,-0.68879985,-0.005887118,-0.141424412,,-0.011663019,1.666510547,22.12346654,3.070832865,0.158354203,21.20703528
300527,2019,-0.697115385,0.711538462,-0.002369429,1.26035027,1.568122938,-0.44013208,-0.221579885,0.005534673,0.003351236,16.03196268,0.281122449,0.001672337,0.43606307,-2.57995869,-0.011809192,1.288133845,1.288133845,1.050940724,1.091646418,0.068999968,-0.113365263,,0.014127593,1.496369105,22.19019014,2.872613423,0.13776457,21.0867131
300534,2017,0.987046632,0.240932642,-0.276489714,1.321931807,1.941598205,0.736787477,-0.702181941,0.004026659,0.003700031,14.11047594,0.542345723,0.005313471,-0.607286935,,0.026139583,-0.004544921,-0.004544921,0.00847478,-0.004244769,0.025643932,0.140701183,,,1.08074623,20.488557,5.120318767,0.382789534,17.89446123
300534,2018,0.181372549,-0.257352941,-0.005347867,1.229178812,0.858871743,0.055149231,-0.077604655,0.000292911,0.000268147,14.3270469,0.444128385,0.000524199,1.23084086,-0.10674855,0.035528559,-0.135500855,-0.135500855,0.043181471,0.04322661,0.073193132,1.073391166,,0.011844893,1.168695389,20.55919544,2.734824237,0.342851017,18.62364674
300534,2019,0.002403846,-0.574519231,0.083992673,1.046922537,1.469849232,-0.286320065,0.147351034,-0.002269127,-0.001939194,14.4501479,0.390564215,0.000115819,0.42865536,,-0.001594539,0.127682083,0.127682083,0.070171113,0.079852319,-0.039305263,-0.386002315,,-0.021104719,1.101629235,20.51909687,5.567405394,0.32624149,18.13588262
300535,2018,-0.666666667,-0.142156863,-0.147193459,1.033382339,1.191802517,-0.004050443,0.218118632,0.007569894,0.006794623,13.76935756,0.788097574,-0.007415139,0.962398647,-0.200259742,0.089042386,-0.125831891,-0.125831891,-0.006219781,-0.02643648,0.13375026,0.104167456,,0.067110768,1.125605116,20.64382071,4.504614428,0.439918521,18.45088764
300540,2017,0.849740933,-0.103626943,0.1298124,1.2799171,1.500994502,0.145293349,-0.421677948,0.002496382,0.001616677,13.75338896,0.694471802,0.002528463,-2.764049801,-0.59491353,0.305080796,0.726522793,0.726522793,0.778303471,1.263724789,0.030661108,0.325630634,,0.015805517,1.815479615,20.7703624,1.951035637,0.013115569,19.97003386
300541,2018,-0.343137255,-0.161764706,0.427337086,1.117118305,0.798506543,-0.935049443,-0.736334491,0.018074243,0.010272926,14.76545228,0.339952349,0.002989717,0.119024653,,0.132766991,0.136198478,0.136198478,0.14700637,0.143726473,0.232509591,0.39456658,,0.026873413,1.824029256,21.22456454,1.863095984,0.043105974,20.42996736
300542,2017,-0.733160622,0.176165803,0.18655075,1.203884816,0.705377026,-1.284860895,0.35565631,0.004184889,0.003238449,13.73216974,0.677075079,-0.002901093,0.514537613,0.712269741,0.196599808,1.316367911,1.316367911,1.308236969,1.453909442,0.289890117,0.720525961,,0.02536848,1.71146555,20.83564715,1.992677703,0.047871467,19.95786882
300546,2018,0.031862745,0.328431373,-0.053552899,1.169143952,0.616212377,-0.919246442,0.071936696,0.0247604,0.01855181,14.52614997,0.399766588,-0.006961244,-0.139042267,,-0.101312117,-0.466715702,-0.466715702,-0.34979676,-0.532288308,0.030966254,-0.154063642,,-0.20787766,1.264163682,20.79423197,4.07718932,0.122043493,19.22863483
300546,2019,0.701923077,0.302884615,-0.273731341,0.896633813,1.904259657,-0.489960934,0.170949604,-0.009860926,-0.008072962,14.22823254,0.577512297,-0.004598834,-1.375779632,,-0.117888481,-0.070070685,-0.070070685,-0.003708442,0.004102514,-0.050691489,-0.142433715,,,1.232694146,20.74221053,4.378123077,0.131478959,19.07497803
300552,2019,-0.762019231,0.259615385,-0.215908576,0.885605109,-0.135258367,-0.926322992,0.251634875,0.065372179,0.042512508,15.25703371,0.476349992,0.005493365,-1.587885373,,,-0.450920836,-0.450920836,-0.20433429,-0.419394387,-0.027564508,-0.385226488,,,1.253351847,21.6753522,4.178653039,0.048376815,20.0765547
300556,2019,0.348557692,0.223557692,0.104380513,1.4012125,1.718421754,0.0500141,0.341059872,0.023643339,0.011783069,14.34299904,0.354509322,-0.004676335,0.04583817,-1.909988185,,0.344973632,0.344973632,0.360434363,0.43441803,0.104443329,-0.011219322,,0.064290713,1.828156644,20.9524884,1.729439661,0.028733868,20.16062728
300558,2017,-0.116580311,-0.81865285,-0.264094872,1.211661185,-0.025448901,-0.556329814,-0.477716207,0.028284559,0.019582248,15.71117472,0.329550413,0.007160542,-0.89800893,0.135238025,,0.310753623,0.310753623,0.316451482,0.61798394,0.221812722,0.528088375,,0.023679772,1.66259938,22.04472262,0.947390625,0.156454647,21.12475562
300573,2019,1.0,0.355769231,-0.040966794,0.864632101,-0.304781853,-1.212319218,-0.152958805,0.054879144,0.037730021,15.85437314,0.085642919,0.004318718,1.666094737,-0.944527213,,0.95249564,0.95249564,0.610182052,0.484776615,0.275018275,0.154115921,,0.036617075,1.395488147,20.80856075,1.651613264,0.467396207,19.54768201
300579,2019,-0.935096154,0.348557692,0.15059221,1.229291243,0.515886239,-0.81458571,0.77610224,0.019244068,0.010121675,15.84426624,0.091836731,-0.000508384,0.765961002,-1.228652973,,0.492470242,0.492470242,0.388513534,0.927320881,0.198933851,0.236691554,,-0.143954054,1.978500291,21.11537841,1.82194698,0.020324616,20.41130508
300587,2018,0.306372549,0.401960784,0.301129723,0.685998415,0.72082591,-0.481104977,-0.134806049,0.016559069,0.009289409,14.25092397,0.816167316,0.00100696,1.373702013,-0.006682638,,0.241391718,0.241391718,0.283936684,0.363133274,0.293295325,0.416636893,,0.023092687,2.114980528,21.731721,1.936980702,0.150847367,21.09151233
300587,2019,0.216346154,0.53125,1.108664766,0.715650786,0.57732614,-0.426115109,0.359667786,0.046012431,0.023805505,15.23844013,0.372419447,0.013742835,-0.123541254,,,0.789174245,0.789174245,0.579186522,0.823412764,0.202625426,-0.029906783,,0.027419996,1.739885941,21.91622802,1.959368238,0.128839107,21.06114922
300589,2018,0.977941176,0.87254902,-0.128966262,0.843026849,0.653994235,-0.970739116,0.344828984,0.015110364,0.005676565,13.76753159,0.367720894,-0.000565625,0.098709124,,,0.025042587,0.025042587,0.034503282,0.023278751,-0.052369904,-0.114405704,,0.014405086,2.570420067,20.64998455,1.018150261,0.292948213,20.15725836
300589,2019,0.170673077,0.557692308,1.366949863,0.813985804,1.517519394,-1.20078884,-0.254249448,0.01586155,0.006185632,14.73530232,0.152416085,0.000796393,0.179650202,-1.333286536,,0.189395753,0.189395753,0.211567359,0.193321581,0.091866129,0.122957002,,0.008906182,2.690743917,20.73787283,1.008029435,0.261170739,20.27322374
300590,2018,-0.906862745,-0.301470588,0.411346116,1.419839835,0.177839428,-1.304137778,-0.168087889,0.034318346,0.029112595,15.23283152,0.232368837,0.003462982,1.114276653,,,-0.327840082,-0.327840082,-0.283251883,-0.35118762,0.112792564,-0.092726589,,,1.140173043,20.87809923,5.897780562,0.080148523,18.7820416
300597,2018,-0.860294118,0.308823529,-0.30828811,1.171184045,1.13804848,-0.907395263,0.38559833,0.007276896,0.005481866,14.49011623,0.405566828,0.001093575,0.334014162,,,-0.050967381,-0.050967381,-0.052219508,-0.040575825,0.043332247,0.031333853,,,1.307263944,20.78074664,3.802371919,0.05486602,19.33276213
300597,2019,-0.800480769,0.362980769,-0.180256792,1.140765371,1.89135634,-0.470846812,0.339438802,0.00609889,0.004634838,14.62190991,0.371071022,0.002124192,-0.717975037,,,0.399616238,0.399616238,0.367372275,0.397917936,0.006426303,-0.086770602,,,1.271097161,20.78715239,4.16066923,0.059875081,19.24199396
300599,2018,0.950980392,0.492647059,0.179720729,1.071089977,0.607822647,0.039366782,0.024782106,0.03633967,0.030364219,14.04510044,1.279542656,0.015245887,0.281057773,-2.858685563,,-0.068320191,-0.068320191,-0.053123233,-0.061134703,0.171686921,0.536605551,,-0.130527285,1.279727557,21.45435415,2.727407547,0.265526745,19.93376778
300599,2019,-0.591346154,0.795673077,-0.152250914,1.447009478,1.248123803,0.707335867,-0.063888834,0.034522613,0.028115516,14.45371804,0.901853818,0.025861481,-0.154703494,-0.979650376,,0.223686127,0.223686127,0.288199509,0.313753001,0.314706966,-0.076132799,,-0.022156157,1.181477985,21.72796795,4.44687508,0.237986103,19.85458084
300600,2018,-0.691176471,-0.142156863,-0.091764618,1.043850069,0.777561537,-1.04602146,0.385672679,0.023816018,0.017543433,14.19193414,0.798127753,0.003935713,-0.603549863,0.745242673,,-0.106740252,-0.106740252,-0.089204362,-0.134044813,0.316333264,1.670734161,,0.038390167,1.617628892,21.33135259,1.990871441,0.184612014,20.36852366
300601,2019,0.600961538,-0.387019231,-0.094198649,0.687200238,-0.96991417,-1.344466101,-1.000136425,0.032283882,0.024533518,18.21616064,0.083253928,0.000317858,0.796938322,0.159885076,,0.209509342,0.209509342,0.253669703,1.641837314,0.46994729,2.047187479,,-0.063566173,1.369230705,23.11497096,2.283616578,0.157157017,21.8043883
300606,2018,-0.654411765,-0.178921569,0.007846555,1.020219892,1.662422163,0.340577335,-0.112494483,0.021749269,0.017672627,13.77050077,0.649677347,0.009050395,2.374333602,-0.551658437,,0.12127896,0.12127896,-0.059029527,-0.206300513,-0.047354236,-0.012691191,,0.002090308,1.267394203,20.40035762,3.344341519,0.181006253,18.84436334
300616,2018,0.887254902,-0.68627451,-0.210523291,1.053265482,0.070939056,0.122293886,0.129191873,0.024795686,0.015350416,15.61953844,0.551992555,-0.020184609,0.066007012,-5.659107167,,-0.277687418,-0.277687418,-0.178995841,-0.177064456,0.062309395,0.080628482,,,1.681156293,22.42239366,1.339088574,0.15930214,21.51894834
300617,2018,-0.637254902,-0.446078431,0.888895055,1.018587351,0.501464529,0.017739658,-0.125651661,0.019750411,0.015237812,14.00439307,0.723466274,0.011991231,0.463488311,-0.57948667,,0.581487306,0.581487306,0.254261874,0.495839482,0.06411014,0.061961911,,0.006607843,1.316950085,20.8306744,3.447873614,0.160734148,19.40634491
300617,2019,-0.353365385,0.146634615,0.447236425,0.87716793,0.909098634,-0.618713679,-0.685400745,0.062245347,0.044164365,14.87608633,0.310552463,0.018214886,-0.427197718,-1.506471938,,1.390659294,1.390659294,1.37070973,1.625910703,1.635715114,0.737625272,,0.007815117,1.188586195,21.79982894,6.019302311,0.060331063,19.9588643
300618,2019,0.125,-0.697115385,0.251903496,1.445684903,0.426269324,0.109828564,-0.695521762,0.031103526,0.018407414,16.54729513,0.220936282,0.005713666,3.328244302,-2.942248286,,1.007934167,1.007934167,0.622426723,0.654843729,0.851166935,0.275069859,,0.02603877,1.479159015,22.60923131,2.5506248,0.15617549,21.48203485
300621,2018,-0.068627451,0.791666667,-0.004021084,0.960739178,0.970128071,0.194980095,-0.239137181,0.015445541,0.005974083,13.8183139,1.083383236,-0.003415396,0.848592836,-2.714944506,,-0.322525002,-0.322525002,-0.31231778,-0.320823054,0.061364379,0.084572653,,0.019613951,2.742346304,21.73362549,1.408819011,0.040517739,21.28004428
300621,2019,-0.257211538,0.834134615,-0.021430205,1.014530064,1.616706738,0.397802782,0.113851834,0.007944013,0.003001987,14.49657075,0.529918967,0.010777713,0.823110438,0.646698108,,3.730320963,3.730320963,3.789814509,4.099192452,1.407862906,2.131056017,,0.143259807,5.752862923,22.61236508,1.202441682,0.016370927,22.42141461
300623,2018,-0.303921569,-0.333333333,1.106074037,1.129070587,-0.21296733,-1.880542072,-0.192550754,0.033473982,0.02921684,15.16148283,0.450574438,0.004150339,1.849097439,,,0.422843349,0.422843349,0.47230826,0.415213764,0.600704848,0.213720379,,,1.108107151,21.66803817,7.93507335,0.262300997,19.34075248
300627,2018,-0.904411765,0.458333333,0.43636451,1.15928297,0.417208906,-1.41880458,0.38795202,0.024350456,0.016786039,14.84463705,0.369118279,0.003213316,1.257813001,-1.343927821,,0.039176415,0.039176415,0.037063561,-0.012438899,0.190623457,0.353000527,,-0.024468383,1.670829708,21.24131726,2.586870523,0.030890064,20.32875696
300627,2019,0.173076923,0.021634615,0.665952118,1.134067048,0.783311998,-0.339743907,0.105859738,0.044716157,0.027475343,15.70659284,0.164120664,0.005136276,0.62653638,-0.692374622,,0.782385872,0.782385872,0.755034837,0.707750423,0.74812716,0.338933776,,0.034886622,1.44407441,21.79986228,3.035249383,0.020398573,20.62063057
300632,2019,-0.903846154,-0.567307692,-0.072468773,1.208328366,1.039372899,0.399579069,0.558057535,0.032160289,0.022746432,14.62840712,0.753769519,0.012538014,-0.211513542,-3.366273896,,0.163446776,0.163446776,0.298063325,0.323217105,0.934744267,0.142704901,,0.024741377,1.254655808,21.64046694,4.340247118,0.089822586,20.04576324
300635,2018,0.914215686,0.193627451,0.770987001,1.05419027,0.39310253,-0.343079801,-0.207839883,0.014257928,0.008330681,14.05001362,0.541497442,-0.00666721,1.077303894,-1.815148907,,-0.181361675,-0.181361675,0.010457443,-0.02237585,0.045987935,0.00724976,,0.029598915,1.701377696,20.86844857,1.985813942,0.036425885,19.98230149
300635,2019,0.067307692,0.072115385,-0.342170647,0.505181663,0.231504823,-0.106743858,0.069984346,0.031608371,0.01855272,14.44366182,0.370586521,0.005249594,-0.79124531,-2.837269187,,0.502877644,0.502877644,0.279578816,0.325150554,0.066117269,0.151052082,,0.028568529,1.802071986,20.93247189,1.932156947,0.032529469,20.12297787
300640,2018,0.083333333,0.803921569,0.388014332,1.042944554,1.193239216,-0.241224793,0.588591751,0.050322188,0.038723983,13.47994136,0.468794145,0.010533398,-1.042244109,,,-0.151981745,-0.151981745,-0.153864031,-0.158161353,-0.022775448,-0.266161561,,,1.226633711,19.78372321,3.941620215,0.041983036,18.09502944
300640,2019,0.137019231,0.942307692,-0.386705942,1.210868159,1.570382299,-0.163052023,-0.115504659,0.032960834,0.025596988,13.69317149,0.483426333,0.009338019,0.040370519,0.716749396,,0.496846477,0.496846477,0.578108944,0.69924619,1.190971358,1.616931669,,0.027755082,1.283171886,20.5680682,2.673180812,0.018080707,19.05703196
300643,2019,0.495192308,-0.269230769,-0.152941757,1.353309011,1.918110259,-0.536259135,0.411711858,0.027355723,0.013563333,14.72646961,0.181779487,0.009746638,2.755192637,-2.269224031,,0.387644173,0.387644173,0.252823161,0.313873518,0.106712709,0.082718763,,0.014190094,1.979320157,20.68378919,1.52380958,0.294434386,19.98013909
300644,2019,0.759615385,-0.293269231,0.076522376,1.277556266,1.633492954,0.027904036,0.162599271,0.019001534,0.012471262,14.3037708,0.443883326,0.007758883,-0.070357727,0.144674121,,0.601974856,0.601974856,0.73395588,0.874424856,0.310080364,0.815273996,,0.018312426,1.896099586,21.06106842,1.574436139,0.251185985,20.31156576
300647,2018,-0.149509804,0.237745098,-0.252818048,1.117246215,1.165909061,-1.059391176,0.360155607,0.002951224,0.001419944,13.97559279,0.53060378,3.33e-05,1.489938952,,,-0.078346937,-0.078346937,0.001927522,-0.018498834,0.095434598,0.121908656,,0.028954719,1.981877435,20.97434933,0.969459202,0.254113461,20.27201595
300647,2019,-0.975961538,0.072115385,0.322985225,1.320191769,2.337341597,-0.98015507,0.544559242,0.001753872,0.00083101,14.63872169,0.296280409,0.001208816,0.690510475,-1.233885696,,0.154367579,0.154367579,0.117891467,0.076953861,0.534948387,0.195619655,,0.031878243,1.628411009,21.40284609,1.584912002,0.140497624,20.45068054
300662,2018,-0.754901961,0.68627451,0.242744401,1.107844529,0.306875309,0.043812194,0.331221047,0.053645626,0.032482715,15.0003983,0.297933033,0.003968858,0.646875473,-1.084576526,,0.051971243,0.051971243,0.055042892,0.056168813,0.135838426,0.048395233,,0.009031011,1.608721597,21.25709504,2.049358908,0.006596539,20.28526095
300662,2019,0.90625,0.694711538,0.346619913,0.586818709,-0.411668742,-0.532486205,-0.343434022,0.051484935,0.031874663,16.16877315,0.108519736,0.004243491,1.10455957,-0.928613937,,0.791880478,0.791880478,0.805032952,0.849756249,0.376391621,0.604433262,,0.031648439,1.789165108,21.57656034,1.858834451,0.003573967,20.75803154
300665,2018,0.93627451,0.740196078,-0.119333682,1.049867114,1.062355453,0.056379346,0.280795945,0.003246761,0.001940585,13.51782738,0.604583369,-0.01567173,0.296896029,-0.877377968,,0.074388042,0.074388042,0.112889982,0.123723923,0.491778224,0.905904746,,0.020618452,2.509346706,20.95660266,1.67971763,0.141465558,20.44825713
300668,2018,-0.335784314,0.845588235,-0.218857142,1.205330202,0.890610468,0.125310313,0.196835834,0.044129224,0.039118664,13.53611716,0.628310565,0.011646045,-0.756696963,-2.000007315,,-0.241906734,-0.241906734,-0.117960203,-0.194306894,0.031709959,0.067820659,,0.055412154,1.114635011,20.06067297,7.788737936,0.161336018,17.78614395
300669,2018,0.507352941,0.203431373,0.951476346,0.564516737,0.302326453,-0.129998508,0.253089916,0.0299246,0.026691794,13.61776197,0.652846113,0.001829895,0.941375383,,,0.003590935,0.003590935,0.011951074,0.023473492,0.112667178,0.266008095,,-0.269381034,1.140720728,20.20399506,5.992821157,0.2035901,18.11135677
300673,2018,0.340686275,0.62745098,0.439206178,1.129514836,0.405984254,0.023386036,-0.261330781,0.011592701,0.009230656,14.08457528,0.7701732,0.006996443,-1.37059774,0.441078078,,0.453548144,0.453548144,0.411828575,0.512069333,0.686743453,0.793212166,,0.009876794,1.279068812,21.43519752,2.92163441,0.125113015,19.91276831
300673,2019,-0.088942308,0.430288462,-0.152115113,0.97286622,-0.505009349,-0.738092341,-0.520159733,0.023317749,0.017562522,15.05827942,0.456870447,0.00659558,1.257171224,,,0.222982957,0.222982957,0.192582014,0.228072739,0.010021253,-0.100635107,,0.044607153,1.24112231,21.44516889,2.892377911,0.17162351,19.80670187
300674,2019,0.954326923,-0.802884615,-0.311222874,1.217174011,0.330379551,-0.392544853,0.544872187,0.008417811,0.004496289,16.10304703,0.229661496,-0.003747045,0.726016714,,,0.254044402,0.254044402,0.325252958,0.263861334,0.008690042,-0.227932074,,-0.079454244,1.587682266,22.07055998,2.185626219,0.022738319,21.07671588
300676,2019,-0.848557692,-0.992788462,-0.250772455,0.870308378,-0.604408133,-0.537923877,-0.270517013,0.168143907,0.10462591,17.32950571,0.208538284,0.018065245,-0.702795198,-0.092067703,,-0.112365627,-0.112365627,0.151268432,-0.003116293,0.369062104,0.048400709,,0.075807863,1.499217269,23.34448251,3.46195503,0.078638781,22.24482549
300678,2019,0.365384615,0.528846154,0.061206173,1.258386964,0.364378086,-0.668870065,0.854918001,0.005232858,0.003839536,15.15056161,0.161277847,0.000125227,-0.281902809,,,-0.147601665,-0.147601665,-0.083788178,-0.205416269,-0.006912213,-0.134292162,,,1.274492494,20.48286987,3.756659054,0.023211976,18.94749046
300689,2018,0.875,0.700980392,0.018219903,0.795043591,0.890258638,-0.73547865,-0.143088725,0.015118262,0.013158985,13.48490481,0.822973982,0.002761566,-0.373098371,-2.802793019,,0.148335396,0.148335396,0.120372744,0.084393995,0.049488871,0.07610184,,,1.165216009,20.38122209,3.56522829,0.310350189,18.42781409
300689,2019,0.9375,0.689903846,0.264002127,1.419048774,1.531515293,-1.003888851,0.738243704,0.015647727,0.013577421,14.53353799,0.316506962,0.000801959,-1.706955294,-2.870206923,,0.132977523,0.132977523,0.20291964,0.344125874,0.028695089,0.047647692,,,1.168773671,20.40951319,4.052456135,0.273381285,18.47436145
300703,2019,0.372596154,-0.774038462,-0.221441202,0.948054341,1.196078225,-0.461116904,-0.197824339,0.028466513,0.016940132,14.32317186,0.436446767,0.002421032,-0.592230903,-0.373534721,,0.323026855,0.323026855,0.382095823,0.372231545,0.400823198,0.998770436,,0.025556628,2.194373189,21.16969725,1.262994015,0.244059895,20.56142233
300711,2018,0.973039216,-0.468137255,-0.22433267,0.936309583,0.565429617,-0.959964441,-0.088278531,-0.017142915,-0.014626152,13.63476527,0.65475343,-0.012324498,1.598396033,0.0441412,,0.181535994,0.181535994,0.051647141,0.003791484,0.126121213,0.613939573,,-0.435437126,1.267002256,20.38972098,4.310959878,0.077309682,18.83256913
300711,2019,-0.927884615,-0.319711538,0.304372835,1.328089875,1.423342082,-0.547540217,0.881065546,-0.00189582,-0.001430972,14.61597209,0.301606459,-0.002329532,-0.227241775,-1.757189869,,0.159574902,0.159574902,0.191520175,0.081554839,0.077842711,0.231999235,,,1.31730694,20.46468253,3.722522823,0.069041641,19.04120737
300712,2018,-0.840686275,0.818627451,0.141334862,0.767610335,1.105782705,-0.170554996,0.074042192,0.01133264,0.006714426,13.76588414,1.028911937,0.005728407,0.796968265,0.59307875,,-0.202695204,-0.202695204,-0.193231295,-0.259268188,0.407237514,0.807806688,,0.010972091,2.436516345,21.63996996,1.472700966,0.092538471,21.11162164
300712,2019,0.038461538,0.721153846,2.057802363,0.948918479,0.981031704,0.298239801,-0.892141748,0.007910143,0.003252916,15.00297229,0.413496183,0.00051334,-0.699595212,,,0.248197677,0.248197677,0.388338419,0.28398686,-0.05458303,-0.114128138,,0.031209344,2.23436041,21.58384074,1.520706896,0.095073623,20.99043868
300716,2019,-0.492788462,-0.75,0.104112048,1.455749076,2.252863838,-0.164763563,0.098407752,-0.094496507,-0.037476426,13.99375253,0.651930797,0.012368391,-3.509940521,-0.86224288,,0.214905203,0.214905203,0.115998817,0.11681193,0.044491029,0.279192232,,0.027196079,3.454494225,21.49506471,1.009259862,0.280508673,21.15330937
300718,2018,0.816176471,-0.352941176,-0.11780018,0.81207793,0.693658776,0.316395083,-0.078889842,0.025734504,0.02363492,13.73478821,1.28950318,0.034243685,-0.338540385,,,-0.098308017,-0.098308017,-0.099342467,-0.130607175,0.11100579,0.236724146,,,1.094686667,21.03159311,8.781470917,0.277089442,18.58394285
300718,2019,-0.052884615,-0.439903846,0.530555726,1.278470736,1.419440313,0.101707984,0.156833785,0.031198582,0.028310489,14.28564252,0.875084035,0.015285959,0.330926356,-0.36266567,,0.800603401,0.800603401,0.847888294,1.014159785,0.122815512,0.595806094,,0.195752459,1.140164573,21.14743249,5.9758335,0.290332965,19.05132185
300722,2018,-0.806372549,-0.218137255,-0.092325552,0.850308141,0.814372554,-1.251987396,0.630201524,0.011741693,0.009611987,13.28533948,0.74040871,0.000306186,-1.077420606,,,-0.09997475,-0.09997475,-0.048814846,-0.056155522,-0.006840578,-0.123328526,,,1.192816724,20.0638021,4.844718469,0.370299881,18.24146944
300722,2019,-0.451923077,0.394230769,2.977264278,0.491800023,1.768133245,-1.347032924,-0.340970875,0.021331791,0.018237124,15.24247065,0.169223558,0.000784457,0.713836822,-1.316884467,,0.287429541,0.287429541,0.166936247,0.184081132,0.061769215,0.059544001,,,1.192334905,20.12373869,4.776286922,0.381211159,18.29930807
300729,2019,0.877403846,-0.189903846,-0.066724916,1.282842935,0.451873275,0.174833889,0.14641188,0.072723891,0.033251161,14.9872229,0.32351106,0.007713981,1.133119132,0.480825009,,1.206792955,1.206792955,1.396680439,1.470462103,0.73230092,1.160617722,,0.026104195,2.802535751,21.8400908,1.164736853,0.265434464,21.39876059
300746,2019,0.826923077,-0.745192308,0.100791529,1.279258848,1.570959801,0.168947332,0.157305972,0.016462274,0.010527695,13.85287662,1.3064846,0.008489726,-1.709467952,,,0.392385305,0.392385305,0.424247954,0.457463168,-0.025164202,-0.167979597,,0.02531321,1.526585162,21.43827957,2.035950179,0.100302229,20.37390404
300760,2019,0.310096154,-0.060096154,0.555105452,0.726941275,-0.673686843,-0.668595058,-0.666097504,0.088222561,0.062752895,19.12065686,0.110781884,0.007159704,0.585961519,-1.246144454,,0.209570587,0.209570587,0.174099394,0.223466811,0.144218889,-0.008759565,,,1.380005395,24.24682617,2.766352542,0.099435955,22.95716893
600004,2016,0.10177706,0.176090468,0.031761778,1.313404147,-0.534681465,-0.088886533,-0.153556187,0.030128502,0.020640325,17.22724356,0.481102613,0.016112149,2.341928725,-2.363533035,0.174061312,0.157749736,0.157749736,0.288977871,0.297588354,0.446915549,1.406568708,,0.014864769,1.774043962,24.05661926,0.464272051,0.775659046,23.22723099
600004,2017,0.305699482,0.082901554,0.39307732,1.269315699,-0.532000738,-0.011833151,0.093643716,0.01630433,0.009856264,17.09556888,0.606091182,0.006510577,-3.067153418,-1.601885201,0.216511958,0.037354806,0.037354806,0.171205202,0.191964374,-0.071210203,-0.195478335,,0.029634374,1.607559044,23.98274643,0.395626421,0.816118969,23.00972361
600004,2018,0.495098039,-0.397058824,-0.167377602,1.175306189,-0.557829822,0.434404483,-0.316239087,0.007546273,0.004707664,17.35681088,0.47455541,-0.002013517,1.634314692,,0.229397567,-0.390219415,-0.390219415,-0.189299321,-0.177794522,-0.017666017,-0.091896861,,-0.116910089,1.536994579,23.96492251,0.358460091,0.821510938,22.91332629
600004,2019,0.694711538,-0.408653846,-0.27054058,0.806904124,-0.154228818,0.400863246,0.083660906,-0.007261932,-0.00461214,17.12861073,0.624875786,-0.006597174,-1.583045609,-3.387251063,0.20164586,0.017868665,0.017868665,0.100288836,0.057983733,0.102982849,0.081462995,,2.720469704,1.521058321,24.0629407,0.590251451,0.703256782,22.99164104
600007,2016,0.350565428,-0.243941842,-0.299879931,0.773100896,0.190924457,0.128589039,0.100949078,0.028302218,0.015339589,16.62902262,0.385944439,0.01384257,0.625188318,,0.289921001,0.236781114,0.236781114,0.169399349,0.259129029,-0.027146054,-0.137665992,,0.025935544,1.700988984,23.13416991,0.527938981,0.182186595,22.24769697
600009,2016,0.069466882,-0.163166397,0.483023948,0.592860605,-0.970577421,-0.097482124,-0.180520545,0.042028212,0.036942967,17.7197186,0.501618045,0.01745137,4.066427604,,-0.101465324,0.155661081,0.155661081,0.051139577,0.086048477,0.019423613,-0.43235199,,,1.116518595,24.10931003,3.298314878,0.294733207,21.84939018
600009,2017,-0.860103627,0.367875648,0.503389226,0.851059524,-1.161360637,-0.338471179,-0.197866518,0.044557938,0.041152583,17.98142144,0.43701666,0.015721322,1.833605169,-1.736501425,-0.071509718,0.211053175,0.211053175,0.092311052,0.085983894,0.132789215,0.070853898,,,1.109450661,24.23399295,3.538426915,0.246359535,21.91784654
600010,2016,-0.515347334,0.567043619,-0.303133487,1.228988832,0.539255041,0.332597084,-0.153343981,0.013464914,0.004543907,17.81221951,0.904734527,0.01294549,1.462029507,-4.055805423,1.775520327,0.499172804,0.499172804,0.460358013,0.44237947,0.035211268,0.018999956,,0.058252138,2.894919108,25.71369842,0.505833596,0.471990503,25.28801733
600010,2017,-0.119170984,0.870466321,0.077637286,0.951586309,0.569551045,0.37608553,-0.105395709,0.014688468,0.005102058,17.76383438,1.004496637,0.009092231,1.963247691,,1.488154917,-0.043316612,-0.043316612,-0.032286416,-0.046027438,-0.013605442,-0.049816867,,0.048134781,2.690320305,25.69999958,0.553268663,0.47116135,25.23691679
600010,2018,0.487745098,0.671568627,-0.368155757,0.850930165,0.471572437,0.151613694,0.364232083,0.00267228,0.000992062,17.50858897,1.401819028,-0.007753654,-4.240090807,,2.131879442,-0.077737526,-0.077737526,-0.047547387,-0.049508802,-0.034482759,-0.131313445,,0.043483581,2.291450011,25.66490826,0.589670936,0.475534937,25.09614387
600010,2019,0.367788462,-0.028846154,0.413797336,0.682834021,1.111316716,0.630516375,-0.461594184,0.005783962,0.002477477,17.54263159,1.49531978,0.017648337,1.472624989,-2.765077198,1.515299901,0.410852702,0.410852702,0.292067376,0.349462773,0.092857143,0.120295544,,0.036757484,2.373378825,25.75370376,0.740903965,0.422180569,25.2097364
600011,2016,-0.121163166,-0.088852989,-0.133293894,0.431193464,0.219838564,-0.010166363,0.157381392,0.018182592,0.004402918,18.05821559,1.337816179,0.025875048,-0.180706035,-3.890589788,3.996136613,0.153586216,0.153586216,0.131085182,0.131916395,0.005263158,-0.014747945,,0.025802201,4.071393345,26.66868645,0.399139341,0.628272251,26.3853842
600011,2017,-0.660621762,0.049222798,-0.019653309,0.518193775,0.112268395,-0.157102196,-0.281197474,0.012603726,0.003207678,18.09115896,1.382431724,0.054638254,0.367932763,-3.829215415,4.18366551,0.012286342,0.012286342,-0.016426206,-0.025602868,0.04973822,0.028782763,,0.02591347,3.819047619,26.71722726,0.409158926,0.600997506,26.41376052
600011,2018,0.49754902,-0.985294118,-0.333128659,0.578308834,0.268442538,0.417409049,0.037774444,0.020148512,0.005392727,17.85574552,1.999212479,0.060717667,-1.288596477,,5.777820716,-0.051496102,-0.051496102,-0.086045084,-0.08844802,0.059850374,-0.027919224,,0.023167648,3.102189781,26.77535501,0.484887763,0.562352941,26.38544415
600011,2019,0.550480769,-0.211538462,0.013330811,0.792733356,0.543892218,1.384934802,0.089058097,0.0293623,0.009489035,17.73692742,2.858455995,0.086825332,-0.204994652,-3.989940217,5.912158896,0.202142818,0.202142818,0.265194338,0.297650531,0.054117647,0.059862159,,0.019831617,3.132867133,26.82805907,0.49976999,0.546875,26.44358301
600012,2016,-0.011308562,-0.838449111,-0.557967861,1.141247008,0.377089186,-0.303126811,0.538221808,0.029044812,0.020879336,16.32509139,0.832877222,0.038050223,0.636318274,-2.16289605,0.258466256,0.04957709,0.04957709,0.076105797,0.064138597,0.062938124,0.057904573,,0.015425934,1.434223393,23.39474287,1.863205069,0.059799618,22.19992321
600012,2017,0.297927461,0.341968912,0.087653018,0.992262445,0.909989731,0.525200778,-0.062387681,0.028234178,0.020105464,15.76248006,1.493936088,0.039322139,-0.181762284,-3.504188769,0.191054476,-5.29e-06,-5.29e-06,0.013831858,0.009909914,0.056748364,-0.037931662,,0.014668643,1.380515122,23.44993948,1.554069598,0.050438457,22.16125342
600012,2018,-0.431372549,-0.730392157,-0.159473906,0.898661468,0.302490366,0.437664362,0.0586598,0.017779942,0.012964541,15.66839225,1.775667231,-0.012339096,-0.688351058,-3.141307644,0.566216363,-0.441998295,-0.441998295,0.045353807,0.035727655,0.049396106,0.177077781,,0.021757571,1.447532813,23.49815434,1.205711486,0.062061718,22.32428833
600012,2019,-0.213942308,0.233173077,0.278813394,0.66107341,0.212838019,0.680047026,0.191746024,0.025779322,0.018369876,15.76887024,1.652615119,0.048027594,1.266110219,-1.833974726,0.385903606,1.06095533,1.06095533,-0.028138515,-0.054869464,0.089897462,0.075636341,,0.014308957,1.439105569,23.58423796,2.744773267,0.04821022,22.39720076
600017,2016,-0.260096931,0.954765751,-0.293678742,0.944804936,0.650154753,0.167868342,-0.167024219,0.012462181,0.007204249,16.31434503,0.985612878,0.019970336,1.088440634,,0.693460481,0.097752584,0.097752584,0.042486501,0.021966462,0.083655626,0.097775559,,0.020249099,1.730532435,23.80043663,0.756704451,0.460569161,22.93802586
600017,2017,0.759067358,0.930051813,-0.026972413,0.977708035,0.953259122,0.430586531,0.216134488,0.017534848,0.010356851,16.06708529,1.320955646,0.025951585,0.900063911,-2.472710057,0.79853687,-0.015611727,-0.015611727,-0.002594033,-0.008186332,0.021880321,-0.033216012,,0.022794398,1.664953513,23.82208101,0.699292905,0.448922148,22.90424567
600017,2018,0.50245098,0.799019608,-0.213852602,0.940310586,0.702484915,0.600576401,0.175199141,0.01461668,0.008798268,15.94277538,1.623197789,0.026822273,-0.039383238,-2.633860652,1.119696225,0.125021249,0.125021249,0.111444051,0.106650473,0.113865419,0.197929398,,0.024744229,1.752922849,23.92991734,0.44042807,0.427482575,23.08484023
600017,2019,0.389423077,0.514423077,0.069566574,0.881251759,0.713011958,0.584302682,0.130058716,0.016214969,0.009354043,15.96019567,1.668702741,0.027203527,-0.746041761,-0.796983821,1.278292625,0.078609472,0.078609472,0.131384033,0.11354425,0.126757505,0.269153571,,0.028319527,1.937256739,24.04926138,0.461661835,0.425421583,23.32319043
600018,2016,-0.615508885,0.185783522,-0.02654833,0.455790966,-0.26101101,0.135426105,-0.082575817,0.027012318,0.015931374,18.88429522,0.455222076,0.013730158,1.573841038,-1.086323631,0.315040994,0.047342579,0.047342579,0.095044851,0.050267802,0.220338983,0.38742366,,0.01430913,1.892867852,25.69307914,1.508749602,0.225557048,24.94220482
600018,2017,-0.365284974,0.650259067,0.152847414,0.821266971,0.002828279,0.058909871,0.064524575,0.026252834,0.013806838,18.77074796,0.565631331,0.013491051,-0.475497868,,0.171871261,-0.017759531,-0.017759531,-0.045893879,-0.027248084,0.0,-0.152661848,,0.011558718,1.665023317,25.69307914,2.216538876,0.21333082,24.77654939
600018,2018,0.276960784,0.705882353,-0.393810731,1.131301379,0.447005525,0.325009467,0.228762387,0.027720738,0.017490909,18.59404993,0.767394685,0.019499999,-1.564302702,-3.72203886,0.339121197,-0.300029648,-0.300029648,-0.316146356,-0.365147278,0.111111111,0.186383332,,0.011012639,1.754711328,25.79843965,1.366011143,0.191910037,24.94745885
600018,2019,0.305288462,0.728365385,0.154511322,0.974197768,0.326561362,0.701465231,0.662465025,0.027556202,0.01679706,18.47191426,0.897980651,0.028645365,0.195908528,-1.813017508,0.340401974,0.442241935,0.442241935,0.253661126,0.269692776,0.0375,-0.059490525,,0.012689664,1.62745098,25.83525363,1.747413436,0.184174358,24.8861253
600019,2017,-0.715025907,-0.953367876,-0.112947271,1.116882602,-0.136792403,1.123081965,-0.022732904,0.028970282,0.014881603,18.88791631,1.159795667,0.020513155,-0.909867037,,0.892485658,-0.053691275,-0.053691275,-0.01459854,-0.007936508,-0.034090909,-0.113430086,,0.027542208,1.847826087,26.55221145,0.921428571,0.426470588,25.77056858
600019,2019,-0.548076923,-0.0625,0.721657076,0.960056239,0.465691327,0.977824211,-0.250873608,0.021877388,0.011980015,18.77520581,1.402165919,0.035630609,1.084668828,-2.531849002,0.815351048,0.423076923,0.430769231,0.325396825,0.333333333,0.076487252,0.061159984,,0.024465759,1.826923077,26.66343709,1.086666667,0.378947368,25.87299698
600020,2016,-0.150242326,-0.024232633,-0.250466208,1.136214913,0.88965009,0.699247102,-0.219218995,0.033582806,0.006302077,16.21623231,0.893832542,0.033270016,-0.087471303,-2.183501119,4.312883006,-0.204129206,-0.204129206,-0.175552255,-0.292725669,0.00646822,0.030685471,,0.028256999,4.169952947,24.62950614,0.344338319,0.354195205,24.35531813
600020,2017,0.365284974,-0.857512953,0.435244643,0.813512015,1.083229599,0.029465588,-0.121097212,0.036893569,0.007375606,16.09919396,1.051444826,0.039301788,-1.143134463,,3.020159377,0.261694917,0.261694917,0.138315964,0.195973163,0.018284992,0.069263403,,0.030139426,4.956543423,24.64762597,0.486780378,0.283226161,24.42228814
600020,2018,0.477941176,-0.887254902,-0.32177277,1.154936433,0.70717322,0.356206092,0.203518697,0.024405667,0.004556152,16.0212326,1.11150417,-0.054418935,0.857515998,,4.175881684,-0.387845156,-0.387845156,0.105569797,0.215363458,-0.050695763,-0.101071473,,0.033987113,4.096460257,24.59560003,0.373334696,0.284705677,24.31573639
600020,2019,-0.966346154,-0.84375,-0.082296432,0.619655094,0.27700893,0.43668982,0.119633405,0.023520051,0.00588231,15.85079552,1.577617829,0.049071045,-0.051339534,,4.415966032,0.510443406,0.510443406,-0.087108703,-0.106787159,-0.022611537,-0.048929053,,0.023949168,3.781197572,24.57272893,1.064773373,0.270202464,24.26556977
600021,2016,0.292407108,-0.789983845,-0.437632191,0.544369333,-0.042895975,-0.260954046,0.338167379,0.018119578,0.005004478,16.34433032,1.648904406,0.042256326,2.625106985,-0.550228122,10.17344682,0.257839089,0.257839089,0.217447103,0.184442159,0.52092173,0.635033079,,0.024839009,4.493932299,25.1824765,0.370643186,0.589686119,24.93077623
600021,2017,-0.722797927,-0.158031088,0.319679114,0.769405015,0.344049793,0.055096726,0.159681758,0.026429524,0.006112793,16.20404659,2.202103621,0.026230909,2.483219866,-1.792556454,3.774569228,0.062344519,0.062344519,0.035864315,0.004837346,0.20343532,0.158180367,,0.032799992,3.963154029,25.36765674,0.413898994,0.588114266,25.07762635
600021,2018,0.085784314,-0.963235294,-0.145612125,0.715783322,0.256088819,0.19036428,0.045804926,0.021081864,0.005435478,16.68715428,1.56294603,0.023336338,-2.060970505,-2.416810783,4.337255878,0.021993847,0.021993847,-0.023978028,-0.039480613,0.153846154,0.136516945,,0.029589497,3.813346386,25.51075758,0.351696739,0.523316447,25.20559463
600021,2019,0.307692308,-0.132211538,-0.066015263,0.535470724,0.418434151,0.50070421,-0.038809903,0.025331798,0.006713323,16.65681035,1.916328224,0.04155589,-0.962827125,-1.458732209,4.97386042,0.210155184,0.210155184,0.24072589,0.262454353,0.133333333,0.139102982,,0.027003789,3.812654496,25.63592072,0.487713857,0.519105854,25.33583572
600022,2019,0.115384615,0.132211538,0.345079072,0.684204633,1.121543481,0.747562019,-0.457278834,0.019420465,0.008488522,16.59987887,1.90814689,0.051526217,0.804352119,-4.111865522,1.602542279,0.465357804,0.465357804,0.391720758,0.390408243,0.082064576,0.066611425,,0.033170278,2.242975726,25.04698406,0.716030105,0.506979928,24.45668891
600023,2016,0.008077544,-0.55088853,-0.159399113,0.385712629,-0.169002931,0.200646622,0.014304794,0.019215515,0.012113385,18.10216778,0.931138783,0.010052221,0.12839762,-2.357364532,0.461915324,0.22723516,0.22723516,0.248195944,0.255361119,0.057142857,0.11345474,,0.021748234,1.642579536,25.43279604,1.287209654,0.498848825,24.50148836
600023,2017,-0.46373057,-0.528497409,0.005953312,0.513026232,0.160731133,0.16641224,0.127496208,0.020862133,0.012977546,17.98112404,1.084863933,0.019589478,-0.447617589,,0.431837767,-0.06750933,-0.06750933,-0.087108328,-0.090516567,-0.018018018,-0.118257584,,0.021801889,1.55751396,25.41461372,1.667304846,0.460876215,24.37563305
600026,2017,0.186528497,0.292746114,0.53173006,1.061837145,0.672243206,0.499670974,0.00621768,0.004136056,0.001886446,16.4873374,2.026967058,0.028267272,-0.35090869,-1.624622026,1.649245432,0.394993397,0.394993397,0.233466113,0.23246913,0.06879499,0.111975899,,0.029570246,2.270040332,24.9147261,0.64453209,0.721578418,24.33397716
600028,2016,0.337641357,-0.357027464,0.1959927,0.673565815,-1.087695477,-0.118222151,0.144383059,0.021462475,0.012305839,20.22650039,1.405683938,0.039540775,-0.120063395,-2.191167571,0.739766594,0.111111111,0.111111111,0.097345133,0.113467656,0.087248322,0.184321004,,0.001599742,1.890315053,28.11344727,0.986135182,0.382716049,27.35657506
600028,2017,-0.370466321,-0.386010363,-0.108205178,0.784151142,0.052857789,0.849782556,-0.2249584,0.026175446,0.014018065,20.16257181,1.528508404,0.035337602,-1.635106385,-1.079790547,0.961750585,0.153846154,0.153846154,0.169354839,0.2,0.12345679,0.258607645,,0.030794189,2.096774194,28.22985762,0.900826446,0.33021978,27.58658113
600029,2017,0.580310881,0.626943005,-0.088500238,1.304062827,-0.917159988,-0.262398927,0.368699763,0.028659939,0.008808957,17.75001971,1.477640937,0.053195749,-0.005733308,-0.873227267,1.907097128,0.079698024,0.079698024,0.087296863,0.072046445,0.310043668,0.363096793,,0.097127797,3.958149169,26.42704831,0.19924816,0.271326667,26.13659797
600029,2018,-0.943627451,0.367647059,-0.3362689,1.305116286,-0.171305903,0.464725846,0.277508597,-9.01e-05,-7.85e-05,17.69450501,1.577627647,-0.143311705,-0.017271556,-2.99591529,2.599402487,-0.465800189,-0.465800189,-0.287906162,-0.330529909,0.066666667,0.053494549,,0.141723658,3.84985563,26.49158683,0.325344375,0.27406875,26.18871075
600029,2019,-0.310096154,0.742788462,0.146775542,0.801338143,0.238692979,0.735239874,0.275851035,-0.021751733,-0.005371475,17.71731515,1.66311125,-0.070230732,-0.420785144,-2.725020763,2.057313187,0.3236834,0.3236834,0.124012532,0.202160208,0.021875,-0.006701046,,0.032609473,3.553498077,26.51322601,0.388631068,0.272715596,26.18198715
600031,2016,-0.111470113,0.831987076,0.091078623,1.634334977,0.204271672,1.140568432,0.236563008,0.034199011,0.014526726,17.97930203,0.407016117,0.022570716,0.794591671,,0.412686137,0.464186097,0.464186097,0.333703584,0.42697008,0.130080654,0.111748253,,0.021022404,2.325030127,24.93180685,1.56441217,0.181081085,24.36950905
600031,2017,-0.357512953,0.844559585,0.462431791,1.039323214,-0.283247856,0.374587039,-0.177761927,0.068573054,0.03049562,18.18144662,0.41737133,0.030484729,1.527874015,-1.440850561,0.251441023,0.542693538,0.542693538,0.454587611,0.526554587,0.292897257,0.209489122,,0.001129974,2.141935136,25.18869248,1.511204218,0.129230263,24.5597071
600031,2018,-0.460784314,0.62254902,0.440657925,1.371811544,-0.335981822,1.059880771,-0.261089212,0.064436018,0.030980455,18.72144511,0.324062777,0.013954924,0.830982587,-1.961862716,0.213940142,0.133707052,0.133707052,0.141568293,0.167452661,0.333975451,0.409100807,,0.000613248,2.268291306,25.47685603,1.51209508,0.087993147,24.90265888
600031,2019,-0.252403846,0.673076923,0.590751809,1.279998415,-0.547805414,0.70440889,-0.265033809,0.091277885,0.042509321,19.34912607,0.223829704,0.022899249,0.502688587,-0.604740023,0.239529105,0.364734338,0.372258931,0.435048218,0.407923422,0.25,0.238625806,,-0.009298691,2.275489603,25.69999958,1.490046705,0.080929641,25.11666142
600033,2016,0.735056543,-0.273021002,-0.190695899,0.953955475,0.773317295,0.797360486,0.033205288,0.023167799,0.013467974,16.11618734,1.056621215,0.029075615,-1.189125627,,0.665609461,0.053770659,0.053770659,0.08109558,0.159474732,-0.018629911,-0.096240043,,0.038195698,1.647312381,23.58475077,0.373507308,0.841815431,22.65067938
600035,2017,0.362694301,-0.803108808,0.116363882,0.811273138,0.716935939,0.188228801,0.019092664,0.027740288,0.016051384,15.4047807,1.286817453,0.03623316,-1.462823538,,0.574474252,-0.08646827,-0.08646827,-0.127280966,-0.141647044,-0.049914449,-0.168709707,,0.034761899,1.605091294,23.04654786,0.84245733,0.053582164,22.07099129
600035,2018,0.762254902,-0.806372549,-0.122966123,0.961515618,0.79134425,0.17483666,0.002445263,0.020988006,0.012871455,15.43845736,1.27792993,-0.003139347,1.158317522,-0.594379509,1.066242746,-0.396598772,-0.396598772,-0.181214687,-0.302130878,0.639923905,1.409654742,,0.024652973,2.241783968,23.5411977,0.633315774,0.039703698,22.95047477
600035,2019,-0.283653846,-0.841346154,0.057003683,0.600082532,0.424841586,0.444330037,0.156112024,0.027359533,0.012247367,15.36326158,1.549201703,0.05442987,-0.429325262,-1.138882047,1.454231766,1.003434202,1.003434202,0.299861059,0.431247841,-0.058964234,-0.122083921,,0.021423455,2.069417467,23.48042357,0.65396393,0.044042413,22.8202705
600038,2016,0.201938611,-0.108239095,-0.13949063,0.957118045,-0.183925776,-1.585657345,0.448703401,0.01309699,0.004544041,17.05962823,0.28813384,0.002888261,1.109640622,-2.839422956,0.459949667,0.009444093,0.009444093,0.007384207,-0.020788797,0.075665174,0.087400969,,-0.004205193,2.923528665,23.82392638,1.361058182,0.102225617,23.40529639
600038,2017,-0.844559585,0.272020725,0.016518592,0.927302438,-0.683731738,-1.929982088,0.526965614,0.013646573,0.004688326,16.99173024,0.326022625,0.003088718,0.410316568,-2.702095313,0.451050358,0.287539817,0.287539817,0.28705543,0.307453007,-0.005073107,-0.043111384,,-0.055168111,2.723258096,23.81884036,1.423383168,0.095539835,23.36122811
600038,2018,0.757352941,0.74754902,-0.007677712,0.795923958,0.109028592,-0.538292204,0.247801763,0.015514628,0.005408401,17.07056115,0.32100493,0.002006913,-0.29357867,-1.752515498,0.547818453,0.112580464,0.112580464,0.105421319,0.12160236,0.102784515,0.126822521,,-0.046165852,2.829543717,23.91667872,1.437363422,0.079300791,23.48062986
600038,2019,-0.620192308,0.713942308,0.280615073,0.902034484,0.181939004,-0.914782513,-0.342433642,0.020626216,0.006924567,17.27453183,0.280212375,0.005097535,0.786723672,,0.414040576,0.223351425,0.223351425,0.218292327,0.203216623,0.051713187,0.034040881,,-0.005170544,2.745151006,23.96709916,1.477450986,0.070707285,23.51410417
600039,2016,0.01453958,0.783521809,-0.223519378,1.132873292,0.827001928,0.593471986,0.307925081,0.011262718,0.002027364,16.31434601,1.075602951,0.012006387,0.475688043,-2.365585422,4.659846261,0.167205,0.167205,0.162543657,0.170031683,0.185922119,0.154372167,,0.022458109,5.202523689,25.06091238,1.137623868,0.030495626,24.84745377
600039,2017,0.093264249,0.702072539,0.110702058,0.787688087,0.702428805,0.579921662,-0.4137048,0.013788455,0.00269573,16.29993201,1.247887502,0.028185353,-0.040515324,-1.294667349,4.679804295,0.139219255,0.139219255,0.140954585,0.116509376,0.199855273,0.223351932,,0.021838566,5.669075258,25.24311332,1.105298337,0.024754349,25.04904835
600039,2018,0.012254902,0.25245098,0.04859585,0.951898194,0.591035665,0.682531082,0.055997624,0.013261138,0.002367438,16.30793732,1.368665273,0.02151062,0.472455749,-1.723233592,5.398599721,0.125269372,0.125269372,0.096177725,0.086760253,0.143521876,0.15035987,,0.025466206,5.7463554,25.37722619,1.063799523,0.020825163,25.18912317
600039,2019,0.435096154,0.348557692,0.644491765,0.77015554,0.679005337,0.769775749,0.45316242,0.04345783,0.007662697,16.73597999,1.110036849,0.052891981,0.962228245,-2.885063273,3.339012161,0.63925369,0.63925369,0.583209398,0.619613352,0.171428571,0.104939502,,0.025431577,4.583791423,25.53545019,1.125661953,0.018700829,25.28891375
600051,2016,-0.644588045,-0.408723748,-0.355827926,1.17998018,0.919191422,0.054633789,-0.017644947,0.037418653,0.010021003,14.84716602,0.864484321,0.004544771,3.096569623,,1.713151532,-0.037876274,-0.037876274,-0.031491049,-0.035804413,-0.131889002,-0.255092264,,0.035602263,2.710218868,22.65406376,1.245282025,0.095699289,22.19365572
600051,2018,0.397058824,-0.352941176,0.430632242,0.978172651,0.593084599,0.332064994,0.059835819,0.025758847,0.00800445,14.51404638,1.337442133,0.10145571,-0.015097714,-1.811387313,0.931616571,0.231778573,0.231778573,-0.031733463,-0.15038932,0.085872482,0.029189116,,0.04051628,2.601312291,22.79419731,1.283701707,0.066962414,22.30900474
600055,2016,0.822294023,-0.224555735,-0.137066331,1.220127532,1.042338917,-0.226570602,0.056933658,0.010929463,0.009266377,15.73202364,0.276120081,0.000152922,0.598988294,-2.25498227,0.018952061,0.14849602,0.14849602,0.122694769,0.172858215,0.071201628,0.053831867,,-0.318928586,1.177169518,21.56010946,4.093699055,0.082449848,19.66634834
600056,2016,0.69628433,-0.915993538,-0.293987068,1.063213513,-0.125006129,-0.094725503,-0.115990847,0.05007183,0.020502881,16.97183074,0.375117109,0.026530584,2.381040085,-4.26544912,0.541394932,0.019146308,0.019146308,0.004026474,-0.093726016,0.257600264,0.323239053,,0.030811212,2.672488196,23.9610949,1.484431277,0.06745692,23.49239741
600056,2017,-0.886010363,-0.847150259,-0.249110485,1.255591471,0.225438612,0.243385085,-0.131587016,0.050472537,0.020415328,16.51788363,0.680520103,0.03758375,-0.485515961,-1.545932867,0.920250085,0.160429088,0.160429088,0.185273911,0.195741428,0.04523337,0.009237176,,0.052452597,2.52694175,24.00533508,1.605619071,0.066586708,23.50159218
600056,2018,0.431372549,-0.056372549,0.053376405,0.567258946,0.587702804,0.696094627,-0.730069307,0.03218098,0.013020137,16.47780225,0.766707991,0.020540632,-1.935518012,-0.789258509,1.208021764,0.115598769,0.115598769,0.113285296,0.166407134,0.331945643,0.478723608,,0.024590015,3.03816159,24.29197584,1.382183645,0.051282968,23.89277147
600056,2019,0.557692308,0.384615385,-0.129453498,0.709586438,0.248773013,0.276526246,-0.029478279,0.038521131,0.013368861,16.5311814,0.807795701,0.020722246,-0.322422036,,1.376289388,-0.028915643,-0.028915643,-0.015896164,-0.007468907,-0.081398845,-0.160074115,,0.023903865,2.586633508,24.20707259,1.567524682,0.049512258,23.71832985
600057,2016,0.276252019,0.360258481,-0.229464998,1.094881974,0.298443945,-0.252183602,0.254883955,0.021933102,0.005402688,16.27734923,1.174427666,0.031892204,1.933889927,,3.081750301,0.181887219,0.181887219,0.182894187,0.170820124,0.189808755,0.146929568,,0.028423983,3.392559106,24.76451739,1.171007178,0.120666707,24.41529641
600057,2017,0.168393782,-0.111398964,-0.097487887,0.897676187,0.367759519,-0.207094635,0.235014143,0.022661927,0.006803047,16.12531074,1.831806206,0.03691083,-0.289541401,-1.5822959,4.185395857,0.166666667,0.166666667,0.148148148,0.152380952,0.148759896,0.137735098,,0.027377959,3.31640872,24.9032004,1.306594062,0.143101829,24.54433594
600057,2018,-0.544117647,-0.906862745,0.299016715,0.839008744,0.494340094,0.24724277,-0.076095758,0.01876665,0.005492268,16.10781791,2.059847129,0.032555331,0.647410186,-1.146046412,4.397324674,0.293650794,0.293650794,0.306451613,0.32231405,0.212001057,0.257905816,,0.026910806,3.635354346,25.09547316,1.277152132,0.120826658,24.77378422
600057,2019,0.127403846,0.526442308,0.179791909,1.007261706,0.958877647,0.890920933,-0.17972897,0.020430923,0.005165471,16.40945167,1.722260393,0.037080143,-0.060733968,-1.494631996,4.971244359,0.337423313,0.337423313,0.327160494,0.325,0.262315314,0.26971038,,0.029782039,3.692359916,25.32842075,1.316941419,0.096579116,25.01257305
600058,2019,-0.293269231,-0.877403846,0.285009401,1.028391556,1.024460846,0.298546983,-0.322219655,0.014689204,0.003966702,15.87120502,0.887677553,0.010649398,-0.126762202,-0.897436037,2.649368092,0.582464009,0.582423134,0.575969222,0.588072714,0.261660323,0.343418082,,0.032317511,4.493807947,24.18834356,1.195530678,0.031483483,23.93663537
600059,2019,0.040865385,-0.146634615,0.374711066,0.98840539,0.502981027,-0.466065667,-0.246418525,0.007372971,0.006663203,16.04436421,0.46622888,0.005804169,-0.580666164,-1.713777791,0.012045861,0.31911527,0.31911527,0.286817012,0.337219298,0.238783685,0.078252853,,-9.399927739,1.087741661,22.47325257,8.725382814,0.194451588,19.95579044
600063,2016,-0.247172859,0.088852989,-0.355442474,1.16485392,1.012588691,0.159467379,0.078514278,0.007709991,0.003725642,15.57261319,0.844358039,0.004174647,-1.197592446,,0.694850844,0.301426614,0.301426614,0.305126885,0.314046247,-0.045219379,-0.023644283,,0.021858281,1.994195046,22.93773974,0.818911911,0.528904103,22.24167739
600063,2018,0.147058824,-0.757352941,0.167647697,1.182221138,0.99058436,0.290589445,-0.337664075,0.020129047,0.010316736,15.71652094,0.75256509,0.007784784,1.746151161,,0.483984868,-0.129063438,-0.129063438,-0.130144518,-0.127903609,0.057709966,0.066407267,,0.013342899,1.988949876,23.05320519,0.939333237,0.403759131,22.35448676
600063,2019,-0.377403846,-0.754807692,0.583317564,1.327983451,1.091751108,0.722521841,0.011854435,0.026043935,0.013423767,15.86982599,0.709372623,0.013079804,2.479779436,-2.449213662,0.333112691,0.393756554,0.393756554,0.306845398,0.35118136,0.140256184,0.140251442,,0.017889439,1.988941696,23.18445815,1.002966784,0.336261592,22.48573556
600066,2019,0.122596154,-0.319711538,0.046715283,1.086270741,0.463535305,-0.456384476,0.110309929,0.002690366,0.001385676,17.29505958,0.489933866,-0.003993764,-0.704173059,-2.790433923,0.349998215,0.288338375,0.288338375,0.275692651,0.322828015,0.088555406,0.238614749,,,2.292822466,24.2339344,1.424203596,0.123645765,23.66097861
600072,2016,0.124394184,0.63812601,-0.463962312,1.530248199,0.084114264,-1.195225806,1.033884773,0.000644048,0.000225214,15.65444716,0.656196691,0.000733924,-0.244479842,,0.986146117,-0.223627123,-0.223627123,-0.224345287,-0.246275466,-0.033055212,-0.053045589,,0.021889928,2.685760698,23.11195743,1.209353324,0.035804053,22.64621034
600072,2017,0.847150259,-0.056994819,0.394034537,1.224129476,0.811449739,-0.977679439,0.671651172,0.001528089,0.000511554,15.56909287,0.723048184,0.01019242,0.399956055,,0.460016889,-0.157171201,-0.157171201,-0.106654556,-0.085000769,-0.216226311,-0.329328666,,0.013714208,2.16025064,22.86832247,1.381369645,0.036116683,22.24673427
600073,2019,0.5,-0.682692308,-0.140272419,1.089763436,0.684876929,0.464484255,-0.187423799,0.026055579,0.012365175,15.99990107,0.807578344,0.029851979,-0.171204468,-2.53200333,0.511182268,-0.010417745,-0.010417745,0.008212412,0.053446568,-0.001437103,-0.046121008,,-0.020030684,2.024929281,23.41075787,1.487616511,0.258790222,22.72984671
600075,2016,0.195476575,0.831987076,-0.260782334,1.005023055,2.057987679,1.215809413,0.149361746,0.03605933,0.019362346,15.68295094,0.739438422,0.028695644,-0.168434605,-5.757757107,0.745076077,0.064031475,0.064031475,0.156714937,0.180166647,0.022827522,-0.040474083,,0.044112245,1.784593022,22.89815818,0.788119653,0.601466696,22.07637766
600075,2017,0.525906736,0.559585492,-0.179460891,1.124269049,1.308218756,0.518178603,0.179477945,0.014090988,0.007721912,15.31491636,1.134266822,0.003400503,1.43365832,,0.673358513,-0.142007774,-0.142007774,-0.069937393,-0.096363172,-0.026449517,-0.114477066,,0.036837063,1.666376619,22.87135259,0.743935238,0.538478399,21.95480073
600075,2018,-0.325980392,0.659313725,-0.100442199,0.996084746,1.446594955,0.418416946,-0.072273665,0.001787135,0.001076473,15.36040485,1.096292656,0.003256113,-2.92723314,,0.569372824,0.7906308,0.7906308,0.770284888,0.833640316,0.607726559,1.153235184,,0.028381292,2.153232053,23.34617369,0.612002916,0.578811087,22.72177218
600075,2019,-0.206730769,0.024038462,0.400119046,1.649609073,0.933294249,0.944777686,-0.267883424,0.047799113,0.024901416,15.69634018,1.047440808,0.060905581,5.233626793,0.388565867,0.924620381,0.392620248,0.392620248,0.150897467,0.067477155,0.128456895,-0.080934603,,0.037818489,1.773683816,23.46702481,1.10166377,0.579139333,22.63737418
600076,2016,0.450726979,-0.55088853,-0.458467587,0.787816069,0.913894895,0.154643519,0.151266862,0.037161134,0.027418386,15.62562464,0.56069569,0.038203254,1.561284385,-0.159517223,0.361762494,0.702296132,0.702296132,0.906432809,1.098180423,0.156469692,0.20539316,,0.028185172,1.466314171,22.38418108,1.900774822,0.185378901,21.23853351
600076,2017,0.722797927,0.507772021,-0.076628807,1.019526386,0.85440122,-0.393535784,0.542705323,0.030194239,0.020185179,15.24205253,0.903970633,0.029672337,-0.643443348,-1.167676755,0.384672455,-0.151723071,-0.151723071,-0.156190204,-0.189954211,0.161605991,0.240724843,,0.027411145,1.514414095,22.5339846,2.039464324,0.183852536,21.45422927
600080,2017,0.562176166,-0.380829016,-0.340893473,0.599905479,0.399890267,-0.885043086,-0.067770218,0.007330105,0.006377953,14.72403411,0.727924908,0.005634222,-2.026387764,,-0.135889985,-0.021098232,-0.021098232,-0.018609519,-0.153151192,-0.039583718,-0.360196671,,-0.006680944,1.108520176,21.40352397,4.773755887,0.177956414,19.07967885
600084,2016,-0.554119548,-0.486268174,-0.463546379,1.157185907,0.549565851,-0.638120245,0.441223631,-0.009382176,-0.007504149,15.57486725,0.419965485,-0.006929483,-1.568084761,,0.050426972,0.148200374,0.148200374,0.079414016,0.252941815,0.091472393,0.60340831,,0.042954093,1.418826258,21.90942326,2.763997789,0.0609426,20.68929421
600085,2016,0.470113086,0.453957997,0.001509823,0.768318995,-0.490511606,-0.14196148,-0.179871528,0.035304674,0.024658005,17.65559285,0.278470118,0.011124242,0.538556946,-1.97607191,-0.011191022,0.0382492,0.0382492,0.034108117,0.008203186,0.083928995,0.06501336,,-0.006234748,1.467106762,23.721193,2.99458307,0.096849957,22.57670329
600085,2017,-0.704663212,0.411917098,-0.183892344,0.844430387,-0.428825364,-0.241046242,-0.127599805,0.033299307,0.023257308,17.52340225,0.350826057,0.014285132,0.208431729,-3.379935552,-0.036092427,-0.015171185,-0.015171185,-0.022180619,-0.007582765,0.055649069,-0.03790251,,-0.022725262,1.408789927,23.77534881,3.297872008,0.101498224,22.5380638
600085,2018,0.102941176,0.443627451,-0.052138337,0.519551285,0.205629096,0.28953831,-0.133319267,0.024771937,0.017793534,17.42039979,0.414128496,0.00962798,-1.491480457,-2.831029404,-0.051412612,-0.161130296,-0.161130296,-0.129095358,-0.146412251,0.036786364,0.151912776,,-0.012657417,1.475779523,23.8114747,2.91264825,0.188577827,22.67948764
600085,2019,-0.338942308,-0.603365385,0.498146867,0.853737309,0.065912904,0.219119246,0.149742305,0.027148942,0.018777344,17.50404171,0.387538862,0.008694737,2.364100717,-1.505334636,-0.047369495,0.225813114,0.225813114,0.197080505,0.238023145,0.143599408,0.304225155,,0.014484273,1.58146272,23.94565537,2.5480821,0.157873912,22.94509676
600089,2016,-0.534733441,0.273021002,-0.339462157,1.243377077,0.465199731,0.101033994,-0.183332862,0.021944422,0.008328962,17.34138247,0.990629179,0.026684486,-0.471519202,-2.905119376,1.398242626,0.032115396,0.032115396,0.041247909,0.052914941,0.066295189,0.032091707,,0.016016164,2.437666503,25.21795983,1.366849139,0.260058885,24.68993992
600089,2017,0.676165803,0.515544041,0.0638957,0.907464715,0.655468129,0.17341681,0.091112754,0.017807713,0.007155788,17.10458459,1.411007164,0.019561205,-0.363429729,-2.887517608,1.246799987,-0.083508487,-0.083508487,-0.048483332,-0.068970011,0.101112994,0.073112835,,0.015551022,2.351692471,25.31428131,1.520459421,0.247722478,24.76050353
600089,2018,-0.090686275,0.742647059,-0.057036535,0.863570315,0.562786754,0.201344505,0.217403233,0.015107946,0.006498563,17.03332723,1.718098052,0.020552812,0.723583015,-2.190615873,1.675185549,0.053634782,0.055691181,0.052269283,0.050944755,0.064968129,0.087640668,,0.020514824,2.39865596,25.37722619,1.372364442,0.324370653,24.84451436
600089,2019,-0.427884615,0.973557692,0.949390547,1.143094941,0.524562965,-0.008200792,-0.577315232,0.02447175,0.0099186,17.46160387,1.202002869,0.048487424,3.486781582,-6.968830795,0.892553741,0.251894118,0.251641716,0.153588122,0.18677817,0.047619048,0.010354374,,0.014741184,2.290937126,25.4237462,1.407608521,0.349703415,24.85481549
600096,2016,-0.408723748,-0.861066236,-0.329422294,1.286541171,0.865379361,0.018298939,-0.126054089,0.03586947,0.002626604,15.90335659,0.626235213,0.015150413,2.049119433,,8.74543034,-0.22075348,-0.22075348,-0.243490621,-0.281127926,-0.028781358,-0.046868062,,0.042595997,10.94964178,24.88534355,0.657351444,0.34572852,24.78957336
600096,2017,-0.383419689,0.090673575,0.165111331,1.12248673,1.016258236,0.424803862,0.296055262,0.006764803,0.000565876,15.74647839,0.86878055,0.015085399,-0.183104825,-3.36733824,6.045347963,0.225972464,0.225972464,0.233193063,0.261869852,0.026011924,0.003119541,,0.045638682,8.960452986,24.91102292,0.653287466,0.31690237,24.79268804
600096,2018,0.093137255,-0.946078431,-0.215216604,1.170961199,1.15133191,0.485182592,0.184046526,0.004670047,0.000477664,15.74739401,1.03289544,0.006046248,-1.59279364,,6.920709985,-0.096716317,-0.096716317,-0.091019944,-0.082849898,-0.215422671,-0.227629285,,0.030524442,7.972994799,24.66841278,0.565806758,0.370864381,24.5343974
600096,2019,0.798076923,-0.120192308,1.914137404,1.096235334,0.936964042,0.270573081,-0.469007385,0.037361812,0.004512672,16.04446495,0.789515006,0.035884511,2.679672299,,1.79593719,0.205612742,0.205612742,0.126170318,0.153863244,0.033755754,-0.042052172,,0.020759104,5.2754218,24.70161131,0.648740634,0.351191743,24.49143544
600097,2016,-0.993537964,-0.18901454,-0.410470915,0.572542439,0.946108899,0.24743542,0.373763157,0.026937545,0.013052455,14.95309437,0.338115704,-0.010442283,-0.5756627,,-0.030502494,0.176254865,0.176254865,0.107654489,0.083387104,0.091530699,-0.616473175,,,1.227251867,21.34662453,3.460587684,0.286457969,19.66015079
600097,2017,-0.787564767,-0.295336788,-0.041192145,0.774821066,0.969492076,-0.211483865,0.366141907,0.034360615,0.028286547,14.654003,0.701765503,-0.009439341,-0.997757606,0.157617086,0.073810006,0.125189952,0.125189952,0.119782952,0.127938522,0.33546409,1.417059059,,7.720955845,1.504080484,21.6359034,2.741861008,0.375776535,20.54270233
600097,2018,0.845588235,0.774509804,-0.116288626,0.854404164,0.80215407,0.062633082,0.111238017,0.028355237,0.019471363,14.59950866,0.796598848,-0.009718417,0.771975756,-1.421038051,0.099410975,-0.042035547,-0.042035547,-0.034618864,-0.010265055,0.05795323,-0.019597641,,0.510472264,1.450484387,21.69223952,3.143023459,0.324230069,20.52291011
600097,2019,0.733173077,0.925480769,0.010177997,0.632761462,0.800353507,-0.145107399,-0.435588433,0.026478214,0.018890019,14.64072186,0.822785355,0.005393797,-0.315440952,-1.257824079,0.030922918,-0.030340731,-0.030340731,-0.055620584,-0.119060812,0.160294252,0.287247294,,,1.525684674,21.84091316,2.560529851,0.363836136,20.77541616
600098,2017,-0.74611399,-0.852331606,-0.028656822,0.761286256,0.630044117,0.21018523,0.334194416,0.011741084,0.005985467,16.60506029,1.209902164,0.008907819,-0.532276004,-4.359414958,1.008946634,0.049734321,0.045337234,0.057536476,0.05775507,0.039886003,0.059294555,,0.02523239,2.039650388,24.42657719,1.006385557,0.400355952,23.75268326
600098,2018,-0.549019608,-0.838235294,-0.12226986,0.67106071,0.195454611,0.048756509,0.307910453,0.012203692,0.006062316,16.62333143,1.21887641,0.006901322,0.597638603,-1.940408675,1.290430496,0.085816827,0.084449263,0.085285949,0.091444386,0.038092006,0.030867474,,0.021600471,2.024998757,24.46396161,1.224849203,0.399299944,23.78308392
600100,2018,-0.18627451,0.953431373,-0.206789362,1.029590222,0.613547479,-0.81137144,0.075905715,0.003135824,0.001061131,17.0008743,0.844326629,-0.026389392,1.494211321,,1.415696159,-0.076241077,-0.076241077,-0.056231881,-0.067234509,0.021412131,0.036573886,,0.032928275,3.09890188,24.85405142,1.179073464,0.058675554,24.4644179
600100,2019,-0.978365385,-0.084134615,-0.169943554,0.988236626,0.837454477,-0.030651679,0.391282451,-0.000359488,-0.000110703,16.75709025,1.069580531,-0.003352561,1.093751493,-3.19295785,1.711402398,0.415164997,0.415164997,0.358139352,0.49026975,-0.02053096,-0.024712385,,0.027066146,3.071381181,24.83330677,1.080605533,0.064616048,24.43939504
600101,2019,0.646634615,-0.567307692,-0.09609147,0.759437328,0.807034615,0.43367422,-0.034746987,0.013506404,0.009628247,14.68733998,1.01824556,0.014824828,-0.410242997,-2.811826198,0.074438998,0.075013334,0.075013334,0.051479343,0.051782265,0.061098038,0.114193766,,-0.175441702,1.435244417,21.99007421,1.256010081,0.549691362,20.79689153
600104,2016,-0.176090468,-0.789983845,0.110272584,0.683646453,-0.632693684,0.346173601,-0.181700459,0.04656652,0.018651451,19.71539742,0.721087608,0.034886587,1.532563595,-1.345545568,0.70934123,0.171794872,0.17721519,0.17357513,0.167647059,0.155416013,0.204589414,,0.019755882,2.766917293,27.32449596,1.057934509,0.084827997,26.87699544
600104,2017,-0.025906736,-0.839378238,-0.242214876,0.870458283,-0.577481226,0.507194018,-0.075605214,0.042071176,0.01589436,19.57027393,0.896709309,0.037395589,-2.436504341,-2.781883636,1.117914055,-0.194748359,-0.191397849,-0.183222958,-0.188916877,0.059782609,0.050831656,,0.008660658,2.727272727,27.38255976,1.142857143,0.09185989,26.92657734
600104,2018,0.25245098,-0.774509804,-0.273620108,1.018619688,-0.44790152,-0.096450918,0.204081416,0.02481485,0.009189291,19.34721418,1.174207152,0.00725853,-1.485867505,-3.424595473,1.606730549,-0.252717391,-0.25,-0.248648649,-0.236024845,0.067948718,0.093334793,0.0266976,0.006486223,2.843003413,27.44829948,1.181405896,0.09909115,27.01580981
600105,2016,-0.466882068,0.890145396,-0.413131836,1.1470022,0.841360878,-0.358440951,0.112528867,0.020221207,0.013779515,15.42933503,0.607809078,0.014565293,0.434025934,-0.940486044,0.287675888,0.554414113,0.554414113,0.659826056,0.669238044,0.187224355,0.483811008,,0.031447998,1.710461398,22.35837402,1.530162124,0.098908601,21.4797702
600105,2017,-0.738341969,0.968911917,0.304705836,1.085972607,1.200385549,-0.302645863,-0.220970985,0.010247531,0.006164962,15.47961221,0.58965785,0.002420506,-0.190690086,-1.191256258,0.301921423,0.33028476,0.33028476,0.366473809,0.424759395,0.280223554,0.597394668,,0.015600039,2.075839048,22.60540873,1.485140292,0.103560399,21.94814417
600105,2018,0.0,0.948529412,-0.108294411,1.087742455,1.013907235,-1.028006591,0.4313732,-0.007150772,-0.003429072,15.46473006,0.602774375,-0.022609949,-1.401362494,-1.497445992,0.39968209,-0.33745549,-0.33745549,-0.272557942,-0.297679588,-0.038236832,0.013486136,,0.011495029,2.203318403,22.56642169,1.255347695,0.10173861,21.96154017
600105,2019,-0.889423077,0.915865385,-0.098324714,0.946405694,0.873161838,0.045759676,0.16257588,0.006188004,0.002878514,15.5487882,0.564835279,0.025865283,-2.589453812,-0.57142641,0.520260472,0.581521036,0.581521036,0.398082379,0.426802308,0.216873705,0.310713851,,0.0334905,2.42868807,22.76270672,0.988088796,0.08949013,22.23211209
600106,2016,-0.315024233,0.450726979,-0.357475328,1.18031335,0.714394751,0.135825534,0.402081151,0.018567661,0.009717067,15.29746048,0.818574108,0.015891482,-0.027957417,,0.697811343,0.012537968,0.012537968,0.251280988,0.032295595,-0.019792866,-0.045472823,,0.024276887,1.85718827,22.60054017,1.128469307,0.028018798,21.82737881
600106,2017,0.474093264,0.292746114,0.181591767,0.876367516,1.034071319,0.428353138,-0.084830758,0.018751003,0.010038253,15.11376476,0.980446173,0.020178032,-0.665821243,,0.53596569,-0.018435677,-0.018435677,-0.096628612,-0.0121829,-0.02235489,-0.093598448,,0.02463322,1.747998572,22.57793162,1.545184186,0.04494875,21.72910595
600106,2018,0.825980392,0.360294118,-0.146678858,1.019538085,0.727960166,0.410433108,0.360075652,0.01594452,0.009048478,15.06952402,1.052066299,0.010095575,0.18532457,,0.379459617,-0.017973902,-0.017973902,-0.343545617,-0.065326913,-0.038164047,-0.105024214,,0.014302199,1.661602434,22.53902025,2.163356278,0.044425993,21.61814734
600106,2019,0.103365385,0.401442308,0.02116745,0.617114487,0.73330605,0.540948286,0.074076734,0.019977478,0.011979853,15.07086565,1.143392376,0.021535305,0.160358755,-2.657846415,0.201533419,-0.29230853,-0.29230853,-0.284047472,-0.046434284,0.221149063,0.116633485,,0.007513144,1.572556188,22.73881252,2.39678406,0.034481673,21.72846568
600111,2017,0.098445596,-0.759067358,0.115728296,1.027205489,0.149969514,-0.439530489,0.476915087,0.012336186,0.006232411,17.45875073,0.316566722,0.002466189,0.414938235,-3.418588418,0.172700198,0.496240128,0.496240128,0.521954329,0.574034935,0.095617039,0.015219274,,0.023801855,1.844166153,23.86812685,2.747296839,0.145970285,23.08669368
600111,2018,0.632352941,-0.821078431,-0.285341986,0.666720204,0.276556535,-0.856490456,0.405316685,0.014600551,0.007845606,17.41530914,0.351244127,0.004847024,0.771460738,-7.1167259,0.232220849,0.128104004,0.128104004,0.125035834,0.137527358,0.060437204,0.069692445,,0.019931285,1.857854227,23.92680813,3.531650328,0.143252013,23.15406485
600111,2019,-0.019230769,-0.793269231,1.196416125,1.303883753,0.756021388,-0.431370025,-0.331788083,0.027536474,0.014560005,17.84605978,0.250556994,0.011588486,2.819288917,-2.127334006,0.105898521,0.531679305,0.531679305,0.296352536,0.295383662,0.210050988,0.227287734,,0.021830019,1.880837741,24.11747062,2.673026199,0.134433053,23.35887149
600115,2016,0.52180937,0.49273021,-0.034073211,0.95752936,-0.134884536,0.404094765,-0.006554531,0.053538418,0.013643431,18.08198848,0.806488206,0.033234679,0.143826482,-2.585790834,2.468991674,0.13331945,0.13331945,0.151648999,0.121254781,0.058035714,0.050231395,,0.047118679,3.998110598,26.19132598,0.277564136,0.708860759,25.90074801
600115,2017,0.352331606,0.551813472,-0.059165848,1.290303263,-0.663933553,-0.042324883,0.34739355,0.032949581,0.008451736,17.84367042,1.086117094,0.035285009,-0.090258082,-1.175819292,1.711144064,0.080151409,0.080151409,0.091226212,0.092824709,0.181434599,0.243353495,,0.10456263,4.702562897,26.35805544,0.222802117,0.307614286,26.11856018
600115,2018,-0.421568627,0.617647059,-0.337425302,1.331264206,-0.052195481,0.568491183,0.176028731,0.008670941,0.001616259,17.68057394,1.42120095,-0.101251915,0.203889242,-7.541460898,2.63097944,-0.572519733,-0.572519733,-0.342566403,-0.377979895,0.017857143,0.01861894,,0.123910799,4.731468415,26.37575502,0.233040136,0.327996491,26.1370079
600116,2016,-0.344103393,-0.770597738,-0.413382162,0.717672481,1.107677482,-0.045760787,0.241556452,0.021166855,0.011134992,15.89181366,0.33001533,0.00367183,2.198292685,-4.560864503,0.217163938,0.071060422,0.071060422,0.105655741,0.140255679,0.076372024,0.079559606,,0.020641412,1.901116267,22.36539189,0.917884521,0.649276194,21.61882968
600116,2017,0.259067358,-0.712435233,0.212276843,0.505459392,0.259354312,-0.504144296,0.231581362,0.015929661,0.008610687,15.87998326,0.352570018,0.003274223,-1.110392745,-4.337415493,0.178411656,0.048544605,0.048544605,0.186980012,0.183982963,-0.041727635,-0.120390179,,0.027698496,1.770175136,22.32276865,0.915539565,0.746073062,21.49055282
600118,2016,0.185783522,-0.276252019,-0.324485636,0.99136928,-0.074570608,-1.091957176,0.502372355,0.014987629,0.007826609,17.16406562,0.214181418,0.002994638,0.156280088,,0.061219844,0.198734473,0.198734473,0.213116207,0.207503185,0.040489429,-0.043657963,,-0.046388929,1.76403218,23.16672911,1.88892049,0.104440825,22.32998154
600118,2017,-0.619170984,0.487046632,0.175335667,0.917886901,0.352386619,-1.205676735,0.643614923,0.013946049,0.008001628,16.97324585,0.279879395,0.00268173,-0.29403789,-2.073118672,0.06033235,-0.022413503,-0.022413503,-0.034266542,-0.026922456,0.058999721,0.104770494,,-0.080546309,1.824273432,23.22405392,1.818492347,0.091973897,22.42961916
600125,2017,0.914507772,0.279792746,-0.227552962,1.167999339,0.29187681,-0.214518563,0.502749942,0.0239184,0.01405935,16.12911251,0.559017741,0.014685665,1.260512562,,0.340768578,0.012910135,0.012910135,0.013660593,0.008821974,0.067661708,0.074177715,,0.014076735,1.662368454,22.99038835,2.072147123,0.394095164,22.07021169
600125,2018,-0.181372549,-0.24754902,-0.130915773,1.063804563,0.57365741,0.064253621,0.596629015,0.022122937,0.013404402,15.80385896,0.818056068,0.019148553,-1.164794094,,0.219537071,0.130840392,0.130840392,0.139803784,0.154970601,-0.024685851,-0.140677839,,0.03890044,1.540979293,22.9653927,1.825028676,0.410169251,21.9186003
600126,2018,0.279411765,0.198529412,1.313812399,0.862028601,0.279594419,0.230096269,-0.01766811,0.00913709,0.006543548,16.76281318,1.07101732,0.003995499,-1.755143345,-2.353432275,0.036657399,0.061465687,0.061465687,0.105548786,0.115469499,0.050960597,0.165068147,,-0.199350603,1.463021361,24.07857995,1.63898887,0.300430341,22.92809413
600127,2018,-0.274509804,-0.416666667,0.909841203,0.793687036,0.953801763,-0.048435985,-0.232202626,0.004227392,0.001528284,15.0806628,0.247486987,0.001201143,-0.03928301,,0.151807199,0.287058827,0.287058827,0.278514356,0.316182359,0.097620169,0.179615177,,0.01667829,2.950178221,21.58360194,1.071820231,0.23306399,21.16965713
600128,2017,0.779792746,0.601036269,0.161010985,0.95156394,1.520212398,-0.594562279,-0.401725521,-0.003568713,-0.001850557,14.43525264,0.86244271,-0.00529696,-1.654686916,-2.654991985,0.459800241,-0.301627996,-0.301627996,-0.299374024,-0.31464544,0.128805954,0.003737418,,0.020976584,1.773074278,21.91386724,1.382110463,0.093675569,21.08377217
600128,2018,-0.041666667,0.977941176,-0.148024069,1.052907378,0.810503934,-0.053650678,-0.085297734,0.001161129,0.000649749,14.37148783,1.100677064,0.002400298,2.781335538,-2.258549609,0.444126327,-0.049368859,-0.049368859,-0.055981769,-0.063338443,0.150541174,0.188480392,,0.016128222,1.819456232,22.05409966,1.353809336,0.077337812,21.25644768
600128,2019,0.081730769,0.543269231,0.020093971,0.743176551,0.849429885,-0.028668547,0.125022692,0.00575161,0.003166445,14.31312755,1.322485326,0.004666631,-1.597800756,-1.715618304,0.662709286,0.429107976,0.429107976,0.418106462,0.481020337,0.1745289,0.197432022,,0.037486052,1.849001921,22.21496679,1.281062222,0.089260692,21.43662697
600129,2017,0.512953368,-0.134715026,-0.231063518,1.04061991,0.888231193,0.059836839,-0.259282898,0.027764538,0.007336088,15.45503153,0.638859946,0.019067209,-1.216274722,-2.226930883,1.355532218,0.19505998,0.19505998,0.195680447,0.210308859,0.125004421,0.148520668,,0.032792329,4.037350603,23.32032316,0.910516356,0.179881175,23.0357201
600129,2018,0.291666667,-0.049019608,0.323102923,0.698152341,1.002060122,0.51725058,-0.53333759,0.003779893,0.000958081,15.66160042,0.522109371,-0.004369162,-0.732686512,-1.776666764,1.143687728,-0.06425193,-0.06425193,-0.047394315,-0.044908121,0.054756019,0.090291481,,0.030687281,4.497591127,23.37363264,0.822548307,0.211074246,23.12216517
600129,2019,0.737980769,-0.019230769,0.447023867,0.880104534,0.093732006,0.130003909,0.006590683,0.003526358,0.000775672,15.96444175,0.370856265,0.001734677,1.692241749,,0.719564249,0.119734317,0.119734317,0.10015533,0.078583997,-0.042341891,-0.062561308,,0.026969342,4.188301658,23.33036819,0.858450371,0.219164478,23.05756125
600133,2016,0.027463651,0.302100162,-0.11559077,0.982451715,2.097779308,2.12610266,0.069255581,0.034468213,0.004864915,15.51144095,0.592663379,0.009775319,0.282776705,-4.397991266,3.2691642,0.308032229,0.308032229,0.24206417,0.243084303,0.089158814,0.019117717,,0.021548727,5.127270792,23.85702408,1.27029188,0.03801607,23.64006694
600133,2017,0.266839378,-0.976683938,-0.259176703,1.021365357,2.140824624,0.855366382,-0.286235686,0.015200098,0.003065639,15.09419093,1.366438735,0.010413224,-0.148864126,-2.547436267,3.646165553,0.184993868,0.184993868,0.192032014,0.200483501,0.074371494,0.051743189,,0.020441281,4.717212186,23.92875992,1.446743013,0.034651216,23.6905159
600133,2018,-0.463235294,-0.080882353,-0.114421028,1.125107638,1.185674857,0.052902448,0.548397016,0.006902402,0.001453048,15.14323781,1.484875546,-0.014413577,-1.455347376,-5.179648495,4.089483276,0.09574787,0.09574787,0.099287565,0.151410222,0.040079095,0.012211411,,0.01533467,4.289941389,23.96805668,1.692780989,0.029815908,23.70265336
600133,2019,0.423076923,-0.963942308,0.056825666,0.994245109,0.579298737,0.427684641,0.331412312,0.019961474,0.004769739,15.28480168,1.486806577,0.013206127,1.929336839,,3.491239759,0.185832484,0.185832484,0.176368834,0.170310971,0.069835787,0.011995188,,0.019290291,3.642116468,24.03556184,1.544693892,0.025482621,23.71457717
600137,2018,0.159313725,-0.193627451,0.020591852,0.910922972,0.674646716,0.394601061,-0.345831203,0.012325663,0.009121738,14.16619424,0.355914933,0.003318266,-1.752331934,,0.008815472,-0.111110927,-0.111110927,-0.0822158,-0.036461413,-0.049427623,-0.209781352,,,1.299159027,20.29867778,3.438500513,0.109094843,18.83018064
600138,2016,0.079159935,-0.140549273,-0.063296641,0.941484103,-0.020915212,-0.158265851,0.27241956,0.031187871,0.019433306,16.55806998,0.473678831,0.009491711,0.143607862,-1.664415884,0.281193149,0.169251943,0.169251943,0.161601609,0.203438325,0.179529665,0.327930731,,0.015833182,1.695004077,23.306773,1.234213045,0.21269219,22.41525028
600138,2017,-0.295336788,-0.248704663,-0.362809129,1.161546054,0.08877659,-0.207577446,-0.139333342,0.027629013,0.01623287,16.15867099,0.776585976,0.010131842,-0.034589167,-1.231306573,0.564802053,0.051290288,0.051290288,0.068189946,0.044250898,0.176336498,0.287215371,,0.016715898,1.813827062,23.46917794,1.144401737,0.22143495,22.66773154
600138,2019,-0.689903846,0.59375,0.047565864,0.949313271,0.423413655,0.380553478,0.355907796,-0.00128214,-0.000669571,15.89662946,1.083988303,-0.011713438,-0.643507582,-2.043902418,0.870765177,0.377677191,0.377677191,0.17868889,0.242169358,0.10578086,0.236543358,,0.022497165,2.033383249,23.5920463,0.967566325,0.244543124,22.9151834
600148,2019,-0.324519231,-0.170673077,-0.049912657,0.728409472,1.1181046,-0.170079205,0.050334625,0.04142853,0.017946182,14.49703398,0.30433684,0.011457762,1.46867817,-1.266874229,0.303193504,0.284324644,0.284324644,0.333205423,0.324315185,0.158596482,0.163360031,,-0.401562773,2.367716547,21.16379377,1.670618098,0.116653453,20.61501036
600151,2016,-0.844911147,-0.004846527,-0.511732148,1.052875473,0.314906435,-0.905882258,0.876453603,-0.012696926,-0.005567789,16.00411603,0.699008684,-0.024737745,-1.829152281,-2.000668894,1.073766727,0.262503365,0.262503365,0.226887553,0.255075139,0.043201399,0.040863026,,0.023198043,2.269877958,23.37824481,1.055305125,0.273539578,22.79743954
600153,2017,-0.269430052,0.279792746,0.053359975,1.056217928,0.1381586,0.160184621,0.321600436,0.015512875,0.003201744,16.96896635,2.103321939,0.022056391,1.181190968,-1.801569605,6.205559755,0.103448276,0.103448276,0.105263158,0.1,0.159292035,0.153695405,,0.008091239,4.874108267,26.29161034,1.559210526,0.007145613,26.06416816
600153,2018,-0.598039216,-0.161764706,-0.045421156,0.911888835,-0.104878934,0.194213847,0.247390104,0.021055623,0.004105777,16.98476193,2.399890005,0.105635964,0.070822163,-0.858109502,9.630625672,0.234375,0.234375,0.222222222,0.239669421,0.36259542,0.394138626,,0.007368352,5.389253629,26.60100162,1.566666667,0.004976719,26.39644491
600153,2019,0.644230769,0.052884615,-0.015329032,0.903526472,0.328672967,1.062060136,0.527721124,0.012138671,0.00225305,16.99757922,3.108888281,0.037673003,-0.373354211,-0.671090035,14.48526151,0.841772152,0.841772152,0.857142857,0.873333333,0.62745098,0.630554514,,0.007197915,5.429906542,27.08801659,1.441176471,0.00427343,26.88536506
600157,2016,0.334410339,-0.030694669,-0.505373423,0.89135958,0.835811645,0.688140449,-0.024204698,0.006777817,0.001975058,16.92042655,1.322903971,0.023943206,0.820576353,-2.115545028,3.126803479,-0.08627556,-0.08627556,-0.045027058,-0.119885558,0.028571429,0.041667706,,0.047086694,3.71997787,25.40539706,0.292708631,0.251800399,25.09548958
600157,2017,0.054404145,-0.948186528,-0.065789819,0.893521406,1.762316084,1.235600545,-1.391698699,0.003067857,0.000832871,16.91265014,1.307018675,0.00291635,-0.717388692,,3.601152315,-0.092315578,-0.092315578,-0.125734179,-0.162344077,-0.027777778,-0.035995573,,0.060709855,3.701467128,25.37722619,0.180382952,0.251577136,25.05883019
600158,2017,-0.510362694,0.331606218,-0.130339033,1.229465336,0.873881921,-0.512049102,0.157878876,0.003419011,0.001591008,15.65613857,0.309956835,-0.001353988,0.612482278,,0.214708483,-0.208429177,-0.208429177,-0.169007152,-0.197132049,0.052398526,0.092544575,,-0.01043484,2.167626018,22.16221224,1.695438794,0.01766672,21.54355232
600158,2019,0.019230769,0.622596154,0.373901051,0.891590043,0.634098826,-0.346480197,0.478838509,-0.000238589,-0.000215722,15.85684628,0.380423271,-0.012076992,-0.191365964,,-0.007791837,-0.453537983,-0.453537983,-0.340296396,-0.372843869,-0.003857555,-0.23648913,,-0.022494926,1.551652663,22.39329635,2.998690578,0.04211511,21.35913909
600160,2018,-0.953431373,-0.860294118,-0.027834144,1.077866345,0.777645951,-0.166179662,0.075653361,0.013906017,0.011702936,16.76933991,0.691280314,0.000181449,-3.865689406,-1.3211969,0.029498079,-0.084035298,-0.084035298,0.010866395,0.04173276,0.018182382,0.264490241,,-0.03378748,1.252125514,23.49512982,2.329945194,0.344664919,21.89245906
600160,2019,0.146634615,-0.882211538,0.278039086,1.011900842,0.575163204,0.217944353,-0.255000121,0.001380438,0.001107241,16.90368577,0.590105451,0.000510146,0.626272159,,0.047198809,0.178840852,0.178840852,0.159936382,0.135600832,0.006793243,0.060820654,,0.03899532,1.269298845,23.50190009,2.018209337,0.405128993,21.95150187
600161,2017,-0.792746114,0.049222798,0.546132935,0.938871084,0.042674774,0.199692165,-0.305113811,0.049539067,0.043087701,16.78361865,0.221207721,0.007444945,0.038856736,-0.536862641,-0.023971264,0.278662745,0.278662745,0.298162406,0.27753256,0.225021526,0.589775224,,-0.028932891,1.208113022,22.46756333,6.443600101,0.141872371,20.7088297
600161,2018,-0.485294118,0.448529412,0.769547357,0.721868261,-0.224548223,0.400700765,-0.373442024,0.04829387,0.039406205,17.30905401,0.153265188,0.004163838,1.046783652,-0.998842098,-0.014225918,-0.003544056,-0.003544056,0.022034103,0.017305046,0.269956477,0.695187777,,-0.019167047,1.29860559,22.70654596,4.47938611,0.112587229,21.23662322
600161,2019,0.15625,0.463942308,-0.103681353,0.622639996,-0.423677029,-0.33980563,-0.444394622,0.047276007,0.036857784,17.67800379,0.124616403,0.005289976,0.012932055,-1.183764705,-0.006066707,0.165003126,0.165003126,0.163532784,0.166939556,0.553360118,-0.058586571,,-0.03991374,1.161922008,23.14696636,7.800701237,0.084436023,21.17625033
600163,2016,-0.143780291,0.195476575,-0.288951376,0.792001798,1.031744516,0.139379952,0.238098033,0.022304959,0.010726601,15.00028023,0.541576565,0.021118883,0.650990785,-1.342753822,0.45317366,0.354589649,0.354589649,0.3330229,0.364298,0.014009494,-0.065804945,,0.022625479,1.97101365,22.03759214,1.273485757,0.660785185,21.32962943
600163,2017,-0.075129534,0.137305699,0.215074616,0.971297142,1.081212584,0.512363499,-0.206033073,0.017640353,0.00890748,15.10216654,0.536811336,0.013324848,-1.014876352,-1.697279218,0.462120282,0.03033575,0.03033575,0.079235118,0.098021971,0.174336299,0.287451495,,0.018329663,2.174385244,22.19829528,1.344724387,0.526158426,21.58229411
600163,2018,-0.321078431,0.558823529,-0.199183304,1.052349476,1.245438057,0.497071322,0.067308498,0.020246323,0.009516608,15.04365961,0.686787727,0.02582367,0.798097324,0.501923506,1.394120305,0.71938986,0.71938986,0.461536725,0.377082579,1.161065917,1.581364219,,0.018656226,2.818029202,22.96889686,0.953115818,0.500661579,22.53061214
600163,2019,0.709134615,0.317307692,0.41462915,0.982762833,1.219356628,0.399442623,-0.762394007,0.029434884,0.010224632,15.24284609,0.853893569,0.038599178,2.519858838,-1.828208553,1.118839662,0.640346452,0.640346452,0.392893195,0.425918065,0.136365154,0.089903143,,0.02750319,2.623050323,23.09673156,1.453632769,0.617152562,22.61670097
600166,2016,-0.108239095,-0.799676898,-0.289757311,0.859592168,0.353992121,-0.219870668,-0.002891371,-0.007120717,-0.002241429,16.68371522,1.086274648,-0.045477325,-2.546333199,-1.489756753,3.127458699,-0.055389023,-0.055389023,-0.0352034,-0.067502392,0.095757606,0.175151962,,0.024902146,3.567649051,24.8863788,0.807138335,0.197666035,24.55746266
600166,2017,-0.71761658,0.303108808,0.153098168,0.921302947,0.884591584,-0.179588545,0.286198265,-0.027588102,-0.00788319,16.42981521,1.254337823,0.004120129,-3.944641742,,2.152132413,0.202880459,0.202880459,0.143681189,0.220490758,-0.17040785,-0.175298037,,0.013358336,3.514456034,24.69955771,0.834515597,0.185051573,24.36472945
600169,2016,0.528271405,0.8546042,-0.403191422,1.146818731,0.468513705,-0.216228933,0.554870062,0.000888498,0.000127193,15.92797492,0.505770773,0.000216825,2.178422416,-2.116365397,3.820507686,-0.1528053,-0.1528053,-0.15539303,-0.197908809,0.081197479,0.092592434,,0.030648418,7.819969799,24.20708748,1.001676803,0.177611356,24.07026183
600169,2017,0.183937824,0.458549223,0.124134203,0.97767844,0.820793818,0.185598344,-0.089151259,0.001217551,0.000156441,15.68205344,0.649361805,0.001917043,-0.034902766,-2.796753576,3.444853339,0.317652666,0.317652666,0.330273833,0.360980922,0.055641171,0.061938488,,0.039470269,8.151608346,24.2612358,0.983260597,0.173457979,24.13035783
600169,2018,-0.031862745,0.769607843,-0.29568388,0.997824144,1.032524227,0.219146152,0.472754517,-0.007274126,-0.000917976,15.52958753,0.71433844,-0.026476099,-2.752119447,-2.395063932,5.121429421,0.083670218,0.083670218,0.144940281,0.192894988,-0.007383939,0.030740936,,0.033121308,11.2386746,24.25382447,0.975765038,0.17166008,24.16063573
600169,2019,-0.168269231,0.338942308,0.268654659,0.592316142,1.117864416,0.38236805,-0.076495369,-0.010348276,-0.000989428,15.54021744,0.654535646,0.003471471,2.499309271,,3.97019699,0.031252053,0.031252053,-0.040427808,-0.017513669,0.028426931,-0.056702957,,0.028135906,6.083098424,24.28185485,1.024895467,0.144772746,24.10226168
600170,2016,0.625201939,0.308562197,-0.183771966,0.689940609,-0.066030832,0.023161947,0.170793027,0.023086156,0.003776185,17.25236808,0.955302508,0.026234712,1.881772324,-1.902516079,4.477687783,0.181063363,0.181063363,0.181851786,0.180663436,0.113636364,0.123303318,,0.017932808,6.543543252,26.0013805,1.246031746,0.03822881,25.83624231
600170,2017,0.134715026,0.170984456,0.218703021,0.775879463,0.662488696,0.505228286,0.03971424,0.027342473,0.004420876,17.15725436,1.166224078,0.050510598,1.479779956,-2.71220203,3.934894651,0.328387016,0.328387016,0.320880802,0.333028224,0.12755102,0.109312034,,0.018055586,6.059023401,26.12142854,1.237762238,0.03692626,25.93998234
600170,2018,0.068627451,0.203431373,-0.166836092,0.825762234,0.242240885,0.411663065,0.174316641,0.018517128,0.003151018,17.18741558,1.25708331,0.006334579,-0.245904077,-1.846313384,5.267257192,0.0,0.0,0.00990099,0.018137525,0.140271493,0.175271773,,0.013958803,7.074254678,26.25269492,1.26875,0.029740738,26.10148176
600170,2019,-0.286057692,0.298076923,-0.026948352,0.513498583,0.255895588,0.474406854,0.435992204,0.020468198,0.003153253,17.09853958,1.587683939,0.008846325,-0.565904182,-1.025334587,8.148239836,0.298076923,0.298076923,0.303921569,0.296567219,0.30952381,0.295655783,,0.016264412,6.683187462,26.52235849,1.20657277,0.025223648,26.36049872
600171,2019,-0.439903846,-0.723557692,0.734726597,1.019499455,0.208972456,-0.991870483,0.607679196,0.025759121,0.022747132,16.25945739,0.271524905,0.00659457,2.452685213,-0.225764465,-0.005531706,1.32919127,1.32919127,1.200785482,1.196861568,0.268602455,1.100570915,,-7.089214309,1.18472157,22.18839811,6.748773486,0.018079121,20.32998471
600172,2016,-0.731825525,-0.592891761,-0.481029217,0.909245542,0.704928925,-0.765378391,0.227806535,0.005055186,0.002526894,15.98667494,0.568627054,0.00559673,1.958725492,-0.887451608,1.009819277,0.327358975,0.327358975,0.316887609,0.319721245,0.22541859,0.439604559,,0.032161789,2.362863698,23.17273893,1.015676773,0.352556763,22.62245276
600172,2017,-0.085492228,0.090673575,-0.269531506,1.150232725,0.715597145,-0.587710846,-0.227296143,0.002207218,0.000991296,15.23971395,1.15531138,0.003466388,-3.191163334,-1.90782906,1.622606615,-0.042659588,-0.042659588,0.033708399,0.076536157,0.033907344,0.119706157,,0.054466804,2.664174538,23.20608409,0.823595844,0.366486376,22.73551905
600172,2018,-0.046568627,-0.490196078,-0.158978415,1.145467353,1.276526476,0.042429374,0.060413892,6.44e-05,-3.92e-05,15.07635018,1.252367278,-0.014820571,1.591750103,-4.443900744,1.719285504,-0.273721065,-0.273721065,-0.231827989,-0.257580855,-0.07353589,-0.068017824,,0.039193946,2.69084595,23.12970412,0.708743398,0.434187259,22.66507746
600176,2016,-0.418416801,0.735056543,0.120041066,1.890417272,0.623749638,1.022302516,-0.338168104,0.047649077,0.022879112,17.49516498,0.308565787,0.017335359,4.915893532,,0.302824926,0.230633562,0.230633562,0.206486607,0.246467257,0.123718611,0.090252647,,0.021905922,2.049126052,24.02609432,0.758019145,0.546560914,23.35663842
600176,2017,-0.639896373,0.541450777,-0.060675228,1.433753931,-0.089999628,0.480910419,0.020438978,0.044857549,0.021924205,17.39138709,0.393940812,0.01480682,-1.59258117,-1.09251008,0.445234428,0.008871243,0.008871243,0.118619665,0.104245197,0.180306336,0.238108046,,0.025076759,2.160107122,24.19186833,0.645377459,0.566116761,23.57022286
600178,2017,0.787564767,-0.088082902,0.024216801,1.082311416,1.159003902,-0.312093732,0.0912353,0.014370097,0.007892689,14.63059845,0.847458786,-0.001621696,-1.189133959,,0.617999342,0.155183613,0.155183613,0.163562497,0.162816712,0.010291675,0.036031497,,0.025055162,1.91415303,21.997275,0.831855579,0.158770346,21.25824246
600180,2017,0.655440415,-0.816062176,-0.200279161,0.97184743,0.826975112,0.440733129,-0.498439685,0.019789197,0.005213367,15.95156101,0.675089294,0.029706806,-1.457393107,,1.292648713,-0.18041162,-0.18041162,-0.169857567,-0.199003192,0.126558941,0.146312859,,0.052890731,3.676975533,23.811212,1.257591086,0.000668381,23.49380908
600180,2018,-0.742647059,0.237745098,-0.197154147,1.165943903,0.714204569,0.50235823,-0.109216993,0.014236917,0.003955934,15.74383099,0.893547725,0.019160324,-0.416996013,-2.116243218,1.979410032,0.037831706,0.037831706,0.043582867,0.063945712,0.236194462,0.310785835,,0.047865637,4.385325825,24.02324968,0.911373477,0.000601977,23.76443591
600180,2019,-0.932692308,-0.098557692,-0.073074072,0.976905612,0.83271421,0.659023355,0.312451941,0.0110026,0.002596438,15.58777836,1.053371395,0.034130832,-0.606304127,-1.136529849,3.042507193,0.332628031,0.332628031,0.326402503,0.377203388,0.173618923,0.218080258,,0.05370053,5.030483036,24.18334175,0.88252438,0.000689755,23.96171197
600183,2017,-0.21761658,-0.544041451,0.663471798,1.063238487,0.018619276,-0.454865171,-0.041318769,0.043334541,0.022577428,16.99390628,0.281648989,0.008358048,-1.808858749,-3.213065454,0.138491658,0.028241917,0.028241917,0.001776353,-0.041689244,0.101002575,0.039434231,,0.027950929,1.855292545,23.33437211,1.865857384,0.25480274,22.56001801
600185,2017,0.629533679,-0.689119171,-0.05291659,1.158108959,0.793562172,0.544976043,0.09687214,0.017318668,0.004779369,16.03030099,0.844339851,0.022915874,-0.662997382,-1.780196478,1.962622544,1.244155382,1.244155382,1.638412024,1.974559775,0.063202226,0.062702536,,0.002496464,3.914364374,24.1640265,3.741734689,0.005392682,23.86902528
600185,2018,0.490196078,-0.571078431,1.350177927,0.987886846,0.411220557,0.742970759,0.317040623,0.013813205,0.003506724,16.22529973,0.738493262,0.002308994,-1.242081062,-2.034519819,0.913181222,0.116064646,0.116064646,0.130595705,0.013944284,0.111763255,0.13737289,,0.010001665,4.196057577,24.26997377,2.187117099,0.004836349,23.9977464
600185,2019,-0.120192308,0.213942308,-0.375363065,1.222236895,0.426175712,0.637064762,0.427389724,0.025613772,0.005942793,16.6325707,0.524317301,0.014970813,-0.356919912,-1.917631099,1.587185718,0.138639736,0.138639736,0.180828116,0.087091941,-0.001033583,-0.025138352,,0.022121816,3.895627047,24.26893966,2.062603197,0.017810077,23.97228669
600188,2019,-0.108173077,-0.141826923,0.831999356,1.176792265,0.837906425,1.474333406,-0.332451633,0.024828207,0.009175808,17.27943763,2.545868705,0.049495083,-1.320458081,-1.121786932,3.12239394,-0.405636727,-0.405636727,-0.449924255,-0.489739282,0.233944954,0.389618503,,0.026236345,3.303334837,26.31797722,0.657588204,0.255110011,25.95879734
600190,2016,-0.095315024,-0.357027464,-0.283328702,0.747366397,0.807090741,-0.085468349,0.049437922,0.004009466,0.001428383,15.7875152,0.857329365,0.008119426,1.554311954,,1.441787747,0.315975706,0.315975706,0.347963539,0.357321623,-0.038550409,-0.065803561,,0.03044195,2.756110231,23.55891187,0.445179947,0.536652825,23.10819279
600190,2017,0.92746114,0.002590674,0.106461097,0.929843893,1.275716112,0.934347887,-0.387776595,0.005807927,0.002178167,15.54572353,1.114247686,0.007440762,1.36014647,-1.822444969,1.541661215,0.267348183,0.267348183,0.255163647,0.257816829,0.032540747,0.033986034,,0.050607714,2.762901704,23.59093438,0.289117739,0.516569363,23.14161406
600190,2018,0.448529412,-0.737745098,-0.140057422,1.010055086,1.043247571,0.619319561,0.149134309,0.007761575,0.002874802,15.47639228,1.224438114,0.009098449,-1.945661035,-2.835685655,1.810969844,-0.087993864,-0.087993864,-0.083319579,-0.098892971,0.009900604,0.002271989,,0.045801876,2.726592613,23.60078629,0.480253962,0.501232345,23.14388347
600190,2019,-0.509615385,0.064903846,-0.074582819,0.810091252,0.735853236,0.38204999,0.343510944,0.007782137,0.002805799,15.45997864,1.269997897,0.010068237,0.530726354,,1.956998458,-0.60015316,-0.60015316,-0.609431593,-0.69377821,0.005446674,-0.002793073,,0.042748715,2.688550646,23.60621819,0.832883474,0.467239553,23.14108649
600192,2016,0.547657512,-0.408723748,-0.405845862,1.405960761,1.750568065,0.37475527,0.299390582,0.002843172,0.001263138,14.84773712,0.76419315,0.001714236,0.596395873,,0.995535189,-0.052176356,-0.052176356,-0.06342269,-0.035743884,0.003261325,0.022550235,,0.014122251,2.219884583,22.25508084,1.503682521,0.162938257,21.65638189
600192,2018,0.333333333,-0.198529412,-0.240855643,1.181748858,1.637018976,0.129923355,0.065579948,0.001522729,0.000692945,14.60005657,0.947277571,0.001632337,0.577080729,-2.790182979,1.095619799,0.157278957,0.157278957,0.146878237,0.177818258,0.115762143,0.202688043,,0.022635529,2.414527575,22.34368876,1.455696417,0.144531928,21.80898072
600192,2019,-0.639423077,-0.165865385,-0.08218252,0.694052094,1.070137478,-0.136942925,-0.101765314,0.000237648,0.000122535,14.52569219,1.002139387,-0.004290281,-2.681517818,-2.255789292,1.240448266,0.02898038,0.02898038,0.093102064,0.098598504,-0.087916233,-0.056218635,,0.020426276,2.539359975,22.25166532,1.254864308,0.161466793,21.75111998
600195,2018,-0.083333333,-0.504901961,0.642550351,0.86484626,0.556490843,0.209658659,-0.648001342,0.025767372,0.020777248,16.25160969,0.412088397,0.00991222,-1.093312208,-2.896627805,0.023960286,0.236855238,0.236855238,0.203587384,0.275980128,0.06978201,0.004514619,,-0.011398845,1.218955954,22.54081322,2.576008307,0.199567765,20.82393381
600195,2019,0.932692308,-0.387019231,-0.125446961,1.133513739,0.24774626,-0.480178551,0.263381307,0.033837088,0.027309887,16.45193292,0.376850716,0.014862857,-0.261811279,-0.809714938,0.048024476,0.138309118,0.138309118,0.093143652,0.124662448,0.174605591,0.354819886,,0.002173166,1.261328256,22.70174564,2.366370102,0.29947009,21.12760233
600200,2016,-0.899838449,-0.94184168,-0.434184097,1.340610356,0.724959166,-0.435306309,0.533796758,0.011230269,0.006827939,15.88208579,0.382080764,0.004170686,0.778371933,,0.153749742,-0.456797266,-0.456797266,-0.462389958,-0.582895356,-0.027605992,-0.027276397,,0.016758165,1.619414406,22.27155949,1.655236793,0.11963219,21.31051413
600203,2016,0.741518578,0.088852989,0.164196009,0.924238253,0.010591607,-0.777278933,0.276430998,0.014669814,0.006685194,14.89375472,0.787669915,0.009066295,-1.615182132,-1.144919432,0.79092375,0.058140339,0.058140339,0.068604361,0.056645217,0.388828723,0.833738723,,0.015455269,3.144835992,22.61600344,1.147814616,0.093933361,22.23330479
600203,2017,0.313471503,-0.03626943,-0.3959863,0.981604435,1.083064206,-0.292578038,0.193001881,0.001384029,0.000436352,14.50948279,1.077457357,0.006051759,1.482564151,-0.814632182,1.523045158,0.314083328,0.314083328,0.312736541,0.308183329,0.119050951,0.163572974,,0.03114542,3.438232069,22.72848441,1.155331177,0.084326552,22.38480022
600203,2018,0.014705882,-0.036764706,0.61555615,1.208521866,1.846391865,-0.332999564,-0.080126107,-0.007736086,-0.002020207,14.99467517,0.711736713,-0.017292025,-0.098165272,,0.683530344,-0.124609727,-0.124609727,-0.111804748,-0.103532983,0.038975934,-0.056589913,,0.024990343,2.808392349,22.76671996,1.19941074,0.076416136,22.326546
600203,2019,-0.055288462,0.038461538,-0.012449666,0.660010018,0.729171728,-0.423190033,0.235334718,0.000409789,0.000166217,15.17460127,0.710709166,-0.010741292,1.413622598,-1.740192043,1.010763222,0.490297163,0.490297163,0.492869664,0.519049994,0.235882755,0.377904895,,0.044501264,3.545110176,22.97850545,1.06266468,0.057234386,22.64711015
600213,2016,-0.179321486,-0.231017771,-0.219339666,1.344466729,1.076680298,-0.692448755,0.326847111,0.04623493,0.002299111,14.61455857,0.109979709,0.002893947,0.024587609,-5.349216999,2.094581663,0.292536904,0.292536904,0.290037873,0.266976057,0.052254501,0.042268056,,0.028604038,16.60057086,22.2568655,1.57178661,0.048844316,22.19473593
600213,2019,0.995192308,-0.211538462,0.067837736,0.990480633,1.23268357,-0.383892182,-0.286393788,-0.133731362,-0.005678099,14.26912345,0.107930034,0.0007508,-2.379678062,,1.886197791,-0.477136319,-0.477136319,-0.426368751,-0.467678013,-0.298797366,-0.279703377,,0.031918791,51.18080982,21.95277136,1.21813147,0.057559088,21.93303938
600218,2017,0.336787565,-0.272020725,1.850882973,1.017055084,0.801011929,0.001883434,-0.264954488,0.005324288,0.002788463,14.88610968,0.760377087,0.005381885,0.306261665,-2.722956498,0.25632525,0.04816091,0.04816091,0.037191064,0.055663187,0.061295858,0.090950424,,,1.998542618,22.1286313,1.484210586,0.228397151,21.43475463
600219,2016,-0.60904685,-0.880452342,-0.185688691,1.036735918,0.09195214,0.1868279,0.114963319,0.014382181,0.010921483,17.0150582,1.41299178,0.017432691,-1.380023959,-1.811450204,0.297590088,0.281172087,0.281172087,0.303681495,0.328047984,0.040903649,0.059134553,,0.021017725,1.316894153,24.55398293,2.132416305,0.548710406,23.12951942
600219,2018,0.480392157,-0.901960784,-0.093441417,0.904001374,0.346563908,0.293925603,0.120874064,0.011421183,0.008649652,16.86844429,1.954589381,0.013203699,1.108976107,-3.237397186,0.037932919,-0.033044421,-0.033044421,-0.050818341,-0.058616037,0.059844473,0.040721096,,0.010774026,1.327548927,24.77303307,1.848207517,0.414207246,23.3735809
600219,2019,-0.336538462,-0.903846154,0.747338031,1.185822355,0.402706439,1.087351074,-0.386724068,0.013228271,0.010254839,17.42563029,1.20633726,0.013303401,1.915678198,,-0.038224746,0.229754474,0.229754474,0.177515057,0.133444484,0.047330373,0.03025081,,0.005829313,1.320495403,24.81927749,1.98952213,0.417040682,23.40338318
600220,2017,0.158031088,-0.347150259,0.133280209,0.934126333,1.392294829,0.237701555,0.062555167,0.015220402,0.007664689,15.26177246,0.566401066,-0.001595468,0.084899377,-4.54069219,0.501617,0.025041079,0.025041079,0.014388525,0.009742879,0.113562237,0.184030476,,0.024715463,2.083275336,22.35390074,0.960648969,0.31316503,21.69994857
600220,2018,-0.049019608,-0.240196078,0.146241076,0.880251488,0.890809829,-0.121896348,-0.043677574,0.010744992,0.005216482,15.23249886,0.597134811,-0.007645532,-1.066513871,-2.836900944,0.403158795,-0.269003235,-0.269003235,-0.213514512,-0.243603491,-0.035136957,-0.026517392,,0.024402591,2.103633028,22.31813163,1.022570365,0.375186257,21.67307325
600220,2019,-0.180288462,-0.247596154,-0.235281516,0.644006208,0.820353227,0.635842203,-0.222454949,0.000391431,0.000190722,15.31386359,0.519678347,-0.012953502,0.835220255,,0.596536882,0.030859219,0.030859219,0.02174244,0.023110126,-0.066684182,-0.089992262,,0.02868088,2.047208918,22.24911999,0.934596199,0.304870424,21.57877108
600221,2017,0.051813472,-0.906735751,-0.381346646,0.799977428,0.885205719,0.492428267,-0.942756172,0.007087336,0.002777481,17.33862275,2.150042755,0.037158364,-2.318017858,,2.670064936,0.063561902,0.063561902,0.069676839,0.078607608,0.059139785,0.142537978,,0.082026884,2.867629481,26.00646957,0.42330928,0.357869873,25.57653
600227,2018,0.769607843,-0.705882353,-0.083273201,0.946695979,1.267592735,0.873897116,-0.064940729,-0.216675336,-0.147829715,15.02344013,1.085807612,-0.007973863,-0.046840701,,0.380039807,-0.189690926,-0.189690926,-0.211824668,-0.271867068,-0.29259102,-0.153424163,,0.039510559,1.457759515,22.26107543,1.237748393,0.457965589,21.10276345
600229,2016,0.340872375,0.534733441,-0.139962229,0.98825907,1.353874813,0.394339614,0.248456976,0.027063417,0.019407015,15.12587283,0.621265285,0.022762937,0.401995713,-0.858581499,0.12196411,0.124914517,0.124914517,0.117876294,0.104941306,0.136062547,0.297509557,,,1.416458861,21.98043767,1.737649597,0.145766706,20.75631007
600229,2017,0.018134715,-0.492227979,-0.067233807,1.013517121,1.060871603,0.106740469,0.1686675,0.024547689,0.016332293,15.3726861,0.53272396,0.017827199,0.144795034,-2.668476345,0.035166632,0.066165141,0.066165141,0.0446777,0.051667993,0.093202794,0.022144276,,0.013495657,1.379125984,22.0695494,2.306325549,0.122889956,20.77821273
600229,2018,0.455882353,0.693627451,0.000270111,0.984325299,0.667156217,-0.008674135,-0.209808635,0.028904561,0.019791449,15.44383022,0.543156432,0.021935346,-0.571414154,-2.406793099,0.051227233,-0.075687968,-0.075687968,-0.076943197,-0.052346371,0.106587415,0.197354447,,0.017234158,1.4233899,22.17083028,2.538714283,0.102196784,20.95832722
600229,2019,0.555288462,-0.439903846,-0.174396894,0.833207873,0.776257821,0.159218915,-0.202825761,0.020863154,0.014339062,15.36053029,0.626429672,0.021325687,-1.811676789,,0.037428074,0.154707221,0.154707221,0.170861327,0.170029686,0.004771963,0.034290421,,,1.441317674,22.17559089,1.888169003,0.095562373,20.99204283
600231,2017,-0.129533679,-0.730569948,-0.08958928,1.165065597,0.505009198,0.631273377,0.06188258,0.05461825,0.025203939,15.81892842,1.010514602,0.007690055,-0.85331074,,0.516977859,0.054496365,0.054496365,0.113545772,0.124405931,0.10995634,0.118894999,,0.026063117,2.175539946,23.54103897,0.854302565,0.492821909,22.92548965
600233,2016,0.990306947,0.525040388,-0.33194771,1.027473391,0.66249282,-0.153966424,0.324028697,0.041004654,0.03172289,16.26903821,0.814149812,0.030947639,-0.015784781,-0.31069866,0.051007271,0.469510434,0.469510434,0.475717337,0.463263871,0.312055938,0.753645053,,-0.018426776,1.448768254,23.39580056,1.311173096,0.256062013,22.22383818
600233,2017,0.551813472,0.834196891,-0.068477389,0.983363073,0.635732902,0.197250616,-0.102233818,0.042223605,0.029521137,16.06942445,1.134929901,0.037745136,2.422862043,-0.03126412,0.372959165,0.156366095,0.156366095,0.169347875,0.166597702,0.386637502,0.732173045,,0.009435852,1.631180472,23.72268231,1.682452266,0.309707829,22.77321489
600233,2018,0.87745098,0.828431373,0.175010221,1.182724001,0.363028853,0.794812968,-0.100480533,0.035293957,0.021787284,17.22432022,0.517482197,0.005879912,-1.879157497,,0.02351267,0.045005043,0.045005043,0.042580473,0.053386728,0.210344363,-0.025434179,,-0.012414416,1.452577679,23.91358723,1.351828721,0.304174248,22.74745167
600233,2019,0.516826923,0.879807692,-0.313656247,0.843008889,0.206133839,0.023801618,0.211469754,0.027707819,0.019727616,17.48474609,0.442489145,0.012313708,0.431215799,-0.346463431,0.134826978,0.337015842,0.337015842,0.391700703,0.40645881,0.143017592,0.329163753,,-0.001622681,1.568158064,24.047259,0.861796312,0.389007244,23.03200166
600235,2018,0.419117647,-0.181372549,-0.106040275,1.220749759,0.887752232,-0.151954729,0.191864496,0.003445155,0.002019933,14.33622302,0.770733939,0.004398031,2.016611516,,0.436509457,-0.098863622,-0.098863622,-0.14468982,-0.180922746,-0.000697801,-0.040701178,,0.022061016,1.638866158,21.49596274,1.182563928,0.457147323,20.55389781
600236,2016,0.428109855,-0.799676898,0.06765616,0.665421693,0.143032724,0.183110817,0.080503079,0.057393739,0.021740721,16.83505112,0.796802798,0.036516259,1.159485118,,1.014001146,0.308106743,0.308106743,0.149420803,0.137670454,0.123851161,0.182501838,,0.026454566,3.042520056,24.5667935,0.413010388,0.812407611,24.16829173
600239,2018,-0.87254902,-0.107843137,0.340215205,0.932028934,1.085894752,0.217183988,0.303197457,-0.041993434,-0.003910967,15.3980338,1.510141591,-0.03748992,-3.021405394,-3.018042775,12.56584163,0.502262679,0.502262679,0.414470583,0.694455749,-0.058335612,-0.0208594,,0.065792564,18.24647868,25.13937396,0.93487222,0.030003202,25.08300984
600243,2016,-0.922455574,0.250403877,-0.386158536,0.863605679,1.354425461,-0.096340108,0.191434773,-0.006095776,-0.003874346,14.2980383,1.172057963,-0.024973485,-0.570337468,,0.7393787,-0.295453801,-0.295453801,-0.202872052,-0.237251006,0.000216322,0.08700845,,0.017971063,1.63405404,21.80830699,1.80778338,0.241189309,20.86162183
600243,2017,0.590673575,0.202072539,-0.146136658,0.927138306,1.522286592,0.324166791,0.013794312,-0.020708892,-0.012673695,14.23343759,1.207489858,-0.018766515,-3.374169662,,0.349632423,-0.031107088,-0.031107088,-0.028155983,0.040364978,-0.190664874,-0.208857889,,0.016237223,1.61109135,21.59676479,1.858331632,0.248360607,20.62734416
600248,2016,-0.470113086,0.848142165,-0.253485793,1.121587806,1.083341728,0.508105386,0.8382539,0.010257803,0.003830334,14.95403039,0.65060706,0.008131404,0.446862388,,0.740483536,0.19287086,0.19287086,0.178331223,0.172003193,-0.012655572,-0.051643307,,,2.560289038,22.40024874,1.397454245,0.09449253,21.90499967
600248,2017,-0.240932642,0.707253886,0.031160162,0.979204681,1.322358589,0.412576672,0.108561673,0.017919338,0.006991196,14.80319283,0.849034041,0.016635647,2.410923077,-0.240555004,1.3763739,0.82767513,0.82767513,0.790686886,0.812625329,0.541257175,0.66701765,,-0.046130556,2.933801247,22.83284717,1.338479028,0.079204131,22.41603586
600248,2018,-0.338235294,0.176470588,-0.138787722,0.976282803,1.071311831,0.399489815,0.023864455,0.016796332,0.005814192,14.78203441,1.092677086,-0.007712903,-1.367220092,,1.595676603,-0.121967551,-0.121967551,-0.105693656,-0.108294862,0.103584685,0.123616556,,-0.046326791,3.040528869,22.93141085,1.306966582,0.067324888,22.53258841
600248,2019,0.978365385,0.507211538,0.07550594,0.756522971,0.85459762,0.322066079,-0.064108907,0.063267356,0.021107524,14.84476891,2.33861604,0.261106312,2.5426534,3.524759271,52.39850942,23.29673067,23.29673067,23.08015547,23.34819128,21.42048334,28.75160447,,0.013762796,9.264216208,26.04138583,1.096969697,0.014139763,25.92547147
600250,2018,0.274509804,0.267156863,-0.268064685,0.817646591,1.191485984,-0.421689912,0.525776456,-0.012665353,-0.005155,14.2797282,0.482729441,-0.011965255,-0.50502915,-4.121726051,0.354089724,-0.233303172,-0.233303172,-0.195062392,-0.208150863,0.225920944,-0.093686833,,0.028897439,1.901291649,21.53115957,0.721587642,0.029894333,20.78469972
600251,2016,-0.686591276,-0.967689822,-0.321059641,1.027242105,0.814486232,-0.277402196,-0.070136481,0.013298855,0.007244229,15.59080925,0.39250896,0.014651978,-1.490169339,-0.552664461,0.382043505,0.738139433,0.738139433,0.657425536,0.824148773,0.099427896,0.086991546,,0.023005753,1.811724352,22.18675886,1.299638586,0.193781308,21.38388532
600251,2018,0.308823529,-0.975490196,-0.03368745,0.801159639,1.012289805,0.058941001,0.350779391,0.017788934,0.008421631,15.32544951,0.547609223,0.009519842,1.563628979,,0.256017235,-0.049974964,-0.049974964,-0.150462445,-0.140634578,-0.294913329,-0.744802804,,0.022129042,1.219650972,21.95226892,2.726486001,0.229511546,20.2379887
600251,2019,0.887019231,-0.930288462,0.404987027,0.895137698,1.27739614,0.135169153,-0.519205683,0.036328988,0.023276543,15.5345064,0.519907817,0.014460234,-0.15828405,-0.647559369,0.236689446,1.158545652,1.158545652,1.372697155,1.439902747,0.176332416,0.556014401,,0.022695727,1.312717688,22.11467039,2.148004194,0.210802011,20.68011638
600252,2018,-0.269607843,-0.862745098,0.099442938,0.782920003,0.657977892,0.130997813,-0.047466685,0.030821138,0.025193286,16.19490157,0.581933699,0.013944636,0.54902162,-1.475647235,-0.100801047,-0.036891605,-0.036891605,-0.029771403,2.284765244,0.608966198,1.828531296,,-0.032571345,1.480079323,23.21362383,1.657238052,0.160132549,22.08772421
600256,2016,-0.224555735,0.079159935,0.080637898,1.092098068,0.480067333,0.049321781,-0.006005845,0.01596411,0.004720499,17.00518792,0.560296668,0.018428347,3.848433691,-3.976810652,1.00792063,1.266796583,1.266796583,0.927816492,1.149367073,0.070329082,-0.030010741,,0.032662989,2.759288289,24.57942969,0.314108982,0.335466848,24.12936625
600256,2017,0.435233161,0.25388601,-0.117977997,1.093922688,0.994641355,0.804088098,-0.381226032,0.027281658,0.009282259,17.14591854,0.612785867,0.017236182,0.287805428,-2.922431205,1.176574868,0.072695014,0.072695014,0.130639783,0.157049425,0.050695445,0.074324238,,0.029911219,2.872954249,24.62888196,0.334772905,0.356098795,24.2010581
600256,2018,-0.568627451,0.681372549,-0.253221466,0.841447217,0.541380546,0.032244064,0.459916788,0.018877957,0.006622348,16.82950959,0.856837407,0.011965393,0.131298567,-3.319295522,1.60904913,0.049128763,0.049128763,0.065573902,0.098718727,0.007712818,0.022740745,,0.028543102,2.955505028,24.63656519,0.423466933,0.387426642,24.22354413
600256,2019,-0.266826923,0.201923077,0.214745999,0.769397771,0.849936366,1.070956016,-0.282264667,0.016957841,0.005575419,16.80219942,0.863599772,0.03499894,0.654040613,-2.374673864,1.424470636,0.496955015,0.496955015,0.400792068,0.392278007,0.101976149,0.101609136,,0.038010661,2.953581416,24.73367025,0.332733995,0.510385736,24.32031609
600258,2019,0.872596154,-0.889423077,0.535232255,0.78476826,-0.075535445,-0.048571144,-0.037402613,-0.006247305,-0.003371689,16.87993617,0.402329687,-0.008194514,-0.319856859,0.210583416,0.24652779,0.650893973,0.650893973,0.119662166,0.006794809,0.530134639,1.119300672,,0.1996358,2.986466144,23.94282845,0.315014922,0.08738486,23.5350949
600259,2016,0.357027464,-0.770597738,-0.261504702,1.376244243,1.276120592,0.316274134,-0.042767725,0.00789087,0.003338378,16.10023166,0.219789067,0.000273852,-1.378663317,,0.195287586,-0.574080965,-0.574080965,-0.543355271,-0.578032577,-0.146414068,-0.251155597,,0.023586191,2.054789934,22.17901352,1.831528291,0.069678609,21.51218153
600259,2017,0.727979275,-0.769430052,0.3561614,1.13231476,0.502795102,-0.449595037,0.345044308,-0.028159963,-0.013781661,15.80951782,0.27577701,0.00162262,-3.427860915,,0.115082386,0.348547189,0.348547189,0.258197488,0.333122083,-0.129592876,-0.154691333,,0.028569966,1.994137849,22.0402193,1.807833023,0.077019841,21.3441281
600259,2018,0.568627451,-0.796568627,-0.267073801,0.718586264,0.661767165,-0.82867277,0.560069705,0.005521528,0.002785765,16.01307455,0.207593644,0.000132438,1.507623174,-0.418068022,0.246511389,1.341791878,1.341791878,1.298068429,1.40166063,0.293275041,0.593578114,,0.018554985,2.592625648,22.29739709,1.802026155,0.053176251,21.81010997
600262,2016,-0.88368336,0.324717286,-0.311010481,0.584950757,-0.056444286,-0.483945392,0.167173187,-0.000509993,-0.000260215,15.16799637,0.243499359,0.000328645,0.030107112,,0.265661193,1.305175182,1.305175182,1.139211398,1.283138136,0.063097607,-0.0341996,,0.01059964,2.016786894,21.52757003,1.708880604,0.129878453,20.84271198
600262,2017,0.360103627,0.212435233,0.089365275,0.718111748,0.003610115,-1.517271916,0.905535198,0.03366589,0.015526924,14.99017934,0.34446176,0.002525697,0.179606698,-4.773064625,0.206178111,-0.160447321,-0.160447321,-0.186177679,-0.194378605,0.177572085,0.318279151,,0.010353835,2.29570333,21.69102479,1.515544309,0.102420655,21.1190392
600262,2018,-0.524509804,0.607843137,-0.184818459,0.667774534,0.544441748,-0.282407344,0.378629893,0.014329197,0.006636441,14.91146067,0.393006808,0.005674715,-0.243961287,-1.008454906,0.346362569,0.038770261,0.038770261,0.028880519,0.053881174,0.036457184,0.030033822,,0.007092836,2.27741564,21.72683314,1.837596907,0.092920039,21.14863084
600262,2019,0.819711538,-0.387019231,-0.168284176,0.732355193,0.513382952,0.233944621,0.051889246,0.010058567,0.004519527,14.8547642,0.43152143,0.007138088,0.399449652,,0.360294102,0.391848001,0.391848001,0.471139574,0.519578541,-0.023867259,-0.075421773,,0.142276457,2.133476809,21.70267644,1.696071407,0.090853789,21.07021322
600266,2017,-0.919689119,-0.898963731,0.038781502,1.107062701,0.629421372,0.314951284,0.492419526,0.020915792,0.00485541,16.45471448,1.751206221,0.078536766,-0.642198478,-1.950306805,4.372129572,0.865491134,0.865491134,0.98487306,1.308761177,0.12745098,0.125736313,,0.007101532,4.282813513,25.46819797,2.82414408,0.005201885,25.20015467
600266,2018,0.531862745,-0.870098039,-0.22718131,1.052883774,0.525265695,0.678358151,0.278431454,0.00957999,0.002284801,16.41319751,2.045282469,-0.062381987,-0.793848049,-2.199636657,6.438577631,-0.451172557,-0.451172557,-0.412596289,-0.542563903,0.095652174,0.121774457,,0.015055639,4.536553459,25.55954774,2.466313485,0.00483516,25.31506643
600266,2019,-0.646634615,-0.884615385,-0.079491313,0.801644169,0.462945074,0.778722659,0.345958178,0.01258962,0.002748828,16.27399742,2.392014424,-0.011477871,0.069187318,-1.995309418,8.083570191,2.130469753,2.130469753,1.799927704,2.844547598,0.063492063,0.078737427,,0.007111107,4.821132505,25.62110564,2.283667678,0.004834038,25.39085774
600268,2016,0.479806139,-0.011308562,-0.323319389,1.200438589,0.740551071,-0.238512041,0.087745997,0.003231178,0.000706456,15.05232006,0.742301295,-0.039072897,-0.262159951,,2.298079183,-0.239292709,-0.239292709,-0.215703003,-0.286968064,-0.088809964,-0.17199048,,0.025508546,3.302142855,22.96147462,1.106585929,0.114282976,22.60074337
600268,2017,0.248704663,-0.945595855,0.399712492,1.067462876,1.146682383,-0.083908326,0.20962468,0.004034484,0.001137088,14.94664022,0.947340797,-0.024819663,-0.114011935,,1.338399591,0.033883839,0.033883839,-0.018434457,0.041935414,-0.098877302,-0.13299291,,0.032376168,3.037411667,22.85736076,1.115404308,0.120182691,22.45803525
600269,2016,0.680129241,0.285945073,-0.226901535,0.960666717,0.349429717,0.399599956,0.213300899,0.01413336,0.006897117,16.27539267,1.364081871,0.023141523,0.177705614,-2.73192771,1.507077054,-0.030323796,-0.030323796,-0.036971616,-0.052173637,0.034699424,0.050669989,,0.027136816,2.096899188,24.22134108,0.947357159,0.652673957,23.57336869
600269,2017,-0.297927461,-0.422279793,0.139490165,0.755400372,0.513951028,0.280657954,0.066764569,0.023587301,0.011353955,16.10622699,1.632498248,0.070810099,1.055130087,,1.359849197,0.039367445,0.039367445,0.041298201,0.054546427,-0.000553582,-0.066833529,,0.029063324,1.954708438,24.22078735,1.35037167,0.617297489,23.50419702
600269,2018,0.370098039,-0.397058824,-0.225997147,0.823789542,0.342978094,0.392406284,0.165388837,0.003840864,0.001984456,16.0165245,1.875942868,-0.038893273,-0.74708662,-3.713639579,1.824442731,-0.17644233,-0.17644233,0.193423269,0.249185938,0.048130769,0.104077045,,0.031436764,2.059668428,24.26779571,0.852328931,0.716996401,23.60320675
600269,2019,-0.230769231,0.259615385,0.04426216,0.54112496,0.315718526,0.521757982,0.072618957,0.011869331,0.005705373,15.90235235,2.153444199,0.027334913,1.091592989,,1.746705652,0.506314554,0.506314554,-0.048305023,-0.068798379,0.029709609,0.005620552,,0.032746187,2.009844555,24.29707253,1.32034104,0.672301916,23.60881156
600271,2018,0.362745098,0.360294118,-0.306358274,1.206774987,0.254934913,-0.370296494,-0.226322479,0.025203985,0.015952322,17.43819892,0.371304825,-0.011950506,-1.492492628,-1.776298203,0.02140797,-0.259701815,-0.259701815,-0.256209767,-0.293426845,0.103079796,0.200620231,,0.016900999,1.692980621,23.86859124,2.447119382,0.052157225,22.97534734
600271,2019,-0.084134615,0.223557692,-0.200197989,1.103507624,0.5745832,0.128440217,0.723991509,0.025581409,0.01576979,17.05140358,0.590506211,0.019352032,0.774515118,,-0.072929042,0.041731369,0.041731369,0.004230932,-0.006607049,-0.066587029,-0.340212937,,0.29325823,1.407130242,23.79968369,2.466839972,0.062350197,22.55950921
600272,2016,-0.321486268,-0.250403877,-0.427087261,1.197134832,0.948724303,-0.212615957,0.42672901,0.012324496,0.00592361,14.36069379,0.291027057,0.006346099,1.610394543,,0.091007787,-0.053492139,-0.053492139,-0.087983352,-0.114878009,0.030626178,0.002961751,,,2.018969112,20.75210584,1.809512202,0.164519957,20.06831024
600272,2018,-0.710784314,-0.142156863,-0.075346153,0.897914053,1.013433914,0.50531753,-0.384526042,0.006017873,0.003017053,13.99847432,0.432941187,0.001636377,-0.154611216,,0.004985019,-0.106938341,-0.106938341,-0.097714217,-0.10730296,-0.047652782,-0.101348436,,,1.9422097,20.72520561,1.941793641,0.132319649,20.00185184
600273,2016,-0.444264943,0.437802908,-0.020055716,0.683165625,0.699358565,0.288413423,0.098042325,0.052458123,0.032700964,16.0428652,0.615190753,0.02507712,1.823861772,,0.075991989,0.059588548,0.059588548,0.026932015,0.009484323,0.16412079,-0.407852348,,0.008594573,1.277216679,22.87289928,2.25932019,0.459495079,21.3452602
600273,2017,-0.222797927,0.266839378,0.28796562,0.970433267,0.364408633,0.291250437,0.482400168,0.045392556,0.035311913,16.48346933,0.45449909,0.020832827,-1.369062782,-4.196849783,0.069602768,-0.028134985,-0.028134985,-0.073617952,-0.088135368,-0.061990611,-0.242622967,,0.015111292,1.212489638,22.80890396,1.940426559,0.527931891,21.06736611
600276,2017,-0.60880829,-0.194300518,0.03268298,1.088846439,-0.892908409,-0.397231987,-0.798639414,0.058281137,0.052151755,19.33220886,0.075920612,0.004107159,3.747647757,-0.89604524,-0.005696031,0.291924186,0.291924186,0.324348307,0.284181574,0.216664329,0.079795838,,,1.117819515,23.91833766,8.158171972,0.09468381,21.66835638
600276,2018,0.161764706,0.406862745,0.657950344,0.86389107,-1.120030406,-0.379805526,0.036497279,0.058440218,0.052111087,19.76823066,0.061122066,0.002671599,5.362821378,-2.53609309,-0.012333713,0.127921754,0.127921754,0.120581693,0.021871955,0.215695611,0.152267561,,,1.110990093,24.1136541,8.561887356,0.093973037,21.81008817
600279,2016,0.502423263,0.402261712,-0.321502418,1.006583268,1.03339096,0.195098006,-0.161843706,0.011968246,0.006146566,15.24884779,1.088004559,0.009822356,3.005581186,,0.895200433,0.113582994,0.113582994,0.119862165,0.125656677,-0.013265335,-0.111378799,,0.023755322,1.785367982,22.84953636,1.438444439,0.420272113,22.02830891
600279,2017,0.860103627,0.71761658,0.052090466,0.96546963,1.142048144,0.61432656,0.138576527,0.009555022,0.005346739,14.95591334,1.552073569,0.00993359,-1.749704693,-1.345136568,0.974601426,-0.289864612,-0.289864612,-0.28420694,-0.294773558,0.141625892,0.227861317,,0.013528285,1.897964008,22.98198983,1.31928572,0.391096809,22.2335828
600279,2018,0.625,0.387254902,-0.24257076,1.099535303,1.064605269,0.541599078,0.41351942,0.011529942,0.006110526,14.8307132,2.011910609,0.003378845,0.706189233,-1.103072634,1.926781052,-0.102485205,-0.102485205,-0.094584805,-0.108909053,0.330339101,0.330092118,,0.012292883,1.89764765,23.2674237,1.222508043,0.436294441,22.518831
600279,2019,-0.507211538,0.233173077,0.011230952,0.72571513,0.708139064,0.345103824,0.272761293,0.004487235,0.002352622,14.89167936,2.299306618,0.002677062,-0.662565462,,1.446817189,0.310804904,0.310804904,0.31948706,0.325079088,0.005651163,0.002178585,,0.018068289,1.891783811,23.27305895,1.194112548,0.521744781,22.52100722
600282,2016,-0.353796446,-0.741518578,0.186283112,1.708077627,1.760786263,1.470314021,-0.657595516,0.070542478,0.024057729,16.77759595,0.740611909,0.072472604,6.4240496,,1.08631542,0.275036362,0.275036362,0.167868177,0.163096994,0.149495174,-0.044301499,,0.034125885,2.279730003,24.43291751,0.810696897,0.492839916,23.85550961
600282,2017,0.440414508,-0.75388601,-0.153317055,1.214298943,0.592642819,1.061547798,0.048208881,0.06972498,0.030270441,16.63439747,1.156138477,0.062973754,-1.758518757,,1.123265015,0.114361682,0.114361682,0.18111068,0.202300787,0.050014334,-0.035580667,,0.024024844,2.064372689,24.48172132,0.840560776,0.458171788,23.81928053
600282,2018,-0.25,-0.784313725,0.003026414,1.019602107,0.539674294,0.717557553,0.232212169,0.036384539,0.017401627,16.45579712,1.541648622,0.041159456,-0.394088031,-2.453777389,1.241205386,0.010923655,0.010923655,0.050467448,0.045549804,0.07008344,0.066478264,,0.023048271,2.056996431,24.54945795,0.972537256,0.417775555,23.8836424
600285,2016,0.40549273,-0.819063005,-0.206328666,0.927466091,0.715035545,0.061303219,0.367709781,0.029375708,0.01984176,15.4968015,0.41391563,0.015890127,0.185730987,-1.396029114,0.123627086,0.325633837,0.325633837,0.341402724,0.104816928,0.070630726,0.242695914,,0.015383959,1.618919715,21.95851967,1.50131666,0.218933926,20.99698087
600285,2017,0.287564767,-0.689119171,-0.050647196,0.908746843,0.761385454,0.214299466,-0.107460315,0.035424818,0.022407277,15.32322459,0.479474337,0.02029537,-0.022942346,,0.075894399,0.05875895,0.05875895,0.028502817,-0.014572453,0.02514273,-0.024975423,,-0.005253202,1.571372595,21.98335152,1.600413908,0.219326101,20.97168827
600287,2016,-0.525040388,0.751211632,-0.317554938,1.224647048,1.250120164,0.245349807,0.123861124,0.015336665,0.00818705,14.94953827,0.711356488,0.010521396,0.660012991,,0.379087121,0.009480703,0.009480703,-0.006230518,0.012686543,-0.124243602,-0.307253633,,-0.011644263,1.608622637,21.98215307,1.482729074,0.092554762,21.01021791
600292,2017,-0.352331606,-0.440414508,0.093764687,1.082794505,1.026470256,0.080357061,0.166938427,0.009295033,0.005415118,15.31463671,1.186831237,0.006660836,0.254107059,-4.135116105,0.696891572,0.269963371,0.269963371,0.265832769,0.327043792,0.019950986,0.037256355,,0.035197922,1.734560319,22.93627745,1.11487413,0.381971449,22.07704033
600295,2019,-0.512019231,-0.033653846,1.600533279,1.4553755,1.254591425,0.928586316,-0.16612515,0.037162123,0.013426063,15.89950906,2.321306053,0.078541126,2.34537444,,1.586796429,0.451958325,0.451958325,0.272003781,0.36032013,-0.056751972,-0.155295849,,0.022982018,2.389115094,24.54129403,0.791756902,0.429565168,23.99903791
600298,2016,-0.114701131,-0.49273021,0.371827262,1.186735468,-0.703554142,-0.646320496,-0.14047357,0.060005067,0.029929877,17.03995935,0.156540203,0.009644148,2.347564859,-2.582330043,0.118463424,0.143284711,0.143284711,0.139768543,0.136284828,0.128103815,0.102406552,,0.027916065,2.012165724,22.86077433,0.935895423,0.523269699,22.17365503
600298,2019,0.144230769,-0.221153846,0.08327074,1.102681862,-0.64697227,0.024384429,-0.247350258,0.064306342,0.035866003,17.65970374,0.128323107,0.010024732,1.484014893,-5.051065071,0.084896693,0.205513843,0.205513843,0.248519207,0.382077021,0.165921967,0.098031222,,0.010090215,1.755533393,23.2089424,1.35840508,0.438322437,22.36583837
600302,2016,-0.350565428,-0.137318255,-0.491279465,1.013603087,1.537736883,-0.057064208,0.085044211,-0.003103083,-0.002425644,14.57826669,0.612624313,-0.007268056,-1.813892135,-4.211954902,-0.000868285,0.006223197,0.006223197,0.009450172,0.052381296,-0.020742863,-0.013061255,,0.009204122,1.296065751,21.21448281,3.760960977,0.118872523,19.73797576
600302,2017,0.766839378,0.373056995,0.237943012,0.874093842,1.493633344,0.483498848,-0.46950374,-0.008571695,-0.006646931,14.32226571,0.769725704,-0.009933444,2.165808964,,0.084282973,-0.22783963,-0.22783963,-0.184129397,-0.244751925,-0.021175621,-0.097718359,,0.012729569,1.266738302,21.19307977,4.008813394,0.114896016,19.63514719
600302,2018,-0.595588235,-0.080882353,-0.148631137,0.957834181,1.71511294,0.496812747,-0.200840291,-0.015078229,-0.011965215,14.23607264,0.808366437,-0.006564816,-3.008096706,,0.069415466,-0.025844406,-0.025844406,-0.099913299,-0.050042646,0.043079541,0.520120609,,-0.035877779,1.442737663,21.23525721,2.803768471,0.098014624,20.05393687
600302,2019,-0.564903846,-0.141826923,-0.085080729,0.892216839,1.257581692,0.069616592,-0.224806397,-0.001633198,-0.000977282,14.22256789,0.793018939,-0.010405689,3.36786996,1.297824245,0.429834283,1.383002906,1.383002906,1.368384165,1.683580569,0.303057194,0.780029684,,0.040844883,1.721767639,21.4999704,2.108992889,0.066976759,20.63056692
600305,2017,-0.564766839,-0.305699482,0.982428222,1.145624097,0.018549491,0.335185896,-0.631889258,0.044361426,0.032697014,16.03447344,0.224873637,0.005045845,-1.189379994,,0.027920008,0.094299152,0.094299152,0.087445773,0.056454457,0.056489447,-0.270065359,,0.038916143,1.241293,21.7588337,2.491579062,0.336224569,20.12093681
600305,2019,0.689903846,-0.331730769,0.014872967,0.915577045,-0.447303454,-0.28449886,-0.075281593,0.033327531,0.025879109,16.8640125,0.116827896,0.004154019,0.380804434,,0.022158771,0.085856028,0.085856028,0.132699895,0.134526172,0.109770605,0.148023687,,0.011261773,1.29273123,21.92394315,2.586347955,0.278238181,20.43868554
600310,2016,0.893376414,-0.864297254,-0.430326494,0.920930001,0.140250418,-0.86346719,0.26558668,0.002610619,0.000664519,15.34513338,0.614007489,-0.021393749,-0.399439763,-1.01989019,2.948412689,0.605206105,0.605206105,0.602518581,0.634155374,0.203282873,0.306452981,,0.040872195,6.023820579,23.35147923,0.556946326,0.205481292,23.16994824
600310,2017,-0.906735751,-0.810880829,0.271144873,1.04134897,0.405181834,-0.852368342,0.600447763,0.036986046,0.005777939,15.09229761,0.665517768,0.065593754,0.085352855,-2.36027656,2.538932526,0.177823214,0.177823214,0.166522235,0.179238402,0.18421163,0.202367257,,0.038420234,6.526506622,23.52055649,0.762119603,0.176054502,23.35424056
600310,2018,0.259803922,-0.095588235,-0.242573794,1.145266877,0.664262315,0.015775669,0.492387468,-0.005775987,-0.000814378,15.02266656,0.752256088,-0.044527148,-0.442115284,-1.66599812,3.997811644,0.043838948,0.043838948,0.055813261,0.047223576,0.166357845,0.199927066,,0.023952049,7.760963029,23.67444243,0.647243685,0.164093648,23.53650134
600310,2019,-0.790865385,-0.802884615,0.101114504,0.780223987,0.952273715,0.653849792,-0.087451389,0.013101317,0.001743644,15.03970187,0.746969839,-0.067792613,0.986371649,-0.946421375,4.926607114,0.491992092,0.491992092,0.478434309,0.500077156,0.202585534,0.224512807,,0.022253091,8.852226816,23.85891628,0.750439573,0.321373091,23.7390444
600312,2016,0.505654281,0.557350565,-0.596108392,1.175665038,1.05869904,0.311312532,0.032384902,0.010236096,0.005239989,16.29501809,0.77233025,-0.005445457,-1.075602676,-1.47704634,1.213921397,-0.36305792,-0.36305792,-0.25100127,-0.282756665,-0.001502187,0.002318035,,0.027620269,2.181819833,23.68162671,1.360939897,0.154170599,23.06852288
600312,2017,-0.054404145,0.917098446,0.377958394,1.007691924,0.860955096,0.098169995,-0.450418731,0.005828554,0.002559514,16.12473158,0.910659268,0.002145521,0.548199394,-1.119828844,1.038331105,0.18435624,0.18435624,0.104987277,0.123777529,0.134995535,0.207175797,,0.020078934,2.359127266,23.80825543,1.350026604,0.133925484,23.25680646
600312,2018,0.142156863,0.894607843,-0.041645195,1.019703882,1.400427753,0.17191182,0.53550284,0.004767762,0.001958503,16.08358459,0.96488041,0.002288231,-1.018076139,,1.07893946,0.038636902,0.038636902,0.034499799,0.054695286,-0.007487386,-0.023319015,,0.013883554,2.309067781,23.80073987,1.244443418,0.125615681,23.23321125
600312,2019,-0.682692308,0.610576923,-0.220294052,0.859240416,0.879274907,0.184234955,0.093071325,0.003211892,0.001374268,16.02573338,1.034429462,-0.004609516,-1.923899692,,1.154638411,0.093271354,0.093271354,0.095145853,0.115812391,-0.05756966,-0.106814853,,0.006213688,2.161232463,23.7414466,1.294009164,0.12385213,23.12024987
600316,2016,0.441033926,-0.357027464,-0.428837387,1.135364931,0.748793784,-0.645937621,0.185723127,-0.005194761,-0.002391771,16.10134828,0.51216176,-0.002808026,1.712307364,,0.660255831,-0.537528284,-0.537528284,-0.515432612,-0.539546366,-0.101054217,-0.164485084,,,2.004524124,22.99665581,1.100175762,0.209206082,22.30576304
600320,2016,-0.227786753,-0.961227787,-0.187959059,1.370259472,0.302091099,0.084191239,0.250305509,0.003657484,0.000969074,16.51153072,1.120424528,0.004702816,0.520401794,-2.060021284,3.793166128,-0.051351408,-0.051351408,-0.053963633,-0.087274113,0.140857383,0.179072075,,0.021893153,4.148570127,24.96952777,0.92887283,0.250233154,24.69371246
600320,2017,0.930051813,0.158031088,0.073189996,0.935865017,0.566094372,-0.02270403,0.186840925,0.002970843,0.000737273,16.28217156,1.455205694,0.005573432,0.81275606,-2.214896723,4.002311607,0.01143719,0.01143719,0.032062354,0.048892575,0.059451363,0.066731839,,0.023125157,4.240316827,25.02727896,0.92962458,0.246887209,24.75831208
600320,2018,0.100490196,-0.904411765,-0.238381924,0.936729316,0.442334971,0.177401861,0.317248742,-0.000117312,-1.28e-05,16.21813601,1.566011177,-0.01195499,0.506053386,-1.748711613,6.227339636,-0.103603866,-0.103603866,-0.118174339,-0.12262384,0.058365075,0.09989455,,0.018081593,4.858000259,25.0840043,0.756553367,0.24415097,24.85352639
600320,2019,-0.057692308,-0.935096154,0.181817298,0.861457594,0.57487922,0.312047552,0.237444622,0.006114134,0.001259891,16.16859221,1.574338256,0.002899328,-0.10349146,-5.192826176,5.345764123,0.120179673,0.120179673,0.157768983,0.23750843,0.029606135,0.01858548,,0.009480417,4.665344393,25.11318063,1.153431937,0.241717707,24.87194128
600323,2017,-0.178756477,-0.295336788,0.107010454,0.971335302,0.312865166,-0.086092775,0.526219076,0.03696446,0.015444425,16.2465474,0.555918664,0.014163264,0.153587554,-1.236267441,0.602789209,0.166278362,0.166278362,0.224090521,0.240047048,0.246754583,0.339656685,,0.018928233,2.706957985,23.6251612,0.68728592,0.190928066,23.16404854
600325,2017,-0.474093264,-0.199481865,0.042320585,1.270429075,0.642365174,0.870486056,0.319314397,0.02013322,0.003056772,16.50314958,1.826963082,0.045623533,0.27217735,-1.438659039,8.482186882,0.508530928,0.508530928,0.456380052,0.312492809,0.314102564,0.28528661,,0.001732696,5.811162902,26.04627582,1.705357143,0.00327697,25.85959211
600326,2017,0.878238342,-0.132124352,0.280164266,0.980316483,0.869884879,0.204140866,-0.560616437,0.054868806,0.026551739,15.64569904,0.667503768,0.001894693,0.557128579,,0.32959158,0.117435171,0.117435171,0.140748187,0.110471716,0.07923982,-0.001939596,,0.024007896,1.904622823,22.89084176,1.3844031,0.296270658,22.14632058
600326,2018,-0.31372549,-0.066176471,-0.077319331,1.025735349,0.951970817,0.445959097,0.204448613,0.051010932,0.026872004,15.60088402,0.842192361,-0.012247854,-0.411337629,-0.746245988,0.401442509,-0.020810132,-0.020810132,0.064819889,-0.0255409,0.38755503,0.551947823,,0.024851039,2.133258253,23.21838499,1.581719147,0.218311591,22.58583138
600326,2019,0.108173077,-0.091346154,-0.059191621,1.150642775,0.680714327,0.387266259,0.444899752,0.032240254,0.015655486,15.76513159,0.894083846,-0.008318281,0.632451389,-3.691986815,0.575375888,0.092265786,0.092265786,0.172047343,0.156980623,0.085941106,0.01775873,,0.020442231,1.991552798,23.30083198,2.047430766,0.222762972,22.60343426
600328,2019,-0.389423077,-0.961538462,1.01125769,1.045536807,0.932372889,1.055092882,0.146640254,0.026766942,0.012540459,15.27896279,1.601590351,0.035191157,-1.041357984,,0.712104604,0.473586204,0.473586204,0.262103463,0.327297262,0.021678185,-0.0815552,,0.058542167,1.883398583,23.3851391,0.663984193,0.589463077,22.62808241
600329,2017,0.165803109,-0.797927461,-0.252531813,1.049484232,-0.18729261,-0.700080145,-0.455114685,0.027123395,0.018550293,15.94338949,0.589535899,0.023692484,0.920440791,-3.311268022,0.078329977,0.135423118,0.135423118,0.132715233,0.146758045,0.078660776,0.023693368,,-0.019538608,1.443960025,22.7474378,2.279121637,0.140890818,21.56802769
600330,2019,-0.814903846,0.567307692,-0.025628731,1.396211006,0.716293188,-0.837577277,0.250442739,0.02511283,0.016136796,16.06859774,0.50053881,0.01085412,0.520982517,-2.901569937,0.212228431,0.303919488,0.303919488,0.278969606,0.247563398,0.108265619,0.144175382,,0.027655212,1.600162261,22.78501065,1.448067389,0.270111849,21.80435039
600332,2019,0.524038462,-0.983173077,0.06741888,0.805794119,0.146843144,0.310106955,-0.023370858,0.040308128,0.019387951,17.58547166,0.650261163,0.035807266,0.281080545,-2.10350226,0.198423125,0.185723387,0.185723387,0.166586537,0.170005056,0.135963449,0.1572954,,-0.007023118,2.089503595,24.86001399,1.661031417,0.046641714,24.20880964
600335,2019,0.480769231,0.1875,0.307459833,1.033140866,0.735725656,0.18910205,0.085582991,0.000354665,5.17e-05,15.53298722,1.863105253,0.003342189,0.130339218,,2.603017978,0.26454009,0.26454009,0.277994859,0.291638014,-0.153050382,-0.22204821,,0.023852587,2.688486653,24.04965142,1.354151996,0.086734819,23.58450562
600336,2018,-0.399509804,-0.431372549,0.361179188,1.162536191,1.534618393,0.998281168,-0.759391546,0.010214147,0.003331702,15.10622473,0.587683438,0.004551361,1.880926451,-1.236957081,0.654239704,0.001265972,0.001265972,-0.003231687,0.0035019,0.126797632,0.150817566,,0.001020396,3.150852354,22.67761378,1.072328325,0.0876655,22.29580498
600338,2016,-0.063004847,0.331179321,-0.456255615,1.132449955,1.254669732,0.766396077,0.309006156,0.169116689,0.108222147,15.57726086,0.288994787,0.068202335,1.921144082,0.966389108,0.351529086,-0.055243405,-0.055243405,-0.078206589,-0.177884748,0.943639902,2.407458525,,-0.016350581,1.996348114,22.19691435,2.112628297,0.228358653,21.50193621
600338,2017,0.862694301,0.689119171,0.201137883,1.042777004,0.517954738,-0.250139912,0.381349821,0.104132431,0.053940231,16.42766066,0.186401074,0.008282247,-2.400429553,-1.95568751,0.089498625,-0.201798148,-0.201798148,0.08818097,-0.092278889,0.070518999,-0.003191112,,0.020054928,1.868184829,22.26505792,1.808015098,0.267138032,21.49873999
600338,2018,-0.348039216,0.745098039,-0.437007647,1.021616494,0.717071033,-0.502184372,1.019917848,0.06481737,0.034411392,16.0494625,0.290443716,0.012061427,-0.662536232,,0.203215176,-0.197541976,-0.197541976,0.166714402,0.26110988,-0.105816087,-0.234121084,,0.346738257,1.661237154,22.15321412,1.299739563,0.339901768,21.2320088
600338,2019,-0.199519231,0.771634615,0.439437929,1.371723115,0.673757081,-0.473565502,-1.044061253,0.015595215,0.00951283,16.12449576,0.24579376,0.015749578,-1.821587534,-2.243952888,0.114441007,0.402758468,0.402758468,-0.108840131,-0.184594093,-0.092963629,-0.204041452,,0.084341893,1.536792794,22.05564139,0.373407049,0.385211033,21.00380063
600339,2018,0.522058824,0.409313725,-0.463311681,0.886637136,0.851107613,-0.018729967,0.792025845,0.002953661,0.000741941,16.00553599,2.933364867,-0.032855926,-0.199782761,-3.920722434,3.576007383,0.326077408,0.326077408,0.321601439,0.343815698,0.057860883,0.070336752,,-0.02393121,4.151164165,25.31878439,1.256024882,0.050493859,25.04316754
600339,2019,-0.391826923,0.088942308,0.253648648,0.982108119,0.637658715,0.77542976,0.293416678,0.012208214,0.00296035,16.59139835,1.515611644,0.008486399,-0.271573324,-2.240018308,3.395874811,0.153695543,0.153695543,0.150477418,0.144249294,0.070280259,0.072919724,,,4.2568153,25.38670493,1.23668764,0.047401341,25.11355118
600340,2016,-0.214862682,0.573505654,-0.220744966,1.494015654,-0.622677671,0.242357644,0.312713505,0.033249642,0.005652119,18.35918607,0.662826758,0.029919568,0.447384513,-1.211286449,3.383384929,0.571251771,0.571251771,0.785871736,1.009814553,0.190769231,0.181860323,,0.007195074,5.584019427,26.68169053,1.547413793,0.007500895,26.48478612
600340,2017,-0.082901554,-0.088082902,0.246290232,1.24944947,0.018855571,1.005260671,0.322150118,0.033679983,0.005766235,18.22104143,0.767032227,0.031450013,0.484902865,-1.439769257,3.431753807,0.107386906,0.107386906,0.008787758,0.045039464,0.180878553,0.267266308,,0.004936492,8.417636639,26.84794923,1.52014652,0.011323525,26.72164819
600340,2018,-0.100490196,-1.0,-0.281697978,1.258315896,0.099573772,0.789907088,0.613065641,0.043718784,0.005910696,18.14257054,0.892467353,0.045151723,0.288850428,-2.978465626,5.143737176,-0.035068549,-0.035068549,0.03706604,-0.001188387,0.09190372,0.029156027,,0.015436969,5.935259708,26.93587193,1.530201342,0.01490208,26.75038726
600343,2016,0.415185784,0.473344103,-0.478907577,0.928173488,-0.14079181,-1.348778903,0.485368444,0.000820196,0.000501217,15.94759999,0.32287894,0.000618005,-0.633976057,,0.123503317,0.014809845,0.014809845,0.012193531,-0.010000502,-0.042971562,-0.119584812,,0.004746072,1.573955063,22.16571964,2.12024873,0.183349763,21.15692387
600343,2017,-0.443005181,0.865284974,0.09993594,1.027414879,0.400963761,-1.422991723,1.024112414,0.001171314,0.000743141,15.58311402,0.463415477,0.000622703,0.838386453,-1.42879817,0.14045766,0.207591255,0.207591255,0.212179256,0.250836537,-0.020036553,-0.057012459,,0.006896578,1.540591355,22.14547964,2.155005292,0.183633048,21.09822166
600343,2018,0.81372549,0.034313725,-0.251068405,0.926855289,1.102663657,-0.638519115,0.55839659,0.001345617,0.000823582,15.54299063,0.473359001,-0.003525792,-2.690123989,,0.232181354,-0.391263798,-0.391263798,-0.358955908,-0.410692779,-0.069085226,-0.08831337,,0.005717973,1.523579114,22.07389209,2.149684897,0.197114978,21.00576271
600343,2019,-0.675480769,0.408653846,0.255305537,1.199519393,1.050564448,-0.416956918,-0.253581693,0.001475776,0.0009447,15.65484447,0.391725856,-0.001379274,2.152982825,,0.156652452,0.042879817,0.042879817,0.009539622,0.015814092,-0.016947108,0.01057941,,0.008946413,1.546248301,22.05679974,2.075546792,0.189431024,21.01628655
600345,2017,0.660621762,-0.248704663,0.005623464,1.170450233,0.960125245,-1.06702985,0.465124202,0.036942418,0.034015422,15.40679145,0.381458499,0.007258193,-1.856938484,,-0.03186614,0.152642295,0.152642295,0.017188252,0.08213414,0.118603906,-0.339240868,,-0.115465342,1.051406404,21.45246795,4.013660956,0.01836658,18.43434674
600345,2018,0.019607843,-0.129901961,-0.267713609,1.005104384,1.367447387,-1.073906912,0.769418065,0.011710103,0.011046379,15.27066893,0.456089551,-0.001815781,-0.263192684,-3.539041118,-0.014253329,-0.178396519,-0.178396519,-0.20070586,-0.27800003,0.027726259,0.483439433,,-0.012230037,1.075931805,21.4798168,2.551862998,0.01726702,18.82871007
600346,2017,-0.300518135,0.044041451,0.182450109,1.132556527,0.399687166,0.24335387,0.130662914,0.04906354,0.013280239,16.79327215,1.652264937,0.008515344,-1.884577247,-0.107359722,1.512067025,0.600365302,0.600365302,0.519209708,0.546980341,0.648401648,0.905161676,,0.011908416,5.197607265,25.76669095,0.557146973,0.360007149,25.55434471
600346,2018,0.296568627,-0.816176471,0.16756343,1.069525406,0.485011654,0.483065771,0.28945529,0.084421173,0.016950738,18.01097375,0.503461226,0.033398169,2.222820155,-0.587395433,1.968976409,0.59113461,0.59113461,0.607853163,0.552097613,0.2,0.171976927,,0.024910717,4.739902469,25.94901251,0.536322683,0.471843556,25.71303671
600348,2017,-0.25388601,-0.875647668,-0.173632271,1.14339451,0.581745288,0.855257282,0.161946233,0.02921197,0.012463119,16.4400537,1.461717248,0.039377657,0.854133537,,1.058185037,-0.076795762,-0.076795762,-0.10722229,-0.113850065,0.04850863,-0.107628078,,0.02358189,1.964160412,24.52315894,0.681113745,0.444590205,23.81159646
600350,2016,0.13085622,0.512116317,-0.309549174,0.997440415,0.256191821,0.208453039,0.168068575,0.043012705,0.025065128,17.13022447,0.987222243,0.024205715,-0.622723165,-1.556940991,1.073270081,-0.225631578,-0.225631578,-0.145818077,-0.147520929,0.192897786,0.244587194,,0.01365983,1.869827232,24.72736619,1.954110077,0.097769447,23.96205948
600351,2016,0.499192246,-0.841680129,-0.072760395,0.790325868,0.718636532,0.042313865,0.109328225,0.016746374,0.010656554,15.48502151,0.541370591,0.011190361,2.263117768,,0.201456756,0.223609057,0.223609057,0.207392374,0.095571764,-0.044051013,-0.228962701,,0.02264333,1.404513024,22.15479794,1.509587801,0.413839284,20.91003596
600351,2017,-0.725388601,-0.764248705,-0.131380014,0.956601196,0.575280922,0.062102687,-0.305657867,0.025007969,0.01683524,15.41358009,0.615184872,0.016094496,0.269621403,-1.287264345,0.190920304,0.090622642,0.090622642,0.072769721,-0.042178267,0.128944714,0.533034211,,0.022049436,1.642301169,22.27608126,1.276253884,0.344468908,21.33728487
600353,2018,0.098039216,0.291666667,0.156386872,1.136398504,0.505566994,-0.925476195,0.83051277,0.015239654,0.010684166,14.86438617,0.443987551,-0.00123935,-0.381645066,-3.278192203,0.063118795,-0.241522299,-0.241522299,-0.177714426,-0.198441487,-0.165887906,-0.413245515,,-0.044464657,1.266711391,21.08053867,3.407310949,0.15159079,19.52252645
600353,2019,-0.658653846,0.331730769,-0.125384123,0.993115769,1.170071589,-0.208460757,0.642783811,0.018322166,0.013726259,14.84208869,0.440779536,0.00381019,-0.088695221,,0.065942367,-0.082834816,-0.082834816,-0.148884444,-0.151475339,0.162133132,0.330203241,,0.156261205,1.317531692,21.23079589,2.879638054,0.154535691,19.80785819
600354,2016,-0.957996769,0.163166397,-0.326980643,1.061197617,1.610863962,0.853442389,0.144903645,-0.038382991,-0.020540123,15.0009233,0.423186049,-0.024329999,-0.389647004,,0.385009106,0.443705668,0.443705668,0.036293076,0.254209678,-0.332243531,-0.303412907,,0.017416404,1.997709799,21.41884575,1.284450745,0.245812241,20.7245515
600354,2017,0.015544041,-0.629533679,0.242913382,0.61911004,0.460136717,-0.833487992,0.713557629,-0.050419055,-0.023323394,14.67671235,0.403266937,-0.012359432,0.311266989,-2.049496154,0.241319019,1.21095625,1.21095625,0.72579842,1.497365746,-0.041359528,0.233914027,,0.020008134,2.799843406,21.37660658,1.016849902,0.265254395,20.93474275
600362,2016,-0.172859451,0.008077544,-0.065884144,1.539867064,0.685597781,1.215648534,-0.16906619,0.014054173,0.007396871,17.45507616,1.319505479,0.025044444,0.457206754,-2.584377973,0.785850324,0.06831294,0.06831294,0.070857883,0.065629909,0.060323299,0.084937963,,0.016751469,1.956257668,25.32719386,1.531975362,0.179728535,24.61143268
600362,2017,-0.57253886,-0.888601036,-0.00923284,1.077858934,-0.198328318,0.123216863,0.259815854,0.014452845,0.007321607,17.2214385,1.72298958,0.023706901,0.524236866,-1.276112482,0.913391039,0.0,0.0,-0.009615385,0.0,0.33165311,0.575613119,,0.012650554,2.367254508,25.61361497,1.237862731,0.15781263,25.06607716
600362,2018,-0.634803922,-0.977941176,-0.146512657,1.094959249,0.148852694,0.283344716,0.323504715,0.010539744,0.004738133,17.18767622,1.928846741,0.007084698,-0.55646597,-0.854657884,1.680596258,0.4,0.4,0.417475728,0.415841584,0.142857143,0.226715343,,0.01236574,2.626069628,25.74714636,1.235143616,0.138928675,25.27041731
600362,2019,-0.475961538,-0.995192308,0.648833254,1.763377901,0.603777632,1.14937212,-0.42224474,0.013946946,0.005612497,17.54383443,1.487890434,0.01879151,1.495851298,-2.632813343,1.187820936,0.544217687,0.544217687,0.493150685,0.51048951,0.098684211,-0.012108398,,0.00871552,2.256042634,25.84125965,1.386858234,0.124988119,25.25823501
600363,2016,0.399030695,0.211631664,-0.349007467,1.019275338,0.909035464,-0.643437332,-0.024070195,0.024831927,0.014724707,15.48821149,0.471758469,0.010571262,0.676903271,-2.04051225,0.300517961,0.235625381,0.235625381,0.240553992,0.285372666,0.062880502,0.038165554,,0.030063143,1.6894651,22.21186241,1.392065123,0.116350904,21.31561124
600363,2017,0.277202073,-0.461139896,0.438597924,0.926914777,0.28912965,-1.420860601,0.244728502,0.023295136,0.013824803,15.19532123,0.684405745,0.005451557,0.91888746,-0.727039553,0.30167151,0.234106131,0.234106131,0.232772379,0.244513815,0.251815091,0.502831478,,0.033333639,1.960511448,22.43645698,1.24031859,0.097938954,21.72296222
600366,2016,0.88368336,-0.340872375,-0.374670016,1.187980529,0.941103167,-0.047239459,-0.081723996,0.020802762,0.016025285,16.01354698,0.532094597,0.00379581,0.421045842,-1.720751075,0.119109425,0.221079453,0.221079453,0.393001913,0.420546104,-0.071062029,-0.262512067,,0.018831258,1.246107285,22.44732441,2.702648853,0.165083694,20.82531217
600366,2017,0.624352332,-0.380829016,0.482964211,1.172297715,1.355994323,-0.122137614,0.270930028,0.008844348,0.00709508,15.59597857,0.780725502,0.012044229,-1.996428408,,0.082663569,-0.201162835,-0.201162835,-0.16458626,-0.186148595,0.032086665,0.237240085,,0.01879127,1.310202481,22.47890705,2.583487602,0.20150947,21.03819533
600366,2018,0.691176471,-0.490196078,-0.381347811,0.704474836,0.871822923,-0.791291006,0.318629283,-0.002363375,-0.001804032,15.63734479,0.705928428,-0.004064174,-0.306143914,-0.90437043,0.199044071,0.223693969,0.223693969,0.157186754,0.227425451,0.001957774,0.041368932,,0.012270436,1.326386453,22.48086291,2.443279366,0.204758555,21.07873146
600368,2016,0.586429725,-0.974151858,-0.244427201,1.140005978,1.179695198,0.300866849,-0.187604283,0.030313027,0.008766138,15.32787566,0.73238683,0.043146084,0.850326218,,1.824124862,0.054200733,0.054200733,0.077740037,0.233155025,-0.036507534,-0.070429649,,0.030950888,3.13397876,23.07872065,1.329721126,0.591655767,22.69440549
600368,2017,0.945595855,0.699481865,0.475300551,0.99589759,1.16314046,0.785662062,-0.204270347,0.063373485,0.020672679,15.2432595,0.864083204,0.124289575,0.924160905,,1.220968736,0.237610114,0.237610114,0.333787252,0.54264292,0.057657945,-0.024980912,,0.026343483,2.686108072,23.13477763,1.841039751,0.510400634,22.66910726
600368,2018,-0.056372549,0.862745098,-0.263640286,1.146963216,1.015393752,0.861980101,0.238094798,0.026993716,0.010185466,15.37008613,0.898249572,-0.009513414,-0.322724292,,1.49971686,-0.225951657,-0.225951657,0.030502918,0.068611166,-0.044583811,-0.079201633,,0.027681185,2.53145359,23.0891694,1.630424337,0.505050932,22.58659306
600368,2019,-0.766826923,0.783653846,0.037272951,0.740328075,0.667732993,0.654156647,0.009821171,0.062361225,0.025590576,15.20232519,1.152655218,0.048251764,0.230632825,,1.268397953,0.168228,0.168228,-0.298923754,-0.28852758,-0.051491159,-0.203165976,,0.017429126,2.033471219,23.03630523,1.415911584,0.513766099,22.35948419
600370,2018,-0.284313725,0.416666667,0.06731906,0.785744057,0.694396872,0.280971756,0.215886729,0.014309089,0.012620082,14.67074162,0.677833642,0.006148791,0.482126434,,-0.400360071,-0.222313747,-0.222313747,-0.235530676,-0.216724245,-0.006360092,-0.128196604,,,1.11531518,21.29604172,8.357885567,0.11737504,19.02681848
600370,2019,0.677884615,-0.180288462,-0.068465274,0.53751259,0.849185578,0.121207749,0.111196937,0.087976533,0.068388563,14.76992021,1.902874592,0.067842284,0.813126053,3.476968189,1.121210204,24.08279135,24.08279135,26.72360205,27.1477204,5.926519176,33.88418382,,-0.004794603,2.086453286,23.23139913,1.474932027,0.264294583,22.57885202
600371,2017,0.279792746,-0.248704663,0.373862157,0.795200991,0.776859029,-0.133793932,0.279975905,0.044748827,0.028127714,14.35556542,0.305306567,0.005551692,-0.182626847,,-0.059144177,0.065900488,0.065900488,0.007364971,-0.006870491,-0.033840703,-0.255751962,,,1.447378393,20.52209891,2.383123407,0.126169001,19.34799447
600372,2018,-0.693627451,-0.517156863,-0.113084742,0.862006377,0.459017385,-0.730578484,0.477261189,0.013313761,0.004657592,17.01924323,0.330634166,0.003271523,0.302632448,-2.3240713,0.441299984,0.042632356,0.042632356,0.020292594,0.050433687,0.082175558,0.098067523,,0.017071923,2.886404403,23.91256918,1.535950961,0.117814964,23.48723019
600372,2019,-0.526442308,0.201923077,0.227256628,1.048787218,0.350432945,-0.703543903,-0.136807383,0.016446439,0.006413503,17.28773472,0.319938052,0.004551613,-0.387307068,,0.251808895,0.290324738,0.290324738,0.277256486,0.312011707,0.030135524,-0.130768113,,0.023454998,2.229486446,23.94225955,1.678316507,0.139006473,23.34708484
600373,2016,-0.57996769,0.408723748,-0.447897758,0.976199311,0.678899117,-0.390162448,0.184277029,0.030215091,0.018029686,16.96874536,0.527272877,0.025381643,0.669061511,-1.383367864,0.158539233,0.002670138,0.002670138,-0.004650032,0.046283251,0.136745913,0.234065055,,-0.015562955,1.694709963,23.78736009,1.797096241,0.058023408,22.89558764
600373,2017,-0.849740933,-0.049222798,0.001855904,1.06542367,0.99148691,0.203206988,0.372111597,0.031726766,0.018043424,16.67466793,0.75863868,0.028618659,0.734735222,-1.289142917,0.145931535,-0.010770252,-0.010770252,-0.024313815,0.031978095,0.168898682,0.304154448,,0.008228117,1.842849994,23.9434221,1.849750071,0.054454494,23.16114254
600373,2018,-0.137254902,0.017156863,-0.037039061,1.077683809,0.477435544,-0.377342845,-0.272298833,0.028208324,0.015291595,16.6591567,0.818843429,0.022776395,0.534847808,,-0.013384575,-0.167484996,-0.167484996,-0.195612345,-0.203188643,0.033550018,-0.001329322,,-0.008643989,1.791882124,23.9764216,1.913054777,0.052317367,23.15981233
600373,2019,-0.182692308,0.444711538,-0.13194133,0.997079494,0.846328018,0.66323122,0.462632364,0.028106267,0.015858331,16.51803233,1.011218197,0.027961907,0.901226912,-2.817592027,-0.187476901,0.044484913,0.044484913,0.13026057,0.039997904,0.109980245,0.126051958,,-0.030933607,1.812665937,24.08076381,1.837566935,0.045294613,23.27853
600375,2018,0.026960784,0.144607843,0.469504127,0.918521732,1.201311614,-0.610348929,0.463019696,-0.011959702,-0.00265609,14.85494742,1.035196102,-0.026240228,-0.321186278,,1.768985053,-0.097153485,-0.097153485,-0.073942794,-0.076378374,0.068021272,0.096343538,,0.023947375,4.899588089,23.34786147,0.796018807,0.209617126,23.11958127
600375,2019,-0.877403846,0.507211538,0.523408521,0.693338425,0.845030834,-0.257914228,-0.212998532,-0.01660788,-0.003396795,15.28054258,0.626682312,-0.001632793,-2.789129994,-3.593197646,1.33091039,0.117738403,0.117738403,0.153108603,0.198139865,-0.064081794,-0.048352331,,0.003709717,5.243219447,23.28163428,0.708196338,0.222589673,23.07002086
600378,2017,0.189119171,0.712435233,0.590999889,0.999399722,1.006854188,0.226266329,0.335992886,0.04296162,0.032401799,14.79252074,0.670997675,0.031834936,2.531109891,2.546996461,0.324439704,8.563115178,8.563115178,8.642796246,8.461568857,6.988246309,11.67327124,,0.009121043,1.626516317,22.86283546,2.023570351,0.304663267,21.9088145
600378,2018,-0.862745098,0.75245098,0.31681072,0.999677103,1.199979823,0.283678212,-0.566084134,0.018050383,0.011344423,15.37302281,1.261680541,0.016148843,-1.146610899,,0.041960249,0.040938001,0.040938001,0.043208444,0.044241239,0.14069051,0.050531678,,-0.011814502,1.54977294,22.99446925,2.565776208,0.259865748,21.95811089
600378,2019,0.918269231,0.423076923,0.079460668,1.309076995,0.217268633,-0.408612693,-0.258572435,0.024123118,0.016127449,15.79637851,0.887807607,0.020245751,0.081018301,-1.262675222,0.086761048,0.369658291,0.369658291,0.334597595,0.367427438,0.115821764,0.179659943,,-0.004567715,1.600101745,23.10406039,2.252789391,0.254381814,22.12333711
600379,2016,0.373182553,-0.315024233,-0.452977756,1.146042507,0.688548251,-0.985279574,0.343052128,0.02094915,0.01403914,14.6644077,0.2148653,0.002840738,0.494050472,,0.072708751,0.021272806,0.021272806,0.022678758,-0.007530386,0.065042326,0.07877476,,0.037085149,1.503472056,20.46269861,2.267483624,0.264195848,19.3686944
600379,2017,0.261658031,0.712435233,0.180780279,1.07443854,1.62762561,0.550751491,0.003889984,0.02071584,0.014270128,14.36438506,0.30278207,0.002130771,0.315039201,-1.021253389,0.089739284,0.102200969,0.102200969,0.102881717,0.174102214,0.088434925,0.205038565,,0.022051585,1.589187724,20.54743942,2.354317859,0.230937668,19.55520597
600381,2018,-0.683823529,-0.333333333,-0.173711805,0.976100359,1.058604872,0.321339002,0.058977726,-0.008549483,-0.008389633,14.91751961,0.789299033,-0.005951354,0.788223254,,-0.016233994,-0.745893189,-0.745893189,-0.514303947,-0.742235329,-0.040364807,-0.653407555,,,1.00848714,21.57508566,74.63548855,0.053269902,16.79743105
600388,2016,0.237479806,-0.331179321,-0.165236041,0.77874183,1.629672341,0.594951764,-0.362094049,0.042163234,0.012240501,16.59434811,0.272656934,0.00688692,0.141267937,,0.588161438,0.096292834,0.096292834,0.101106795,0.08849363,0.141273446,0.146057383,,0.016851182,3.501771647,23.50618701,1.191436784,0.061651382,23.16991712
600388,2017,-0.533678756,0.139896373,-0.045092677,0.741636728,0.858294002,0.458036359,0.000473009,0.042252118,0.012074061,16.28711749,0.416778466,0.008027158,0.204136776,-1.054845727,0.850572807,0.368698533,0.368698533,0.389616678,0.439663974,0.185828547,0.204446565,,0.027464183,3.644940875,23.67662873,1.202589133,0.048818737,23.3559373
600388,2018,-0.289215686,0.110294118,-0.290935547,0.839244987,0.505964745,0.350470875,-0.090364969,0.036618521,0.009877795,16.15609269,0.540000399,0.007367368,0.242522488,-1.126329793,1.497596908,-0.188545232,-0.188545232,-0.184274287,-0.205607288,0.286628236,0.355848197,,0.013556568,4.24965144,23.92865376,1.268482853,0.039705416,23.66036453
600392,2017,0.852331606,-0.932642487,-0.123686893,1.353806591,0.286017647,-0.332939847,0.560203353,0.019605727,0.011857363,16.47637904,0.381325778,0.002350136,0.130081402,-3.629310703,0.194784953,0.152783917,0.152783917,0.163252791,0.178420221,0.064139181,0.09784648,,0.037258506,1.69810205,22.96664731,1.924512317,0.058601956,22.07774614
600392,2018,0.583333333,-0.909313725,-0.372514433,0.832502773,0.587083667,-0.885441939,0.705540494,0.013088112,0.007835936,16.34075362,0.446378554,0.001445058,-0.720425605,-2.157000406,0.262393937,-0.073545154,-0.073545154,-0.036305727,-0.052755436,0.042698159,0.107017579,,0.038995267,1.774517783,23.00845905,1.731937828,0.052117228,22.17941567
600395,2016,-0.518578352,0.134087237,-0.161108047,1.505352063,1.541835752,1.347636054,-0.114762809,0.031269274,0.017763053,16.26381868,0.606304129,0.027374068,1.025270341,-2.278213522,0.289390445,0.015903429,0.015903429,0.004154307,0.01061807,0.026033994,0.02816672,,0.031756328,1.858393854,23.26928867,1.144364795,0.21565432,22.49688382
600398,2018,-0.911764706,-0.416666667,-0.368313398,0.792473112,0.220382828,0.138458776,0.309358395,0.040975183,0.019199068,17.27929006,0.429955638,0.011147601,-0.785419371,,0.186003868,-0.244304023,-0.244304023,-0.178704311,-0.223316876,-0.04454725,-0.093146236,,0.005037946,2.099308807,24.04850321,1.721663812,0.139915921,23.40157668
600398,2019,-0.060096154,-0.552884615,0.327286885,0.70886888,0.225100761,0.370727523,0.267856676,0.03642669,0.01803561,17.18550942,0.474207368,0.026289053,-0.318377028,-5.293737427,0.088145275,0.250864829,0.250864829,0.199311503,0.177037924,0.085447122,0.082161486,,-0.009997438,2.092346325,24.1304952,1.771232732,0.115016111,23.4805371
600400,2016,-0.767366721,-0.518578352,-0.224175167,0.608678838,0.370302085,0.089970009,0.254002982,0.029970415,0.016112844,16.05816574,0.488866324,0.006123075,-0.128540702,,-0.087522093,-0.235749441,-0.235749441,-0.254582761,-0.279092126,-0.045832386,-0.103211962,,0.001807289,1.186174645,22.36347766,3.215753994,0.078243456,20.51167402
600400,2017,-0.626943005,-0.505181347,-0.028196469,0.778681276,0.870594552,0.169622005,0.429452556,0.013978911,0.011246909,16.07999366,0.438905002,0.005585708,-0.032481843,-0.37845435,0.042363212,0.018597259,0.018597259,0.018304017,-0.045462382,0.048128138,0.503411019,,0.018434698,1.290540678,22.4104835,1.856418313,0.087527793,20.91941056
600405,2016,-0.819063005,-0.486268174,-0.37462615,1.011801775,0.932190708,-0.52510804,0.115390218,-0.006832343,-0.002693032,15.10906744,0.358013784,-0.011277344,1.201007718,,0.406185641,-0.203327025,-0.203327025,-0.179195227,-0.248480051,-0.126384586,-0.218522135,,0.034441167,2.062784315,21.71843117,1.248763421,0.344086607,21.05526666
600406,2016,0.117932149,-0.867528271,-0.098178874,0.921105951,-0.515974399,-0.283797945,0.056451832,0.041592681,0.021701758,17.44425772,0.321090466,0.003039439,2.359815713,0.67461938,0.417031357,1.528183583,1.528183583,1.350007352,1.286588093,1.854022507,1.545289628,,-0.045089051,1.768309892,24.58632987,1.834932086,0.102832745,23.75274352
600406,2017,-0.971502591,-0.142487047,0.162390361,0.709993715,0.124985763,0.3020646,0.019802294,0.031119416,0.016481035,17.62643259,0.614416926,0.001647403,-0.541074418,-5.155360459,0.26702409,0.03566685,0.03566685,0.057167799,0.035753782,0.105796759,0.142246229,,0.00779706,1.814256235,24.68689599,1.714939255,0.123119131,23.88574022
600409,2016,0.689822294,-0.518578352,-0.133858831,1.554853508,1.653861794,1.057248058,-0.368281206,0.05464673,0.02213702,16.7639303,0.539558698,0.026336587,1.600740478,,0.595950896,-0.000155952,-0.000155952,-0.026442964,-0.025940394,0.077519638,0.010741662,,0.022467018,2.218179724,23.94520544,0.77258477,0.524402009,23.34587624
600409,2017,-0.68134715,0.378238342,-0.326639987,1.377235344,0.946489179,0.705953705,-0.189145258,0.036727004,0.016801932,16.41742265,0.876705664,0.019245944,-1.614629665,-1.869669023,0.878189666,0.049113722,0.049113722,0.163594275,0.172206908,0.039337835,0.038224457,,0.022776245,2.215288861,23.98378925,0.917124714,0.575787081,23.38338824
600409,2018,-0.698529412,-0.671568627,-0.189279965,1.072926968,0.844813445,0.674214867,-0.524214064,0.006224088,0.002738962,16.18453768,1.117600846,-0.023800296,0.243779639,,0.969704337,-0.238249814,-0.238249814,-0.160155164,-0.152674936,-0.061192996,-0.086075679,,0.029993986,2.146159521,23.9206439,0.746009415,0.629229484,23.29338073
600409,2019,-0.713942308,0.521634615,1.258995148,1.490279515,0.654475703,0.582396571,-0.545301415,0.024463185,0.011704092,16.74981458,0.656455826,0.029293706,2.157710085,,0.38863242,0.402604221,0.402604221,0.169331194,0.186282801,0.051950771,-0.037370342,,0.025047515,1.955818527,23.97129022,0.945714156,0.589442824,23.25529422
600410,2018,0.781862745,-0.029411765,0.248784369,1.440442678,0.764239417,-1.440769448,0.382489173,0.034904437,0.019431973,16.36899339,0.448844266,0.035850483,0.857363835,,0.222034134,-0.249557552,-0.249557552,-0.134818541,-0.203752485,0.049316628,0.003051299,,0.045529712,1.750136788,23.07877902,1.378086554,0.037895691,22.23158537
600410,2019,0.399038462,-0.850961538,-0.437559491,1.172548325,0.872458777,-0.642047761,0.557892404,-0.007717228,-0.004508249,16.09753267,0.604390905,-0.006792134,0.301029518,,0.301251595,0.00599506,0.00599506,-0.101338695,0.000630816,-0.166026254,-0.237853988,,0.035929156,1.643927405,22.89722566,1.483677446,0.048905384,21.95996824
600415,2016,-0.541195477,0.143780291,-0.413950813,0.661539619,0.130914909,-0.07691898,0.2227389,0.03410826,0.016530967,17.28395868,0.363024911,0.030715462,0.055473692,-5.192290663,0.460809439,-0.761825096,-0.761825096,-0.785629095,-0.838941665,-0.012029371,-0.095341819,,0.021000506,1.949324761,23.8842869,0.785365635,0.242806639,23.16479954
600415,2017,-0.75388601,0.738341969,-0.02653363,0.960434515,0.657637834,-0.102516101,0.112307186,0.021727136,0.010451376,16.90110613,0.559367744,0.008924202,-1.577141658,-0.904521633,0.648566307,-0.003871781,-0.003871781,-0.259439834,-0.268787828,0.267724742,0.533851539,,0.012573827,2.434485488,24.12151066,1.009415347,0.163708414,23.59258146
600415,2018,-0.355392157,0.490196078,0.164451138,0.869370145,0.453162373,-0.037268741,0.432379771,0.026922094,0.010910456,16.83585619,0.62317601,0.010024463,1.589128262,,0.36729196,0.17623245,0.17623245,0.291601846,0.352498564,0.068961934,0.033839822,,0.01031677,2.324908246,24.18819868,1.19742898,0.165973798,23.62586131
600415,2019,0.230769231,0.555288462,0.060905176,1.073745003,0.561061366,0.022362893,0.232798518,0.028471969,0.013162395,17.20345886,0.464556805,0.013376689,-1.537989155,,0.334019319,-0.023013078,-0.023013078,0.007061841,0.064635628,-0.070694394,-0.142331174,,0.009354236,2.109463767,24.11488105,0.720219977,0.169726762,23.47232408
600416,2016,-0.69628433,0.82552504,-0.48157433,1.147510898,1.003367757,-0.851819928,0.182683305,-0.00372109,-0.001135555,16.01341209,0.7621708,-0.030545907,-0.169872056,-2.221389698,1.909379949,-0.40666239,-0.40666239,-0.35781082,-0.401721243,0.111491045,0.139359703,,0.024759542,3.379796777,23.86423023,1.12127006,0.077430256,23.51342975
600416,2017,0.538860104,0.78238342,-0.17554309,1.058017769,0.624087274,-1.498214668,1.03664278,-0.024948433,-0.007439329,15.53192326,1.132451561,-0.024796289,-3.1192032,,2.272647849,0.141028847,0.141028847,0.1367724,0.188106986,-0.167389927,-0.075524979,,0.032186018,4.583221365,23.68104039,0.90465059,0.102295449,23.4349005
600419,2016,0.751211632,-0.476575121,-0.248067888,1.224185078,0.890688881,0.031521902,0.370559614,0.034169991,0.022557182,15.24254593,0.224084984,0.008703835,0.498439699,-1.82953517,0.039895216,0.204893261,0.204893261,0.204886672,0.220941781,0.134729909,0.189981602,,,1.557905288,21.14308094,1.229784423,0.391539386,20.11617272
600419,2017,-0.955958549,-0.492227979,-0.184774993,1.1376492,0.629607736,0.420052902,-0.217943749,0.034919908,0.02191968,14.9149817,0.355077362,0.009773664,-0.243595903,-0.715284242,0.133405135,0.135178132,0.135178132,0.132246763,0.134640464,0.271492478,0.486495458,,0.006486186,1.720185861,21.38327233,0.680129432,0.454659003,20.51259403
600419,2018,0.838235294,-0.375,0.048582378,0.913571812,0.769382005,0.550692975,-0.098724268,0.031956087,0.019105859,14.96323169,0.400358037,0.004780478,0.574718165,-2.047973856,0.036348309,0.072232575,0.072232575,0.080818515,0.033628325,0.316188322,0.050607141,,-0.005973958,1.501926651,21.65801226,1.251959116,0.400635803,20.56196225
600419,2019,0.5625,-0.319711538,-0.098021561,1.173584142,-0.079992612,0.273816145,0.093312979,0.024860124,0.016622338,15.18761422,0.434189676,0.010328999,0.497640455,-3.498458655,0.099812298,0.195417347,0.195417347,0.231110938,0.399074087,0.084328666,0.16756239,,-0.01503112,1.562112004,21.73897331,1.03958834,0.460540979,20.7168804
600422,2016,0.686591276,-0.948303716,-0.327113116,0.871977607,0.392106816,-0.431983299,0.313607331,0.021955749,0.014594301,15.69408913,0.577895487,0.015877641,-0.44678618,-0.416859464,0.343412688,0.239944896,0.239944896,0.288495427,0.100322887,0.224899411,0.617275293,,0.021313597,1.777584831,22.63959577,1.794738147,0.08352882,21.81277763
600422,2017,-0.398963731,-0.966321244,0.479906431,0.998315189,1.136914737,0.250132386,-0.225026732,0.024264796,0.014082309,15.59312364,0.676496487,0.011960525,0.555012654,-2.246545221,0.276526879,0.109635553,0.109635553,0.095114031,0.094687087,0.027285519,-0.035553866,,0.020856984,1.69687288,22.66651567,1.778604314,0.129655187,21.77657633
600422,2018,-0.745098039,-0.916666667,-0.149129372,1.309824684,1.098424436,0.486429582,-0.490821395,0.028644446,0.01663531,15.88917594,0.535178075,0.012664121,1.157035165,-2.730423981,0.294200939,-0.088323542,-0.088323542,-0.086825537,0.017027924,0.097679392,0.150331454,,0.019832952,1.755555291,22.75971398,1.722201303,0.142278323,21.91662645
600422,2019,0.057692308,-0.081730769,0.004104237,0.851457691,0.552572153,-0.064776406,-0.075264794,0.031826484,0.017983909,15.77730021,0.642777254,0.026913701,0.4218298,,0.272243883,0.195361023,0.195361023,0.193227302,0.208360388,0.087529659,0.081669277,,0.020545449,1.748436587,22.84362274,1.80139085,0.147210541,21.99513193
600425,2018,0.899509804,0.299019608,-0.114989185,1.401945518,1.243936024,0.708300356,0.177816631,0.05614245,0.027513016,15.45824215,0.876351845,-0.014529214,-0.465392367,,0.493696441,0.014858498,0.014858498,0.059308236,0.170329547,-0.054925535,-0.199446436,,0.034267657,1.775222216,22.84630687,0.8648011,0.571876398,22.0177757
600425,2019,-0.372596154,0.427884615,-0.156273656,1.395326457,1.199492732,0.952524818,-0.175065336,0.017862992,0.010244233,15.53544341,0.87188568,-0.013412613,1.126594698,,0.440618382,0.259942606,0.259942606,0.190783792,0.243550722,-0.013183496,-0.129068834,,0.025219759,1.627096142,22.8330357,1.056711644,0.509845401,21.87958337
600428,2016,0.389337641,0.896607431,-0.438178149,1.602828341,0.944829161,0.542020548,-0.003623933,0.006447877,0.002890427,16.03930931,1.045500133,0.003311386,2.445606335,,1.4942769,0.026601487,0.026601487,0.044982601,0.033433239,-0.000241849,-0.010846607,,0.027543006,2.242205762,23.78731134,0.868091834,0.75869398,23.19673988
600428,2017,0.898963731,0.961139896,0.031960927,1.20232096,1.039184252,0.524907542,0.311835818,0.005317298,0.002407411,15.7265784,1.448390289,0.003922627,-2.056931702,-2.787112433,1.217158719,0.172334042,0.172334042,0.16659841,0.183351581,0.026481824,0.035490021,,0.033626645,2.266918223,23.81344859,0.558889684,0.753354591,23.23161465
600428,2018,-0.178921569,0.958333333,-0.180249451,1.091566992,0.815120496,0.615715012,0.178126598,0.003998198,0.001783706,15.80180014,1.343656545,0.00066087,-0.009556404,-2.920609371,1.500599759,-0.03914834,-0.03914834,-0.023188762,-0.022232802,0.022502349,0.033519789,,0.02831213,2.298292246,23.8357015,0.608484743,0.71545281,23.2645849
600428,2019,-0.701923077,0.966346154,0.836322375,1.255008341,0.615216666,0.659697412,0.028442401,0.005074959,0.002224506,15.96156239,1.150534618,0.002024949,0.594255417,,0.733283241,-0.0604098,-0.0604098,-0.09808879,-0.112737954,-0.004583617,0.002857131,,0.020137105,2.320815173,23.83110734,0.676026509,0.646153805,23.26743795
600429,2016,0.282714055,-0.851373183,-0.07683151,1.013571471,0.906906295,0.473001042,0.392836026,0.010967003,0.007123271,15.53141661,0.947548489,0.004050638,0.506145125,0.754628325,0.944584282,0.228520649,0.228520649,0.213238881,0.181419467,0.80870996,1.960269003,,0.02021648,2.385548299,23.36049138,0.964181462,0.18217037,22.81715834
600429,2017,0.124352332,-0.878238342,-0.024741342,0.683378899,0.205326775,0.365143866,-0.227871104,0.006724609,0.002853958,15.38843343,1.23426537,0.011839997,1.30142457,,0.815240927,0.099669991,0.099669991,0.073606718,0.101374978,-0.008225515,-0.049981065,,0.023742981,2.254059625,23.35223185,1.285838227,0.177756114,22.76588497
600433,2019,0.384615385,0.396634615,0.774390813,1.246687409,0.981692175,0.28301727,0.07773527,0.012946076,0.009264953,15.53963302,0.49679047,0.003969838,-0.038478958,,0.108650038,0.140880316,0.140880316,0.142255504,0.175796705,-0.011370503,-0.170511605,,0.03632153,1.297879856,22.02098736,1.90235751,0.559941758,20.54919026
600435,2019,-0.747596154,-0.387019231,0.037473504,1.152518996,0.84477913,-0.110809276,0.013549038,0.007334354,0.004353029,16.35216369,0.226705114,0.000539764,1.130658786,-1.070045255,0.062817215,1.181233504,1.181233504,0.984273903,1.241818673,0.18119199,0.363853059,,-0.02627999,1.825263645,22.41159166,1.679992607,0.159632731,21.61781485
600436,2019,0.882211538,0.444711538,1.60108974,0.982319983,-0.87628828,-0.467386368,-0.412439455,0.063745768,0.05072408,18.94731411,0.048027795,0.002183834,0.591155123,-1.70957995,-0.014708756,0.185582568,0.185582568,0.117858725,0.108415205,0.211506114,0.23321935,,-0.060664982,1.231137421,23.1155443,4.9747354,0.023440617,21.44286297
600438,2016,-0.91276252,-0.983844911,0.234331016,1.662570613,0.318655105,-0.965688885,-0.892436622,0.045204526,0.023571902,17.0344364,0.542157042,0.017199325,0.998408607,-1.597933807,0.509210616,0.122422849,0.122422849,0.127157255,0.111937775,0.303378301,0.478354373,,0.023689453,2.247176658,24.17741651,0.641930626,0.419219054,23.58862422
600439,2018,0.169117647,-0.318627451,-0.071491477,1.072163217,0.975451876,0.284760199,-0.054907986,0.017970154,0.010514542,15.09011866,0.794982109,0.00425749,-0.995163134,-2.489331571,0.506342697,-0.472541804,-0.472541804,-0.408304822,-0.466899991,0.047202574,0.116121428,,0.018488717,1.788842485,22.342,2.172313979,0.105050473,21.52324262
600439,2019,0.685096154,-0.387019231,0.006659372,1.169581531,0.664713696,0.608366621,0.53179738,0.000657934,0.000377322,15.00444454,0.864546727,0.005112131,0.042911329,-3.675878464,0.494605443,0.308999154,0.308999154,0.292499406,0.334724589,-0.017885561,-0.027344413,,0.032036323,1.775354356,22.32395256,2.200729567,0.11288036,21.49551739
600444,2017,-0.056994819,0.168393782,0.002144029,0.982384827,1.657145718,0.89233425,-0.463407594,0.026029585,0.016847797,14.21454941,0.36769778,0.006237288,-1.6008151,-2.093855031,0.023869798,0.124966864,0.124966864,0.100925581,0.131070686,0.132493521,0.289017441,,,1.668439232,20.64298326,2.200184601,0.089427686,19.72828487
600444,2018,0.367647059,0.529411765,-0.165504574,1.021861469,0.915455932,-0.140037715,0.5239535,0.015817308,0.009886946,14.21279404,0.385179821,0.003796973,0.769694326,-4.278388215,0.087043584,0.08111447,0.08111447,0.06037473,0.070566686,-0.041311542,-0.184914612,,,1.51658881,20.60079414,2.582878728,0.085166918,19.52382247
600444,2019,0.201923077,-0.519230769,-0.006140174,0.872396823,0.990067166,-0.109722891,0.31209984,0.023605212,0.014980076,14.17358741,0.422993359,0.005357406,-1.245381226,-0.938362151,0.00940991,0.292972892,0.292972892,0.262563588,0.308743125,0.142537668,0.234551786,,,1.582423005,20.73404595,2.471879311,0.070313883,19.73453045
600446,2019,-0.463942308,0.007211538,-0.262640866,1.423296525,0.526908252,0.288739292,0.826272268,0.030464517,0.014263212,16.45311217,0.189511214,0.00222978,-0.116190752,-2.873763375,0.014632241,0.252805445,0.252805445,0.204987114,0.236494373,0.282113381,0.055534072,,-0.026227398,1.725128278,22.50792634,2.34863757,0.011859021,21.64121823
600448,2017,-0.35492228,0.520725389,0.173786629,0.067492203,1.33195931,-0.610268152,-0.085574962,0.007234445,0.002966684,14.72604934,0.62228691,0.000486389,-0.015476568,-2.739926742,0.45262745,-0.056814199,-0.056814199,-0.052925619,-0.072553308,0.02492774,0.032713254,,0.022583144,2.445770238,22.01019086,1.123854043,0.255509056,21.48447297
600448,2018,0.178921569,0.573529412,-0.210247955,0.648264392,1.395261981,1.02846766,-1.069706886,0.004187899,0.001706701,14.84244991,0.535613096,0.0035489,0.337437931,,0.518999846,-0.034341531,-0.034341531,-0.041865931,-0.093494612,-0.040753253,-0.077357434,,0.02951643,2.317893064,21.96858391,1.047000838,0.266073556,21.4039596
600452,2016,0.783521809,-0.114701131,-0.411322015,0.682307544,0.584092962,-0.150284493,0.46435796,0.062427183,0.015905188,15.55756465,0.194690549,0.014215012,0.459921062,-3.342974384,0.557034299,0.110962194,0.110962194,0.123342487,0.113619965,0.121883056,0.083963147,,0.021980393,3.576695331,22.21373251,0.412291565,0.697415669,21.88580093
600452,2017,0.886010363,-0.163212435,0.261245293,1.127781298,0.949844339,0.805627463,-0.129474334,0.064954799,0.017748768,15.30250987,0.310317127,0.01744158,3.893708475,-2.302680942,0.518819301,0.137491687,0.137491687,0.077826033,0.104957567,0.109579762,0.035736902,,0.042174223,3.053142898,22.31771386,0.272599511,0.717045506,21.92091408
600458,2016,-0.140549273,-0.408723748,-0.362950288,1.096845084,1.234056568,0.062029632,0.195676921,0.004013427,0.001465409,15.65798581,0.799620264,0.006412293,-0.166487647,-1.684988045,1.467201095,0.058655505,0.058655505,0.044883041,0.062724442,0.091655137,0.106075029,,0.000263985,2.768464332,23.39446835,1.358371191,0.19040766,22.94628713
600458,2017,0.03626943,0.119170984,0.397552464,1.084895276,0.851886984,0.034376742,0.058436433,0.003876017,0.001345236,15.61565945,0.87050662,0.003446969,-2.728501078,-3.009278669,0.906334465,-0.075295429,-0.075295429,-0.063405377,-0.089894369,0.065717102,0.153501118,,0.029043589,3.240508938,23.45811625,1.093571134,0.181928035,23.0890889
600458,2018,0.588235294,-0.022058824,-0.383763064,1.312806312,0.837456205,-0.535852775,0.329373604,-0.000643953,-0.000202551,15.58034999,0.811544688,0.000734481,1.745915528,,1.246262076,0.119392505,0.119392505,0.114380516,0.140393063,-0.039190649,-0.037886791,,0.053672183,3.250391636,23.41813698,1.292025187,0.188226978,23.05046575
600461,2018,-0.12254902,-0.571078431,0.024201164,0.851933397,0.236568064,0.376913626,-0.017170023,0.034882801,0.013394107,15.40863564,0.895223467,0.034866622,1.7154289,-3.05857565,0.905249869,0.069690622,0.069690622,0.059079409,0.064163106,0.284717825,0.246831605,,0.017206865,2.34529847,23.29272429,0.728411886,0.252832668,22.73692752
600461,2019,-0.149038462,0.072115385,0.16580986,0.663864742,0.502112639,0.468606253,0.022800798,0.040408512,0.016351399,15.5937307,0.961214562,0.036757076,0.672741661,-0.53834571,1.1163418,0.52141653,0.52141653,0.546934774,0.58887312,0.337038856,0.5172901,,0.012669709,2.864888217,23.58318165,0.821423828,0.202620256,23.15385343
600468,2019,-0.5625,-0.274038462,-0.208824203,1.039680426,1.284146692,0.128109392,0.101875003,0.019832792,0.010993677,15.44792843,0.390786881,0.007033335,1.01870998,-2.944608149,0.225549795,0.186722493,0.186722493,0.186977208,0.190654868,-0.023970618,-0.115163002,,0.047333824,1.694655482,21.95793526,1.593383942,0.138304599,21.06611653
600469,2016,0.082390953,-0.55088853,-0.520394308,1.022282631,1.030446372,-0.281441516,0.452868116,-0.033667103,-0.009315234,14.99974442,0.662488371,-0.049945279,-1.726573538,-3.372640287,2.461797446,-0.163566654,-0.163566654,-0.165151312,-0.217171546,0.002976282,0.08616306,,0.023499064,4.29552082,22.78363806,0.856620372,0.395643379,22.51862947
600469,2017,-0.839378238,0.150259067,0.319230743,0.904896012,1.415059531,0.313237773,-0.237410297,0.032525552,0.00787482,14.64105085,0.851236528,0.032095065,2.133060784,,1.561957014,-0.040869252,-0.040869252,-0.131666517,-0.106666433,-0.057202868,-0.123223251,,0.038547586,3.490101707,22.72473391,0.690232477,0.392197767,22.38712659
600469,2019,0.278846154,-0.408653846,0.075723806,0.978457016,0.869852708,0.123846883,-0.05793785,0.026149091,0.007748982,14.85198937,0.84734878,0.010032912,0.802539665,,1.328553831,0.131897261,0.131897261,0.173733203,0.195401754,0.137041843,0.055132056,,0.021050644,2.917037958,22.85386138,0.932125363,0.335620353,22.43407394
600475,2017,-0.950777202,0.611398964,0.01407109,0.970996812,0.839271246,0.089033343,0.265589858,0.02256238,0.009998866,14.11231125,3.885693077,0.116877706,0.293681604,-1.614766484,2.70393041,0.045082519,0.045082519,0.048066906,0.051580841,-0.035185982,-0.114602478,,0.001954739,2.149965482,23.19213686,1.277065104,0.153038657,22.566417
600475,2018,0.943627451,0.198529412,0.07848544,1.020312549,0.739326724,0.362329564,0.105460262,0.020564261,0.009474262,14.18791698,4.004773153,0.121042107,-0.069931435,-2.188110646,3.08020034,-0.310818774,-0.310818774,-0.323180233,-0.355159909,0.180582447,0.149045127,,-0.002283728,2.08588817,23.35814478,1.096773744,0.123327903,22.70534827
600475,2019,-0.134615385,0.459134615,0.178825319,0.966900746,1.078977244,0.597420515,-0.103189133,0.022430622,0.010579398,15.63560131,1.267066778,0.029811663,1.026996958,-1.32130012,0.776466806,0.411823937,0.411823937,0.411368497,0.459173184,0.176888087,0.151893403,,0.009003823,2.038867736,23.52101852,1.055809605,0.103984643,22.8467553
600477,2016,-0.305331179,0.037156704,-0.464533311,1.481839058,0.544213154,-0.815387223,0.128672365,0.066733739,0.028016599,16.33024385,0.233796345,0.016554902,0.919596389,-1.511369532,0.462692364,0.158540804,0.158540804,0.205679147,0.231613086,0.322926317,0.384604409,,0.024412341,2.544266124,22.80853754,1.214376867,0.084022628,22.30924409
600477,2017,-0.96373057,-0.049222798,-0.170664817,1.140243886,1.086540979,0.414586726,0.112714393,0.034737834,0.014529474,15.79446068,0.456085834,0.013691988,-0.780846832,,0.501540154,0.084645685,0.084645685,0.193213701,0.215292061,-0.018123662,-0.078498057,,0.019572537,2.323626058,22.79024764,1.192381935,0.087404953,22.2274937
600477,2018,-0.696078431,-0.720588235,0.11787792,1.059825599,0.492514231,-0.21666564,0.339006976,0.037737712,0.016085561,15.77622463,0.502321145,0.027820646,0.280019544,-1.411075513,0.555604989,0.042230617,0.042230617,0.056334424,0.034925532,0.160631882,0.157083474,,0.022803076,2.314260866,22.93921222,1.279410923,0.115261751,22.37339629
600477,2019,-0.533653846,0.9375,-0.003751235,1.238297753,1.026702861,0.705994114,0.140376175,0.046460908,0.020587374,15.96726941,0.481973885,0.012643396,-1.305591229,,0.531577102,0.556851339,0.556851339,0.602019767,0.670889792,0.106583142,0.128813461,,0.02049692,2.377019869,23.04048924,1.252845908,0.118805823,22.49456334
600479,2017,-0.541450777,-0.730569948,-0.087690767,1.009729914,1.151436928,0.802131084,0.010572627,0.028956671,0.019727619,15.14420832,0.61835735,0.014190049,0.153667889,-2.216895713,0.000979897,0.136064628,0.136064628,0.108987808,0.203449259,0.085857054,0.100875983,,-0.695201089,1.47634517,21.98058636,2.496438061,0.137416486,20.84940426
600479,2018,0.519607843,-0.620098039,0.030447203,0.976155335,0.565115597,0.503290731,-0.341988723,0.026299531,0.017643485,15.1418047,0.665563943,0.011701392,0.525979837,-2.510138899,-0.085950244,-0.004852619,-0.004852619,0.006354549,0.039829644,0.093582876,0.187997526,,-0.102873711,1.539664385,22.07004571,2.352037291,0.11770347,21.0216734
600479,2019,0.870192308,-0.600961538,0.058343806,0.737062474,0.508145738,0.175384039,-0.015788176,0.025583509,0.016662115,15.153216,0.691532652,0.012279342,0.169627365,-1.925473944,0.162273221,0.041863314,0.041863314,0.030236072,-0.038814277,0.002302458,0.04092006,,-0.166823962,1.572357903,22.07234552,2.162584988,0.112552131,21.0617784
600480,2016,0.411954766,-0.460420032,-0.551120712,1.341191603,1.015432133,-0.418996871,0.196080238,0.028100164,0.012521046,15.52025843,0.990045345,0.043210463,0.458645321,-1.350654136,1.68018658,0.091186864,0.091186864,0.111929126,0.105912954,0.149698233,0.169153808,,0.022326664,2.308057326,23.31057664,1.161561538,0.19509473,22.74271353
600480,2017,0.32642487,-0.012953368,-0.079949873,1.149390407,0.845626753,-0.299993571,0.652220727,0.020429652,0.008650947,15.16242189,1.514550041,0.022555599,0.473051111,-2.641153875,1.348152089,-0.126428175,-0.126428175,-0.089526146,-0.100330105,0.127452454,0.106037228,,0.018955332,2.252102274,23.43053726,1.345872247,0.184198113,22.8434971
600480,2018,0.656862745,-0.759803922,0.296389807,0.970636943,1.10329464,-0.548427557,0.056506483,-0.000894817,-0.000390315,15.33141333,1.446678682,-0.010495896,-0.437245812,,0.945899326,-0.006522087,-0.006522087,-0.014711024,-0.009348422,-0.002645776,-0.00749032,,0.02678498,2.238487889,23.42788798,1.275131157,0.223050872,22.83597858
600480,2019,-0.552884615,-0.838942308,0.127563481,0.944080134,0.174079333,-0.724511004,-0.083769996,0.019469483,0.008640329,15.75573494,0.973849095,0.024894413,0.665295213,-1.596212719,1.033844651,0.436285898,0.436285898,0.403045522,0.436539543,0.14006556,0.202341358,,0.024772247,2.4009148,23.55897375,1.233745973,0.182380885,23.02024937
600481,2016,-0.903069467,-0.447495961,-0.414553432,0.791678331,1.285168513,0.130522146,0.44836827,0.001228488,0.000691092,15.72330561,0.311838269,-0.00461398,0.99300431,,0.146241836,0.367673423,0.367673423,0.299158034,0.454307042,-0.110785892,-0.173352209,,0.0087706,1.85695651,22.06794427,1.681576068,0.122512911,21.2946373
600481,2017,-0.994818653,0.160621762,0.22903984,0.867499765,0.704505567,-0.240540063,0.124268049,0.030284579,0.016739648,15.59785244,0.366656781,0.001827064,0.385892037,-2.859286236,0.136894171,-0.006255159,-0.006255159,-0.006068627,0.000338633,-0.005584134,-0.072908687,,0.011628404,1.755127198,22.06234448,1.732315118,0.116902645,21.21893408
600481,2019,-0.574519231,-0.252403846,1.328176813,1.000315755,1.739177284,0.888297601,-0.375421668,0.01376458,0.008028919,15.75215812,0.325602456,0.00247582,-0.030335706,-0.709436761,0.101314063,0.692059693,0.692059693,0.568864808,0.643330019,0.346264938,0.904602053,,0.019479615,2.333088522,22.3744039,1.336614891,0.079662985,21.81470941
600482,2016,0.873990307,0.537964459,-0.320641024,0.76849465,-0.497611135,-1.07418504,0.260789776,0.009546412,0.006245904,16.9064926,1.269526429,0.013604459,-0.047023008,-1.620220633,0.003933601,0.028096574,0.028096574,0.022651178,0.042062133,0.028053032,-0.020513701,,-0.021579721,1.520697478,24.50576528,2.695996849,0.145131017,23.43401012
600482,2017,-0.409326425,0.81865285,0.348952561,0.569469885,-0.194691285,-0.638860104,0.26713576,0.01294764,0.007805755,16.81485441,1.575677947,0.008548071,-0.105442661,-1.061724122,0.408666828,0.252405477,0.252405477,0.283314065,0.269256525,0.221200874,0.187903986,,0.01298776,1.499410087,24.70559998,2.715686938,0.144348086,23.60620052
600482,2018,0.571078431,0.394607843,-0.345634624,0.854418768,0.196099733,-0.854313677,0.694107615,0.004443975,0.002874442,16.61642055,2.248773337,-0.002980166,-0.540911152,,0.963335913,-0.204922992,-0.204922992,-0.199540957,-0.202887197,0.055927144,0.140304628,,0.00434064,1.561734341,24.76001917,2.406477672,0.140207846,23.73749596
600482,2019,-0.259615385,-0.641826923,0.092696877,0.767790747,0.482511315,-0.265556708,0.090685963,0.005923854,0.00376762,16.56383803,2.484852503,0.004470025,-1.186656266,-1.381808794,0.358957892,0.115273925,0.115273925,0.112228149,0.112187015,0.075254403,0.174957172,,0.000547331,1.647549797,24.83257646,2.435040454,0.13376751,23.89872766
600483,2016,-0.567043619,-0.654281099,-0.31857405,0.97193514,0.554934791,0.188615468,0.519048483,0.017040736,0.009687761,16.13648225,1.084362861,0.02173461,0.201779144,-0.51732672,1.059248677,0.558017582,0.558017582,0.622935233,0.626237557,0.271732469,0.462807491,,0.022590251,1.990636933,23.88382026,1.481862066,0.576162458,23.18595843
600483,2017,0.497409326,-0.689119171,0.227711486,0.721346449,0.685618908,0.056568324,0.247476458,0.023520615,0.011806895,16.29098031,1.053876118,0.015603991,-0.219225664,-1.72890626,0.645613139,0.158703413,0.158703413,0.121029757,0.123723406,0.176476511,0.211467569,,0.020689185,2.051069166,24.04634423,1.963318732,0.501313078,23.37779093
600483,2018,-0.105392157,-0.595588235,-0.115733958,0.676456856,-0.0043465,0.11077949,-0.139355687,0.025502269,0.012797188,16.36882879,1.109624204,0.007391239,-0.333088401,,0.783493598,-0.176853396,-0.176853396,-0.163311753,-0.1740839,0.117963345,0.037784139,,0.018374805,1.907294231,24.15785282,2.198790293,0.4907724,23.41487873
600483,2019,-0.586538462,-0.658653846,0.423397852,0.681763405,0.658180257,0.603305048,-0.290971752,0.026618606,0.013923886,16.42303365,1.279916097,0.037392094,2.331938026,-1.002412763,0.802950358,0.580480822,0.580480822,0.434714517,0.471250315,0.283893315,0.31952727,,0.015534126,1.956563625,24.40774993,1.189703274,0.425662939,23.69215227
600487,2016,-0.835218094,0.864297254,0.089795498,1.815406443,-0.440762961,-1.06638668,-0.177884313,0.081551114,0.029091634,17.56952998,0.235366326,0.012819551,0.401290298,-1.44239512,0.391424407,0.338089305,0.338089305,0.317077079,0.328357059,0.453413783,0.354551016,,0.027140169,2.809560215,24.23756601,1.198272351,0.129761213,23.79762189
600487,2017,-0.621761658,0.772020725,-0.244880278,1.39699823,-0.111457179,-1.066636186,0.273675479,0.06189585,0.022812637,17.39443503,0.367878313,0.014216452,0.042202581,-0.873745623,0.57091026,0.009199225,0.009199225,0.05144454,0.052950212,0.184756649,0.183340095,,0.028316667,2.803494573,24.40710341,1.213725124,0.173224639,23.96596292
600487,2018,0.137254902,0.833333333,-0.030884686,1.262920117,0.500248087,-0.552579983,0.017461509,0.024042498,0.008609465,17.2033956,0.507287105,0.006172435,-0.987439723,-3.063535498,0.63665244,0.003775739,0.003775739,0.027074254,0.024151839,0.076040804,-0.028112349,,0.028213624,2.386835365,24.48039179,1.338548117,0.166031133,23.93744785
600487,2019,-0.3125,0.658653846,-0.316261109,0.882575696,0.657072425,-0.140649115,0.654435844,0.019256979,0.00810465,17.08206258,0.757006768,0.009386494,0.395348213,-2.725789264,0.538267404,0.167204345,0.167204345,0.142312494,0.15184882,0.213959022,0.139112904,,0.025507847,2.198825385,24.67427873,1.524704457,0.140584565,24.06769766
600489,2016,-0.134087237,-0.770597738,-0.328164074,0.631325675,-0.25300263,-0.607423627,0.318631667,0.009260186,0.003603174,17.30180849,0.482894907,0.004792225,0.729879378,,0.827333907,0.009490704,0.009490704,0.026941321,0.026541806,-0.037723489,-0.070631666,,0.022895821,2.462716351,24.37802099,0.97346263,0.331476322,23.85705126
600489,2018,0.676470588,-0.715686275,-0.121645285,0.261547313,0.217900176,-0.841280586,0.356832466,0.009872447,0.004861514,17.20644038,0.682647468,0.006958561,2.189560717,-1.371466638,0.621288435,0.135738405,0.135738405,0.107121453,0.099796021,0.19412819,0.243088577,,0.017760848,2.078934628,24.56198356,0.967562719,0.332098091,23.9061021
600489,2019,-0.603365385,-0.783653846,-0.069598818,0.998516667,0.501888329,0.167085778,0.025375951,0.024521793,0.012215037,17.34497227,0.734759395,0.015965041,2.93797194,-5.000110976,0.456115296,0.386822424,0.386822424,0.384876354,0.416494732,0.083875955,-0.017602754,,0.011387369,1.888196437,24.64252703,1.326983734,0.299469821,23.88834257
600490,2019,-0.985576923,-0.918269231,0.203611272,1.09173059,0.850238231,-0.059604411,-0.232486903,0.007374018,0.005240246,15.79161379,0.893280304,0.005596531,2.307469713,,0.049187099,0.401702344,0.401702344,0.352360439,0.364033623,-0.122278864,-0.381879417,,0.036029296,1.301100855,22.8507988,1.828727216,0.281734001,21.38727808
600493,2016,-0.240710824,-0.379644588,-0.414014909,0.908873846,1.706313097,0.402299279,0.313669324,0.008968645,0.006178928,14.61735465,0.314597631,0.003331248,-1.637569742,-0.895546549,0.148942022,0.225874737,0.225874737,0.195980087,0.207143204,0.228845571,0.691905463,,0.027612335,1.639432822,20.87925244,1.398256327,0.237054546,19.93772839
600493,2017,0.748704663,0.797927461,-0.060331071,0.985464877,2.006652199,0.926658349,-0.028313258,0.023299744,0.013985025,14.31340628,0.444406654,0.004138234,-1.47874122,-0.184404686,0.244894818,0.172724266,0.172724266,0.202954033,0.195672631,0.225412731,0.549464621,,0.033428894,1.973065517,21.08253015,1.280641582,0.177139388,20.37563785
600493,2018,-0.816176471,0.816176471,-0.20965122,0.830699172,1.383854304,0.259745772,-0.090691049,0.01323766,0.006788528,14.19358218,0.506687939,0.00116534,0.527790509,-0.931320361,0.537974277,-0.180998739,-0.180998739,-0.180603519,-0.201591547,0.18633285,0.352448361,,0.017118869,2.284309247,21.25339706,1.427332655,0.131414168,20.6775544
600493,2019,0.752403846,0.884615385,-0.013989134,0.937120142,1.45111522,0.319954281,-0.05300761,0.008601788,0.003600801,14.14853496,0.543429743,0.003661291,2.005904087,-1.239847448,0.666120436,0.42281572,0.42281572,0.400062941,0.438765431,0.20936308,0.326464631,,0.014835009,2.608726632,21.4434909,1.25858196,0.097820707,20.96007163
600495,2016,0.224555735,-0.18901454,-0.463850507,1.317077376,0.388035204,-0.54770702,0.552860395,0.001113323,0.000941367,15.78238931,0.445460963,-0.002580629,-0.964155549,-1.050059903,0.139909605,-0.144606399,-0.144606399,-0.156848817,-0.176966504,0.031698264,0.139751365,,0.021811968,1.267702648,22.10365304,2.993531216,0.2598355,20.54856828
600495,2019,0.591346154,-0.141826923,-0.070026807,0.963410529,0.681121093,0.309828346,0.483549605,0.003148966,0.002558065,15.37578409,0.669938543,-0.007769521,-0.477382524,,-0.042894193,-0.329297644,-0.329297644,-0.197742419,-0.205714022,-0.056621947,-0.313264439,,,1.160510226,22.02448646,4.947130249,0.33750433,20.04622908
600496,2016,-0.693053312,0.935379645,-0.391274949,1.134141107,0.652019159,-0.651597703,0.357618073,0.00492301,0.001837893,15.62869189,0.642112177,0.005637825,0.594136009,-1.888344993,1.399467368,0.284370183,0.284370183,0.247265327,0.253324385,0.220922584,0.165682564,,0.031234216,2.508172082,23.25761083,1.510166374,0.060023174,22.74895498
600496,2017,-0.81865285,0.059585492,0.047937801,0.925850799,1.078023671,0.676343718,-0.046444981,0.012581869,0.004810441,15.33831431,1.084139448,0.022230398,0.896360419,-1.339744991,1.35791662,0.19875541,0.19875541,0.185465944,0.148923588,0.158068674,0.2555868,,0.037494701,2.873047628,23.40436451,1.282107853,0.054889909,22.97655801
600496,2018,0.009803922,0.446078431,0.045465987,0.983800481,0.716442683,0.095800688,0.174771484,0.022577873,0.008163911,15.35482149,1.123855995,0.024870875,1.076943855,,1.285306039,0.00938062,0.00938062,-0.016192043,-0.007823376,-0.010288854,-0.063294319,,0.0378555,2.611116422,23.39402236,1.307141124,0.058003162,22.91117185
600498,2016,-0.915993538,0.105008078,-0.020587017,1.47442445,-0.676531113,-1.903798479,-0.110487523,0.02085516,0.006998266,17.17125759,0.338997215,0.005895994,0.086777853,-3.333337625,0.571920593,0.151443344,0.151443344,0.152489865,0.152654612,0.07618792,-0.013340431,,0.024107811,2.759604171,24.0830719,1.42537235,0.08364861,23.63307353
600498,2017,-0.686528497,0.375647668,0.117129345,1.026966048,-0.475478947,-1.70939257,0.334692132,0.018642496,0.006975986,17.26253769,0.350563658,0.005359988,-0.185454698,-1.968379179,0.535912728,0.070713801,0.070713801,0.079993581,0.10878673,0.027819483,0.035364539,,0.008702503,2.795716356,24.11051145,1.263809364,0.079212879,23.66782711
600498,2019,-0.875,-0.639423077,-0.358333353,1.054447721,0.362122635,-0.486579511,0.968743547,0.012701373,0.00432462,17.00820082,0.496582369,0.001453264,-1.579079596,-2.092988025,0.912474581,0.27222188,0.27222188,0.263861157,0.269541811,-0.037234757,-0.079686689,,0.017173188,2.850286078,24.28480999,1.624148977,0.094411949,23.85273089
600499,2016,0.663974152,0.867528271,-0.143591474,1.151064498,0.077458407,-0.91804178,-0.017666335,0.034207715,0.015149066,16.42905629,0.360672481,0.020053543,1.194782792,-0.547174984,0.56512069,0.205363686,0.205363686,0.2435434,0.242178396,0.404721675,0.449559109,,0.014710699,2.261521474,23.3189618,1.302700984,0.184352648,22.73524251
600499,2017,-0.445595855,0.808290155,-0.371506898,1.046972477,1.055024203,-0.095466936,0.313439971,0.017630243,0.007965022,15.75157266,0.838151446,0.02418584,-2.710051672,-2.466509534,0.94644903,0.07388794,0.07388794,0.076281368,0.054906866,-0.06342426,-0.029578171,,0.024750217,2.369546787,23.25343692,1.127186022,0.167313592,22.70521808
600499,2018,0.933823529,0.647058824,-0.073587104,1.088595252,0.520268697,-0.167777329,0.516634446,0.015742276,0.006463964,15.60347717,0.893465185,0.011296158,1.362480973,,1.072332106,-0.04779324,-0.04779324,-0.022258494,-0.033707962,0.030375804,-0.126236662,,0.030902339,1.961277589,23.28336051,1.243652965,0.198403369,22.57027236
600499,2019,0.290865385,0.497596154,2.473741498,1.145599224,0.778332907,-0.346441394,-0.458334276,0.025510225,0.012314844,16.24274319,0.657754568,0.012836201,2.193291689,,0.244242879,0.47722893,0.47722893,0.395208895,0.43127735,0.145070179,0.219829271,,0.029856048,2.092609069,23.41882644,1.240213014,0.194828769,22.76898327
600500,2016,-0.612277868,-0.977382876,-0.287134325,1.53016526,1.075752034,0.376704163,0.287185222,0.017471866,0.007294987,16.67431157,1.241766953,0.049600178,1.753398382,-2.4481612,1.995235683,0.222313938,0.222313938,0.185932223,0.209282667,0.120753869,0.203041127,,0.017450069,2.650676245,24.76990042,1.358155913,0.115019831,24.29627068
600500,2017,-0.002590674,-0.168393782,0.079047321,1.062791363,0.801369588,0.352081926,-0.016627917,0.023377247,0.008819885,16.52896199,1.550357133,0.042209212,-0.11575264,,1.429309321,-0.123893437,-0.123893437,-0.130343675,-0.135818535,-0.031072831,-0.114508999,,0.011945856,2.320792157,24.73833459,1.486937762,0.141990599,24.17465769
600501,2017,0.025906736,0.481865285,0.216022292,0.874777334,0.450147999,-1.448643157,0.530246058,-0.011367797,-0.005976023,14.96913763,0.749209807,-0.003010295,-4.936771704,-1.729875123,0.449799031,-0.154629423,-0.154629423,-0.123329784,-0.152733063,0.016374635,0.135266707,,0.017149818,2.102657872,22.24953178,1.318836595,0.168324035,21.60405309
600501,2018,0.767156863,-0.517156863,-0.028925397,0.971604766,0.639953203,-0.772969524,0.261222751,-0.009479311,-0.004638304,15.07867357,0.624909341,-0.005609254,3.06732779,-1.329268967,0.454842874,0.456781981,0.456781981,0.338503195,0.553111191,0.101883988,0.147605872,,0.03202358,2.203475691,22.34655321,1.26890473,0.178245861,21.74173101
600502,2017,-0.458549223,-0.204663212,0.175940469,1.082411093,0.732529081,0.258369507,0.108984384,0.014691694,0.002128273,15.14855999,2.740421846,0.026712062,0.110251691,-1.489288893,12.86707838,0.165049483,0.165049483,0.145551862,0.142885336,0.1842995,0.169262485,,0.016116988,6.642387137,25.11568857,1.180455833,0.039566289,24.95252439
600502,2018,0.254901961,-0.921568627,-0.182551623,1.070810781,1.146286212,0.486221169,0.267926679,0.013432119,0.002093287,15.10749906,3.682659443,0.022622254,-1.231701759,-1.629301,18.78874293,0.24278097,0.24278097,0.253238307,0.24100733,0.169776902,0.158212149,,0.024663412,6.29143651,25.27250162,1.121777187,0.03205352,25.09940195
600509,2018,0.328431373,0.291666667,-0.417840313,1.249095585,1.437582361,0.66491985,-0.161945258,-0.008646356,-0.002722054,14.98996678,2.127830208,0.019712926,-1.846408485,,3.977067483,0.014008108,0.014008108,-0.060142911,-0.041967534,-0.031157979,-0.062484902,,0.028470714,3.052064783,23.75017871,0.816573197,0.664760771,23.35320687
600509,2019,0.413461538,-0.920673077,1.386013361,0.997141461,1.682740999,0.089644329,-0.7423417,0.005598478,0.001839024,15.45929314,1.385593079,0.012027072,1.755979648,-2.236752545,1.406530336,0.335797033,0.335797033,0.288766297,0.316169191,0.07037824,0.103578116,,0.027184615,3.259529975,23.81819079,0.82263833,0.667613145,23.4517646
600510,2016,-0.738287561,-0.518578352,-0.210242315,0.937613742,0.792160317,0.167380862,0.574744869,0.007651183,0.003078805,15.51657298,1.485084706,0.010275395,1.233003252,-1.307748139,2.165686679,-0.392372658,-0.392372658,-0.377014115,-0.395504515,0.143050656,0.247707826,,0.004700407,2.934658906,23.86925998,1.808148218,0.035719628,23.45259978
600510,2017,0.113989637,0.124352332,0.052518051,0.748441668,0.685064163,0.133953374,0.149836659,0.006414994,0.002092276,15.55896143,1.471313254,0.014924783,1.657899557,-0.972635869,2.381018919,0.632095036,0.632095036,0.356639082,0.190894082,0.260718355,0.316915476,,0.014870883,3.211624035,24.10094166,1.504256472,0.026469479,23.72789202
600510,2018,0.862745098,0.117647059,0.26550965,1.052489531,0.813526462,0.08793622,0.335477338,0.051827016,0.016532412,15.80375463,1.314594566,0.042798247,-1.213862457,-2.700199579,1.941838357,0.084047391,0.084047391,0.09282513,0.226358082,0.120758182,0.140841939,,0.009304802,3.344159249,24.21494706,1.492777026,0.023448765,23.85965855
600512,2016,0.815831987,-0.531502423,-0.543483327,0.762336081,0.132060311,-0.546416546,0.365762641,-0.001943291,-0.000879981,15.52327568,0.873269469,-0.069093526,0.261736338,0.211510905,0.772383502,-0.09534074,-0.09534074,-0.009252099,-0.084952824,0.439337485,1.162282395,,0.019102333,2.483751917,23.12280266,2.019428452,0.014343959,22.60760633
600512,2018,-0.424019608,-0.352941176,-0.046485384,1.315027514,1.306424361,0.92773847,0.222672995,0.021426533,0.009398132,15.3229313,1.071983665,-0.006709098,-0.019904258,,0.765701843,0.204805324,0.204805324,0.143411686,0.155500945,-0.155074403,-0.244154549,,0.025550881,2.065949397,23.01588277,1.537860332,0.028734484,22.35415875
600520,2017,0.031088083,-0.272020725,-0.234811283,0.684343596,0.565871848,-1.343757454,0.229760613,-0.003969026,-0.002091359,14.59915315,0.220483713,-0.00905522,0.406106627,-2.019001116,0.118058199,-0.163388113,-0.163388113,-0.087744433,-0.170408211,0.026194458,0.064824567,,0.349742968,2.080139883,20.69351432,0.94390691,0.39839283,20.03816973
600520,2018,-0.656862745,-0.333333333,-0.388013241,0.864990745,0.950562029,-1.137983439,0.563422327,-0.017202916,-0.008312595,14.27888121,0.284886627,-0.009291146,-2.584127059,-4.939563069,0.219322033,0.134369187,0.134369187,-0.053258272,0.091728687,-0.049004,0.034096268,,0.011249563,2.296936623,20.6432689,1.043632698,0.380240405,20.07169761
600520,2019,-0.649038462,0.641826923,0.132177093,0.876363988,1.58419742,-0.706325124,0.331448751,-0.000691775,-0.000338645,14.00155321,0.343555602,-0.004844905,2.895797639,,0.191546818,0.400477841,0.400477841,0.367019168,0.359955174,-0.068954733,-0.157968202,,0.01722269,2.043547267,20.57182152,1.011775136,0.38952502,19.89976011
600521,2019,0.338942308,-0.519230769,-0.388726107,1.029035814,-0.33744837,-0.592340886,-0.441995451,0.046335918,0.025396905,17.54088956,0.160694568,0.00855116,0.322546569,-1.167419156,0.125497017,-0.081753024,-0.081753024,0.075519402,-0.049037277,0.285023337,0.458988217,,0.021677464,2.082993334,23.39869392,1.874615175,0.221106606,22.74461677
600522,2016,-0.725363489,0.996768982,-0.273823641,1.108829503,-0.474023659,-1.127344364,-0.233910646,0.027977155,0.019005366,17.19675874,0.599518017,0.018748494,-1.237515756,-1.000594493,0.167470379,0.276767053,0.276767053,0.279746171,0.293131527,0.146022955,0.315317553,,0.016110052,1.600700248,24.09918101,1.958080088,0.186886612,23.11908059
600522,2017,-0.629533679,0.958549223,0.037235865,1.243932692,0.342783903,-0.701158837,0.304584602,0.02999941,0.018581211,17.06787191,0.744673114,0.018349859,1.306858815,-0.619387918,0.25494124,0.182839434,0.182839434,0.196924761,0.214377911,0.268147277,0.525237292,,0.014696865,1.822662769,24.33673801,2.265101056,0.217195647,23.54123059
600522,2018,0.718137255,0.882352941,0.243964944,1.082108193,0.426498964,-0.673984605,0.210701656,0.019346376,0.01076013,17.1491141,0.74832525,0.009788592,0.276232088,-1.388429462,0.31956866,0.124774239,0.124774239,0.116385489,0.118772188,0.12295846,0.153623704,,0.031924169,1.8645497,24.45270469,2.093895326,0.211666114,23.68413863
600522,2019,0.353365385,0.740384615,-0.124224266,1.034089943,0.750592539,-0.381258493,0.313392096,0.024807614,0.013301872,17.3119076,0.703429744,0.017594199,0.700919657,-2.838900521,0.368476742,0.148292529,0.148292529,0.148868195,0.167333433,0.109062519,0.137501059,,0.024717215,1.906821553,24.55621977,2.045117697,0.182680599,23.81297243
600525,2016,0.596122779,0.298869144,-0.23417177,1.085657799,-0.457118828,-1.259840462,0.053310574,0.032183415,0.014625644,16.8215753,0.421224551,0.006497117,2.350755862,-0.349323127,0.837434236,0.144228767,0.144228767,0.218785581,0.151595905,0.383950019,0.557461806,,0.025831502,2.412698904,23.8393319,1.120623161,0.087682662,23.30408789
600525,2017,-0.652849741,0.18134715,-0.406353916,1.362435756,0.719913752,-0.481952274,-0.078789626,0.028595342,0.011642826,15.91615828,1.025175413,0.007811702,-2.270360738,,1.05062946,-0.181064581,-0.181064581,-0.147451162,-0.138778928,-0.314970056,-0.23577134,,0.034791945,2.883682309,23.46103917,1.043654863,0.106743281,23.03519965
600525,2018,-0.639705882,-0.068627451,-0.244368972,0.988454981,0.414570799,-0.58030549,0.69301037,-0.062972252,-0.023021032,15.7958497,0.646070837,-0.013563287,0.843592311,,0.864133945,-0.184775138,-0.184775138,-0.213019971,-0.214674222,-0.2615868,-0.292385744,,0.037572991,2.673621984,23.15778745,1.117169703,0.052204323,22.68934348
600525,2019,0.793269231,0.3125,0.313996065,0.878770645,0.560952961,0.273346874,-0.074195468,0.016444076,0.006179384,15.90328897,0.538307165,7.4e-05,1.159653495,-1.967873643,0.72350565,0.133246746,0.133246746,0.179208371,0.183221547,0.095165564,0.117530722,,0.037548653,2.768235372,23.24869301,1.067274289,0.062888518,22.80046502
600526,2016,0.211631664,-0.476575121,-0.435912575,1.162438184,1.082039271,-0.175131922,0.334523434,0.005198048,0.001657764,15.17721807,0.696664876,0.001763991,-2.378939408,-2.629494365,1.571965194,0.030962264,0.030962264,0.052159291,0.028918739,-0.040137239,0.008431191,,0.028006701,3.602111942,22.88660479,1.097008151,0.117413436,22.56140786
600528,2016,0.786752827,0.870759289,-0.294713983,1.562393959,0.196478568,0.17361373,0.514606524,0.021219204,0.00974618,16.78785701,0.743954252,0.017618342,2.05775464,-2.418976451,0.597964673,0.058136612,0.058136612,0.054406052,0.054116158,0.155169647,0.221818447,,0.014592877,2.319940882,24.28748798,1.395994224,0.112659506,23.72353323
600528,2017,0.875647668,0.883419689,0.135165383,1.043377385,0.236702086,0.360341869,0.162338301,0.024257869,0.010675978,16.8063366,0.791843642,0.017378304,-0.30743616,-2.028225808,0.71112083,0.183571537,0.183571537,0.177325612,0.170798035,0.036580343,-0.009799571,,0.083823402,2.190569425,24.32341514,1.37662403,0.130966322,23.71368532
600528,2018,0.620098039,0.970588235,-0.240941089,1.128034834,0.576292561,0.497257722,0.356972962,0.023951869,0.010763318,16.72960772,0.954764965,0.020733732,-0.723443664,,0.870207476,0.181233169,0.181233169,0.204703849,0.242993945,0.13440039,0.110205533,,-0.005583199,2.136322122,24.44951936,1.423837572,0.116273732,23.81823049
600528,2019,-0.605769231,0.951923077,-0.068000301,0.88935906,0.388354171,0.794670955,0.478518063,0.025219715,0.011966226,16.79753367,1.037948266,0.026934522,0.654832442,-1.804352706,0.91543368,0.206847132,0.206847132,0.208615747,0.196277491,0.114564653,0.082638798,,-0.060530291,2.068978766,24.55798325,1.4662639,0.112899717,23.89763188
600533,2017,0.774611399,-0.528497409,0.049745896,0.999515356,1.117506837,0.293227783,0.410007061,0.024083601,0.005559147,15.06565289,1.082741369,0.057128163,1.834423703,-1.867131899,2.91576085,0.777527882,0.779868304,0.521952151,0.43681431,0.17604121,0.198249742,,0.010670248,4.454643076,23.63762196,1.850140625,0.001573582,23.38339417
600535,2016,-0.273021002,-0.673667205,-0.13449858,0.697637472,-0.484377661,-0.641976155,-0.128194022,0.044834298,0.02002835,17.50787435,0.222052268,0.009639765,0.485347907,-0.886532055,0.292987063,0.166767474,0.166767474,0.169852402,0.128708569,0.217739454,0.281715062,,0.026319883,2.422395704,23.86861005,1.782792011,0.138870068,23.33619561
600538,2016,-0.977382876,0.082390953,-0.180004417,0.837905874,0.863682269,-0.289246436,0.587911946,-0.001468879,-0.00111334,14.81623015,0.246351379,4.55e-05,3.014551413,,-0.007285259,-0.451371597,-0.451371597,-0.465825509,-0.480351693,-0.14827803,-0.561384353,,,1.165367994,20.48278813,4.857614881,0.19754822,18.53016919
600538,2017,-0.624352332,0.388601036,-0.047518619,0.454187954,0.402528688,0.482626742,-1.004952679,-0.001203669,-0.001011823,14.58492185,0.312321182,0.000595369,-2.283966878,,-0.066307694,0.090088457,0.090088457,0.067228741,0.137447247,-0.060815472,-0.053349727,,,1.166901932,20.42004482,4.77098998,0.138705657,18.47534364
600545,2017,0.917098446,0.950777202,-0.116907958,0.456933891,0.259974323,0.106847226,-0.006705439,0.053245322,0.015912987,15.45417607,0.759269558,0.036536308,0.172236164,,0.908936996,-0.175364582,-0.175364582,-0.172093503,-0.218449146,0.24262459,-0.134485112,,0.02714456,2.09190084,23.25836373,1.708191692,0.070933959,22.60821065
600545,2018,0.090686275,0.93627451,-0.332119435,0.616934111,0.644720309,0.38416017,-0.114717633,0.015525701,0.007815373,15.60885134,1.042442568,-0.009593335,0.355961037,-1.199905681,1.06363681,-0.411092291,-0.411092291,-0.293109957,-0.343106177,0.083201045,0.125956595,,0.041179383,2.186120316,23.33828432,1.494640731,0.111382949,22.72684364
600545,2019,-0.237980769,0.103365385,-0.344643801,0.974802658,0.697289544,0.235692527,0.158073165,-0.003071968,-0.001418564,15.71896548,0.853051093,0.004758355,-3.44124998,-1.952924276,1.20788669,0.111054346,0.111054346,0.064492883,0.156221171,-0.083882027,0.025094464,,0.019192378,2.5452397,23.25067419,1.076395954,0.092115463,22.7516284
600547,2017,-0.981865285,-0.204663212,0.696514811,0.250125549,-0.341565038,-0.836486601,0.032727186,0.013741304,0.006007226,17.54878973,0.509849644,0.006871048,-1.7714284,,0.254205944,0.19893858,0.19893858,0.207202691,0.209105811,0.113715497,-0.049889736,,0.050293928,1.996499606,24.58615467,0.453976031,0.4076557,23.89125269
600547,2018,0.821078431,0.370098039,0.229206674,-0.034094433,0.188301934,-1.361583829,0.262495491,0.016767228,0.007564222,18.11984224,0.333055757,0.007364277,1.818905587,-0.791610697,0.290097254,0.059499794,0.059499794,0.040284903,0.029961111,0.302936268,0.482041271,,0.055646566,2.313391231,24.85077505,0.453635792,0.347965023,24.28467306
600547,2019,-0.447115385,-0.706730769,-0.27505895,0.843211789,0.259776552,0.166063604,0.077950651,0.017450221,0.007566954,18.19044831,0.366963182,-0.005041892,0.504063964,-3.307584912,0.389165193,-0.640927378,-0.640927378,-0.568951665,-0.61791594,0.126617473,0.073905503,,0.031491556,2.179461767,24.96999481,0.418284363,0.356165498,24.35597507
600548,2016,0.631663974,-0.919224556,-0.113312663,0.609038969,0.086537795,0.100503914,0.168984008,0.030202259,0.013192968,16.36749731,1.222311945,0.038632315,-0.057548844,-0.487378336,1.467759955,0.269940139,0.269940139,0.406756986,0.256099459,0.218312271,0.326121513,,0.034618898,2.747015859,24.51651037,1.021414951,0.024636862,24.0639043
600550,2016,-0.447495961,0.531502423,-0.627869009,1.46886999,0.846839859,-0.778154406,-0.384135921,-0.017766353,-0.001234654,16.08249979,0.071294679,-0.010242652,-0.97889126,,1.024507227,0.052464108,0.052464108,0.067147413,0.100252162,-0.16166179,-0.159096504,,0.025457159,14.85895498,22.85345532,0.752659759,0.164591731,22.7837842
600550,2017,0.901554404,0.450777202,-0.082877595,0.993176552,1.33574389,0.011442733,0.144611775,-0.074103267,-0.007546105,15.63752419,0.193174924,-0.0074291,-3.075227576,,0.821944424,-0.194005218,-0.194005218,-0.181303675,-0.177237714,-0.192302667,-0.24832524,,0.026113524,7.576194727,22.63988744,0.805207402,0.201722953,22.49833265
600550,2018,0.558823529,0.161764706,0.25555538,0.893846026,1.133745662,0.059923195,0.347025412,-0.011154988,-0.001562295,15.58811011,0.151175676,-0.001658038,2.168918443,,0.627641624,0.26102946,0.26102946,0.125772137,0.193158976,-0.015679819,0.005099254,,0.024565128,8.797498288,22.62408339,0.972791959,0.189795884,22.50341895
600550,2019,-0.317307692,-0.408653846,-0.152122685,1.059203497,1.131887861,-0.170572278,-0.251318561,0.01079224,0.001307863,15.75413859,0.110866138,0.001109216,-1.409266019,,0.553324905,0.012901254,0.012901254,0.019095058,0.025071013,-0.20200137,-0.227938787,,0.036491025,7.018667828,22.398435,0.779752286,0.215383449,22.24472751
600551,2016,-0.718901454,0.424878837,-0.428215557,0.953750813,1.61664761,0.739336385,0.272851636,0.016084094,0.011160708,15.6266363,0.846579866,0.026453757,-0.690891237,,0.123595177,-0.165765151,-0.165765151,-0.175950045,-0.191943889,-0.103521457,-0.169237676,,-0.073567056,1.407525139,22.63801455,2.663824329,0.102472396,21.39852895
600551,2017,-0.992227979,-0.836787565,0.031553169,1.021792664,1.105781336,0.151075568,0.358220516,0.016990765,0.012188171,15.30846835,1.087043086,0.025866895,0.468386687,-2.041833929,0.06702716,0.03488732,0.03488732,0.024254668,0.03242725,-0.019656768,0.032673738,,-0.058096126,1.438824761,22.61816201,2.76093343,0.101166466,21.43068025
600551,2018,-0.080882353,0.549019608,-0.093301507,1.06221627,0.592858446,0.463353021,-0.299367202,0.014295622,0.010067276,15.20198523,1.171005611,0.014929015,-1.781262457,-3.996122324,0.122550769,-0.103364246,-0.103364246,-0.091551309,-0.08974825,0.012867646,-0.014826128,,-0.041113445,1.421765953,22.63094758,2.531069079,0.091885575,21.41574311
600551,2019,0.072115385,-0.865384615,-0.112655475,0.980440157,1.047833131,0.683495766,0.564726103,0.012764626,0.008891776,15.18162039,1.235334026,0.020492341,1.840791188,,0.193596931,0.325213733,0.325213733,0.337241651,0.353386396,0.069077708,0.092397497,,-0.085693428,1.434967625,22.6977439,2.339711415,0.078081229,21.50411793
600552,2018,-0.379901961,-0.080882353,0.312354904,1.086690723,1.251296832,-0.423206266,-0.365128288,0.010808146,0.004249058,15.25574192,0.638340821,0.003630009,2.075860237,-1.520907549,0.715010687,0.114188111,0.114188111,0.11960875,0.114868357,0.10199879,0.134011479,,0.02339132,2.690546777,22.74047278,1.44269313,0.210588043,22.27578036
600557,2017,-0.5,0.639896373,0.192409492,0.962843366,0.285631073,-0.048092926,0.083788153,0.029719257,0.021175472,15.75810084,0.55563931,0.013140085,2.268946841,-2.964840528,0.149067357,0.226694652,0.226694652,0.227321446,0.009072463,0.099231347,0.288378696,,0.029717224,1.564798183,22.51057081,1.424604584,0.342723633,21.49152714
600558,2017,-0.199481865,0.049222798,-0.152690135,1.093777386,1.253977541,0.19409295,0.086247373,0.010027384,0.006972022,15.02697691,0.635013891,0.002827095,-0.952507995,,0.132884215,0.162065327,0.162065327,0.150972092,0.172662023,-0.043943613,-0.145362242,,0.018212996,1.377856044,21.78772605,1.839420903,0.385695128,20.49395536
600558,2018,0.720588235,-0.446078431,-0.208361049,0.915278904,0.869537732,-0.204949466,0.490773369,0.003922486,0.002851677,14.83580058,0.770790559,-0.001685038,2.054741321,,0.203738123,-0.017622418,-0.017622418,-0.022614474,-0.031579234,0.053491674,0.024004531,,0.019646411,1.363436128,21.8398361,2.0064096,0.33118935,20.51767631
600558,2019,-0.65625,0.324519231,0.101367277,0.864162937,1.18066746,0.48397003,-0.037329107,0.014348933,0.010441108,14.82637602,0.824244357,0.01357225,0.324176802,-2.767879369,0.191394886,0.276927632,0.276927632,0.264476863,0.313347504,0.065981747,0.103130603,,0.01891645,1.380926307,21.9037323,2.079378858,0.305317643,20.61582845
600562,2017,-0.528497409,-0.347150259,-0.117995452,0.805970163,0.056750173,-2.391088196,0.59354716,0.005642572,0.003752793,16.02458069,0.196308696,0.001804954,-1.905144947,-1.421586593,0.038854094,0.014802741,0.014802741,0.03147832,0.010845319,0.068806911,0.175635532,,,1.611399602,21.77884304,2.506627238,0.044161944,20.8097354
600562,2018,0.855392157,-0.318627451,-0.047166511,0.853157046,0.296013914,-0.90189633,0.314694972,0.002249974,0.001402005,16.01411769,0.195550695,-0.000318864,0.870124464,-1.608844332,0.063666519,2.695120817,2.695120817,2.363004814,2.703543032,1.382252597,2.092871027,,-0.152248176,1.970838268,22.64688955,1.777059053,0.031853522,21.9388352
600562,2019,-0.992788462,-0.293269231,0.001292878,1.088679394,0.377304266,-0.807431758,-0.08057863,0.034370935,0.018907903,16.15029511,0.379783018,0.007514199,2.064854771,0.720658214,0.278912294,-0.036937648,-0.036937648,-0.060376674,-0.078370595,0.260964391,0.266520169,,,1.979304724,22.87876637,1.78624032,0.023907885,22.17510831
600565,2016,-0.098546042,-0.945072698,-0.473023473,0.929435462,0.372318229,-0.567345032,0.209880225,0.031262216,0.00666181,16.11220625,0.791305649,0.015292942,-1.265776398,-1.036157736,4.015460692,0.104668017,0.104668017,0.047245114,-0.135223365,0.34810156,0.413011174,,0.006730577,6.109397023,24.59304405,1.333596593,0.003120815,24.41429736
600565,2017,-0.751295337,-0.966321244,0.380578925,1.033970718,1.058121909,0.202837659,0.088991445,0.016697505,0.00285104,15.84466469,1.182648134,0.013196854,2.062233859,-0.664424642,5.094464098,0.350928217,0.350928217,0.436749757,0.439598146,0.546244614,0.516770407,,0.007831177,5.567184888,25.02887321,1.269353939,0.002024652,24.83088071
600565,2018,-0.075980392,-0.095588235,-0.263524771,1.176232302,0.722387654,0.621360808,0.205530164,0.012985037,0.00242002,15.82368679,1.857427515,0.015254573,1.349795866,-1.841136074,8.16725458,0.205908071,0.205908071,0.225428186,0.386470703,0.019617236,-0.007673793,,0.010541376,4.96075683,25.04830051,1.277376915,0.002957237,24.82317732
600566,2017,0.844559585,0.085492228,-0.361545502,1.031606,-0.539491584,-0.39592241,-0.758180704,0.093806842,0.062293998,17.21046989,0.176780922,0.020792191,0.711373965,-3.505015177,0.01668605,0.027132518,0.027132518,-0.002924239,0.000217415,0.144058734,0.060489901,,-0.013156878,1.47057768,22.80631534,2.383510274,0.271947075,21.66686581
600567,2018,-0.916666667,-0.056372549,-0.137942668,0.927205393,0.398190267,0.421554127,0.190902753,0.025527859,0.009224221,16.49473294,1.000024047,0.016906848,-2.313969988,-2.034354971,1.715914404,-0.120279189,-0.120279189,-0.104966342,-0.084263462,0.123072259,0.156700824,,0.013172262,2.92454572,24.51638219,0.751452481,0.344431041,24.09793298
600569,2017,-0.090673575,-0.492227979,-0.246771314,1.183167919,0.224139938,0.81672716,0.037980607,0.05975769,0.013546172,15.93934253,1.010523324,0.007224172,-0.632511112,-3.062064959,2.724855593,-0.055771586,-0.055771586,-0.011550677,-0.029689946,0.095388454,0.027852351,,0.067487072,3.609049068,24.33794459,0.767541661,0.387213284,24.01348608
600569,2019,0.401442308,-0.466346154,0.51849091,0.766983367,1.221845806,0.617484015,-0.468543424,0.019199845,0.00513223,15.58580918,1.840920532,0.029251195,1.338908377,-2.306973231,2.870436506,0.753746268,0.753746268,0.629855995,0.657781662,0.070875273,0.054857074,,0.04864653,3.628986048,24.46784255,0.80187984,0.207733323,24.14548751
600570,2019,-0.485576923,-0.75,-0.147597565,1.249170706,-0.409642616,-0.777239441,0.408490639,0.03420121,0.019858196,18.4199413,0.045724932,0.001834589,0.575263771,-0.631887018,0.034448626,0.267171254,0.267171254,0.305568487,0.373228276,0.295140182,0.800783099,,-0.002595461,1.970319872,23.02786514,0.888734243,0.073343618,22.31953974
600572,2017,0.367875648,-0.101036269,-0.081129265,0.618777825,0.267396658,0.088298048,-1.04378113,0.037990762,0.02209406,16.69598305,0.335435789,0.011132602,-0.75992578,-0.714144905,0.193194304,0.020552384,0.020552384,0.05252038,0.003858129,0.053622606,0.154919275,,0.020565841,1.970113291,23.12035934,1.248455573,0.223443208,22.41192588
600572,2018,-0.237745098,-0.090686275,-0.153698347,1.016294316,0.871203624,0.616923348,-0.525925904,0.027441417,0.014425809,16.57363641,0.351663973,0.013711421,-2.390676774,,0.200381894,-0.124630241,-0.124630241,-0.109284028,0.22563276,-0.084175503,-0.126718168,,0.022369846,1.885159457,23.03242881,1.237731406,0.246500819,22.27642893
600572,2019,-0.399038462,-0.949519231,-0.20531083,0.699048129,0.440819351,0.047853955,0.10855139,0.025810655,0.013388055,16.35984686,0.426571221,0.006479507,1.284502494,,0.19625051,-0.023626874,-0.023626874,-0.025468779,0.012647158,-0.095228077,-0.261645028,,0.019597693,1.621210804,22.93235643,1.321576884,0.254963493,21.97309835
600575,2016,0.974151858,-0.886914378,-0.129967127,0.607327438,0.854431662,0.041989167,0.216325113,0.014632562,0.008106147,16.34158405,0.786153192,0.010201764,-0.670748039,,0.503192074,0.090739808,0.090739808,0.103621003,0.11828052,-0.046933907,-0.15042209,,0.026519377,1.644997851,23.52788249,0.947081306,0.593792984,22.59163512
600577,2018,0.671568627,0.110294118,-0.075086328,0.973816849,1.204220986,0.0254139,0.209679695,0.031728478,0.020705196,15.48867596,0.749316513,0.014729041,0.973320869,-1.906893329,0.231355053,-0.089415419,-0.089415419,-0.082967718,-0.076657165,0.060754158,0.100556565,,0.054021014,1.601099398,22.57671972,2.006681598,0.170774842,21.59703423
600577,2019,-0.673076923,-0.723557692,1.308682671,1.00549496,1.476772325,0.363171769,0.093346125,0.034109388,0.020575223,15.77560389,0.600920807,0.010983678,-0.362795941,0.239515349,0.288240674,0.599277638,0.599277638,0.594404847,0.618477967,0.605106278,1.335592686,,0.033917328,2.204039199,23.04990969,1.718461561,0.104331334,22.44529992
600578,2018,0.31372549,-0.887254902,-0.086346853,0.732186882,0.230357315,0.196173702,0.228622804,0.017464058,0.006473969,16.67502026,1.653220156,0.028965111,0.388631386,-1.78889064,2.227887573,0.132838229,0.132838229,0.091573712,0.083346966,0.01546214,-0.008821365,,0.026121737,2.65132078,25.0992805,0.481870724,0.538537017,24.62579802
600578,2019,-0.528846154,-0.927884615,0.039496855,0.529914661,0.653305384,0.6752287,-0.223810235,0.013916675,0.005333804,16.85608583,1.483475713,0.003747663,-0.816610076,-3.705718106,2.112495618,0.102705007,0.102705007,0.243537713,0.28288125,0.005349277,0.008389812,,0.024784893,2.664628427,25.10461552,0.421006312,0.560301883,24.63415283
600580,2017,0.012953368,-0.836787565,0.10571864,0.940395935,0.829803127,-0.434008774,0.384183496,0.031738998,0.011186315,16.03587496,0.702842886,0.021720844,0.715326748,-1.889908978,0.913778381,0.116146654,0.116146654,0.107596071,0.078626113,0.078220051,0.055041401,,0.02078032,2.793833419,23.68445351,1.053496259,0.188588169,23.24139378
600581,2017,0.96373057,-0.295336788,-0.297274668,1.265002776,1.07508575,1.4510286,-0.358219231,0.043205629,0.008097144,15.6870409,0.592285801,-0.034323485,-0.768906945,,2.540210776,0.161786104,0.161786104,0.176407134,0.187227589,-0.010606497,-0.052327071,,0.029238601,4.558777997,23.66793977,0.329822059,0.714844614,23.4203024
600581,2019,0.341346154,0.461538462,0.996816113,1.354046996,1.331642023,1.383172767,-0.817354936,0.04502221,0.009170137,15.63673205,0.728481307,0.020438331,0.446957825,-1.318747277,1.736752614,0.49518389,0.49518389,0.35112228,0.323575274,0.261769986,0.234378901,,0.030519659,4.490852985,23.97847287,0.568504415,0.517180548,23.72657633
600582,2016,-0.919224556,-0.011308562,-0.198652298,1.438299351,0.692559714,0.489742678,0.282475442,0.009387116,0.005039739,16.55911633,1.244902682,0.003964112,-0.172840824,-3.847416511,0.728084189,0.405700218,0.405700218,0.390805703,0.507832377,0.059367755,0.047881983,,0.021714432,1.843748896,24.34150828,2.063337853,0.109205617,23.55980699
600582,2017,0.455958549,-0.844559585,-0.06072459,0.935116903,0.209038126,-0.020780435,0.036479146,0.013523632,0.007408509,16.54299936,1.348253758,0.007903604,-0.388403097,-3.197895012,0.73716188,0.177173422,0.177173422,0.153745137,0.174044234,0.025159507,-0.014249622,,0.012455418,1.785825034,24.3663565,2.151797635,0.10736981,23.54545487
600582,2018,0.541666667,-0.850490196,-0.163641822,0.931031402,0.641456311,0.220342557,0.107480181,0.014613927,0.008224308,16.37179675,1.668717856,0.008482887,-0.55281168,,0.610643825,-0.066624147,-0.066624147,-0.055165977,-0.041935618,-0.009820004,-0.048677993,,-0.055228126,1.732400548,24.35648796,2.067133094,0.115176996,23.49555219
600582,2019,-0.459134615,0.014423077,0.352688515,0.850809338,0.545488556,0.803240159,-0.031434737,0.018205203,0.010680534,16.41791399,1.655927185,0.022860616,1.113020075,-4.388000719,0.40295423,0.265954117,0.265954117,0.21326452,0.240327924,0.050114049,0.041274015,,-0.098408875,1.721784936,24.40538673,2.072278309,0.112142907,23.53599717
600583,2016,0.050080775,-0.673667205,-0.162532291,1.086315756,-0.10408943,-0.522899708,0.239449914,0.000343767,0.000324435,17.12051538,0.841976264,-0.015551646,-0.029454757,,-0.029325704,-0.144224372,-0.144224372,-0.056750952,0.035364217,-0.080432308,-0.347590788,,-0.015980236,1.175470898,24.00539107,3.181049796,0.439385384,22.10344016
600583,2018,-0.37254902,-0.656862745,-0.189532761,0.968923683,-0.092281612,-0.14652797,0.172107805,-0.005965277,-0.004534772,17.03032484,0.902485648,-0.015103387,1.041241042,-1.196167727,0.305715969,0.422764655,0.422764655,0.369155115,0.340800758,0.113248004,0.433409834,,-0.031671045,1.467106716,24.2058579,1.80461564,0.322662276,23.06136812
600583,2019,-0.009615385,0.704326923,-0.010928714,0.827387682,0.320820774,0.402802156,0.138607128,0.007892319,0.005408288,16.81475118,1.124112682,0.006025775,-0.703390468,-2.107148429,0.382113555,0.151682289,0.151682289,0.039868052,0.041478641,-0.015982012,-0.099655374,,0.037963734,1.411060546,24.18974679,1.819713883,0.305761503,22.95639045
600585,2016,0.431340872,0.088852989,0.502100189,1.330778147,-0.431252075,0.902382925,0.162993092,0.045036444,0.03332219,18.59417966,0.744229592,0.036607286,2.133987389,,0.004015226,0.433570489,0.433570489,0.173551818,0.182159241,0.097345133,-0.119911589,,-0.008051541,1.253188543,25.5435474,2.676419552,0.478311336,23.95719952
600585,2017,-0.896373057,-0.03626943,0.260340719,1.236451059,-0.119929358,1.398406846,-0.255912986,0.072156102,0.056223416,18.78320601,0.758699478,0.03737551,1.5049817,-2.527941859,-0.073931732,0.566250682,0.566250682,0.788043381,0.897109178,0.225806452,0.139124109,,-0.07007212,1.235772358,25.74714636,3.554668787,0.390115554,24.08745917
600585,2018,-0.492647059,-0.843137255,0.302239145,1.165769528,-0.0853281,1.395326899,-0.184512794,0.060798108,0.048739116,19.08754766,0.68821488,0.023377875,0.269169791,-2.397704064,-0.124944911,0.032983572,0.032983572,0.029227417,0.048879003,0.203947368,0.192429875,,-0.082471824,1.228187919,25.93275199,3.790114932,0.337037915,24.2634523
600585,2019,0.40625,0.454326923,-0.199374898,1.009674207,0.120352408,1.25975643,0.268150268,0.054810533,0.044419602,19.15833657,0.769917137,0.036217827,0.210531433,,-0.227164505,0.086829344,0.086829344,0.157321857,0.144019718,0.098360656,-0.151856232,,-0.063713738,1.168604651,26.02657075,5.158855443,0.31061456,24.09874718
600586,2018,-0.026960784,0.843137255,0.15714057,0.995530666,0.558693692,-0.286282997,0.409285832,0.008037994,0.003564743,15.23051577,1.032162561,0.005683043,0.953883255,,0.701896773,-0.115299433,-0.115299433,-0.090649809,-0.058094477,-0.004856872,0.004502577,,0.053376571,2.226169773,22.96480432,0.757984457,0.429001918,22.36841711
600586,2019,0.213942308,0.490384615,1.494363908,1.536079422,0.688828625,0.629592161,-0.067166035,0.037469933,0.016971712,15.86192965,0.594344395,0.02762183,3.970937637,-2.729387484,0.280488434,0.535372916,0.535372916,0.228482954,0.219142318,0.081635828,-0.013765745,,0.051125422,2.008907186,23.04327887,0.772451926,0.404087801,22.35455574
600588,2016,-0.557350565,-0.004846527,0.842155551,1.196453198,-1.141503383,-3.101773208,-0.376559081,-0.014689812,-0.006683556,17.43963394,0.167817802,-0.001828329,0.192067225,,0.069840109,0.371019803,0.371019803,0.186093427,0.32423928,0.062294893,-0.000630347,,0.015876864,2.057620965,23.3485694,1.029098245,0.148976853,22.68304097
600590,2016,0.831987076,-0.819063005,-0.353318161,1.13909961,1.180623491,-0.232768747,0.168185489,0.012573263,0.005820702,15.55756814,0.69558335,0.010016445,2.020335383,-0.917132732,1.195978737,0.549982373,0.549982373,0.492318022,0.559915204,0.312080499,0.574154992,,0.032142358,2.593191073,23.08323701,1.397081758,0.057284811,22.59608679
600590,2017,-0.974093264,0.852331606,-0.011927411,1.026274067,1.260464124,-0.394473831,0.244776833,0.012984587,0.004997092,15.44793165,0.825421151,0.009633925,-0.411815325,-1.226720318,1.0741664,0.059162891,0.059162891,0.065584028,0.05327457,0.157087099,0.196490704,,0.037689668,2.741955164,23.22914274,1.322568728,0.050543866,22.77547965
600590,2018,-0.828431373,0.017156863,-0.179613523,1.081160706,1.051999071,-0.695070835,0.095663652,0.009637312,0.003485114,15.38624645,0.933790694,0.0032066,-2.753435735,-1.994013245,1.214924236,-0.220058413,-0.220058413,-0.216922358,-0.233779978,0.068637498,0.1311003,,0.022691442,3.052786236,23.29552721,1.166621933,0.051366992,22.89867052
600590,2019,0.841346154,-0.6875,0.318739504,0.960354295,1.092661877,-0.211166974,-0.024882354,0.031288975,0.010679414,15.41863884,0.873569766,0.063730474,-2.19151244,,0.972533079,0.250137155,0.250137155,0.237159334,0.278174694,-0.00906188,-0.050227702,,0.025341995,2.812908681,23.28642402,1.383995295,0.067349568,22.84713752
600592,2016,0.760904685,-0.789983845,-0.407440192,1.305682974,0.639599153,-0.764948016,0.732881016,0.012305648,0.008756759,15.10483491,0.543574534,0.00995774,-1.331432438,-1.436587413,0.204812329,0.337129636,0.337129636,0.329813269,0.340957527,-0.010972639,0.006212184,,0.020265087,1.457742128,21.72114642,2.847376105,0.236200721,20.56280837
600592,2017,-0.937823834,0.580310881,1.098855225,1.058633045,1.274754103,-0.01563284,0.347632954,0.028013342,0.019516029,14.8763438,0.681503719,0.023849237,-0.759598858,,0.080622119,-0.145013395,-0.145013395,-0.155996021,-0.168184612,0.009896321,-0.069667503,,0.022506764,1.407001672,21.73099409,3.527871238,0.258591268,20.49059514
600593,2017,-0.878238342,-0.621761658,0.484873047,0.336029187,-0.239321429,-0.097975664,0.098489619,0.056752985,0.026937453,15.14778016,0.205188588,-0.002086145,-0.121742916,-0.490966714,0.155518928,-0.067378896,-0.067378896,-0.08839912,-0.111021697,0.183200332,0.192529728,,0.03259515,2.220655198,21.33844998,0.35479721,0.098493062,20.74003545
600596,2016,0.537964459,-0.599353796,0.909165446,2.061517436,1.314589415,1.053723976,-0.46884815,0.023062707,0.012434909,15.95554858,0.57511587,0.02356744,1.645735406,-2.472691694,0.339687844,0.628739113,0.628739113,0.461209802,0.490212304,0.121642286,0.052711992,,0.023715481,1.766803377,23.01098028,1.160496769,0.384547464,22.1762835
600596,2019,0.8125,-0.737980769,1.109055017,1.131741791,1.13302304,0.357377449,0.036897728,0.02260732,0.012785919,15.90990785,0.84101923,0.021614684,3.100298649,-2.093274074,0.338775279,0.454880566,0.454880566,0.320975475,0.338020292,0.184670203,0.089420165,,0.024600492,1.749207713,23.36727982,1.478227585,0.341247551,22.51937785
600597,2016,-0.625201939,-0.518578352,-0.227097007,1.255399083,0.381980451,0.209459711,-0.317495275,0.031965454,0.012491739,16.57538535,0.417861151,0.017845015,1.234059672,,0.467948959,-0.032258663,-0.032258663,-0.039901483,-0.012443439,0.010667884,-0.010373183,,0.026378139,2.433430629,23.52875945,0.875790113,0.351397196,22.99952802
600597,2017,-0.367875648,-0.551813472,0.083294338,1.013931088,0.363050709,0.116547712,0.347207031,0.021713614,0.008991494,16.24832549,0.605599866,0.017412574,-2.808085596,-2.338675436,0.499174378,0.049137244,0.049137244,0.038586564,0.059885253,0.108352358,0.144991674,,0.009960529,2.55447595,23.631634,0.878609044,0.350216685,23.13492538
600597,2018,-0.62745098,-0.416666667,0.374019676,1.169998759,-0.047139078,0.46596266,-0.017190398,0.022078773,0.00862638,16.49386965,0.485341793,0.008281005,0.456756955,-4.202698132,0.466555879,0.095177063,0.095177063,0.121500945,0.127745478,0.063236723,0.054289264,,0.01624024,2.52149135,23.69295177,0.940754811,0.397775913,23.18779224
600597,2019,0.721153846,-0.439903846,-0.035600669,1.097698063,-0.373018166,-0.005950689,-0.201305152,0.019419296,0.007669002,16.85793244,0.385487554,0.004865397,0.827462064,-2.914169297,0.444699741,0.174384361,0.174384361,0.202536101,0.286471132,0.032328542,-0.021378999,,0.018727741,2.336539,23.72476874,0.937901422,0.391762029,23.1661814
600600,2016,0.605815832,-0.408723748,0.243393822,1.149955494,-0.683425347,-0.687893627,-0.025862604,0.039864824,0.022329687,17.08006544,0.701813549,0.023076032,0.193186537,-2.778959667,-0.009792548,0.006039381,0.006039381,0.00172172,0.050714065,0.050544234,0.045380911,,-0.865323333,1.848933241,24.2587605,1.352703047,0.313036471,23.48037692
600600,2017,-0.53626943,-0.919689119,0.134289076,1.067308203,-0.310189473,0.192233233,-0.555259889,0.042825539,0.023932252,17.12196372,0.714713837,0.024280525,-0.076562634,-2.270929615,-0.04161777,0.092187111,0.092187111,0.077199983,0.07887528,0.09164232,0.125284113,,-0.621618737,1.898604694,24.34644377,1.453136209,0.278459377,23.59841247
600600,2018,-0.642156863,-0.924019608,0.538583602,1.015912803,-0.506889757,0.367063375,-0.243990447,0.042622505,0.023628643,17.39255029,0.575047338,0.010408125,-0.095465144,-2.72818274,-0.050303417,-0.052667014,-0.052667014,-0.07617321,-0.078711326,0.08138475,0.110157103,,-0.496084663,1.945110603,24.42468617,1.530347266,0.252563754,23.70291401
600600,2019,0.153846154,-0.894230769,0.489333212,0.737215298,-0.750228885,-0.106741529,-0.351617648,0.053133516,0.028569857,17.94523671,0.352535211,0.013105116,0.011131077,-1.481955374,0.049602357,0.166603154,0.166603154,0.145158232,0.113749999,0.116828569,0.13208516,,-0.244972409,1.970552033,24.5351792,1.562919611,0.2323186,23.82697522
600603,2017,-0.430051813,0.525906736,0.179869974,1.155083948,0.710931546,0.417582606,-0.490456159,0.015286447,0.008696912,14.64437184,2.743535933,0.050251233,0.590647682,-0.010350316,1.676832531,0.001835236,0.001835236,-0.01438954,-0.225476911,0.447766971,1.095500586,,0.005485998,2.252045509,23.37616714,1.574109354,0.003068797,22.78910685
600603,2018,0.041666667,0.526960784,0.123932707,0.861449249,0.668030341,0.406013277,0.121645692,0.015315972,0.006436671,14.85431963,2.269771399,0.0409458,1.258397988,-0.90072763,2.136798022,0.656844364,0.656844364,0.772689442,1.52592435,0.213355594,0.357052862,,0.001144165,2.64411269,23.56955688,1.317719132,0.002228774,23.09442218
600603,2019,0.822115385,0.540865385,-0.095168693,0.782329866,0.405929105,0.508893558,0.431324948,0.016672181,0.006210078,15.50777367,1.254387345,0.0314477,-0.137114162,,1.265894273,0.242540793,0.242540793,0.357550674,0.277415427,-0.070001029,-0.167341794,,0.025327042,2.25590459,23.49698508,1.255962353,0.015666734,22.91129015
600606,2017,-0.378238342,0.349740933,0.070957157,0.986062314,-0.012953347,0.368497638,0.511618735,0.040567533,0.00443939,18.20471722,1.294564392,0.069400428,-0.349181771,-1.366235164,10.64775861,0.272151899,0.278481013,0.27027027,0.276119403,0.10619469,0.099928068,,0.010479721,8.547008547,27.63102112,1.315555556,0.030672,27.50836028
600606,2018,0.294117647,-0.134803922,-0.06802832,1.04132783,0.212983356,0.828369956,0.247219546,0.039866237,0.004492814,18.15416104,1.616913662,0.059845879,0.675701385,-3.410770194,12.16660788,0.044776119,0.03960396,0.04787234,0.046783626,0.17,0.171931451,4.09e-06,0.013505113,8.666666667,27.78802486,1.242387333,0.035991524,27.66701348
600606,2019,-0.358173077,-0.997596154,-0.093444891,1.105351493,0.035102962,0.966657904,0.825622752,0.042037702,0.004832367,18.12774895,1.909558289,0.072621471,-0.699483813,-1.362237237,17.42843173,0.347619048,0.347619048,0.370558376,0.391061453,0.196581197,0.190243782,,0.011516323,8.43373494,27.96749335,1.22,0.038686749,27.84117163
600612,2016,-0.744749596,-0.689822294,-0.260458792,0.599260522,0.234297579,0.261217633,-0.085494205,0.06310125,0.029051221,16.3826997,0.513485833,0.039118222,-0.389807377,,0.271522907,0.102972624,0.102972624,0.101733979,0.102197942,0.120145162,0.122792549,,0.024333034,2.091130111,23.45294773,2.070137657,0.023736122,22.80245704
600618,2016,0.534733441,0.618739903,-0.212224383,1.326391137,1.44800242,0.593940512,0.224046893,0.111242781,0.053388251,15.91925211,0.321180052,0.026577719,3.69189175,,0.179654065,-0.077663272,-0.077663272,-0.131979678,-0.134540627,0.044425679,-0.335038649,,0.018076892,1.516598473,22.31644747,1.166683741,0.351495786,21.23948813
600619,2017,-0.505181347,-0.603626943,-0.196509662,1.024198667,0.567418518,0.170363311,0.019831262,0.016550223,0.005931574,15.55207884,0.930460726,0.0251279,1.111091351,-5.392442748,1.435234574,-0.022689775,-0.022689775,-0.019997542,-0.02279873,0.031844705,0.023819615,,0.037435676,2.83420854,23.43880566,1.080583199,0.250734675,23.00365601
600623,2016,-0.124394184,-0.033925687,-0.121387617,0.926200833,0.709490132,-0.040202852,0.250780984,0.00827507,0.00430673,16.07530496,2.049509103,0.048900761,-0.613894987,-3.454503698,1.064345872,-0.052746996,-0.050548489,-0.08874652,-0.09329583,0.104738217,0.175445025,,0.018386493,2.00698542,24.42562283,1.127119056,0.276898471,23.73595016
600623,2017,0.650259067,0.606217617,-0.220999981,1.244388716,0.838681242,0.75936077,-0.377536194,0.024769909,0.012352865,16.47686735,1.482701538,0.021024155,-0.286392716,-1.325173854,0.87139966,-0.095253481,-0.094671918,-0.069770312,-0.079559847,0.127932935,0.239533113,,0.023051414,2.229075733,24.54600952,1.155105412,0.269321386,23.95068494
600623,2018,-0.796568627,-0.06372549,-0.335074807,0.944158398,0.778647811,0.460467398,0.002829356,0.000145117,7.42e-05,16.27156283,1.790774608,-0.030119222,0.073838012,-2.5911219,1.594663067,-0.384429985,-0.383859841,-0.366721562,-0.390814208,0.005982281,0.003882656,0.009355925,0.017015084,2.223372225,24.55197398,1.079942782,0.270900179,23.95456008
600623,2019,0.447115385,0.507211538,0.71226404,1.069707744,0.974949191,0.827061358,-0.229241564,0.011395718,0.005275618,16.3208946,1.731900754,0.037445738,1.060668385,,1.013526575,0.561379317,0.563966736,0.369781299,0.416317535,0.064756059,0.015028414,,0.020772197,2.103204485,24.6147197,1.131883606,0.231764985,23.96947669
600626,2016,-0.279483037,-0.592891761,-0.462429617,1.357549157,0.805728622,-0.285265993,0.667566718,0.016955603,0.007451576,15.49505084,0.66798171,0.013521111,0.710202864,0.56176033,1.607036867,0.942972914,0.942972914,0.942952124,0.934050461,0.869622991,1.592330806,,0.009810058,3.106023053,23.09285861,1.185176441,0.24169964,22.70431683
600626,2017,0.670984456,0.303108808,0.345144792,0.98481412,1.123412698,0.327758329,-0.019396237,0.040087991,0.012230301,15.22280498,0.904761794,0.092482985,-2.948775694,-3.254668634,1.145500596,-0.097949327,-0.097949327,-0.063699813,-0.084202695,0.078478979,-0.014399886,,0.030950422,2.629167734,23.16841031,1.284140034,0.251037858,22.68981226
600626,2018,-0.504901961,-0.825980392,-0.278852858,1.052996039,1.202939237,0.548507249,-0.12726892,0.00655683,0.002476715,15.3255073,0.95138882,0.025738183,-1.245803464,,1.248221303,-0.332049041,-0.332049041,-0.29602726,-0.29598026,-0.09466559,-0.056662717,,0.023273967,2.822167125,23.06895942,0.94474713,0.278588091,22.63148087
600628,2017,0.056994819,0.279792746,0.025840109,0.841555596,0.882741403,0.30068673,0.187706619,0.014629913,0.011313571,15.11772144,1.221409642,0.020857437,0.035506046,-2.207691035,-0.045795876,-0.258201572,-0.258201572,-0.16741255,-0.211913872,0.066346883,0.331699382,,0.017086619,1.361209576,22.53926495,1.618184779,0.396029798,21.2125943
600628,2019,-0.545673077,0.930288462,-0.335398099,0.665346375,0.472934182,-0.023231362,-0.118744422,0.003847909,0.002607299,15.55193629,0.769440692,0.004664773,1.657824979,,-0.037992692,0.278631098,0.278631098,0.076244216,0.529602789,-0.053929384,-0.207440152,,0.000884741,1.379602178,22.52886417,1.454342161,0.451497874,21.23843751
600629,2016,0.983844911,0.828756058,-0.446811056,0.863713987,1.164916768,-0.222932891,-0.271046468,0.02772932,0.010401918,15.54351271,0.461891141,0.018526454,0.238886138,-1.192003824,0.771653374,0.329527278,0.329527278,0.326096109,0.356489618,0.177182688,0.217738007,,0.000650843,2.785367489,22.75107705,1.200969284,0.154894158,22.3063215
600629,2017,-0.339378238,0.74611399,-0.029388702,0.804867333,0.531100816,0.047999676,-0.000617731,0.028506568,0.010310103,15.30115515,0.641658002,0.020954486,-1.676895325,-1.644034217,0.966211038,0.210970725,0.210970725,0.197320443,0.239824656,0.145691564,0.170857091,,0.002732576,2.899057625,22.88708549,1.109568874,0.137240705,22.46405754
600629,2018,-0.394607843,0.678921569,-0.123330999,0.866324755,0.705815749,0.296550984,0.244729699,0.022455229,0.007778165,15.19490054,0.791189341,0.011899353,-0.081409096,-1.222378329,1.34722302,0.100127907,0.100127907,0.107387459,0.131911963,0.248111355,0.316791091,,0.004047999,3.237359453,23.10871698,1.101763294,0.08771413,22.73925533
600629,2019,-0.466346154,0.112980769,-0.159173393,0.696422468,0.47153225,0.308673254,0.351546135,0.028894516,0.008889778,15.21697588,0.834322731,0.026992529,-1.639477957,-1.879710105,1.53945627,0.074813008,0.074813008,0.071882474,0.071322283,0.154920406,0.210971471,,0.018357246,3.631706222,23.25274841,1.149265306,0.078906407,22.93067823
600630,2017,0.836787565,-0.28238342,0.07310285,1.002573019,1.572365154,0.322259439,-0.490113914,0.00631121,0.004182623,14.98287423,0.57710951,0.002577024,-1.148582116,-0.320263639,0.273286613,0.071860734,0.071860734,0.069064228,0.114101354,0.11287066,0.35041976,,0.003534237,1.630551755,21.82360898,2.179261231,0.118519739,20.87353048
600630,2018,-0.088235294,0.566176471,-0.182862701,0.452691306,1.094285473,0.297760224,-0.658305479,-0.010496977,-0.005559545,14.96931853,0.57629255,-0.034608165,0.656294835,-2.089509732,0.392278657,-0.235495445,-0.235495445,-0.188870114,-0.232687532,0.031299054,0.170145071,,0.033046522,1.781814522,21.85442821,1.8768612,0.123855603,21.03065822
600635,2016,0.2180937,-0.770597738,-0.32058031,0.951732608,0.474762216,-0.253770311,0.333492808,0.014101536,0.006257457,16.23874272,0.749137702,0.004366291,-0.545573667,-1.606957865,0.801863981,0.094567755,0.09698681,0.13242181,0.135088209,0.076256679,0.136652482,,0.026580328,2.401743418,23.71098816,0.721067147,0.208675002,23.17251003
600635,2017,0.07253886,-0.797927461,0.72800182,0.873006498,1.166897423,-0.369993255,-0.648703642,0.020413088,0.008320653,16.29240808,0.734134124,0.008803404,-0.849063077,-2.268220489,0.553614437,0.101600343,0.105556215,0.086835048,0.072940449,0.133299332,0.176285523,,0.025733958,2.536610724,23.83612131,0.830245294,0.20087049,23.33487164
600635,2018,-0.740196078,-0.875,-0.292184346,1.065365814,0.467374467,-0.370632725,0.23375409,0.017015578,0.006799502,16.2367793,0.811923756,0.012166726,1.545756335,,0.778243416,-0.11916765,-0.121525415,-0.131820922,-0.144898069,-0.000253208,-0.041333954,,0.024597474,2.385958662,23.83586807,0.671057196,0.207329536,23.29265914
600636,2019,-0.939903846,0.745192308,-0.183640682,0.942665096,0.494723708,-0.110626709,-0.220952624,0.010475189,0.010071369,15.52144497,0.560345979,0.000898575,-0.661143513,,-0.115395856,-0.271837381,-0.271837381,-0.257041579,-0.527746471,-0.004789573,0.061340973,,,1.039207987,21.86276816,11.65388627,0.036910612,18.58543449
600637,2018,0.132352941,-0.975490196,-0.073677896,1.058304164,0.5061193,-0.025348469,-0.173272868,0.010966791,0.009120494,17.29116119,0.984159407,0.007405352,0.630661669,-0.735002873,0.035046642,-0.088938276,-0.088938276,-0.119678506,-0.228118492,0.213865804,0.6242559,,-0.111819414,1.317738724,24.53812885,2.665621209,0.181975706,23.11568581
600642,2016,-0.282714055,-0.357027464,-0.187516009,0.72401197,0.116043771,0.076808921,0.16164504,0.016941961,0.010429754,17.08240612,1.272960822,0.020136542,-3.406123435,-2.081394724,0.580012307,0.163764881,0.163764881,0.170869995,0.171123193,0.057925772,0.127849483,,0.013393176,1.717767466,24.76780988,1.100924108,0.443440927,23.89517479
600642,2019,-0.081730769,-0.233173077,0.062508251,0.428090463,0.221389731,0.522352853,-0.024225883,0.024109551,0.012945038,17.05426099,1.517891551,0.036843713,-0.460174929,-0.852067287,0.85990706,0.23859691,0.23859691,0.256888034,0.268515941,0.186595556,0.367189405,,0.023316447,2.135998864,25.13803888,0.919139944,0.376634933,24.50661681
600648,2018,0.004901961,-0.835784314,-0.329239508,0.92106835,0.506523104,0.28478984,0.32698661,0.011764415,0.004469644,16.53636717,0.736820462,0.008567219,-0.165365935,-1.326900838,1.558030203,-0.133365111,-0.136407033,-0.047752911,-0.021967458,0.083980248,0.138502841,0.000790483,0.013813377,3.014293266,24.22198829,1.150851712,0.023511541,23.81889129
600648,2019,-0.411057692,0.603365385,0.045204252,0.723299847,0.18053405,0.311524791,0.270284217,0.016511833,0.00528104,16.4252213,0.822794059,0.024317889,0.626305898,-1.828867227,1.523797119,-0.102008955,-0.086644893,-0.117677771,-0.197887765,0.222443752,0.311671981,,0.014901722,3.533865742,24.42284022,1.019263658,0.018841176,24.09019394
600650,2018,-0.25245098,-0.210784314,-0.227164273,1.071133873,0.919275294,0.437707856,0.013250078,0.018080464,0.014372285,15.14936185,0.992872542,0.014960761,-0.282944804,,-0.132585603,-0.038221487,-0.038221487,0.016964656,0.010914272,0.026584578,0.065395212,,-0.141627534,1.283875672,22.30273319,2.224282835,0.156598744,20.7936309
600650,2019,0.293269231,-0.387019231,0.096837757,0.771395017,0.552627078,0.256499515,0.169803559,0.008535615,0.006822771,15.14497977,1.024087869,0.01358524,1.761283351,-0.308110659,-0.092817385,0.218479955,0.218479955,0.20866456,0.191041056,0.095646305,0.305117358,,-0.043654693,1.35755385,22.39407761,2.434272416,0.151904052,21.05992387
600651,2017,-0.139896373,0.642487047,-0.061672372,1.131387844,0.62812212,-1.061830689,0.15921269,-0.100045323,-0.019863452,15.11859682,0.611286408,-0.039583276,-3.073912552,,2.760218598,-0.052670515,-0.052670515,-0.129163589,-0.077044928,-0.250312205,-0.043748634,,0.025789966,-132.7898981,23.15510606,1.016980069,0.099358752,23.16260854
600655,2018,0.698529412,-0.992647059,0.139623364,0.764213825,0.223426095,-0.345732831,0.253447769,0.013347943,0.004765013,16.35060728,2.693271339,0.034269427,0.082661221,-2.139258878,2.806464198,0.020416999,0.020416999,0.033451742,0.02402337,0.134190649,0.158722588,,0.016256488,2.918183263,25.35799483,1.459564221,0.029488219,24.93362673
600658,2016,-0.786752827,0.544426494,-0.436045894,0.363289188,0.505459123,-0.021355291,0.127002837,0.01674831,0.011585215,15.84815579,0.828127405,0.017824414,0.07763129,0.535161264,-0.207544366,2.931402262,2.931402262,2.594816823,1.163283865,0.673659538,2.259893674,,0.002459688,1.965866624,23.32332006,4.051561802,0.010061238,22.61265736
600658,2017,-0.507772021,0.139896373,-0.011960816,0.849762183,1.252628375,-0.06118972,-0.163815895,0.006563209,0.00368312,15.62153742,1.125945426,0.015608204,-1.077997015,,0.517532996,-0.561559987,-0.561559987,-0.305818527,0.013297014,-0.055548512,-0.056722835,,0.020633999,1.963508547,23.26616911,3.370916661,0.013954818,22.55426224
600658,2018,-0.406862745,0.137254902,0.15089168,1.173151219,0.760504507,0.231454017,0.286462676,0.006468262,0.003388351,15.48221809,1.257258822,0.023691943,0.549037252,-0.652950769,0.893043533,1.504178742,1.504178742,0.914980314,0.642179232,0.291118787,0.499436797,,0.026695043,2.324941966,23.52167823,1.988646572,0.010861933,22.95935181
600668,2016,-0.63812601,0.247172859,-0.290762483,1.321015439,1.282279696,0.824800974,0.391931898,0.033878871,0.021914931,15.51345456,0.513736767,0.027558185,-1.130373494,-4.818544197,0.25943393,0.150927239,0.150927239,0.085154397,-0.024331614,0.078431656,-0.122035354,,0.033771489,1.42308483,22.24008724,1.229294275,0.289159921,21.02707773
600668,2017,-0.17357513,0.448186528,0.042855195,1.174733549,0.89376103,0.335035013,0.470366016,0.056860791,0.039345762,15.29735841,0.76122418,0.028472438,0.926859582,-2.226789688,0.260601386,0.121654166,0.121654166,0.102527688,0.127298291,0.181025553,0.155657421,,0.042346202,1.410268652,22.40647042,1.220580662,0.240639478,21.17174711
600673,2018,-0.990196078,-0.845588235,-0.133160578,0.779825886,-0.169543639,-0.236690517,-0.146036126,0.045778726,0.017421944,16.76403721,0.520776777,0.039665875,0.570221611,-1.53007757,0.622640663,-0.19506495,-0.19506495,-0.121699066,-0.100249961,0.091003791,0.116269724,,0.038093038,2.857923247,24.06432897,1.102598112,0.228555387,23.63369307
600673,2019,0.394230769,-0.932692308,-0.360530622,0.696823469,0.734303068,0.604964399,0.130079229,-0.006625952,-0.002274038,16.38854462,0.746570147,-0.007321923,-0.380283073,,1.025093096,-0.010282401,-0.010282401,0.126623592,0.274865468,-0.010741145,-0.008402304,,0.033835621,2.870532256,24.05352972,0.986864875,0.252321177,23.62525527
600676,2016,-0.537964459,-0.789983845,-0.343165165,1.009734167,1.209000577,0.311873943,0.161044811,0.013902324,0.008936815,15.60867316,0.985285132,0.021453814,1.729731151,,0.145023466,0.093656192,0.093656192,0.109338437,0.117485613,-0.011375312,-0.156003079,,0.010645807,1.442167026,22.9085526,2.413420145,0.276633155,21.72633815
600676,2017,-0.134715026,-0.75388601,0.048621511,0.957114373,1.103830608,0.426492919,-0.082023697,0.008338868,0.005683512,15.35871523,1.310158418,0.009729253,-1.00307907,,0.099524975,-0.09110643,-0.09110643,-0.073324747,-0.07516273,-0.009567558,-0.039124704,,0.002836762,1.423384832,22.89893897,2.539037744,0.264138949,21.68642751
600679,2017,0.792746114,0.261658031,0.205364895,0.966030293,1.401511842,-0.154255194,-0.271837157,0.006906346,0.005389678,14.78940201,0.544041505,0.001713702,-2.011814542,,0.074429206,0.120299741,0.120299741,0.117405413,0.10952794,-0.026546188,-0.224493932,,0.046239962,1.227431623,21.30187316,2.26652829,0.070796437,19.61604364
600679,2018,-0.68627451,0.333333333,-0.136521876,1.067987926,1.533672671,0.590042676,-0.32516234,0.005540067,0.004429529,14.81315703,0.537172836,0.000268313,1.447098812,-2.648066233,0.070883815,0.56343979,0.56343979,0.515564285,0.639896738,0.099047501,0.405438777,,-0.042635159,1.310522891,21.39631705,2.1196348,0.052987416,19.95639319
600679,2019,0.980769231,0.605769231,-0.03401894,0.696602859,0.801690103,-0.298448711,-0.101143935,0.018453374,0.014262389,14.88481493,0.554977843,0.007129776,0.064960575,0.640272177,0.200178126,0.902260065,0.902260065,0.911945796,0.915519076,0.625045325,1.624756066,,-0.010603484,1.619990298,21.88185276,1.534799182,0.081278279,20.92138115
600685,2016,-0.453957997,-0.97092084,-0.517229767,1.510221756,-1.093486995,-2.651829634,1.013276585,0.004086862,0.001021838,16.44317789,1.007831643,0.008778721,0.860339347,,1.470101722,-0.210951668,-0.210951668,-0.145967237,-0.149396994,0.038889708,-0.093952835,,0.008103054,2.72940654,24.52880449,1.272384038,0.226170608,24.07249859
600685,2017,0.909326425,-0.989637306,0.111964636,1.162312486,0.649457604,-1.060562846,0.789823332,-0.019478854,-0.007311116,16.12004341,1.612107484,-0.022934766,-3.421669675,-1.451768167,1.834346241,-0.049130591,-0.049130591,-0.061386325,-0.063028669,0.058000261,0.13806618,,0.007892875,3.14040988,24.58518507,1.096668285,0.245235593,24.20182908
600685,2019,-0.608173077,-0.973557692,0.211108895,0.990005228,0.405389539,-0.920968436,0.137191629,0.019601695,0.008580172,16.87770977,0.80824844,-0.002239528,-0.239643206,,0.701370353,0.098847277,0.098847277,0.079780925,0.08967235,-0.016044802,-0.044472343,,-0.006606361,2.149300939,24.32444284,1.150932832,0.133654481,23.69845408
600686,2016,-0.205169628,0.651050081,-0.075075015,0.889779748,0.625361898,-0.673806991,0.259575781,0.054133449,0.011029789,15.65657359,0.782024797,-0.003771379,2.488426265,-2.109358421,1.775125335,0.572333758,0.572333758,0.541970194,0.588259686,0.225849482,0.215776553,,0.013078473,4.752782851,24.01185152,1.241302968,0.065155395,23.77561887
600686,2017,0.492227979,0.002590674,-0.400600773,1.079780737,0.69578889,-0.230221392,0.25613578,0.003737447,0.000763048,15.46699339,0.982523289,-0.003472526,-1.137541162,,2.794274407,-0.189622197,-0.189622197,-0.18446128,-0.18154738,-0.148521438,-0.162776425,,0.010509915,4.471830992,23.85107056,1.368311757,0.076643846,23.59795474
600686,2018,-0.980392157,0.620098039,-0.261525932,0.952605398,1.078395679,0.195390232,-0.043117333,-0.00703481,-0.00162807,15.21979193,1.376045296,-0.082732758,0.416611486,,3.65434956,-0.219484745,-0.219484745,-0.178288099,-0.198421644,0.069498423,0.038948591,,2.51e-06,4.068364806,23.91826034,1.300739189,0.073431357,23.63616397
600686,2019,-0.379807692,0.451923077,0.190559732,0.929613849,1.055249222,-0.340001037,0.170866479,-0.002170128,-0.000514213,15.26005183,1.443586682,0.001140396,0.829574169,,2.341308073,0.089141455,0.089141455,0.074930316,0.086679231,-0.031709444,-0.072614741,,0.007215997,3.601525567,23.88603726,1.309942036,0.073757227,23.56077777
600688,2017,-0.551813472,-1.0,-0.055290837,0.598037177,-0.217143076,0.092638904,-0.101165737,0.038697759,0.027113901,17.47438931,0.777409413,0.016156813,-1.972895241,-5.160845779,0.025998,-0.003737609,-0.003737609,0.057033567,0.072637105,-0.039220649,-0.108867788,,-0.160156603,1.520681092,24.50716206,1.654894999,0.249444405,23.43538621
600690,2017,0.044041451,-0.784974093,-0.115906372,1.251796478,-0.198619638,0.972117032,-0.32191636,0.047652614,0.014895693,18.37390444,0.552439539,0.025289782,-0.000368244,-1.978806946,0.70345671,0.117259011,0.117259011,0.119986002,0.115218747,0.152866242,0.151791694,,0.01688318,3.117302744,25.92176287,1.075039785,0.103953672,25.53608713
600690,2018,0.00245098,-0.022058824,0.031724664,1.292743328,-0.245556099,0.765674451,0.065938692,0.062258788,0.020255952,18.45545804,0.595462114,0.012032552,-0.451122734,-4.136959495,0.706464709,-0.03285212,-0.03285212,-0.010349397,-0.017673878,0.093922652,0.068709634,,0.018361143,2.977097088,26.01153287,1.067961165,0.108178657,25.6025391
600693,2018,0.860294118,-0.544117647,-0.076040463,0.594562093,0.394095703,0.191280012,0.087885068,0.039982728,0.012429574,15.29378724,0.6239024,0.00339436,-0.760477049,-1.495028215,1.422421352,-0.570905255,-0.570905255,-0.53186149,-0.675665413,0.172862524,0.183103199,,0.024415073,3.320292022,23.01476407,1.384171078,0.089975057,22.65640438
600693,2019,0.021634615,0.168269231,-0.151518485,0.474388785,0.354159072,0.118545205,-0.124577312,0.013608189,0.003976181,15.20079107,0.816155683,0.012697399,0.149997504,-0.908335933,1.873832494,0.22572285,0.22572285,-0.010869241,-0.045981109,0.419109975,0.451242444,,0.023398636,3.504405257,23.36479397,1.016889454,0.064403303,23.02882443
600704,2016,0.298869144,-0.957996769,-0.270336785,1.111529888,0.442921778,0.068085613,0.076533153,0.03353024,0.009048239,16.03099562,2.736522768,0.147270597,0.164818194,-6.96350776,8.092677721,0.056451613,0.056451613,0.056910569,0.049586777,0.079660515,0.064318243,,0.038742484,3.589216373,25.26822526,1.012653395,0.071549375,24.94164664
600704,2017,-0.331606218,-0.186528497,0.067840135,1.005328414,0.609279735,-0.039707054,0.081759129,0.034974175,0.009629743,16.6077718,1.934658437,0.047557944,-1.107573562,,2.210736677,0.221374046,0.221374046,0.215384615,0.228346457,0.02479528,-0.01256635,,0.040532596,3.27962996,25.29271813,1.106428616,0.071488022,24.92900066
600704,2018,-0.583333333,-0.129901961,-0.190094827,0.960583648,0.275024434,-0.02815592,0.287899505,0.033592775,0.010091255,16.88373047,1.42100892,0.044366782,-0.321651466,-1.499694072,3.389521826,0.11875,0.11875,0.120253165,0.115384615,0.212545225,0.268094081,,0.026682369,3.712756112,25.48543977,1.112790389,0.065130203,25.16651571
600704,2019,-0.598557692,0.163461538,0.88906848,0.751258032,0.35594296,0.567458749,0.564658356,0.038292866,0.010344896,16.98899841,1.400774879,0.032964255,0.034885308,-1.22965526,2.129280889,0.469273743,0.469273743,0.463276836,0.471264368,0.256410256,0.313307993,,0.028739853,4.133657881,25.71369842,1.058823529,0.055833646,25.43906485
600706,2017,-0.595854922,-0.569948187,0.023409831,1.187701414,1.31974594,0.67382356,0.143434386,0.037491768,0.019067987,14.53737069,0.510972722,0.014421856,-0.488833199,-1.371049716,0.437974477,0.036268485,0.036268485,0.053692563,0.031767974,0.176414649,0.293831653,,0.026495448,2.179114866,21.58172458,1.149112531,0.31597816,20.96756985
600706,2018,0.144607843,-0.544117647,-0.271878666,0.956615705,1.119719349,0.137351133,0.28577256,0.009695677,0.004775178,14.36021025,0.626286503,-0.044521326,-0.342258388,-0.793551686,0.989837868,-0.469816757,-0.469816757,-0.175849758,-0.215086749,0.280133826,0.625908542,,0.020709634,3.197474114,21.8286892,1.155850581,0.464843591,21.45363662
600706,2019,0.855769231,0.132211538,-0.031779576,0.928632031,0.747250641,0.051889678,0.261224498,0.020365156,0.006283819,14.23802802,0.652480522,-0.014756737,0.254684978,-1.247621561,1.225268086,0.754520998,0.754520998,0.279239989,0.282037397,0.061044855,0.07794454,,0.024884813,3.313444839,21.88794334,1.011992476,0.417418239,21.52869264
600707,2016,-0.311793215,0.40549273,-0.122015853,0.982098688,0.7475729,-0.359821111,-0.20971621,-0.004846515,-0.000737144,15.59859736,1.08898632,-0.006151933,2.490998262,0.737035485,1.184510756,0.512907387,0.512907387,0.566666655,0.328269164,4.125074541,1.605073355,,0.01055417,1.685169192,24.26024798,1.545662265,0.092182055,23.36029254
600707,2017,0.79015544,-0.336787565,-0.301397806,0.968738683,0.58640634,0.25987067,-0.380539885,-0.008396073,-0.004549661,15.56888198,3.605600941,-0.051784783,1.231077194,-1.402058309,2.338411583,6.217813211,6.217813211,4.81646732,8.585772173,0.190792544,0.472829502,,0.008320888,2.011616355,24.43486707,1.107223588,0.63777851,23.74747792
600707,2019,-0.290865385,-0.211538462,1.033481966,1.245186333,0.335167716,0.250067443,0.47332558,0.002560953,0.000888804,16.48931886,1.624854951,0.047865427,0.083811996,,0.579451014,1.264366092,1.264366092,0.138232424,0.153062262,0.045527586,-0.082974748,,0.019437846,1.896903794,24.48343925,1.124019106,0.589846907,23.7344096
600710,2019,0.831730769,0.586538462,0.457201827,1.100085058,1.036631808,0.5565836,0.334976501,0.053051886,0.011614169,15.78046145,1.503248371,0.064993544,0.128058557,-2.358419744,4.132173852,0.813048169,0.813048169,0.812627212,0.835193135,0.100732157,0.123798955,,0.015463348,4.872612407,24.63680349,1.034839071,0.164452582,24.40710259
600711,2017,-0.259067358,0.357512953,-0.407666441,1.377091392,0.785614305,-0.534250632,0.26913759,0.015222157,0.007499923,15.97577646,0.864583699,0.001587036,-2.118547835,-5.812354556,0.581924998,0.036206447,0.036206447,0.05996809,0.058117255,0.291307551,0.184596742,,0.053034975,1.927070938,23.56928203,1.271784307,0.136488484,22.83755563
600712,2016,0.738287561,0.421647819,-0.394231762,0.421759771,0.804016379,-0.173175628,0.336338684,-0.001966977,-0.001027853,15.18872118,0.273311272,-5.41e-05,2.613725441,-1.566081473,0.340145573,0.058914173,0.058914173,0.050492175,0.040544164,0.099115578,0.206196689,,0.028554645,2.057691367,21.49778166,0.617324043,0.503558175,20.83228558
600712,2017,-0.694300518,-0.186528497,0.170578993,0.66626702,0.128919523,-0.73185166,0.046588783,-0.015544129,-0.007561293,14.6949033,0.431880503,4.83e-05,-1.252526185,,0.245055662,-0.162073789,-0.162073789,-0.168243421,-0.187603947,-0.133648503,-0.22750381,,0.034764794,1.846152035,21.35431709,0.536412144,0.557870836,20.57415737
600712,2018,0.453431373,0.37745098,0.074907705,0.914957681,1.270915263,0.226280315,-0.353477868,-0.006924159,-0.003803378,14.83631973,0.3775838,-0.013177493,0.429101551,,0.190165536,-0.611605454,-0.611605454,-0.578757556,-0.670421016,-0.012228081,0.010980445,,0.023123296,1.883599979,21.34201363,0.59913703,0.541990412,20.58507797
600712,2019,0.283653846,0.423076923,-0.249806076,0.767810515,1.290103082,-0.226641808,0.059722688,-0.009388803,-0.005028104,14.75313539,0.380783586,0.000455159,-2.316087245,-3.250865388,0.240057617,0.117501323,0.117501323,0.042890827,0.18357902,-0.106253319,-0.114765278,,0.024548798,1.867881155,21.22968073,0.545310426,0.583376619,20.46317553
600717,2016,0.421647819,0.880452342,-0.396036767,1.265991819,0.762140959,0.081326052,0.002267967,0.01777123,0.010430694,16.66460076,1.211671792,0.028810678,-2.560923582,-1.540706338,0.685134835,-0.127131024,-0.127131024,-0.088389103,-0.102479234,0.070457949,0.170265115,,0.023719023,1.734396665,24.30443381,1.046358532,0.395788399,23.44506822
600717,2017,0.89119171,0.875647668,0.021752108,0.899587722,0.675024241,0.466402009,0.119031607,0.013329649,0.00795423,16.36815954,1.644412154,0.013334287,-0.804732164,,0.614539552,0.004450303,0.004450303,0.010081986,0.010831344,0.004479365,-0.058931627,,0.02735913,1.657550704,24.30890318,0.940164516,0.429677196,23.38432874
600717,2018,0.129901961,0.860294118,-0.172934486,0.905389405,0.390801721,0.253891406,0.299052751,0.014427955,0.008883643,16.28210828,1.873624282,0.01846827,0.648932539,,0.769964732,-0.059323877,-0.059323877,-0.080174871,-0.09196338,-0.027265195,-0.11188602,,0.02458474,1.56786549,24.28125939,1.067027838,0.458161796,23.26567355
600717,2019,0.045673077,0.899038462,0.067139485,0.709893863,0.337198741,0.542758596,0.309441617,0.014962472,0.009503201,16.2479359,1.989384744,0.025179863,0.381181606,-3.390703307,0.740517516,0.268270576,0.268270576,0.262867217,0.277872242,0.034208784,0.048271084,,0.024945221,1.580065741,24.31489606,1.050704691,0.45511083,23.31281577
600718,2017,-0.810880829,-0.886010363,-0.026229232,0.984034258,-0.124576823,-1.904012916,0.292546122,-0.003814903,-0.0027095,16.51477035,0.621676834,-0.00380216,-1.859376129,-1.022605897,0.151408391,0.051652295,0.051652295,0.075388112,0.055504674,0.08962754,0.51187736,,0.011890037,1.598726733,23.36685517,1.739342329,0.128290739,22.38469766
600718,2018,0.612745098,-0.87745098,-0.116614659,1.040252575,0.398220047,-0.646253867,-0.779377946,-0.007118361,-0.004445074,16.46231265,0.616663497,-0.008771613,1.047227386,-0.640952841,0.306972528,-0.152735775,-0.152735775,-0.115183724,-0.137512644,0.125628614,0.396899895,,0.009694994,1.868305177,23.48519682,1.377100753,0.112260769,22.71895308
600718,2019,-0.891826923,0.367788462,-0.162759304,0.963346447,0.770987051,-0.011517342,0.321151989,-0.00198569,-0.001023874,16.38141924,0.649971018,-0.00577688,0.757229863,-1.873914627,0.451096113,0.295368399,0.295368399,0.227295218,0.331761399,0.064027528,0.138251964,,0.024364487,1.988767268,23.54725808,1.33015065,0.100982644,22.8484468
600720,2016,-0.961227787,-0.615508885,-0.146264774,1.831135289,1.543907523,1.450391454,-0.139039615,0.03599445,0.019422485,15.8519798,0.77043728,-0.031370646,0.009407725,,0.650854228,-0.097899122,-0.097899122,-0.116627392,-0.128585856,-0.046332042,-0.17730183,,0.039381265,1.63806805,23.01629172,0.776853285,0.593227349,22.07346385
600720,2017,0.904145078,0.139896373,0.377556208,1.373765095,0.631716206,1.049551715,0.210046197,0.038466394,0.023409369,15.5870039,1.058877916,0.001149435,0.487334609,,0.426489582,0.238606156,0.238606156,0.128412045,0.177595589,-0.01713675,-0.21022158,,0.041509879,1.455608485,22.99900644,0.649203693,0.577685046,21.837461
600720,2018,-0.215686275,-0.678921569,0.888448523,1.266616031,0.66680996,1.466979038,-0.237444667,0.056328987,0.037624705,16.03403006,0.789954234,0.000735064,0.201950423,,0.175023441,0.165328487,0.165328487,0.026215953,0.050663312,0.124268468,0.029255126,,0.007628432,1.401639686,23.11613901,1.009405816,0.571701627,21.86629636
600720,2019,-0.146634615,-0.653846154,-0.327903553,1.378814968,0.287799172,1.35397376,0.23173092,0.066193722,0.046395775,16.24108678,0.758777832,0.005977643,-0.375801007,,0.152324147,-0.026596911,-0.026596911,0.053374982,0.119316831,0.097091127,0.06400582,,-0.009119832,1.384865682,23.20880126,1.271607298,0.573449878,21.92833722
600728,2018,-0.732843137,-0.830882353,-0.089121735,0.99919887,0.490067569,-1.619692237,0.269257665,0.043070524,0.024514584,16.55560457,0.310297447,-0.003110934,-0.327038669,-1.447756721,0.169590027,0.02894598,0.02894598,0.026106495,0.020981623,0.240708303,0.252137143,,-0.015073204,1.777312264,22.9862278,1.67794562,0.003164559,22.15921241
600728,2019,-0.930288462,-0.814903846,-0.195799634,0.862797802,0.557452456,-0.310313824,0.582273115,0.005811888,0.003211979,16.4052274,0.413358074,0.00103422,-0.259114436,-2.504843672,0.237248878,0.411935717,0.411935717,0.390552817,0.378734395,0.01995016,-0.004389055,,-0.035952358,1.744945082,23.00598156,1.624380884,0.003355215,22.1548137
600729,2016,0.098546042,-0.634894992,0.255950162,1.072706511,0.79673275,0.372368146,-0.011843063,0.040534354,0.016605184,16.25631867,0.455892192,0.039890636,0.431220437,-1.738800671,0.304156137,0.067847171,0.067847171,0.059185767,0.059482673,0.062708479,0.022343711,,0.102264432,2.288816402,23.27687064,0.98616746,0.235576629,22.70256009
600729,2017,0.31865285,-0.652849741,-0.075714712,1.045211961,0.196272248,-0.065715469,0.101206973,0.041900784,0.017296332,16.32568858,0.473143723,0.039161899,-0.201100045,,0.302466778,0.007924966,0.007924966,0.002949632,0.011344084,0.042607618,0.003633281,,0.098632699,2.183614207,23.31859554,1.031531198,0.229509018,22.70618679
600729,2018,-0.458333333,-0.468137255,0.016946443,0.863413137,0.563098611,0.588939381,0.078131538,0.037624567,0.017018774,16.2638559,0.550984736,0.013480979,0.126715033,-2.094937338,0.293585968,-0.420690942,-0.420690942,-0.425991976,-0.473918182,0.140708157,0.155352568,,0.018958555,2.217306712,23.4502448,1.165961219,0.191707353,22.85059234
600729,2019,0.233173077,-0.480769231,-0.001699907,0.546718073,0.37810234,0.173891905,0.26075668,0.047638583,0.02098492,16.3551528,0.548705413,0.039321273,-0.060092186,-0.727136814,0.361625279,0.117870414,0.117870414,0.114193181,0.133867995,0.130573521,0.424163594,,0.370359375,3.242212858,23.57296985,0.936978867,0.168019477,23.20417703
600731,2016,-0.654281099,0.121163166,-0.432916706,1.123840201,0.994377711,0.26137069,-0.163957251,0.009451092,0.00436357,14.66290713,0.407254511,0.005604993,1.396474383,,0.288527018,-0.03720574,-0.03720574,-0.049063297,-0.010801915,0.214061548,0.11740281,,0.031923432,1.94822951,21.51088005,1.336412671,0.246553565,20.79080032
600735,2016,0.919224556,-0.447495961,-0.412616432,0.733882753,1.527089647,0.566640768,0.482221063,0.028957421,0.022781448,15.24755043,0.209855039,0.009987231,2.365389575,,-0.042440028,0.024148599,0.024148599,0.03239535,0.052994452,0.045495719,-0.017052448,,0.08981675,1.255710081,20.84988647,3.780579129,0.026509972,19.25847428
600735,2017,-0.997409326,-0.665803109,-0.08893683,1.158533168,1.449256028,0.032059068,-0.860294535,0.034536679,0.027482746,14.60915488,0.425918734,0.012408758,-0.918486088,,-0.034364763,-0.009611966,-0.009611966,-0.026880692,-0.044840752,0.078811344,0.064953433,,0.092962464,1.251598912,20.9257463,3.677665553,0.023389305,19.32140535
600735,2019,0.757211538,-0.420673077,0.067847364,0.810339703,0.374811711,0.237528495,0.362873516,0.018900976,0.014493093,14.58964628,0.487089867,0.007587595,0.356356646,-1.591112065,0.006404345,0.081011482,0.081011482,0.113357561,0.129261771,0.007055469,0.000947878,,0.081330423,1.340844711,21.06494617,3.051014081,0.064798423,19.69531808
600738,2017,0.137305699,-0.176165803,0.14278103,0.717588517,0.889986422,0.616688649,-0.415152047,0.268615421,0.1134607,14.9265115,0.824638332,0.0270233,0.507458494,,0.487726884,0.421528438,0.421528438,0.371390924,0.519157685,-0.150592128,-0.248551204,,0.009827722,2.301449273,22.18144417,1.507936887,0.079200851,21.61138359
600738,2018,-0.566176471,-0.105392157,-0.257942753,0.897971158,0.755783277,0.025834291,0.273943238,0.034506746,0.014779157,14.72007267,0.743745056,0.00855812,-0.482288774,,0.310476803,-0.714021201,-0.714021201,-0.734728919,-0.835612547,-0.182716069,-0.235121388,,0.022103402,2.124184709,21.97967545,0.686186357,0.421149439,21.34334546
600739,2018,-0.588235294,0.034313725,0.289511353,1.200120256,0.308559357,0.637745147,-0.530124044,0.012527802,0.007544783,16.99463838,0.955746722,0.003371681,0.322915078,-2.448188746,0.487925618,-0.086953397,-0.086953397,-0.109850472,-0.142073556,0.072109272,0.109731144,,0.036813588,1.692131775,24.40983101,0.780307595,0.097357894,23.51586296
600739,2019,0.346153846,-0.653846154,0.082520491,1.038595921,0.297079905,-0.274297486,-0.411577635,0.046228009,0.028135399,17.3740905,0.710357146,0.021438916,-0.252294027,,0.388566634,0.011868693,0.011868693,0.003876422,0.056163456,0.064703056,0.001006402,,0.036083591,1.624851079,24.47252695,0.766905508,0.083997296,23.51686885
600746,2016,-0.631663974,-0.046849758,-0.466731112,1.110772717,2.259046203,0.691190909,0.052988327,0.018732817,0.012175785,14.77616141,0.196350913,-0.001994343,0.324438272,,0.049555261,-0.333304494,-0.333304494,-0.186112781,-0.157094101,-0.181387617,-0.421108586,,,1.28977398,20.21226177,2.820375256,0.222177958,18.71914074
600746,2017,0.0,-0.132124352,0.14584874,1.165740156,1.2130903,0.702039699,-0.513517836,0.001622604,0.001363657,14.47508506,0.248663936,0.000390201,-0.149360074,,0.027118715,-0.356952287,-0.356952287,-0.346949105,-0.353597073,-0.016793574,-0.388012362,,,1.162579758,20.19532559,5.311665253,0.217911898,18.22809754
600746,2018,0.784313725,-0.034313725,-0.037379944,0.952602483,0.896871783,0.308487616,-0.123238538,0.017612236,0.014757952,14.52802022,0.503095939,0.024363066,-0.775458318,2.419447695,0.443521925,7.633315068,7.633315068,7.254148798,7.048938363,4.956666185,8.555127479,,0.110058976,1.289199096,21.97983655,0.959315731,0.598620134,20.48517546
600751,2019,0.96875,0.132211538,-0.125660926,1.204747647,1.293362717,0.200310458,0.379758143,0.021303467,0.003223984,15.80915897,2.171440822,0.086766756,-2.669366516,-2.720486082,14.03120783,0.105263158,0.105263158,0.106666667,0.107142857,-0.0546875,0.03221074,,0.168027207,15.22573154,25.51905638,0.894931748,0.024247628,25.44807874
600753,2017,-0.841968912,-0.178756477,-0.37782111,0.545014351,0.258535039,0.133920331,-0.847584038,0.00927361,0.006023774,14.55750461,0.081625334,0.000632454,0.422289138,,0.011210603,-0.464454702,-0.464454702,-0.468645628,-0.474896699,0.298947851,0.28477449,,-0.03117664,1.661424327,19.70298886,2.434857266,0.003263358,18.7819539
600753,2019,0.4375,0.723557692,3.566778265,0.595042629,0.501622869,-0.371988857,0.362748064,0.011746061,0.004777636,15.06815075,0.075852681,0.000363752,0.879699245,,0.013523708,-0.491861466,-0.491861466,-0.491039678,-0.493723915,0.011296913,-0.075352338,,0.028537688,1.693738993,19.91554143,2.376950913,0.003359937,19.02294344
600754,2016,-0.621970921,-1.0,0.364899737,1.231616137,0.040965997,-0.186435134,-0.366999625,0.020797851,0.00696319,16.72752753,0.804939241,0.011434286,-0.03579299,,0.723480676,0.103408274,0.103408274,0.08003481,0.161269483,-0.067342847,-0.072200958,,0.010911892,2.940004186,24.39801382,1.352703935,0.165198865,23.98229294
600754,2018,0.154411765,-0.93872549,0.131945,1.246645139,-0.342346398,0.222413676,0.130604343,0.02160066,0.007756665,16.82211231,0.703531437,0.006931953,0.219388954,,0.743942558,-0.427404155,-0.427404155,-0.252037744,3.692894958,-0.024206213,-0.044174413,,0.010354307,2.705406127,24.35527575,0.977803495,0.160642287,23.89382699
600755,2016,0.764135703,0.008077544,-0.202110364,1.184812612,1.824488775,1.488087326,0.096285246,0.035495307,0.009161212,16.6608212,1.284732683,0.044054896,0.199224863,-2.135242318,4.06477958,0.277060244,0.277060244,0.26287284,0.267510125,0.308945426,0.273760184,,0.034700355,3.291107477,25.16822043,1.342317954,0.018617676,24.80603162
600755,2017,0.220207254,-0.152849741,0.199755317,1.169862021,0.744086418,0.204905408,0.189028362,0.027328729,0.008412962,16.44388957,1.949745635,0.059294828,0.245191187,-1.960984253,4.019738686,0.225319599,0.225319599,0.234936877,0.248033639,0.077266528,0.113032129,,0.03512537,3.562057202,25.24264727,1.251845672,0.023586398,24.91311956
600755,2018,-0.845588235,-0.085784314,-0.222074416,1.105456215,0.493592495,0.401029969,0.199033501,0.022715515,0.006326812,16.36137118,2.105006233,0.049742895,-0.057418853,-1.820047303,5.904713582,0.224299065,0.224299065,0.226415094,0.230769231,0.209429507,0.244975806,,0.030516249,3.872597359,25.43279604,1.325240078,0.019501961,25.13223566
600755,2019,-0.802884615,0.764423077,0.266963069,0.890290032,0.46944597,0.69317714,0.256689215,0.023444167,0.006039939,16.36685894,2.478975853,0.045646616,0.591409746,-0.661288003,7.036162047,0.885496183,0.885496183,0.876923077,0.890625,0.027027027,-0.01880136,,0.030514404,3.424628297,25.45946429,1.268847675,0.025114432,25.1132553
600757,2016,-0.747980614,0.57996769,-0.233373305,1.001471341,0.834351517,0.203040435,0.242276354,0.028025015,0.016840042,15.94701766,0.732369272,0.024619753,-1.09897527,,0.400620303,0.153023483,0.153023483,0.142966498,0.152844759,0.07900948,0.047767387,,0.043210646,1.620842013,23.08888099,2.152262299,0.081283301,22.12925658
600757,2017,-0.393782383,0.632124352,0.205335785,0.986369183,0.813730542,0.336039335,0.145050409,0.030972202,0.019332182,15.8921389,0.848115808,0.028764587,0.071694203,,0.226776371,-0.340097038,-0.340097038,-0.381014163,-0.440459726,-0.023409343,-0.201670063,,-0.335168828,1.455857541,23.0651933,2.632588929,0.07994034,21.90402327
600757,2018,-0.409313725,0.465686275,-0.235605227,1.003832108,0.539064886,0.342034548,-0.128090885,0.023409024,0.015951128,15.76108667,1.05237044,0.018799867,0.409933429,-2.872875327,0.147395432,-0.108683439,-0.108683439,-0.104265136,-0.072994859,0.009662853,-0.099454335,,-0.680096466,1.387501126,23.07480977,2.892023608,0.07826984,21.79926886
600757,2019,0.579326923,-0.942307692,0.093131936,0.780698392,0.562430847,0.398070052,0.180440878,0.029866126,0.020416652,15.70812432,1.179299189,0.039934652,-0.057711106,,0.109003854,-0.072790534,-0.072790534,-0.124446792,-0.20934902,0.078146066,0.137041901,,-2.940139705,1.417506922,23.15005273,2.776703788,0.091568184,21.92769893
600761,2016,-0.059773829,-0.408723748,-0.117072857,1.215424323,0.289650773,0.056322551,0.184042823,0.031026957,0.020762446,15.83661947,0.624362249,0.021642709,-0.790378246,-1.954536051,0.197221408,0.231954815,0.231954815,0.222009881,0.238448808,0.078715295,0.146088205,,-0.109102155,1.580250942,22.73652763,2.192771352,0.198738329,21.73464937
600761,2018,-0.392156863,0.049019608,0.026531944,1.044283807,0.278059493,0.228036476,0.123137537,0.030993111,0.020266427,15.74508101,0.753412572,0.012748519,0.243948841,-3.894982416,0.117205668,0.083441924,0.083441924,0.075322526,0.106111962,0.181725917,0.352792912,,-0.0747064,1.633418851,22.91589095,2.260612228,0.188027097,21.96859229
600761,2019,0.692307692,-0.807692308,0.165744181,1.298711164,0.521359321,0.50819684,-0.287589546,0.040840822,0.025539889,16.07372037,0.603659578,0.025125031,-0.289479845,-0.861978016,0.180492872,0.461941116,0.461941116,0.508388756,0.540460535,0.183362312,0.299896596,,-0.032524741,1.74208554,23.08425075,1.991486765,0.166610009,22.23087701
600765,2016,-0.15993538,0.046849758,-0.467053403,1.314267877,0.008604109,-1.561501845,0.554363627,0.01131915,0.003275196,16.00034664,0.475569543,0.003877513,-2.765309157,,1.272423865,-0.043839261,-0.043839261,-0.025856748,-0.044605818,-0.130178443,-0.175046244,,0.02138935,3.084182927,23.26069913,1.17682563,0.207017327,22.86878926
600765,2017,0.751295337,-0.056994819,0.228126389,1.107156274,0.399571977,-1.31237701,0.925056655,0.019544021,0.006391441,15.72552462,0.642083411,0.00523274,1.424504051,,0.913396157,0.13251034,0.13251034,0.029754656,0.148918443,-0.011497249,-0.113472352,,0.021894259,2.538408051,23.24913528,1.467618153,0.206211632,22.74834629
600765,2018,0.759803922,0.085784314,0.095929911,1.077731198,0.892474253,-0.483412173,0.395836199,0.018316307,0.007147986,15.82580824,0.728214192,0.007577742,0.382699998,-2.566397219,0.715076781,0.127097132,0.127097132,0.085316465,0.103029795,0.229897775,0.171261124,,0.023525505,2.364950302,23.45606633,1.453920755,0.165119844,22.90642735
600765,2019,-0.622596154,0.146634615,1.190280487,1.26294319,0.586528069,-0.958234387,0.134980144,0.020264766,0.008803799,16.48247301,0.485072674,0.0053367,0.208520132,-2.340433049,0.298814846,0.358039174,0.358039174,0.345781092,0.383291319,0.222495003,0.072868371,,0.016731981,2.026412946,23.65696019,2.097713344,0.136549798,22.97676313
600771,2016,-0.053311793,-0.844911147,0.355724712,0.694537078,-0.010813495,-0.392170463,-0.127241417,0.0213085,0.017906182,16.25740453,0.165166028,0.00375808,1.418959905,-0.644532827,0.000981539,0.300412285,0.300412285,0.198488261,0.06389904,0.200802676,0.333156621,,0.034566205,1.21482991,21.6749487,4.31722658,0.020608257,19.94243595
600771,2017,-0.748704663,-0.849740933,-0.51371817,0.985647327,-0.243054944,-0.636538065,-0.3677086,0.036898144,0.029942869,16.04362897,0.244242295,0.00749146,0.250713532,-1.236293404,0.069447866,-0.173483191,-0.173483191,-0.14942394,0.038079668,0.257757408,0.743388728,,0.088524479,1.324711756,21.904279,3.088195993,0.204105703,20.49826671
600771,2018,0.585784314,-0.678921569,-0.287985275,1.006924213,0.805718133,0.28189797,-0.039534416,0.021116679,0.016099313,15.76064335,0.356837904,0.003895925,-3.09651353,-0.052738172,0.130233601,-0.201053324,-0.201053324,-0.033401896,-0.080367639,0.178351425,0.695866654,,0.0792128,1.545049391,22.06839536,2.238416282,0.181754674,21.02646062
600771,2019,0.884615385,0.480769231,1.747244561,1.009434689,0.642746747,-0.0396783,-0.499707949,0.006593335,0.004301075,15.9782239,0.29491135,0.00024955,0.221537154,,0.046979991,-0.132187816,-0.132187816,0.119354306,0.153068425,-0.100385678,-0.234670131,,0.047964319,1.428803468,21.96260623,2.494079217,0.217307884,20.75901229
600773,2017,0.769430052,-0.569948187,-0.040001875,1.083646101,0.864985868,-0.629783717,0.268093938,0.006754975,0.001910405,15.43152919,0.654473635,0.005022431,0.398672424,,1.524906282,0.057384551,0.057384551,0.008179888,0.008717155,0.061577715,0.075038146,,0.004752524,3.731869529,23.24583315,3.302256797,0.090728556,22.93391001
600773,2018,0.713235294,-0.468137255,-0.128643573,1.06573927,0.734655688,-0.048566983,0.397112147,0.006458699,0.001747233,15.27913157,0.785924366,0.005232514,0.701028386,-1.762711704,2.010426798,-0.005886899,-0.005886899,0.015608411,0.116039602,0.151228708,0.187101932,,0.000290029,4.07911335,23.38666296,2.514946959,0.086891492,23.105425
600773,2019,-0.302884615,-0.466346154,1.354596811,1.065717283,0.947701788,-0.198496705,-0.646527214,0.00607195,0.001518171,15.62197761,0.606669689,0.002225308,0.145633833,-2.023672766,0.905099996,0.694676637,0.694676637,0.712231801,0.743315302,-0.022204266,-0.039465084,,0.008253751,3.868823723,23.36420847,2.399492812,0.100225577,23.06516005
600775,2016,-0.483037157,-0.04361874,-0.450960778,1.092375596,0.86246208,-0.984024502,0.166038447,0.00814542,0.005203044,15.53669113,0.649811711,0.008997835,0.51227131,-1.558103895,0.267985336,0.138192035,0.138192035,0.126859256,0.134954442,0.100179418,0.240198915,,0.005288943,1.698439411,22.52937651,1.91518529,0.136845336,21.64075983
600775,2017,-0.069948187,0.212435233,1.179030804,1.125544913,0.634176277,-1.390141519,0.609496724,0.010832931,0.00643099,15.5319088,0.69674733,0.002994291,0.705642763,-1.83375528,0.179111591,0.06807483,0.06807483,0.063072126,0.070290009,0.031317123,0.034273823,,-0.002700657,1.701847134,22.56021326,1.834503445,0.136269905,21.67445939
600775,2018,-0.191176471,-0.953431373,-0.343091707,1.108290631,1.05600811,-1.993992692,1.083395209,0.003441472,0.002029657,15.6650956,0.582454898,-0.006476559,-2.046477687,,0.198238407,-0.19498513,-0.19498513,-0.173952849,-0.191946262,-0.065408871,-0.164889209,,0.035906499,1.583546024,22.49256712,1.963678499,0.197123802,21.49426851
600775,2019,-0.040865385,0.817307692,-0.13769896,0.891244264,0.628001,-0.369892905,0.688993378,0.004823298,0.002969361,15.40355492,0.763430005,-0.000767369,0.81323708,-7.411065574,0.207177678,0.265612669,0.265612669,0.259377486,0.290907233,0.063155706,0.144838996,,,1.657875912,22.55380868,1.847048222,0.149297497,21.62953252
600776,2017,-0.865284974,-0.360103627,3.739070659,0.94146968,-0.599738441,-3.292874788,0.283347843,0.007074055,0.005916092,16.18823451,0.372990371,0.000626687,0.090828518,,-0.020345188,0.114040162,0.114040162,0.108010275,0.13948492,0.038488648,0.146131612,,,1.241896205,22.06828961,4.021047124,0.052776567,20.43240365
600776,2019,-0.923076923,-0.466346154,-0.18870274,0.993481303,0.450881325,0.01270686,1.09853788,0.004007095,0.003294161,16.3135665,0.263475989,0.000361592,-0.400858976,,-0.016914648,0.142852859,0.142852859,0.108865858,0.104170665,0.01563942,-0.067541927,,,1.204654667,22.09360228,4.647042248,0.039067611,20.32097807
600777,2016,-0.657512116,-0.689822294,-0.434988933,0.814140234,-0.317885763,-1.041360697,0.643832226,0.00754355,0.006240801,15.90593786,1.46068485,0.01635134,4.15679145,2.358864431,1.162208603,17.47466955,17.47466955,14.63931162,14.90943707,2.819778101,14.02234714,,0.044184774,1.652946628,23.86346009,1.330470494,0.028099423,22.93464067
600780,2017,-0.274611399,-0.440414508,-0.049342072,0.892773821,1.139044828,0.502779086,0.103746928,0.011281846,0.004726712,15.2322464,1.224262748,0.022004378,-0.111329645,,1.165534091,0.162166855,0.162166855,0.149239087,0.179958084,0.013542915,-0.025554202,,0.011953182,2.249970973,23.19260727,0.85466343,0.374063017,22.60481029
600787,2016,0.285945073,0.082390953,-0.029433543,1.236614174,0.68287277,0.072842671,0.089205,0.056278192,0.027307968,16.68368107,0.596678519,0.00024754,-0.348894384,,0.478684968,0.112710149,0.11278157,0.109580507,0.107734327,-0.043666063,-0.204667172,,0.024288217,1.819961207,23.7228646,1.579337468,0.120434406,22.92555117
600787,2017,-0.852331606,-0.056994819,-0.267958651,1.026223767,0.749039061,0.060383301,0.218955726,0.001343891,0.000713503,16.32436118,0.911459137,0.001785565,0.43066099,,0.484129801,0.536301936,0.53590307,0.550799707,0.56441292,0.042633646,0.038944428,,0.059729739,1.81469619,23.76461446,1.481742517,0.131433542,22.96375639
600787,2018,0.894607843,0.544117647,-0.24561322,1.205895232,0.456607158,0.213552673,0.098700616,0.005541955,0.003116205,16.19207116,1.081140308,0.00108104,-1.666412974,-1.104349849,0.86013573,-0.081765362,-0.081648045,-0.081872744,-0.081846322,0.062362414,0.112922045,,0.036177953,1.887895122,23.82510959,1.413019192,0.138772108,23.07074542
600790,2018,0.205882353,-0.154411765,-0.113060547,0.780310584,0.443731962,0.136548214,0.087013217,0.015648946,0.008713556,15.40384123,1.142962003,0.014984861,-1.556210276,,0.547351648,-0.175293804,-0.175293804,-0.067456364,-0.062755751,-0.018197608,-0.091092432,,,1.704084847,22.97990942,0.549794602,0.018328982,22.09602479
600792,2016,-0.263327948,-0.01453958,-0.252374872,1.299382147,1.301296438,0.566040928,-0.140515547,-0.006945607,-0.003583139,15.2581197,0.70861414,0.001822893,-0.412257185,,0.583487334,0.341810413,0.341810413,0.263547449,0.252563046,-0.048300368,-0.111179047,,0.055863306,1.779409087,22.39369055,1.025786031,0.383163737,21.56818999
600795,2019,0.043269231,-0.915865385,0.328296282,0.484453794,0.49300325,0.579734037,0.047745257,0.024951941,0.008239643,17.56713493,2.82533678,0.068098473,1.089187879,,4.193846154,0.138592414,0.138592414,0.18875703,0.230595816,-0.046961326,-0.075236974,,0.025968052,2.875,26.56681025,0.485618599,0.698550725,26.1411106
600796,2019,-0.757211538,-0.387019231,-0.039773704,0.934985544,1.476521534,0.144947907,0.022447998,-0.004295831,-0.00327037,14.23157787,0.462170831,-0.00530939,-0.686991857,-0.074163675,0.133081934,0.355983956,0.355983956,0.283836882,0.309868881,0.223269959,1.018956463,,0.00252019,1.666424561,20.86739716,2.608549277,0.281853842,19.95088847
600797,2016,-0.544426494,-0.812600969,-0.198022818,1.403741893,0.039257069,-2.222679858,-0.223179812,0.020203839,0.012958876,16.15900241,0.396565395,0.004041063,0.121133092,-1.124996865,0.142397678,0.199434709,0.199434709,0.102655256,0.107221259,0.682878156,0.390675395,,0.030776483,1.389036469,22.60325345,1.635475224,0.132375453,21.33056094
600797,2019,-0.569711538,-0.728365385,-0.199218283,1.012447584,0.748581562,-0.304336331,0.598766877,0.009977087,0.007226129,15.84072445,0.586266544,-0.005936789,-0.18232887,-2.076511932,0.140721893,0.170695323,0.170695323,0.209577847,0.214064247,0.012855168,0.137334036,,0.015249986,1.49118809,22.5556007,1.55149615,0.113800563,21.44509937
600798,2016,-0.712439418,-0.260096931,-0.307424759,1.036918819,0.582502413,-0.454901173,-0.10157121,0.017334814,0.008925743,15.51329501,0.618880105,0.007885179,0.717124484,,0.665092672,0.261997146,0.261997146,0.209928646,0.233212232,-0.017431456,-0.097928631,,0.024467527,1.795322047,22.5467503,0.681041141,0.344865468,21.73255772
600798,2017,0.948186528,0.766839378,0.012374632,1.063121546,1.219963847,0.397669629,0.252161845,0.016343941,0.009049895,15.13775434,1.000900646,0.015246541,2.235261777,-4.99494498,0.591251425,0.104430461,0.104430461,0.057616092,0.056093248,0.183724729,-0.011647304,,0.026798495,1.587001531,22.71541631,1.31241457,0.378694987,21.72084206
600798,2018,0.911764706,-0.517156863,-0.202798563,1.046810283,0.799073305,0.239752489,0.302543069,0.013682668,0.008533379,15.05275105,1.363135948,-0.014891438,-1.705184389,,0.526023465,-0.182879628,-0.182879628,-0.003098819,0.005263775,-0.024337409,-0.091156918,,0.024935141,1.52566733,22.69077786,1.539523505,0.364127753,21.62525923
600801,2018,0.365196078,-0.468137255,0.153397585,1.499941474,0.416803565,1.491154225,0.031087281,0.074948436,0.044607071,17.22392757,0.720531229,0.011770582,-0.347060576,,0.226021707,-0.126656044,-0.126656044,-0.06871707,-0.085066625,0.214276502,0.303501642,,0.020687743,1.744661284,24.41856737,1.088090468,0.403972992,23.56718112
600801,2019,0.71875,-0.439903846,-0.191947345,1.133168431,0.402816002,1.228373387,0.425296906,0.065862915,0.040797693,17.24362639,0.809096308,0.034150594,0.089221395,-0.936646093,0.358723648,0.173453884,0.173453884,0.196786541,0.213974015,0.106188611,0.076831281,,0.017066934,1.710850274,24.51948779,1.174489246,0.437471018,23.64120385
600802,2016,0.725363489,-0.43457189,-0.195275672,1.721464064,2.265015605,1.651513534,0.339458971,-0.006142083,-0.001879837,14.9275835,0.395956503,0.035024702,-2.611988516,,0.881951142,0.687917797,0.687917797,0.205333057,0.248203973,-0.106112112,-0.154892243,,0.027010945,3.046660715,22.06567372,0.280171742,0.549302038,21.66783712
600803,2016,-0.389337641,-0.056542811,-0.103319063,1.021918413,0.16839259,-0.599653656,0.1293277,0.044263539,0.012440954,16.49271575,0.432717462,0.026312452,-0.336910607,-2.00676626,0.771330653,0.440122547,0.440122547,0.470472003,0.491062774,0.150641966,-0.033071649,,0.05035236,2.538653341,23.82475147,0.91676285,0.224272812,23.32402529
600808,2016,-0.04361874,-0.576736672,-0.001081269,1.459429688,1.709133076,1.602694466,-0.306843782,0.054749431,0.019928056,17.03253588,1.054389959,0.076081851,2.334371211,,1.666336069,0.138556327,0.138556327,0.097566329,0.086037985,0.103509725,0.038836391,,0.05900168,2.489462225,25.01479359,0.805162098,0.430354737,24.50114201
600808,2019,-0.242788462,-0.115384615,0.687057196,0.725799896,0.884328276,0.926886209,-0.2169441,0.030707338,0.012023981,16.70788418,1.805449264,0.06409434,1.347206994,-4.416783521,1.753647947,0.519238061,0.519238061,0.395257115,0.37538322,0.151508651,0.135807376,,0.024402827,2.54975365,25.2551674,0.823258097,0.309243001,24.75726664
600809,2018,0.281862745,0.308823529,1.106448112,1.279529593,-0.696346605,0.01779208,0.30547655,0.094892512,0.051840664,18.20188618,0.098291662,0.009837155,0.077703493,-2.30536744,0.018635444,0.081956877,0.081956877,0.020168235,0.07256487,0.166317154,0.133651614,,,1.865172857,23.4833379,1.697298686,0.101174106,22.71515821
600809,2019,0.663461538,0.478365385,2.046188084,1.011475484,-1.296157799,-0.180979231,-0.450655488,0.125295255,0.068819686,19.36645272,0.039111896,0.005617638,0.615824594,-0.516022031,0.011956064,0.756391616,0.756391616,0.55438755,0.552296503,0.489450733,0.366419375,,,1.740769037,23.88174531,1.965810576,0.073562521,23.02735193
600820,2016,0.728594507,0.037156704,-0.414268761,0.845681384,0.065241517,0.051802279,0.323504667,0.020951596,0.006341866,17.06082227,0.77285674,0.02095782,0.227269453,-2.292575048,1.927537485,0.173444458,0.173444458,0.154872992,0.167032578,0.117493497,0.127781769,,0.012483114,3.413963057,24.97055453,1.048282967,0.046365892,24.62395054
600820,2019,0.262019231,-0.829326923,-0.078122553,0.655533814,0.344908878,0.683369128,0.181170766,0.021120926,0.005283649,16.66635672,1.40908398,0.01970372,0.877080219,-1.174022324,4.201974514,0.314826089,0.314826089,0.316411092,0.296499533,0.223122787,0.25233851,,0.020739243,4.30368135,25.45946429,0.946389249,0.030772698,25.19733512
600825,2017,-0.637305699,-0.75388601,0.205101057,0.896417086,1.060426564,-0.947476045,0.107575398,0.002443964,0.001628408,15.45560586,0.514222182,0.001080345,-0.905506661,,0.097607756,-0.005631286,-0.005631286,0.008520995,-0.000970238,-0.01686103,0.026260468,,,1.486789784,22.0539224,1.886829617,0.072596392,20.9373802
600825,2018,0.901960784,-0.620098039,0.201024409,1.024759341,1.20190526,0.156541958,-0.014813693,0.001667252,0.001115654,15.49986866,0.480282329,-0.000532996,-1.207745184,-2.20031949,-0.013940617,-0.142249486,-0.142249486,-0.124130504,-0.133206109,0.063265063,0.070036082,,,1.491413082,22.11526682,1.942319496,0.047691262,21.00507257
600826,2016,-0.783521809,-0.153473344,-0.237343264,1.132880934,0.599060807,-0.585133138,0.698967839,0.011254776,0.008298808,15.63218669,0.587707197,0.004768388,0.821171593,,0.103222989,-0.075798582,-0.075798582,-0.07072566,-0.063914574,-0.190583648,-0.232706251,,,1.31265425,22.14181476,3.220057815,0.005682646,20.7071062
600826,2017,-0.484455959,0.935233161,-0.164668886,0.974746174,0.318414203,-0.297241193,-0.319261107,0.047585646,0.034779409,15.40235551,0.657364857,0.027566338,-1.331331797,-4.987675549,0.123483743,0.017908579,0.017908579,0.017861445,0.012833452,0.06864396,-0.030606858,,,1.275613108,22.20820528,3.407973657,0.004744853,20.67602117
600826,2018,0.203431373,0.669117647,-0.066885984,1.029292765,1.110239035,0.772918624,-0.233462083,0.001616155,0.001140042,15.33850288,0.750917614,-0.011122819,0.102193879,,0.098493467,-0.159665988,-0.159665988,-0.155955889,-0.155897839,-0.049278309,-0.083039755,,-0.116210854,1.263249179,22.15767137,3.324764407,0.004477728,20.58933001
600826,2019,0.915865385,0.668269231,-0.240506997,0.697700726,0.720830803,0.109744524,0.049399207,0.00579121,0.004562174,15.14652275,0.931735919,-0.015284364,1.110491915,-0.734176349,-0.116894189,-0.739065093,-0.739065093,-0.752776161,-0.814192578,0.199735603,0.516797157,,,1.357705408,22.33977257,3.42727074,0.004629499,21.00593098
600830,2017,0.784974093,-0.831606218,0.131866293,1.201469649,0.802749002,-0.201587959,0.040731544,0.006438705,0.004830161,14.73915125,0.928659699,0.003412885,-0.88841659,,-0.073745649,-0.608386051,-0.517549801,-0.528173808,-0.612427352,-0.126314145,-0.460120383,,0.023454637,1.18208143,21.71238031,2.707997727,0.029049069,19.84180222
600830,2018,0.931372549,-0.031862745,0.114898415,1.448990757,0.874217792,-0.183030577,0.491127345,0.00667197,0.005773822,14.76620152,0.969014912,0.003499249,0.216646072,,-0.305803581,-0.784573207,-0.677736051,-0.793264264,-0.886974555,0.062889306,-0.574553595,,,1.065707203,21.77337127,8.181180798,0.023050976,18.98718593
600831,2017,-0.32642487,-0.665803109,0.769774337,1.20235536,1.039816153,-0.407817328,-0.246095466,0.007834598,0.003281432,15.31118044,0.783786893,0.005652108,-1.38398796,-3.905676438,0.504161627,-0.073319418,-0.073319418,-0.064098122,-0.04677134,0.090488001,-0.020065446,,0.014432605,2.079927887,22.81980571,0.868042568,0.491198659,22.16436676
600831,2018,0.723039216,0.068627451,-0.296269254,1.327744935,0.73703806,-1.52851033,0.538987814,0.000868921,0.000389062,15.61165036,0.64134822,-0.005455924,-2.187823398,-1.743342172,0.678782748,-0.048924929,-0.048924929,-0.006337448,-0.01049899,0.048166908,0.130621474,,0.014379718,2.273028622,22.86684855,0.975375466,0.485172656,22.28713421
600834,2016,0.483037157,-0.153473344,-0.444354302,1.016221546,0.544447439,-0.352871574,0.588133557,0.013293188,0.007431491,15.32248654,0.331624835,0.00630644,-0.138344994,-1.559770143,0.316352119,-0.000174136,-0.000174136,0.105477274,0.1086167,-0.009040213,-0.024746204,,0.033724276,1.757676704,21.68041285,0.593585374,0.464013724,20.83892147
600834,2017,-0.976683938,0.316062176,0.089794742,0.806675479,0.900431084,0.472644211,-0.130309959,0.009858915,0.005334195,15.0523783,0.432378651,0.010408846,0.835156714,-1.26506204,0.304276317,0.053896147,0.053896147,0.076221211,0.054622282,0.30492288,0.700203863,,0.020480087,2.281250632,21.94655679,1.535616693,0.335474756,21.36966963
600834,2018,-0.536764706,0.387254902,0.587143606,0.901291127,0.698722118,0.282536214,0.089382549,0.016045314,0.008351106,15.10571221,0.431158679,0.003879765,0.375440037,,0.146899256,-0.623980986,-0.623980986,-0.704668935,-0.713785757,-0.202238864,-0.374860696,,0.001106903,1.786077352,21.72061074,3.067169939,0.012038831,20.89988887
600839,2016,0.60904685,-0.027463651,-0.213112884,1.32264521,0.410342053,0.041974572,0.395201644,0.006559588,0.002107808,16.54795091,1.36468718,0.01200747,-0.317132357,-2.92819063,2.284581741,0.104686983,0.104686983,0.112555905,0.124064289,0.048128047,0.058344119,,0.021890814,3.153315934,24.93751404,1.150651005,0.088249489,24.55606841
600841,2017,-0.028497409,0.279792746,-0.15079523,1.132382636,1.267718524,0.554259601,0.061018375,0.008704764,0.004555226,15.23412545,0.90285169,0.006136044,-0.823623511,-3.473694903,0.200059142,-0.12683607,-0.12683607,-0.134778697,-0.160177673,-0.002002802,-0.026736042,,,1.886873155,22.6806104,1.623524041,0.149336188,21.92563605
600841,2019,0.670673077,0.4375,0.294104261,0.688454644,0.881476558,0.441760219,0.019486988,0.011434007,0.005422152,15.36602696,0.839016938,0.013477504,1.371368795,-0.606427721,0.558994921,0.453091332,0.453091332,0.431450268,0.462157022,0.223736889,0.366631304,,,2.454056709,23.03858891,1.381773326,0.107265719,22.51520383
600843,2018,0.18872549,0.176470588,-0.134698803,0.887222146,0.75857124,-0.067441224,0.112154774,0.006205565,0.00385511,14.58998754,1.204612252,0.00053122,-0.113019871,-1.867454498,0.449461358,-0.105931798,-0.105931798,-0.109991817,-0.098757803,0.09384329,0.24105684,,0.01491087,1.762447746,22.25763669,2.119908683,0.11717992,21.41971178
600843,2019,-0.677884615,-0.620192308,-0.072171859,0.671187163,0.821155809,0.156919701,-0.078450623,0.012257296,0.007012765,14.43751373,1.425560144,0.028879344,1.634596714,-1.962427619,0.568790164,0.037744711,0.037744711,0.02019495,0.020230607,0.028748643,0.058775803,,0.009725984,1.80256262,22.28597984,1.690430305,0.145063392,21.47682512
600846,2017,-0.165803109,-0.380829016,0.180086998,1.347442996,1.835102038,0.820572097,-0.255635392,0.020103512,0.005148869,15.41109003,0.596684219,0.012055624,0.251034719,-1.076198165,1.073370587,0.189606124,0.189606124,0.178749061,0.166105611,0.216311356,0.276738893,,0.005048124,4.37151602,23.31676585,1.241692333,0.011167547,23.05701848
600846,2019,-0.882211538,-0.293269231,0.025990367,1.061247609,0.582127002,0.32770813,0.28235588,0.041035947,0.012567055,15.52764166,0.688670791,0.014276715,-0.91217438,,0.785839896,0.110991206,0.110991206,0.230624062,0.401780087,-0.341652405,-0.424635077,,-0.003376436,2.406557656,22.77388747,1.486555205,0.015928393,22.23683544
600848,2019,0.09375,0.064903846,-0.001460548,0.702705191,0.295994241,0.20846262,0.328126564,0.027759667,0.012116963,16.99436734,0.722895234,0.017075309,0.201814158,-1.016546358,0.814013867,0.617823521,0.617823521,0.823253431,0.943588166,0.179739465,0.251024613,,0.018913267,2.501059821,24.54586316,1.587206218,0.007734857,24.03531999
600853,2016,-0.599353796,-0.731825525,-0.420770378,0.998431924,0.908407007,0.209650852,0.030566827,0.009636385,0.000799265,14.80512269,0.400414066,-0.004570861,2.32247639,-1.19962649,4.804174169,-0.180201938,-0.180201938,-0.187106034,-0.211868618,0.228232529,0.175578674,,0.016450212,8.281232736,23.31151465,1.143987829,0.032966897,23.18282299
600853,2017,0.634715026,-0.75388601,0.310844179,0.965161502,0.963505237,0.18255222,-0.19998785,0.020979624,0.002394268,14.56716778,0.817610182,-0.003657638,-0.641176143,-1.955500327,4.547750202,0.117968032,0.117968032,0.114820448,0.108364102,0.221576798,0.229279703,,0.015167483,8.679748804,23.51165713,1.181331555,0.026842587,23.38925138
600853,2019,0.875,-0.759615385,-0.085264807,0.860534914,0.736887655,0.538500661,0.123276995,0.024610417,0.002807012,14.65095858,1.123110894,0.000297278,-0.496901191,-1.689884934,6.356425019,0.636756737,0.636756737,0.635218531,0.641398129,0.213794462,0.16300939,,0.020936933,6.764363657,23.9041409,1.048700833,0.031319325,23.74416747
600855,2019,-0.944711538,0.045673077,-0.173784599,1.056803262,0.89962283,-0.059273439,-0.045391947,-0.000434184,0.000130899,15.44415673,0.369284062,-0.010057634,-0.438085073,-0.837066948,0.365136747,0.176536907,0.176536907,0.192959284,0.263636798,0.097100483,0.235409622,,-0.042285628,2.394245805,22.19849481,1.521096883,0.063086839,21.65778016
600857,2016,-0.802907916,-0.114701131,-0.241047492,0.733842942,0.626929097,-0.329202256,0.452555963,0.013938011,0.011056297,14.71727881,0.216072977,0.005334463,-2.663865518,1.158003344,0.029967529,0.047696337,0.047696337,0.048676414,0.052775667,0.02218939,3.260220857,,,4.203347906,20.5066456,3.664597467,0.140036046,20.23496075
600857,2017,-0.518134715,-0.132124352,-0.020214197,0.70887658,1.052200253,0.306526406,-0.227256613,0.048439164,0.011025432,14.52797495,0.150128583,0.005759259,1.719237555,-1.678962674,0.023760891,-0.003907452,-0.003907452,-0.008799526,-0.001174952,0.476820554,0.113147389,,,2.349764879,20.8965371,4.087507575,0.168414816,20.34215224
600859,2018,-0.120098039,-0.767156863,1.956516274,0.987305417,0.481520614,0.481563518,0.033514881,0.008330911,0.004727019,15.94043904,1.51445786,-0.008575143,-0.986842342,,0.167698532,-0.744836426,-0.744836426,-0.735900431,-0.773742943,-0.010790997,-0.014865102,,-0.00582478,1.783499767,23.7659383,1.472195751,0.240771183,22.94337619
600862,2016,0.841680129,-0.654281099,-0.375172469,1.293028245,0.455760896,-0.668456164,0.825441992,0.020089515,0.009086041,15.81283531,0.502547668,0.014533993,-1.564010282,,0.330124334,-0.209206993,-0.209206993,-0.191425592,-0.236963293,-0.108523792,-0.208453145,,-0.014488209,1.889424046,22.6588982,1.582714032,0.155225811,21.90544499
600862,2018,0.605392157,0.075980392,0.876603731,1.053477374,0.595828736,-0.724693502,0.337224232,0.031730112,0.015253281,16.61519038,0.254551932,0.007875711,2.124349629,,0.022598518,0.222572371,0.222572371,0.22985693,0.293439816,-0.13685866,-0.303941435,,-0.004769093,1.70141752,22.70876281,2.093659895,0.159985418,21.82264911
600862,2019,-0.96875,0.175480769,0.804896446,1.081107895,-0.229290779,-1.009532887,-0.780968617,0.031428913,0.019785528,17.4276493,0.120075155,0.005532046,-2.77310073,-3.438424584,0.020295367,0.093417699,0.093417699,0.055113087,0.059578301,0.017406898,-0.089674133,,-0.052581,1.58444806,22.72601994,2.119750745,0.147899006,21.72869646
600863,2017,-0.132124352,-0.095854922,0.380339929,0.747373177,0.616335423,0.145573954,0.100988227,0.021853621,0.007263837,16.51134395,1.02129541,0.012497546,0.395541164,,1.39058771,0.064945987,0.064945987,0.047769161,0.076232373,0.020510404,-0.076138343,,0.022451744,2.557385807,24.50470752,0.371209203,0.570973692,24.00873061
600863,2018,0.475490196,-0.014705882,-0.2050297,0.798215707,-0.23549166,0.207587865,0.03034118,0.018220461,0.007129004,16.57789759,1.096765059,0.007239022,-0.874991705,-4.023328424,1.820374675,0.079854177,0.079854177,0.117034215,0.124925149,-0.001946281,-0.009294834,,0.027047811,2.528393103,24.50275935,0.345017964,0.626184587,23.99939231
600863,2019,0.050480769,-0.925480769,0.032477235,0.531640227,0.476110473,0.640996709,-0.180299466,0.016732393,0.006671274,16.48599535,1.234708539,0.001422884,-0.887848971,,1.717500425,0.113419125,0.113419125,0.17910227,0.198546986,-0.034876827,-0.071956335,,0.022271742,2.388160258,24.4672598,0.481045714,0.659787098,23.92471581
600869,2016,0.673667205,0.466882068,-0.305380143,0.75761917,0.164561658,-0.264688958,-0.18361744,0.011354945,0.004095158,16.36742427,0.465463876,0.007855845,-1.437711206,-0.844180608,1.05003789,0.03762807,0.03762807,0.01654182,0.009396485,0.148282205,0.245955593,,0.021487086,3.206312761,23.6424443,1.315631868,0.117165424,23.26864538
600869,2017,0.020725389,0.906735751,-0.056717398,0.555365479,0.550194083,0.079923547,0.054449141,0.017546373,0.005118415,16.16968729,0.501689456,0.008106768,-0.371090217,-2.997920069,1.003423041,-0.124227413,-0.124227413,-0.131627324,-0.14692339,-0.052003607,-0.029745992,,0.021106152,3.381477002,23.58903971,1.03738456,0.176196038,23.238448
600869,2018,-0.384803922,0.911764706,-0.12585777,0.675046452,0.661789771,-0.044807007,-0.038475851,0.014723836,0.004218343,16.12877169,0.512872393,-0.007148505,-0.633178189,,1.077872474,0.105038495,0.105038495,0.113019829,0.122128834,0.041314111,0.064136383,,0.024727263,3.567690291,23.6295232,1.013954922,0.170560357,23.30061156
600869,2019,-0.216346154,0.846153846,0.189273032,0.691124476,0.90064457,-0.081216694,0.088096011,0.016499775,0.004590387,15.97222803,0.548895261,0.011621969,-2.099078068,-1.917193058,0.956440316,0.144517307,0.144517307,0.149824841,0.178695754,-0.009484559,0.101009378,,0.022383541,4.999782337,23.61999337,0.949916335,0.169081236,23.39683894
600873,2016,0.777059774,0.10177706,-0.27405859,0.791796384,0.281879694,0.05630158,0.112405986,0.019201882,0.010417717,16.62853825,0.560051722,0.019505611,0.500742169,-2.006759821,0.432956685,0.121643625,0.121643625,0.15614296,0.165256046,0.134191984,0.312098715,,0.024780957,2.172443139,23.67439913,0.830512588,0.523702812,23.05763645
600873,2017,-0.689119171,0.593264249,0.218259235,0.824360459,0.600969543,0.288883529,-0.233521694,0.030129309,0.015178607,16.43064013,0.677885196,0.023518294,-0.989421796,-1.942445597,0.48970003,0.11010635,0.11010635,0.087112749,0.092121106,-0.027725951,-0.070453728,,0.029920617,2.065993932,23.64628156,0.643472037,0.599512605,22.98457776
600875,2016,-0.382875606,0.408723748,-0.238283284,1.145152757,0.4647911,-0.081318174,0.177507472,0.006115656,0.001685383,16.7949001,1.162138145,0.014855633,2.129462231,,1.660603069,0.104352213,0.13474498,0.127487138,0.118270674,0.070969853,-0.003899888,,-0.246467172,3.056381844,25.19144403,1.364200654,0.072099291,24.79516027
600875,2017,0.178756477,0.020725389,0.412369188,1.081931117,1.004685912,0.361256602,0.083984089,0.013330922,0.00424946,16.68693195,1.650535447,0.017361881,0.192626662,-2.93325541,1.163256437,-0.049011154,-0.042365501,-0.094416259,-0.111924184,-0.009568891,-0.058786993,,-0.044453097,2.773010543,25.18182906,1.401212343,0.064201287,24.73457447
600875,2019,-0.879807692,-0.901442308,0.246064988,1.254823469,0.866446945,0.223119504,-0.448356121,0.015625528,0.005487861,16.90425897,1.513790539,0.031254787,1.6305291,-2.213712467,1.377740857,0.289933069,0.280748231,0.302426901,0.305106183,0.073020786,0.075032226,,0.001486218,2.879996083,25.32350437,1.333278518,0.048859015,24.89698513
600879,2016,-0.596122779,0.680129241,-0.212371965,1.019436931,0.198706926,-1.158592955,0.515529608,0.009698834,0.004990462,16.62896118,0.69269359,0.006327728,0.012109948,-1.70915915,0.601462419,0.087318748,0.087318748,0.086512154,0.09410918,0.12233783,0.175765044,,0.018085732,2.005495321,23.91221884,1.567523145,0.155575917,23.22180805
600879,2017,-0.601036269,-0.75388601,-0.137019117,0.957970851,0.214648672,-1.293021077,0.690505191,0.009942364,0.004906587,16.53640824,0.81092355,0.006408104,-1.370591038,-1.739266468,0.829496907,0.013839385,0.013839385,0.007583042,-0.010675982,0.138524664,0.223960222,,0.02189515,2.169165256,24.04195211,1.488598803,0.139462761,23.42389973
600879,2018,-0.051470588,-0.671568627,0.029791647,0.852614476,0.282582646,-1.17503906,0.360918049,0.008376067,0.003860532,16.56922962,0.821783368,0.002387773,-0.086034391,-2.68564931,0.77549521,-0.094241442,-0.094241442,-0.087327843,-0.088589079,0.064023927,0.086147725,,0.038759275,2.223211428,24.10400999,1.480250638,0.149470508,23.50653697
600885,2019,0.221153846,-0.108173077,0.561146206,0.641126277,-0.270744214,-1.498616238,-0.419963602,0.044207329,0.028262693,17.45891915,0.187006993,0.006769125,2.037175523,,0.054805966,0.437756634,0.437756634,0.457690467,0.522120798,0.059515462,-0.075297643,,0.042825677,1.488150294,23.17361807,2.441732537,0.253466361,22.05895219
600887,2018,0.536764706,0.465686275,-0.056965632,1.039041428,-0.20264744,0.22513063,0.474454914,0.06529285,0.031418509,18.98724661,0.14457235,0.006292661,-0.151251832,-0.417785386,0.140068085,0.052907638,0.054530282,0.055202984,0.059941186,0.311030009,0.602599455,,0.006751918,2.658218,24.94920847,0.768611421,0.301533467,24.47729603
600893,2016,0.486268174,-0.896607431,-0.190338623,0.986558426,0.035496126,-1.159152476,0.43765666,0.006023298,0.002419828,17.78166868,0.51680869,-0.001154339,-0.02419284,,0.366079468,0.058306182,0.058306182,0.034474095,0.084794912,0.029756996,-0.268106998,,0.019319251,1.797500205,24.69853426,1.09420767,0.271525825,23.88586415
600894,2016,-0.757673667,0.386106624,-0.495225922,0.893369188,0.779128527,0.017674832,0.531212377,0.014187076,0.010893843,15.88353135,0.907196669,0.003545113,-1.098849252,,0.019221194,0.151049184,0.151049184,0.206390239,0.230807168,0.052332072,0.162216545,,-0.417691585,1.322343282,22.95598006,2.022912617,0.129409924,21.54443648
600894,2017,-0.020725389,0.53626943,0.310255212,1.003552603,1.088731898,0.281142305,-0.033103782,0.015989883,0.01213482,15.50775314,1.339721925,0.018765501,-1.448369027,-1.740034008,0.095163558,0.125937155,0.125937155,0.121246008,0.128312952,0.102564482,0.111932137,,-0.095079496,1.325974738,23.05361887,1.973682562,0.114768976,21.65053564
600894,2018,0.12745098,0.566176471,-0.120221785,1.091927414,1.255284701,0.510780278,0.302773943,0.010813397,0.008250098,15.67552193,1.215508939,0.006406827,1.227525651,-2.77267837,0.132154414,0.059386682,0.059386682,0.050861735,0.066381408,0.069792476,0.217735494,,-0.120862614,1.388570785,23.12108356,1.898384887,0.101961175,21.84752862
600894,2019,0.009615385,0.632211538,0.022028781,0.933632407,0.802366509,0.479635651,0.1007453,0.020744948,0.015353805,15.72561113,1.205000359,0.005118349,1.097549217,-1.233429776,0.134160569,0.22022295,0.22022295,0.226708107,0.241486049,0.086819784,0.193678131,,-0.208239622,1.443728543,23.20433936,1.926129513,0.084983972,22.02456803
600897,2016,0.108239095,0.699515347,-0.166814951,0.971565516,1.091000888,0.954636401,0.066097885,0.032319844,0.026146347,15.72709238,0.53219066,0.018916616,0.409111489,-2.309384134,0.103432835,0.080318373,0.080318373,0.075580439,0.089591902,0.034961878,0.010605309,,,1.306815686,22.26570429,1.188468459,0.638435757,20.8166028
600897,2017,0.409326425,0.740932642,0.276989934,0.788437713,0.590012907,0.342912552,0.194578514,0.035657092,0.029044056,15.68849722,0.576288686,0.017175179,1.958928317,,0.039846044,0.024801724,0.024801724,0.020743217,0.015639026,-0.063278618,-0.374892824,,,1.185786307,22.20033489,1.768337035,0.638570792,20.34677064
600897,2018,-0.56372549,0.776960784,-0.2685826,0.876087919,0.040029668,-0.018444851,0.480499108,0.027796747,0.023732396,15.60171402,0.649552958,0.000699596,-0.333474674,,0.043258475,-0.464168956,-0.464168956,-0.134946815,-0.120305392,0.029958764,0.002678969,,,1.179979872,22.22985366,2.178542087,0.588893164,20.34944602
600897,2019,-0.367788462,0.78125,-0.059429256,0.558985007,0.136295003,0.306721863,0.258916854,0.015621904,0.013325825,15.46519275,0.756625766,0.01089352,-0.783506659,-1.047073396,0.068005736,0.545961188,0.545961188,0.16840173,0.154629374,0.081141815,0.134651437,,-1.20864471,1.190585435,22.30787138,2.322098966,0.522706106,20.47577152
600900,2016,0.660743134,-0.731825525,0.127953888,0.210564495,-0.332459373,0.35788551,-0.011848591,0.051805093,0.021961394,19.02487306,0.716228545,0.015254272,-0.021385887,,0.826511511,-0.004167413,-0.004167413,-0.01877922,-0.03849423,-0.006622517,-0.051176218,,0.03434373,2.325581395,26.42704831,0.170881264,0.813333333,25.86545564
600900,2017,-0.448186528,-0.582901554,0.092655935,0.334136368,-0.301439832,0.261581652,0.100137718,0.048761926,0.022100275,19.2169266,0.647713704,0.007407552,0.048961175,,0.365606075,0.060011769,0.060011769,0.018514194,0.053822978,-0.006666667,-0.055567322,,0.032535455,2.175182482,26.42035932,0.178361964,0.77852349,25.80828477
600900,2018,0.56372549,-0.544117647,0.082338647,0.350365918,-0.330874299,0.24202902,-0.024308695,0.044574027,0.021609048,19.79254518,0.370188256,0.005505447,-0.244687184,,0.326756761,-0.022109405,-0.022109405,-0.010592876,-0.00093288,0.117449664,0.171103818,,0.02444405,2.328671329,26.53140833,0.182169175,0.696696697,25.9662315
600900,2019,-0.067307692,-0.540865385,0.112458589,0.315410288,-0.108775497,0.502256693,-0.155996513,0.051555092,0.024618101,19.91372374,0.369392215,0.006218882,0.490167309,-3.318977171,0.300428944,-0.000555121,-0.000555121,0.125812424,0.170575753,-0.003003003,-0.131109268,,0.033264629,1.976190476,26.52840081,0.18251469,0.680722892,25.8256936
600917,2016,-0.676898223,-0.447495961,-0.27525797,1.017705203,0.355565386,-0.111877355,0.173164242,0.026847266,0.01317421,15.83192816,0.941731194,0.01009523,-0.972601512,-4.666992413,0.060638201,0.076165263,0.076165263,0.086317758,0.092401745,0.030718158,0.021982194,,-0.007490338,2.046033577,22.86317041,1.03730953,0.360947442,22.19227279
600917,2017,0.595854922,-0.380829016,0.018266819,0.882750095,0.923174269,0.351823448,0.297555077,0.022435699,0.011018194,16.24169159,0.378180437,0.00878382,0.533009978,,0.076063888,0.182255487,0.182255487,0.19113125,0.211837775,-0.003312537,-0.062590124,,-0.005650224,1.9262,22.85985237,1.040871407,0.488492196,22.12763814
600917,2018,-0.022058824,-0.264705882,0.022346017,0.742416818,0.593548803,0.199043057,0.354389646,0.022966813,0.011844104,16.19828319,0.41870671,0.004575042,0.734433328,-3.002456263,0.077207767,-0.126767644,-0.126767644,-0.119113612,-0.12317402,0.083617065,0.116827491,,-0.004740401,1.982474414,22.94015695,0.643973746,0.472547537,22.2381302
600929,2019,-0.430288462,-0.004807692,0.038947291,0.813961172,1.08625002,0.450635889,-0.185889663,0.011304529,0.007257228,14.87547702,1.058876063,0.008551741,0.866266288,-1.21143903,,0.163796271,0.163796271,0.17866015,0.468867643,0.184083154,0.415665854,,0.007354337,1.601969649,22.24609351,1.318082624,0.390168375,21.26731135
600936,2017,0.386010363,-0.012953368,0.014360485,1.016213695,1.051393068,-0.204025692,0.162597986,0.011597184,0.00542424,15.46446536,0.715088738,0.001959362,-1.24255097,-1.990671439,0.624716737,-0.127349526,-0.127349526,-0.060387991,-0.111012057,0.010698621,0.002247167,,0.005452117,2.18430707,22.82096713,0.730862586,0.432998787,22.20882633
600936,2018,0.272058824,0.43627451,-0.218334112,1.079757207,1.032807573,-0.050574217,0.178573652,-0.002284723,-0.000995651,15.6480642,0.595076681,0.00086464,1.793670492,-1.143442174,0.741260218,-0.166455726,-0.166455726,-0.090201104,-0.156725591,0.167241576,0.307518119,,0.011987443,2.546784361,22.97561046,0.679655135,0.472161026,22.47695711
600936,2019,0.766826923,-0.560096154,-0.23944473,0.742948448,0.871958549,0.031474814,0.426799763,-0.019064992,-0.007358234,15.52526572,0.660848063,-0.017630134,-1.407122963,-1.363005715,1.197178236,0.011994847,0.011994847,0.112466543,0.098107288,0.121209287,0.246200423,,0.012841074,3.077438688,23.09001829,0.945282752,0.478381605,22.69705637
600939,2018,-0.014705882,-0.75,-0.267311672,0.912259586,0.677104534,-0.042753607,0.506190532,0.010205919,0.001339706,15.00264872,3.39514756,-0.002575058,-0.357654408,-3.897471733,,-0.036236931,-0.036527891,-0.032437223,-0.031825553,0.024375445,0.005162154,,0.017916904,6.944268972,24.99622942,1.070288568,0.018604595,24.84074027
600939,2019,0.894230769,0.052884615,-0.040713203,0.647438505,0.513568099,0.471418485,0.331055084,0.011012936,0.001590766,15.72065991,1.533097837,0.012830451,-0.123478082,-3.125129547,,0.179106521,0.178846569,0.18001062,0.180306406,0.041018716,0.042112591,,0.019220795,6.987916044,25.03642919,1.095310935,0.018094265,24.88199026
600959,2019,-0.045673077,-0.519230769,-0.195420871,0.55078683,0.558509057,0.171524236,0.214127754,0.006306876,0.004317874,16.53790563,1.483605494,0.006584952,-0.373028819,-1.973686164,0.583814493,0.048503033,0.048503033,0.076730737,0.018820306,0.064135767,0.218827938,,-0.011959355,1.558881549,24.27432905,0.881376381,0.543054547,23.24854272
600962,2017,0.204663212,-0.225388601,0.03013533,1.132753253,0.741406212,-0.603564018,0.563635249,0.002154705,0.001344715,14.60739086,0.443291516,0.00022662,-1.386486095,-1.032313889,0.317105776,0.008372402,0.008372402,0.017958128,-0.065146071,0.135606837,0.394382079,,0.02691074,1.711550091,21.23408162,1.423592354,0.408296765,20.35637271
600965,2016,0.957996769,-0.315024233,-0.120679966,0.491203202,0.694916439,0.092006884,0.15467578,0.02495854,0.018987573,15.57292633,0.317183229,0.007019209,0.00628032,,-0.023298468,0.133257015,0.133257015,0.099673252,0.179321934,0.136865512,0.415398317,,-0.002745884,1.333840608,21.64354338,2.396148604,0.221481819,20.2583893
600967,2016,0.466882068,0.169628433,-0.079346497,0.785574663,-0.010154078,-1.463090498,0.191910521,0.013877958,0.007148258,16.24001021,0.682820948,0.004961195,-1.131938156,-0.756664498,0.277696668,0.109135674,0.109135674,0.088481001,0.109546474,0.286872365,0.473774033,,-0.53535621,2.207143491,23.63424828,1.408698813,0.118959624,23.03080596
600967,2018,-0.68872549,0.075980392,-0.083668315,0.911787641,0.344029616,-0.430843704,0.426261103,0.014170724,0.005952903,16.34170446,0.736814471,0.008206584,-0.266148719,-1.486812004,0.178866905,0.003149261,0.003149261,-0.010369239,-0.005151017,0.074021015,0.062316593,,-2.887896244,2.142461425,23.75111447,1.51072519,0.096545537,23.12234418
600967,2019,-0.163461538,0.146634615,-0.035366857,0.977597742,0.698505497,-0.002129784,0.043458494,0.014985294,0.006275237,16.71733289,0.533677656,0.010350057,0.347919812,-1.158671602,0.322008844,0.036150533,0.036150533,0.044189313,0.043121106,0.267381633,0.452970196,,-6.322705232,2.572896507,23.98806753,1.385609001,0.072739002,23.49595405
600969,2016,0.773828756,-0.531502423,-0.415107201,0.896813256,0.544637587,-0.40794005,0.407472579,0.011263204,0.003375254,14.95194913,1.200155527,0.014373206,-1.525007545,-1.847812693,2.28069848,0.143010535,0.143010535,0.181275053,0.176808349,0.078426467,0.082643566,,0.005556914,3.307506611,23.26419212,2.471989024,0.39452605,22.90416506
600969,2017,0.194300518,-0.515544041,0.179003333,1.00665002,1.077413946,0.355600204,-0.010475769,0.009422702,0.002842289,14.70410695,1.585958592,0.011979026,0.429982615,-3.877021157,2.366895041,0.131156664,0.131156664,0.129512371,0.135952814,0.031981384,0.050082361,,0.007190291,3.447020336,23.29567275,1.23828274,0.459085408,22.95303366
600969,2018,0.156862745,-0.397058824,-0.147591313,1.057696954,0.850240233,0.376271319,0.096222976,0.009322658,0.002678886,14.67406911,1.601656161,0.009262209,-0.634565634,-3.431750616,3.104170838,-0.031687287,-0.031687287,-0.031665842,-0.037425697,0.01007977,0.01386859,,0.007338785,3.47895294,23.30570206,1.050626853,0.525391251,22.96680696
600969,2019,-0.254807692,-0.408653846,0.06271038,0.853291814,0.866822254,0.435501967,-0.11495097,0.0083481,0.002373281,14.70198744,1.584203704,0.009697694,-0.332855033,-1.953501782,3.397849919,0.130337617,0.130337617,0.121843848,0.121183719,0.158452677,0.212678334,,0.006512865,3.935629849,23.45278727,0.917719593,0.4993344,23.15963837
600970,2016,-0.428109855,0.967689822,-0.225330977,1.525072349,1.281679266,0.619571673,-0.591000333,0.031995954,0.008189256,16.50048234,0.541630518,0.015936149,2.210493084,-2.362551265,1.192979774,0.140037213,0.140037213,0.112715412,0.112780042,0.033094233,0.014274368,,0.030088938,3.815126486,24.17791241,1.206785943,0.062017281,23.87394578
600970,2017,0.989637306,0.546632124,-0.013650003,1.413504823,0.707009074,0.504372646,0.372141971,0.039291285,0.010531434,16.21243525,0.803553476,0.02048243,0.923186503,,1.345316433,0.123832811,0.123832811,0.117701798,0.145059015,-0.007858397,-0.071413322,,-0.017946717,3.232247869,24.17002297,1.226567242,0.061978908,23.79985423
600970,2018,-0.534313725,0.68627451,-0.146335123,1.315271468,0.739757966,0.766366868,0.27665416,0.035223083,0.010883623,16.16446958,0.978447792,0.016901569,0.230886414,-3.425519473,1.785303205,-0.181424788,-0.181424788,-0.166447645,-0.181167145,0.087696651,0.08248292,,-0.021528879,3.198029002,24.25408527,1.133636579,0.058935247,23.87911164
600970,2019,0.776442308,0.853365385,0.75173928,1.274477358,0.677920326,1.336262777,0.099399847,0.035949323,0.011728833,16.42754361,0.823378608,0.018790857,-1.335646479,,0.983524159,0.283045127,0.283045127,0.28884442,0.293460421,-0.03225176,-0.082321431,,0.032825682,2.871477842,24.22130196,1.190608027,0.066971275,23.79320354
600973,2016,-0.857835218,0.777059774,-0.354969198,0.910883575,1.128249108,0.37964421,0.294775991,0.008505976,0.002628946,15.27508829,0.971877051,0.010536093,-3.116124594,-0.658942372,3.310413894,0.933336844,0.933336844,0.94017487,0.974450355,0.383960791,0.498385385,,0.031849201,3.76615837,23.58559777,1.048517528,0.165042128,23.27700178
600973,2017,0.046632124,0.080310881,0.047048112,0.896396008,1.006347315,0.238298349,-0.249978822,0.009132405,0.002320923,15.23553473,1.149969313,0.010306659,1.50857582,-2.734500981,1.963161949,-0.037344777,-0.037344777,-0.041500488,-0.0589356,0.092251448,0.115821147,,0.023606586,4.005234607,23.67383889,1.066455784,0.159483104,23.38659237
600973,2018,-0.352941176,0.524509804,0.014081681,0.983285855,0.911201231,-0.169935939,0.155232915,0.013120286,0.003413262,15.37332428,1.032990484,0.010383147,-0.894995603,-3.033845944,2.324851287,0.070610835,0.070610835,0.070299543,0.079689884,0.010097557,-0.032779139,,0.019193681,3.552105246,23.6838858,1.098028307,0.162258634,23.35326396
600973,2019,-0.480769231,0.254807692,0.044403534,0.863659169,0.908542409,-0.267832448,-0.181574267,0.01724346,0.004629376,15.48583743,1.033475281,0.022821054,0.552960506,-2.135393715,2.394303053,0.307583657,0.307583657,0.300151113,0.303954085,0.196547866,0.268411059,,0.018343497,4.19511731,23.86332644,1.077472291,0.208210667,23.59102894
600976,2017,0.235751295,-0.603626943,-0.216530486,0.999458732,0.768728215,0.467407339,0.0025568,0.018900605,0.012178854,14.74454039,0.453893393,0.010788656,-1.017026818,,0.178186395,0.034768285,0.034768285,0.042883777,0.025965901,-0.050275041,-0.189492572,,,1.516217495,21.29836398,1.941227888,0.127233665,20.22091814
600976,2018,-0.154411765,-0.708333333,0.073481971,0.951586495,0.343556927,0.078347487,0.096108789,0.017618063,0.011680952,14.75471459,0.468041491,0.006895535,0.886130853,-0.962338562,0.229433558,-0.076122193,-0.076122193,-0.052622186,-0.098879175,0.13159291,0.283206008,,0.020603981,1.628876909,21.42199027,1.600912867,0.114626774,20.47027978
600976,2019,0.901442308,-0.713942308,2.248062432,1.14885645,0.401147618,0.166671291,-0.013040975,0.047322109,0.028564375,15.34186108,0.289273257,0.008004443,0.164518125,-0.548330058,0.120367247,0.745041758,0.745041758,0.625823502,0.737999854,0.285171833,0.526753386,,0.0712199,1.84724702,21.67288271,1.480475383,0.13766717,20.89342329
600977,2018,0.602941176,-0.892156863,-0.157900424,1.19357207,0.949389125,0.157392266,0.142321898,0.01061202,0.007195306,16.95788467,0.583242419,-0.011910514,0.225300727,,-0.173616367,-0.904752677,-0.904752677,-0.7623254,-0.78763444,-0.170452909,-0.375470712,,,1.330050287,23.46122627,3.45329204,0.135354397,22.06749927
600977,2019,0.610576923,-1.0,-0.039671962,0.671857057,0.151651141,-0.124019229,0.537968485,-0.006673086,-0.005207701,17.03727721,0.465413085,0.007174584,-0.815807339,0.536484879,-0.001697195,5.532309444,5.532309444,1.812350477,1.986216169,0.332621123,1.297324651,,,1.747601436,23.74837404,2.175686684,0.086951729,22.89924452
600979,2016,0.056542811,-0.91276252,-0.216779753,0.99692505,0.685992201,-0.109859416,0.231991297,0.017236357,0.007724605,15.12728225,0.97958867,0.014090124,0.313711912,,0.915209611,0.011865469,0.011865469,0.041202482,0.024203938,-0.038637749,-0.112414507,,0.027604541,2.082931795,22.77896672,0.937991584,0.638009793,22.12486229
600979,2017,0.121761658,-0.841968912,-0.004943133,0.680105046,0.444801392,0.006124633,0.287063134,0.018553007,0.008901558,14.98949486,1.197033809,0.012115647,-0.634519496,,0.760436213,0.148555096,0.148555096,0.162998482,0.161452438,0.032601445,0.020578065,,0.033979457,2.056994301,22.81104801,0.822567579,0.647388476,22.14523149
600979,2019,-0.483173077,0.442307692,-0.021968085,0.770218422,1.113950092,0.725517839,-0.097477996,0.013996935,0.006562322,15.19021107,1.064382962,0.005311057,-0.540051289,-2.944370904,1.019042625,0.051454743,0.051454743,0.042396535,0.010721862,0.095702948,0.153245335,,0.028349893,2.214581661,22.96723473,0.773646708,0.615912401,22.36657092
600980,2016,0.967689822,-0.308562197,-0.317984984,1.559495304,1.434787588,-0.033449031,0.134585778,0.02030003,0.01392112,14.62264952,0.249309936,0.002259056,-0.729073816,,0.002299938,0.189621337,0.189621337,0.193738128,0.21615952,-0.041419719,-0.250761512,,,1.341475759,20.4503554,3.040247444,0.237055008,19.0821065
600980,2017,0.487046632,0.569948187,0.496811694,1.195569932,1.045291486,-0.00982187,0.330027167,0.020015587,0.015135652,14.40994163,0.325841409,0.003653779,-1.208162911,-1.586538396,-0.004243503,0.062925253,0.062925253,0.069570135,0.113942413,0.057713451,0.035813146,,,1.332057622,20.50646486,3.190163712,0.210386143,19.11729326
600980,2018,0.446078431,0.583333333,-0.31012489,0.646193918,0.976724831,-0.388656775,-0.113215667,0.015830668,0.011898024,14.52686501,0.304718848,0.004628736,1.648352966,-2.748316765,-0.007176728,0.015011101,0.015011101,-0.008930308,-0.020123121,0.10591114,0.207993989,,,1.374177673,20.60713441,2.765541337,0.17866823,19.30625439
600980,2019,-0.03125,0.846153846,0.189014548,0.968187785,1.166275146,-0.53088753,-0.063665791,0.019078813,0.014033317,14.63309587,0.29413091,0.00566342,0.152489679,-1.720231532,0.008304812,0.286566263,0.286566263,0.23876962,0.291102462,0.317140345,0.165678896,,,1.317489172,20.8825974,3.530392186,0.125860547,19.45955805
600981,2017,0.126943005,0.357512953,0.095108365,0.987630987,1.472632318,0.291309515,0.047431278,0.066263076,0.016636298,14.5361929,4.200231049,0.079091065,-0.376010125,,3.965542507,-0.060363976,-0.060363976,-0.068656016,-0.074412397,-0.115573942,-0.123505151,,0.022913039,3.941139904,24.00378552,1.261864552,0.058944896,23.71111275
600981,2018,0.450980392,0.105392157,-0.331582638,1.115579899,1.269896462,-0.005956954,0.20794926,0.004342731,0.001108775,14.75478671,2.546091555,-0.02253041,-0.328627129,-3.645958036,6.526451989,-0.064866101,-0.064866101,-0.064708371,-0.065223164,0.005087883,0.009650026,,0.018092938,3.99446593,24.0088605,1.254566586,0.060444931,23.72071651
600981,2019,-0.951923077,0.247596154,-0.042230844,0.786283016,0.874852926,0.178166078,-0.066151106,0.011736644,0.002865829,15.38390819,1.548360488,0.002785572,-0.302100297,,2.146044609,0.694098974,0.694098974,0.693175294,0.745749492,-0.003511609,-0.009931681,,0.013085653,3.918861549,24.00534271,1.178402177,0.055031721,23.71073518
600983,2018,-0.350490196,0.235294118,-0.216357259,1.129761947,0.713528168,0.46471218,-0.043631121,-0.009971674,-0.005277771,14.78218291,1.506488471,-0.042411111,-1.067590097,,0.936150788,-0.19899313,-0.19899313,-0.180440486,-0.14802615,-0.116339048,-0.13003931,,-0.883751332,1.889503345,22.6406547,1.506056434,0.186795646,21.88724867
600984,2017,0.85492228,0.896373057,0.162791305,0.649862227,0.409861422,0.174344613,-0.116264453,0.013464543,0.006159519,15.30474117,0.756162804,0.004230803,1.741142556,-1.204382113,0.786240829,0.519162216,0.519162216,0.355415434,0.39352472,0.290799848,0.463578841,,0.072093113,2.595473601,22.94806296,0.900589624,0.461674613,22.46146458
600984,2018,0.235294118,0.37745098,2.735044406,0.907808072,0.988544685,0.661201699,-0.07016798,0.031314648,0.012650493,16.03700337,0.417375358,-0.003139374,1.067833547,-0.959904553,0.287568201,0.0973353,0.0973353,0.099242052,0.097667307,0.363897326,0.26497198,,0.054494264,2.3262729,23.25840925,1.353338623,0.410939192,22.69651455
600984,2019,0.475961538,0.072115385,-0.575287553,1.502442902,0.352443327,0.704920761,0.254824666,0.032276193,0.01294233,16.34070178,0.466774763,0.007144938,0.361516741,-0.819899596,0.600051252,0.46817382,0.46817382,0.459026167,0.509469498,0.295902115,0.428337307,,0.041256631,2.691009487,23.51761631,1.172319348,0.341555882,23.0530256
600985,2016,-0.357027464,0.476575121,-0.202830798,2.061262934,0.199824092,0.898035365,0.523044166,0.008975667,0.006757813,15.0535445,0.518257672,0.004274277,1.733443768,,0.021051782,0.069398683,0.069398683,0.079109932,0.085442397,0.079781773,0.093317398,,0.008079355,1.304247853,21.63744149,2.133389603,0.175663421,20.18190237
600985,2017,0.272020725,0.386010363,0.143366057,1.132300512,0.635214891,0.899950724,-0.073472791,0.425804108,0.30510125,14.83563013,5.528949811,0.321027577,0.773735558,4.167781862,10.7343799,67.083341,67.083341,72.67608819,91.29035584,22.64733012,65.3109483,,0.04683794,2.891340929,24.80069171,0.391395939,0.502791223,24.37625739
600988,2016,0.531502423,0.127625202,-0.247751348,0.408262114,-0.052456391,-0.656730849,0.403018571,0.022779828,0.012592263,15.85842446,0.3544435,0.004908101,-0.584135153,-2.101772121,0.296011754,0.021267399,0.021267399,0.075109192,0.110681817,0.054138608,0.008810619,,0.033544936,1.766812225,22.347726,1.707726694,0.299656865,21.51303575
600988,2017,-0.873056995,-0.041450777,0.238158993,0.253251613,-0.529144945,-1.539730607,0.18924982,0.012933874,0.007420936,15.67896129,0.453919711,0.007195446,-3.242818122,0.22998617,0.315755903,1.654625561,1.654625561,1.64077245,1.383703236,0.544082825,1.223016188,,0.107520058,2.665548198,22.78215609,1.816455806,0.360404031,22.31190067
600988,2018,0.43627451,-0.041666667,0.91648406,-0.056971756,0.329299285,-1.659894425,0.378739235,0.013963601,0.005283432,16.05958803,0.349423704,0.001124583,1.714278828,,0.112698436,-0.00184853,-0.00184853,-0.06671793,-0.044606826,0.039568787,-0.159792962,,0.122729225,2.020260729,22.82096209,1.757390853,0.32856333,22.13779372
600988,2019,-0.819711538,-0.838942308,0.240538696,1.193810262,0.337202688,-0.634631766,-0.038246728,0.056541644,0.028348471,17.04484231,0.163241945,0.007859489,3.103817307,,-0.016700853,-0.367943221,-0.367943221,-0.512480711,-0.457725075,-0.153429919,-0.341693104,,-2.309970153,1.646653076,22.6543998,3.003117203,0.316966447,21.71970968
600992,2016,0.269789984,0.631663974,-0.454757009,0.784378528,0.649005766,0.10971006,0.454833619,0.0033589,0.002027073,14.84364196,0.498818045,0.002441671,0.22033737,-6.045591375,0.21724207,0.232699542,0.232699542,0.242944593,0.252205488,0.030467257,0.056928107,,0.006850007,1.712053797,21.58194159,1.803800359,0.102287399,20.70464608
600992,2017,0.310880829,0.5,-0.073657536,1.053197966,0.956305831,-0.031244131,0.082533104,0.004202219,0.002496215,14.47326537,0.721365901,0.003198839,0.065925038,-1.68962873,0.248332068,0.11037497,0.11037497,0.106612699,0.104048707,0.071051001,0.15124427,,0.00786383,1.808470436,21.65058201,1.66222184,0.084935173,20.84548941
600992,2018,0.93872549,0.465686275,-0.25791924,0.847099251,0.919252037,-8.94e-05,0.217072156,0.002533066,0.001422413,14.30667957,0.861415627,-0.00370623,0.622869754,-1.262760132,0.365393963,-0.136525677,-0.136525677,-0.142883573,-0.159050655,0.1099464,0.220322636,,0.005701566,1.966576514,21.75489373,1.63300769,0.068653807,21.04460469
600992,2019,0.658653846,0.463942308,0.356304327,0.930303326,1.18060632,0.157681449,0.176276444,0.005318886,0.002667395,14.31157684,0.874516663,0.002081163,-0.004485921,-1.720276023,0.410616796,0.161745255,0.161745255,0.16802854,0.179145916,0.159544271,0.310733045,,0.008299982,2.250160679,21.90292079,1.515248947,0.05314786,21.31519125
600995,2017,0.476683938,-0.305699482,0.077969114,1.018745962,0.924200446,0.525590404,-0.120891318,0.050285349,0.035284253,15.0891432,0.561533443,0.045193571,0.266951931,,0.06114236,0.068324271,0.068324271,0.080657747,0.163861631,0.032756502,-0.142507545,,0.065594844,1.353437106,21.79432581,1.025303381,0.638769303,20.45162872
600995,2019,-0.497596154,-0.211538462,-0.058499701,0.951085853,0.895190333,0.60226174,-0.111661262,0.033328912,0.026364355,15.1022617,0.638886281,0.028670151,-0.843446036,-0.68818807,0.154997235,0.097947869,0.097947869,0.211492189,0.216770744,0.020407485,0.145404355,,0.022793714,1.321348106,21.81039326,0.952897724,0.659169095,20.39651045
601000,2016,0.789983845,0.502423263,-0.413539824,1.257411589,0.506635136,-0.29809743,0.235798266,0.02496233,0.019930849,16.78576331,0.811931223,0.028948344,0.035451403,-0.842949256,0.199546262,0.650486169,0.650486169,0.96970057,1.078349221,0.158047079,0.46863911,,0.027410387,1.368126411,23.82752159,1.334354626,0.529006587,22.51475048
601000,2017,0.870466321,0.42746114,0.182428401,1.076311367,0.853487934,0.292134698,0.302097043,0.02154538,0.015776783,16.49909858,1.147311766,0.029139597,0.992569307,-1.456911559,0.226145968,0.338674197,0.338674197,0.378050823,0.390975475,0.076291403,0.079443933,,0.022849082,1.369603209,23.90104284,1.274801619,0.504034533,22.59119651
601000,2018,-0.519607843,0.49754902,-0.16861654,0.987422668,0.50714327,0.377033083,0.338744889,0.021576861,0.015682001,16.45286991,1.290220101,0.033453084,0.576495044,,0.120428911,-0.346277724,-0.346277724,-0.417003537,-0.433297678,-0.00222654,-0.211780431,,0.022359631,1.270946466,23.89881382,1.489149404,0.523082549,22.35321793
601000,2019,-0.502403846,-0.810096154,0.144689264,0.748957037,0.396762689,0.671524556,0.149945371,0.026259158,0.020268001,16.50990578,1.309273645,0.035947483,-0.396403254,,-0.082442285,-0.177980028,-0.177980028,-0.258149335,-0.289430464,0.00368165,-0.106473593,,-0.061546709,1.234244127,23.90248871,1.811957362,0.48833672,22.24063854
601002,2016,0.563812601,0.392568659,-0.29408903,1.615787907,0.778043217,-0.100270003,0.307357479,0.017890663,0.010934895,15.78745969,0.378732731,0.004817552,-0.648393507,-1.692124266,0.374075535,0.199447407,0.199447407,0.271115754,0.349591542,0.084829029,0.187558482,,3.293306366,1.714687883,22.25204688,2.852426268,0.262745349,21.37690645
601002,2017,0.880829016,-0.313471503,0.138354324,1.294186788,1.124734726,0.571571245,-0.184110219,0.021423139,0.012144507,15.42951049,0.555626109,0.012807055,1.991160563,,0.267889021,0.059777621,0.059777621,0.018434478,0.008399358,0.001475772,-0.108178193,,3.59186639,1.590246518,22.25352156,3.426852234,0.255407823,21.26241751
601003,2018,0.745098039,-0.161764706,-0.170359097,1.01674273,0.853562473,0.89330388,0.518140448,0.030741682,0.012885164,16.36068553,0.845826952,0.01448283,-0.829359837,-3.074781902,1.003214436,0.005491424,0.005491424,0.034191226,0.034414393,0.079969479,0.088469381,,0.016782527,2.428368408,24.00468308,0.894820836,0.310656066,23.4739963
601003,2019,-0.894230769,0.831730769,0.367554033,0.805421565,0.846688569,0.786630411,-0.311130456,0.049514843,0.020918836,16.46666438,1.022232545,0.057369338,-0.609331574,0.623550934,2.37329972,0.762541733,0.762541733,0.699935335,0.655664541,1.637738443,1.763393942,,0.011468774,2.60566859,24.97460498,1.037465594,0.412095917,24.49045592
601006,2017,-0.823834197,-0.336787565,0.02790872,0.667471922,-0.025381523,0.570504104,0.021117652,0.038938285,0.031127602,18.64004187,0.872531188,0.036611292,1.639469562,-1.657335341,0.084899269,0.081482023,0.081482023,0.067983986,0.069969416,0.141732283,0.162243777,,0.004618655,1.25,25.69999958,1.766447013,0.532512707,24.08502279
601006,2019,0.350961538,-0.331730769,-0.012704975,0.421264112,0.055550936,0.577050794,0.244540796,0.02924096,0.024479832,18.40311342,1.292473058,0.041483991,0.435771566,0.415443805,0.012952449,0.154122808,0.154122808,0.086251063,0.076114169,0.317567568,1.474148713,,0.00330519,1.488549618,25.9962654,3.48431351,0.420302077,24.88581019
601007,2019,0.329326923,0.360576923,0.056572382,0.725425285,0.559323234,0.31118036,0.019021277,0.007513917,0.005320717,14.71174664,0.921106012,-0.001399683,0.7075181,-1.556866557,0.225051796,0.25499554,0.25499554,0.174985363,0.533481785,0.205732439,0.662514,,0.03524784,1.641204236,22.05109446,1.475780014,0.296261649,21.11125695
601008,2016,0.573505654,0.961227787,-0.523423563,0.995800528,1.747017759,0.36731961,-0.65036827,0.000283647,0.000128624,15.41479492,0.673691318,0.000465318,1.950117829,-2.893481008,1.105599799,0.012985077,0.012985077,0.029393385,-0.009482981,-0.059145107,-0.100135832,,0.031562831,2.172927668,22.67811809,0.446161998,0.630716126,22.06154558
601008,2017,0.992227979,0.691709845,0.385328242,0.937693268,1.263251857,0.407479856,0.265941371,0.000857411,0.000389846,15.16168548,0.889729962,0.001796195,0.454169355,-1.215200372,0.815733675,0.076484843,0.076484843,-0.019430871,0.043660247,0.279548374,0.389352309,,0.036729194,2.416120654,22.92462527,0.486678487,0.531028417,22.39038325
601008,2018,0.806372549,0.973039216,-0.306047559,1.198440818,1.272340852,0.181899917,0.827985401,0.002735663,0.001175012,15.14576976,1.119804202,0.004011531,-1.635368052,-5.293717502,0.968499061,0.082172975,0.082172975,0.051239423,0.107180408,-0.046170629,-0.225860761,,0.054518974,1.907292536,22.87735479,0.423300204,0.539824524,22.13437972
601008,2019,0.552884615,0.920673077,0.078369976,0.946413887,0.825925341,0.619562678,0.179808811,0.004227477,0.002112838,15.14222942,1.217285605,0.006851723,3.798916087,,0.807601467,0.319369841,0.319369841,0.280713843,0.385182082,0.009331174,-0.140598304,,0.051666517,1.680771125,22.8866427,0.428878785,0.520801035,21.98286089
601016,2016,-0.741518578,0.486268174,-0.221087793,0.791862594,0.401604093,-0.570155291,0.406360457,0.016783825,0.006252069,16.34794705,0.594535078,0.018863799,0.697815385,-1.980342059,0.915895747,0.305581922,0.305581922,0.193403167,0.207572861,0.095247378,0.127948084,,0.023959282,2.754494333,23.75311604,0.880536192,0.683681853,23.30206284
601016,2017,0.256476684,0.567357513,-0.071376482,0.995320389,0.92568185,0.462929072,0.210046632,0.020096682,0.007309043,16.22561038,0.691978644,0.011937759,-1.003550194,-2.882845159,1.053287013,0.011157056,0.011157056,0.076370289,0.092498693,0.045103535,0.051807551,,0.019765489,2.785847766,23.79723199,1.951891025,0.67087863,23.352573
601016,2018,0.414215686,0.595588235,-0.196293047,1.028073611,0.821264562,0.321177751,0.10565993,0.019120742,0.006806918,16.07325328,0.830411408,0.017382464,1.461531181,-1.428824617,1.672105355,0.105447253,0.105447253,0.068244622,0.048080377,0.2782636,0.401241528,,0.017670034,3.363782968,24.04273459,1.553964876,0.5334925,23.68993165
601016,2019,-0.144230769,0.598557692,0.756636391,1.15069036,1.478554132,0.507352399,-1.212777457,0.023910737,0.007665065,16.47334184,0.703860093,0.019399022,-1.009644714,-0.871663922,1.28509125,0.323750232,0.323750232,0.18809578,0.172183484,0.42754477,0.453937683,,0.014335752,3.517506403,24.39869061,1.623178325,0.446504144,24.06420717
601018,2016,0.641357027,0.399030695,-0.25504688,0.332409072,-0.10500891,-0.012218437,0.067021353,0.023448396,0.014830688,18.06752064,0.562108258,0.015278541,-0.249684522,-3.044225796,0.315603956,0.356661498,0.356661498,0.393051918,0.430146516,0.113396241,0.178631938,,0.020382183,1.681655294,24.93788106,0.851834315,0.427669149,24.03487128
601018,2017,0.694300518,0.606217617,0.048222047,0.766974579,0.618390976,0.185258681,-0.009723275,0.022258416,0.013505299,17.76579621,0.806708621,0.015689475,0.446590376,-1.239809464,0.357146551,0.029697311,0.029697311,0.026291516,0.020153298,0.058729041,0.050214032,,0.01917269,1.672486174,24.99495023,0.745672391,0.430798992,24.08386526
601018,2018,0.75,-0.93627451,-0.199203557,1.102745929,0.383906703,0.166986761,0.142845339,0.022306386,0.013358011,17.66936349,0.931701964,0.013948372,0.011875951,-3.371394642,0.442662736,-0.255764775,-0.255764775,-0.288795228,-0.324529503,0.035437224,0.025663521,,0.020135439,1.661936642,25.02977401,0.694679815,0.40800386,24.109205
601018,2019,0.699519231,0.752403846,0.139965809,0.903165017,0.228540065,0.361022296,0.190476072,0.022721857,0.014336424,17.7603546,1.02724018,0.021744056,0.574909596,-2.180794156,0.383754605,0.304923575,0.304923575,0.273290053,0.26646756,0.274311785,0.280566009,,0.014662449,1.66735343,25.27218027,1.048359948,0.408067424,24.35650718
601019,2018,0.960784314,0.955882353,-0.167445115,0.854721978,0.492098167,0.151032953,0.115967577,0.031008963,0.02075056,14.8734936,3.567707494,0.051029216,0.385297309,-2.46539918,,-0.089142531,-0.089142531,-0.061211394,-0.045599851,0.077839137,0.095270058,,-0.083535639,1.483972484,23.47092142,2.914637867,0.14344865,22.35047159
601019,2019,-0.028846154,0.810096154,-0.045802118,0.707663487,0.367775658,0.447338014,0.409140565,0.023215838,0.015278262,15.82687634,1.903263695,0.013949121,0.810504726,-1.54183275,,0.229592532,0.229592532,0.161946124,0.134879755,0.147074768,0.229035737,,-0.178652279,1.537127711,23.60813644,2.565682424,0.121398119,22.5567015
601020,2017,-0.777202073,-0.028497409,-0.148479823,1.303882125,1.036707171,0.056331364,0.300560674,0.025380227,0.016090367,14.98062876,0.797287676,0.002636106,-1.325765024,-4.820706186,0.178530189,-0.593918052,-0.593918052,-0.529158846,-0.638237374,0.400840495,0.370314037,,0.018792998,1.632377858,22.22760098,1.309156211,0.175092557,21.27929503
601020,2018,-0.073529412,0.968137255,-0.344816546,0.866558943,1.117882106,-0.182912517,0.478684713,0.007255074,0.004669267,15.30316481,0.628983346,0.000237661,0.400518229,-0.859152416,0.38779794,4.90766143,4.90766143,5.567804469,9.414741085,0.057973799,0.07159012,,0.026537017,1.645772506,22.28395655,0.220280788,0.167101348,21.34843867
601021,2016,-0.221324717,0.567043619,0.031246476,1.172851631,-0.021539799,-0.045124607,-0.325855559,0.05975225,0.024073271,16.44349999,0.760915435,0.01375357,0.669479619,-2.620783378,0.239294871,0.250110011,0.250110011,0.179916011,0.207583095,0.233895154,-0.0096829,,0.006934423,1.951183615,23.91600072,1.749782934,0.434807808,23.19751639
601021,2017,-0.772020725,0.419689119,0.271838736,1.051407502,-0.287118701,-0.043153758,0.126727056,0.042917258,0.021755727,17.2486173,0.43152912,0.011506226,0.040694393,-2.362590303,0.179145359,0.129033942,0.129033942,0.107130923,0.112962687,0.143395807,0.156629881,,0.007730183,1.972903987,24.05000333,1.140222266,0.385309776,23.34302689
601021,2018,0.323529412,0.855392157,-0.228904368,0.959862233,-0.517161832,0.338326019,0.225224231,0.033366409,0.016957155,17.39756705,0.409060097,-0.00706854,0.062231765,-1.886271202,0.209673581,-0.434153763,-0.434153763,-0.241529171,-0.242850327,0.130676981,0.253250321,,0.004220635,2.205519309,24.17281989,0.950648927,0.37806525,23.56876733
601021,2019,0.091346154,0.704326923,0.598950226,0.870516774,-0.016706163,0.499963322,-0.406212054,0.000676335,0.000244703,17.69779077,0.298680942,-0.005473039,-1.127566163,-0.518249521,0.213341075,0.348230913,0.348230913,0.229050815,0.212737395,0.247997446,0.490959455,,0.008309061,2.881872629,24.39436011,0.983310403,0.377527476,23.96818717
601038,2016,0.046849758,-0.088852989,-0.432322246,1.208211662,0.963654342,0.21094801,0.39314088,0.004742589,0.001890502,15.28735081,1.275634339,0.009637617,0.033224302,-3.648836581,1.804908336,-0.16508432,-0.159024793,-0.106968987,-0.123123384,0.087440013,0.106116432,,0.015595298,2.351273186,23.33864171,1.187945539,0.21375739,22.784732
601038,2017,-0.124352332,0.619170984,0.684064586,1.091352866,1.291904483,0.383096656,0.223833768,-0.026532551,-0.010656335,14.97340386,1.733191758,0.007570103,-3.540742707,-2.391659032,1.319081468,-0.037936126,-0.043395637,-0.092865676,-0.072647375,-0.04806014,0.062178326,,0.011085145,2.787463477,23.28938829,1.087350741,0.219047976,22.84505382
601038,2018,0.693627451,0.431372549,0.006707441,1.308578662,1.994290157,0.539255737,0.165291628,0.016290123,0.006389535,15.2393695,1.160102398,0.033618172,1.988841865,,0.94684531,0.20679712,0.201622192,0.090355615,0.121006984,-0.081487401,-0.169807534,,0.01457964,2.378636252,23.20438864,1.071302165,0.226241591,22.6589561
601038,2019,0.588942308,-0.875,0.759389917,1.127208687,1.340511608,-0.274310128,0.366673712,0.042117932,0.01723834,15.77293402,0.75982591,0.039798854,-1.562562249,-4.373138463,0.475509714,0.368294302,0.368028497,0.347387055,0.409265691,0.036177889,-0.094010435,,0.048067514,2.027449961,23.23992747,1.309373879,0.206681663,22.56022861
601058,2017,0.380829016,0.411917098,0.224733829,0.755859921,1.092733706,0.182520112,0.388592017,0.030435504,0.012568969,15.58397712,1.092347484,0.028726874,-0.048611408,-1.908457547,0.993159358,0.080301944,0.080301944,0.037215743,0.031187952,0.186410243,0.214326704,,0.025811223,2.488013732,23.59326756,0.905391243,0.357199415,23.07922503
601058,2018,0.504901961,0.053921569,0.203153494,1.098972306,0.177895318,0.15900751,-0.386498638,0.05124112,0.020499292,15.97747754,0.844214202,0.036664055,0.949643692,-2.019593536,0.895254395,-0.041506231,-0.041506231,-0.080506105,-0.109836353,0.151863694,0.169311434,,0.021749605,2.545385549,23.73464879,0.991596631,0.33245431,23.23564009
601068,2019,0.132211538,-0.019230769,-0.130584904,1.145353873,1.150690822,0.661738659,0.506649811,0.000450565,0.00013958,13.8773461,15.94042765,0.074579787,-2.756651823,,,0.038898839,0.038898839,0.028435676,0.022637686,0.02225673,0.011213496,,0.0174211,3.141660057,24.73655674,1.326248121,0.040789737,24.35338665
601069,2018,0.975490196,0.671568627,-0.114293261,0.280427789,0.263085441,-1.113662213,0.355836088,0.005328218,0.003260546,16.0422059,0.182621163,-0.006174738,-0.967797067,-2.41569353,0.081708361,0.830536449,0.830536449,0.81427983,0.876874964,-0.018760291,-0.074954683,,0.035589462,1.599101672,21.72539059,1.038402797,0.399904179,20.74362462
601069,2019,0.161057692,0.521634615,-0.106803155,0.690817871,0.318378082,-0.073558038,0.183471314,0.007501695,0.004576127,15.98211164,0.198481848,-0.002888246,0.776129501,,0.062117952,0.005604622,0.005604622,0.048313375,0.045520121,0.067670465,0.184351824,,0.034855262,1.711135501,21.79086973,1.040139771,0.367845153,20.91282026
601088,2018,-0.007352941,-0.166666667,-0.211532026,0.842353562,-0.051634222,0.640955155,0.321480123,0.034305425,0.02512099,19.4615541,1.472440712,0.049617564,-0.834951552,-3.370625132,0.240005434,-0.094827586,-0.094827586,-0.087632698,-0.095176205,0.023090586,-0.003286908,,0.020019562,1.387951807,27.0793735,1.495726496,0.380208333,25.80478821
601088,2019,0.288461538,0.497596154,0.339002264,0.796488303,0.196342785,1.038103036,-0.003096032,0.03384735,0.025146119,19.50574064,1.445887588,0.043696113,-0.105738651,,-0.017250428,0.371428571,0.371428571,0.442750845,0.59676727,0.039930556,0.105801179,,-0.000632944,1.42280285,27.11852744,1.908256881,0.362270451,25.90535833
601098,2016,-0.234248788,-0.770597738,-0.332323402,0.627018968,0.44817901,0.320269992,0.181790508,0.025989282,0.018379993,17.04949133,0.541991477,0.012695554,-1.210232885,-3.998875125,-0.271703166,-0.156960819,-0.156960819,-0.123682246,-0.120693057,0.051224093,0.116564791,,,1.482312578,23.72257384,2.683879667,0.065205436,22.59980754
601098,2017,0.494818653,0.588082902,0.088609058,0.610339953,0.053818269,-0.378860004,0.006432734,0.021903011,0.015332768,16.92369445,0.624707333,0.014095972,0.223263575,-3.663733049,-0.233485327,0.048997952,0.048997952,0.006156519,0.030174216,0.001067482,-0.037228894,,,1.455457741,23.72364075,2.794476538,0.065849174,22.56186796
601098,2018,-0.737745098,0.039215686,-0.127809741,0.743644684,0.394122983,0.432059819,-0.204109222,0.019923712,0.013743146,16.84276563,0.689214811,0.011387832,0.005579183,-1.322575138,-0.305217175,-0.05367041,-0.05367041,-0.054249658,-0.101847634,0.11203957,0.330645652,,,1.598586256,23.82983653,2.378618941,0.05771158,22.84753224
601100,2016,-0.302100162,0.337641357,0.782299793,1.665490586,0.187922548,-0.378677645,0.10516807,0.032033277,0.020624306,16.60444673,0.237471221,0.008517969,3.776171044,-1.003392207,0.058562376,0.592301657,0.592301657,0.388295853,0.448328753,0.183453126,0.242080795,,0.003141213,1.620428216,22.64108441,1.989873287,0.297945647,21.6810486
601106,2019,-0.34375,0.497596154,0.188178421,0.992251061,0.445671979,0.921962413,0.244516822,0.001574484,0.000485936,16.8156937,0.560361714,0.001679319,-0.060338381,,0.875153393,0.220849098,0.220849098,0.217328135,0.222538062,0.049717785,0.067959272,,0.019105909,3.358262675,24.36101702,1.457022957,0.165121682,24.00751844
601107,2016,0.857835218,0.153473344,-0.263707235,0.937937043,0.533428347,0.345255607,0.302689247,0.025091256,0.009883594,16.01747105,1.614040874,0.055270237,-0.259705563,,2.241445646,-0.172956774,-0.172956774,-0.255451094,-0.309388876,-0.051024607,-0.106342952,,0.022120478,2.364334548,24.27177831,1.616423005,0.013758981,23.7219485
601107,2017,-0.334196891,0.766839378,0.191440387,0.77833695,0.925498986,0.433322416,0.107604739,0.021967809,0.009271243,15.89888785,1.874110856,0.050447393,-0.174454316,-2.825572872,1.861415067,0.088880165,0.088880165,0.018337487,0.026542377,0.082958455,0.081898679,,0.021471861,2.361182068,24.35147491,1.678134282,0.012588109,23.80066603
601107,2018,0.286764706,0.50245098,-0.14949923,0.988523392,0.732769181,0.463958819,0.245464055,0.012330021,0.005183296,15.89336604,2.008943479,-0.035978873,0.061943986,-2.729927928,2.457080989,-0.424729012,-0.424729012,-0.067685277,-0.070710242,0.023884256,0.05644477,,0.021175709,2.468014809,24.3750784,0.837847371,0.01578338,23.85557531
601107,2019,-0.490384615,0.213942308,-0.088825822,0.600588377,0.574166909,0.549492137,0.1220046,0.019516987,0.007955372,15.77308032,2.292964959,0.051084645,1.667054542,-3.045827803,2.885062631,1.185426325,1.185426325,0.577439173,0.7453907,0.068807845,0.055244258,,0.016120041,2.422877381,24.44162227,1.686972957,0.013400788,23.90934758
601111,2016,0.256865913,0.596122779,-0.091807186,1.070637982,-1.047227413,-0.139341556,-0.185268936,0.045020474,0.017577942,18.36464874,1.003186894,0.037830664,-0.157077791,,1.489953457,0.104674304,0.104674304,0.15452039,0.13822042,0.074235808,0.049250667,,0.044841434,2.494209379,26.22859737,0.317609437,0.650406504,25.71284218
601111,2017,0.53626943,0.487046632,0.075535594,1.37564369,-1.14265829,-0.233500956,0.22380851,0.030287064,0.01239017,18.2144276,1.24435825,0.035800219,0.376549114,-1.070970617,0.973749773,0.016667595,0.016667595,0.025876375,0.009671589,0.162601626,0.283319854,,0.09136665,2.947784765,26.37925765,0.330381672,0.310874217,25.96229254
601111,2019,-0.151442308,0.75,0.166480969,0.96619842,0.18489237,0.788733258,0.403919014,-0.037117655,-0.01157109,18.14801028,1.137876461,-0.089633126,-0.98762082,-2.675777949,1.523197493,0.270461455,0.270461455,0.151853979,0.219328053,-0.020408163,0.030627913,,0.03142422,3.727510203,26.38622632,0.274335072,0.302012903,26.07400999
601117,2016,-0.327948304,0.964458805,-0.023587165,1.319723039,0.938168964,0.940937026,0.103012978,0.016408992,0.005801422,17.36500807,0.87411075,0.013943082,-0.773474341,-3.628528439,0.960258153,0.363376072,0.363376072,0.367555271,0.392283626,0.10279847,0.130110696,,0.012737687,3.010040437,25.26291184,1.393704557,0.08917288,24.85911316
601117,2017,0.911917098,0.909326425,-0.10170529,0.975578698,0.150688222,0.312762039,0.26822877,0.020212353,0.006846664,17.22135705,1.084102912,0.022607734,0.494392494,-2.003064131,1.219670675,0.132584957,0.132584957,0.114276424,0.127890436,0.089072932,0.06377609,,0.016534139,2.841366506,25.34823865,1.307018914,0.092763977,24.92093809
601117,2018,-0.919117647,0.823529412,-0.103501125,1.08751568,0.198533105,0.594741686,-0.208459531,0.022197946,0.007749612,17.21300835,1.238159178,0.018992233,1.371074504,-1.783711896,1.763016711,-0.051699774,-0.043914993,-0.045823752,-0.047239558,0.147058824,0.194146653,,-0.007994154,3.081390582,25.48543977,1.294870169,0.076838368,25.09836992
601117,2019,0.197115385,0.975961538,0.679535627,1.132191201,0.384310941,1.145046304,0.226404267,0.027732447,0.008894245,17.23035976,1.310578014,0.019185265,1.247198755,-1.056223708,1.38118643,0.530822558,0.527736302,0.548018365,0.563441386,0.256410256,0.319390907,,0.030729913,3.468805656,25.71369842,1.200802886,0.075022005,25.37554012
601118,2019,-0.805288462,-0.081730769,0.032414529,0.984155704,0.870516044,0.018045289,-0.263710869,0.002789547,0.001506126,16.92933861,0.443944039,-0.001543975,1.084269652,,0.147296573,0.105178315,0.105178315,0.064944386,0.051115445,0.105044214,0.258527277,,0.028987889,1.99363413,23.68681798,1.561497037,0.104818985,22.99047259
601126,2016,0.382875606,-0.55088853,-0.454337352,1.021128799,0.981043894,-0.370672834,0.170328878,0.014615577,0.009741882,15.61335934,0.650767458,-0.004888519,-0.604979518,,0.27433719,0.105330778,0.105330778,0.023563936,0.039820394,-0.059631192,-0.214523793,,0.019367619,1.420461494,22.41990195,2.56879307,0.111018929,21.20251776
601126,2017,-0.795336788,0.248704663,0.193198929,1.016689189,1.488638566,0.523187932,-0.133759034,0.013901341,0.009933358,15.31322942,0.879132154,-0.005769052,-0.429192817,-2.548541587,0.163008042,0.056420714,0.056420714,0.051937192,0.078860527,-0.035022727,-0.085871473,,-6.50292725,1.389672059,22.38425122,2.844462356,0.102763144,21.11273366
601126,2018,0.080882353,0.259803922,-0.003498818,0.944334671,1.153912868,0.006178583,0.182889285,0.008080926,0.005781187,15.33179779,0.83966012,-0.012971426,0.119176409,-1.171853805,0.165448268,0.011934443,0.011934443,-0.042731197,0.11793754,0.191501423,0.697254895,,,1.665081687,22.55946543,2.138834665,0.068133366,21.64174584
601126,2019,-0.865384615,-0.439903846,0.69769886,0.927708237,1.330529954,-0.266724124,-0.053360171,0.033223274,0.020543507,15.52255976,0.733894896,0.013198352,0.300263745,-1.101192157,0.064566161,0.401339233,0.401339233,0.300973203,0.37020569,0.000532584,0.049175326,,,1.720719743,22.55999787,2.076607337,0.062635139,21.68975029
601127,2018,-0.617647059,-0.490196078,-0.375564442,0.812989668,0.582379931,-0.040741623,0.199045779,-0.038513317,-0.010858882,16.0977065,0.776075094,-0.085184814,0.939567521,-2.266997062,2.021431333,-0.260826698,-0.260826698,-0.182193008,-0.177833496,0.089012581,0.108779325,,0.029269759,3.825995369,24.03793549,0.768346263,0.229025026,23.73497748
601127,2019,-0.449519231,-0.540865385,6.950413228,1.100457086,1.421790694,-0.144012718,-0.011302141,-0.056342035,-0.014660325,16.73204689,0.465623485,-0.009294595,-2.452245976,,0.243645973,0.300098068,0.300098068,0.312365174,0.375095777,0.031893186,-0.003827815,,0.033274105,3.485061054,24.06933065,0.713473597,0.261222346,23.73114232
601139,2017,0.919689119,-0.347150259,0.036732314,0.761342641,0.78280182,0.559689055,-0.040954104,0.028214308,0.013615577,16.62985748,0.568225924,0.015570352,0.648074461,-2.608922293,0.433115464,0.066914944,0.066914944,0.100991062,0.085096846,0.068098569,-0.064654196,,0.018699365,1.901655019,23.78263345,0.764961648,0.406220718,23.03638559
601139,2018,0.139705882,-0.416666667,0.156226373,0.903903417,0.159555651,0.633959947,-0.107768279,0.028333532,0.01459018,16.79469133,0.582188312,0.012007683,-0.322586984,-2.105763938,0.397728146,-0.031972294,-0.031972294,-0.040233663,-0.057337294,0.13702474,0.231207402,,0.025606924,2.055146485,23.91104843,0.612523923,0.4886355,23.2443809
601139,2019,-0.596153846,-0.567307692,0.025415895,0.756030415,0.366765905,0.566446345,-0.030362845,0.033418705,0.016496262,16.83228488,0.60511409,0.016389374,0.550707162,-1.89791851,0.4503364,0.512029013,0.512029013,0.509900837,0.541874885,0.064926068,0.064648445,,0.022386375,2.054581326,23.9739538,0.526149208,0.478267523,23.30702555
601163,2018,0.024509804,0.117647059,0.056069138,1.070284074,0.82944682,0.492929826,-0.066555495,0.021772624,0.014141203,16.01965532,1.206502436,0.015057114,2.719121195,-4.188336219,0.264192353,-0.005721469,-0.005721469,-0.027746504,-0.060818417,0.079147053,0.097704572,,0.011027084,1.574891263,23.50453399,1.878597466,0.313967964,22.49677339
601168,2018,0.120098039,-0.732843137,-0.088319355,1.070594417,0.619480227,0.58309606,0.150842595,0.022306089,0.006676327,16.43985031,0.991908425,0.010787496,1.768869073,-3.140266622,1.593450227,-0.108254755,-0.108254755,-0.097217206,-0.105567501,0.100804692,0.058008322,,0.020814132,3.154352346,24.55796259,0.699965331,0.285728949,24.17666954
601177,2016,-0.893376414,-0.634894992,-0.275334039,0.971978701,1.089157457,-0.227781775,0.087835006,0.004260465,0.001926892,14.9772366,0.548693808,0.00266094,0.058187554,-4.321055533,0.677458092,0.067777233,0.067777233,0.06820799,0.063881397,-0.012536413,-0.031231207,,0.031103384,2.189560168,22.06684604,1.080365287,0.2810565,21.45672898
601177,2017,-0.212435233,0.455958549,0.443489243,0.895245247,0.481004106,-0.421258372,0.280748927,0.004814825,0.002211477,15.06068895,0.526851707,0.002884971,-0.488013333,-6.03505968,0.459730495,-0.01062589,-0.01062589,-0.048437199,0.000353011,0.062950654,0.10103751,,0.032940105,2.287041739,22.12789472,0.909790198,0.263739144,21.55298191
601177,2018,-0.455882353,0.218137255,-0.136303769,0.632612788,1.132450262,0.046868326,0.121966708,0.003901437,0.00179826,15.09800597,0.504375365,0.001929805,0.716642562,,0.50107286,0.060203044,0.060203044,0.049151377,0.082427055,-0.058027091,-0.135590712,,0.023912266,2.06789237,22.06811595,1.25037527,0.275124755,21.407273
601179,2016,0.615508885,0.88368336,-0.38580947,1.022273656,0.65052146,0.188639717,0.261058564,0.00697296,0.004158597,16.95599348,0.890858105,0.009545166,-1.150864921,,0.234630907,-0.069630949,-0.070445777,-0.01151351,0.002292993,-0.036465041,-0.106111792,,0.051873954,1.615408239,24.21744743,2.209065152,0.149122832,23.2523903
601179,2017,0.082901554,0.943005181,0.065799943,0.971656862,0.690482613,0.274209174,0.050142458,0.00186831,0.001162729,16.7541013,1.087950662,0.004440512,0.464285692,-1.826284368,0.417534728,0.151999929,0.149253837,0.163654332,0.258818026,0.069440367,0.16015133,,-0.050215254,1.704375841,24.28458292,2.046902027,0.133624997,23.40094075
601179,2018,0.343137255,0.914215686,0.313400007,0.807914741,0.764535656,0.262220446,0.204451044,0.003793915,0.002239377,16.8368247,1.029940894,0.001513525,-1.474970919,-2.417154055,0.362436129,-0.085071953,-0.086400966,-0.079198243,-0.054975442,0.027606813,0.062627627,,0.002013997,1.746295866,24.31181554,2.007973627,0.12740893,23.46168549
601179,2019,-0.644230769,-0.060096154,-0.155689446,1.016774654,0.772543934,0.562454499,0.081591919,0.004522596,0.002584336,16.93420439,0.923693621,0.004552766,-0.623964151,,0.505636487,0.128677727,0.129432893,0.114715287,0.109048176,0.075562044,0.161698124,,0.096404417,1.857300972,24.3846589,1.800322952,0.107143841,23.61156832
601186,2016,-0.088852989,0.731825525,-0.285962225,1.224690742,-0.33939794,0.472271335,0.328673957,0.025138954,0.004844671,18.64838974,1.328548031,0.036486182,0.498369758,-3.660694584,5.407326485,0.069204152,0.069204152,0.060498221,0.060836502,0.073200993,0.031048996,,0.014548703,4.505208333,27.48599534,1.207815275,0.055009092,27.2340632
601186,2017,0.764248705,0.531088083,0.162119056,1.156915491,-0.195344058,0.490028365,-0.118493051,0.025296249,0.005652381,18.62392165,1.637858454,0.038153873,-0.086179408,-1.950543977,5.321871743,0.142394822,0.142394822,0.137583893,0.139784946,0.156069364,0.166378562,,0.011928466,4.62962963,27.63102112,1.078787879,0.048945391,27.3879669
601186,2018,0.223039216,0.62254902,-0.153168879,1.176165523,0.428201657,0.819914363,0.410507911,0.024368679,0.0053243,18.49946575,2.137302894,0.036666803,0.545532776,-1.976890485,7.158492325,0.050991501,0.050991501,0.053097345,0.059748428,0.15,0.118574153,,0.008805601,4.291044776,27.77078306,1.105702364,0.043973213,27.5000217
601186,2019,0.680288462,0.480769231,-0.105947933,0.874881766,0.224862916,1.064477465,0.568235039,0.022845432,0.005361967,18.3482986,3.068355968,0.065999783,0.995137987,-1.860591213,9.529580257,0.318059299,0.318059299,0.319327731,0.326409496,0.165217391,0.15114144,,0.00465401,4.110429448,27.92369073,1.109223301,0.042801684,27.64077571
601188,2016,0.909531502,-0.224555735,-0.3205078,0.920766007,0.616972587,-0.163009192,0.107385916,0.023706598,0.016090026,15.51364601,0.737630935,0.020073998,2.036053665,,-0.070980621,0.362801904,0.362801904,0.54056001,0.726120703,-0.128549612,-0.544636668,,,1.200627214,22.32721346,2.653506489,0.282334468,20.53806261
601208,2016,0.512116317,-0.460420032,-0.407748668,0.911852685,1.089839299,0.085252109,0.23690451,0.008486276,0.006632136,15.12448322,0.641833267,0.002561611,0.185314739,-3.909516609,0.124009359,-0.033211978,-0.033211978,0.02042077,0.033433243,-0.006023059,0.046612241,,0.022148671,1.315795116,21.83929749,2.031964692,0.477152841,20.41219472
601208,2017,0.163212435,0.53626943,0.068542881,1.090757666,1.46078819,0.426022685,-0.414889109,0.004732971,0.003594474,14.7870169,0.893549123,0.000870774,-0.439927757,-1.549449286,0.146193002,0.031569614,0.031569614,-0.011700209,-0.00536571,0.02049874,0.051417327,,0.02525091,1.32850601,21.85958896,1.831642563,0.434163098,20.46233381
601208,2018,-0.029411765,0.291666667,0.450039321,1.019028651,0.886379703,-0.441984082,0.19685987,0.007261142,0.005507199,14.99648319,0.721882544,0.005857134,1.805287681,-1.143524045,0.15130883,0.046266257,0.046266257,-0.008522404,-0.019612382,0.276451043,1.029810806,,0.013317552,1.648032939,22.10367257,1.395795195,0.349333862,21.1702764
601208,2019,-0.788461538,-0.350961538,1.448616528,1.122227443,0.836386421,-0.136821666,0.327634542,0.023920136,0.014955886,15.76464257,0.361319911,0.008517324,1.200241205,-0.303858673,0.137234616,0.81639914,0.81639914,0.717530918,0.815079855,0.328972751,0.129088623,,0.013619528,1.501669172,22.38807884,2.148601371,0.34539288,21.29168718
601212,2018,0.941176471,0.588235294,-0.428257935,0.552024465,0.683022672,-1.241340304,0.645214215,-0.005247247,-0.001619966,16.21951264,1.440940605,-0.019901377,-0.682543923,,,-0.046441622,-0.046441622,-0.013649232,-0.013766791,-0.049276725,-0.099183292,,0.036448803,2.938613661,24.50817208,0.997485218,0.197438745,24.09220726
601212,2019,-0.225961538,0.646634615,0.008639193,1.312478442,0.773201702,0.327932988,0.118422134,0.014672822,0.005210308,16.85169054,0.787741748,0.005141695,0.000508291,-3.867388362,,0.296603087,0.296603087,0.248325559,0.260462544,0.077577296,0.027433141,,0.01987625,2.695452178,24.58288735,1.289249768,0.181772076,24.11927086
601216,2016,0.321486268,0.027463651,-0.316409938,0.938257861,-0.560132146,-0.622920677,0.65841241,0.0390052,0.028767222,17.48602721,0.402940213,0.02737802,-0.319607422,-0.813207386,0.207131638,0.224427763,0.225193002,0.132539537,0.132013846,0.253747038,0.538025707,,0.036765793,1.408052794,23.90427227,0.558289366,0.29663522,22.6657058
601216,2017,0.75388601,0.292746114,0.02651387,1.16160445,1.109494163,0.256418369,0.3365985,0.032985166,0.023310471,17.10931541,0.650200509,0.025915992,-0.594011686,-1.30177025,0.331908421,0.014384452,0.015554444,0.033153167,0.053610854,0.154502577,0.389071033,,0.009203767,1.535343473,24.04794185,0.477809718,0.231730565,22.994341
601216,2018,0.708333333,-0.825980392,-0.135352098,1.147875694,1.000080467,0.270588531,0.142907646,0.032418084,0.021025248,16.99387776,0.791093774,0.029217678,0.690015558,-0.038229686,0.531188545,0.628506777,0.626366101,0.852715305,0.939389936,0.37002419,1.067431684,,0.031857982,2.110482144,24.36277025,0.600638505,0.339178587,23.7206481
601216,2019,-0.625,-0.925480769,1.081195072,0.942685065,0.652047341,-0.303563578,-0.239471309,0.043800987,0.021276066,17.76241904,0.386494403,0.026068853,2.940668245,,0.171386978,0.206381026,0.206037958,0.072202926,0.126889695,-0.103225614,-0.341541349,,0.027688842,1.629579935,24.25381928,1.011745667,0.336974451,23.30279455
601222,2016,0.214862682,-0.906300485,-0.340111356,1.334260694,0.223926991,-0.634159754,-0.190642913,0.022544919,0.014425184,16.43522992,0.666899091,0.017574116,0.45071308,-0.38447576,0.448687185,0.033679339,0.033679339,0.017816719,-0.041251869,0.299393189,0.567426942,,0.025909581,1.800353914,23.58844122,2.320415674,0.505649061,22.7777567
601222,2017,-0.453367876,0.484455959,-0.064509176,1.101596597,0.668232457,-0.220192928,0.309369821,0.022313597,0.012508598,15.96775156,1.154837201,0.019004351,-0.40699853,,0.617523685,0.033706116,0.033706116,0.041244863,-0.014711493,0.005127801,-0.068076018,,0.02795755,1.701191362,23.59355592,3.264090964,0.512940594,22.70725266
601222,2018,-0.468137255,0.370098039,0.192173234,1.120603483,0.799789591,0.06085377,-0.204769384,0.021866192,0.01270679,15.95390125,1.220930168,0.013832246,-0.743256859,-3.199102185,0.611842087,0.769852625,0.769852625,0.830178244,1.110886319,0.061887038,0.091197198,,0.024703348,1.734766472,23.65360347,2.462686272,0.464795699,22.7945281
601222,2019,-0.555288462,0.432692308,0.507135478,1.268665067,0.975952724,0.229046436,-0.803085866,0.029412619,0.016777912,16.38782463,0.842426001,0.011919839,0.225977936,-1.62371023,0.396503435,-0.082024489,-0.082024489,-0.081133106,-0.10030042,0.09731938,0.145915132,,0.027812161,1.793114005,23.74647374,3.23824563,0.421252979,22.93073166
601226,2016,-0.256865913,0.764135703,-0.454435777,1.198720787,0.590457823,-0.432261813,0.581231291,0.002720553,0.00119365,15.2033276,0.940470677,-0.008242093,2.422660588,-3.474453702,0.788066671,0.115063472,0.115063472,0.094043302,0.096583331,-0.011196518,-0.039542544,,0.007611944,2.210138197,22.78384024,1.569776827,0.117523598,22.18151976
601226,2017,0.448186528,0.696891192,0.181052924,0.893235745,0.982029193,-0.149161587,-0.029422473,0.004707591,0.002104315,15.40159362,0.734423114,-0.005304077,-0.475729596,-2.542277275,0.67891389,0.1847884,0.1847884,0.146977466,0.172577426,0.078145855,0.127845246,,0.019596216,2.340712142,22.85908301,1.50645202,0.103853777,22.30182871
601226,2018,-0.078431373,0.75,-0.188910408,0.963512741,0.915853989,0.028946971,0.28701033,0.001373472,0.000636977,15.3386347,0.788192924,-0.016023091,0.294137422,-2.350758251,0.852947947,0.119055711,0.119055711,0.14225625,0.162730029,0.066649839,0.113545473,,0.005919901,2.487327352,22.92360575,1.456520213,0.091728708,22.40937776
601226,2019,-0.461538462,0.838942308,0.074720485,0.817100883,0.918071174,0.360334967,-0.041488817,0.007172416,0.002900776,15.33327782,0.803231573,-0.003050319,0.584682423,,0.756717875,-0.011925932,-0.011925932,-0.020510658,-0.035457393,0.030071347,0.018135535,,0.019059026,2.445186507,22.95323382,1.425388988,0.086467023,22.42735081
601228,2018,0.463235294,-0.007352941,-0.274028503,0.839280839,0.417249797,0.123699007,0.320157293,0.017828145,0.010337835,15.92594501,2.212280795,0.014236351,0.683963742,-1.247897249,,0.067735543,0.067735543,0.067155417,0.091561802,0.180909123,0.351507505,,0.012044015,1.933568756,24.17486348,0.952217429,0.391086453,23.44675542
601228,2019,0.185096154,0.120192308,0.04417087,0.816895315,0.307635621,0.588370962,0.358810354,0.018464887,0.009739782,16.82393969,0.822510745,0.014971199,0.084065234,-0.827442321,,0.123764433,0.123764433,0.143871873,0.118478883,0.192755453,0.3568692,,0.011597232,2.218544581,24.35112961,0.783417737,0.359948793,23.75193541
601233,2016,-0.974151858,-0.673667205,0.72393079,1.857739371,1.604141202,1.115297539,-0.193503856,0.040308783,0.021249484,17.03762327,0.493273714,0.017347707,0.187041834,-0.720789589,0.454430849,0.278928606,0.278928606,0.221976275,0.188181751,0.426003324,0.582631169,,0.035288654,2.038483589,24.11731367,0.633559638,0.435366892,23.44286903
601233,2017,0.155440415,-0.689119171,-0.106525446,1.552736874,0.391206749,0.556299192,-0.117135083,0.059655353,0.029217388,17.01153041,0.654438041,0.018502818,-1.530114457,-0.905953643,0.412352499,0.318981516,0.318981516,0.352834006,0.377606887,0.253013707,0.317039906,,0.016865049,2.152715703,24.34286528,0.878889658,0.383437165,23.71825576
601238,2017,0.028497409,-0.821243523,0.001607912,0.884141891,-0.021533081,0.149490762,0.062549158,0.039786587,0.024899452,18.0140278,1.163599504,0.042376704,-0.595738864,-3.725151044,0.141272946,-0.233831701,-0.237870284,-0.134890657,-0.103741472,0.075,0.055765724,,0.005487601,1.591040897,25.58307824,1.57648658,0.130020869,24.59342496
601238,2018,-0.909313725,0.286764706,-0.172437326,1.051717723,-0.088713233,-0.313631295,0.446502286,0.016555385,0.010636913,18.0023331,1.249962499,0.002038824,-0.665289172,,0.341458153,-0.095432625,-0.095581505,-0.07625537,-0.057926865,0.007751938,-0.02369588,,-0.006277344,1.566779927,25.59080029,1.457718724,0.132773346,24.56944382
601238,2019,-0.322115385,-0.867788462,0.440133622,0.8955437,0.336655097,0.116454489,-0.320416686,0.027705281,0.017880153,18.16436288,1.118133523,0.025363541,0.546681235,-1.876042631,0.274707872,0.349036561,0.348269047,0.335577385,0.331482638,0.084615385,0.09364026,,0.006689317,1.566417904,25.67202573,1.340443053,0.131000173,24.65895564
601311,2019,-0.0625,0.125,0.665381247,1.134733987,0.454050669,-0.113018331,-0.326479837,0.029637874,0.017990189,16.17223156,0.701348609,0.021766805,1.297597063,,0.281036666,0.536013539,0.536013539,0.493200749,0.533858685,0.099260101,0.022388335,,0.027497876,1.571072842,23.28355324,2.06739878,0.245391696,22.27155601
601326,2018,-0.264705882,0.56372549,-0.279533733,0.947613501,0.678271202,0.034433523,0.395553267,0.017731355,0.010366141,15.39599219,3.194170401,0.048611755,0.693622636,,,-0.116584516,-0.116584516,-0.157538144,-0.057519187,-0.029131216,-0.118746903,,0.023296068,1.626428753,23.96099652,1.250210248,0.544239395,23.00688962
601326,2019,0.064903846,0.579326923,0.051465998,0.826590118,0.585962074,0.567752289,0.375867415,0.020755333,0.012802177,16.27890424,1.441296035,0.023234066,-0.067494813,-3.234492756,,0.084237365,0.084237365,0.056204943,0.10293729,0.072163265,0.101552828,,0.017478176,1.654844633,24.03067487,1.179202965,0.472794409,23.10361047
601333,2017,-0.580310881,-0.25388601,-0.237015859,0.938445452,0.518156538,0.340062507,0.141309359,0.011147492,0.009420063,16.79394048,1.482394997,0.021279115,-1.095610243,-0.806812545,0.236581762,0.069182576,0.069182576,0.06164743,0.057821862,0.053251162,0.237145643,,,1.246655121,24.31623307,1.110788392,0.643838436,22.69600482
601333,2019,0.466346154,-0.149038462,-0.050330458,0.737711173,0.417378548,0.775455185,0.321406709,-0.012065421,-0.009352978,16.35595463,2.201553246,-0.007766544,1.335280579,-1.843808688,0.503650577,0.296514237,0.296514237,0.178044816,0.183880778,0.006194218,0.019953058,,,1.302512412,24.32548135,0.974952288,0.612676649,22.86555336
601339,2017,-0.064766839,0.176165803,-0.194574164,0.679686667,0.466438753,0.274714319,0.124339191,0.01969144,0.011739099,15.86467526,0.987878523,0.018072329,-1.123565612,-0.444837232,0.782912908,-0.026597498,-0.026597498,0.004337943,-0.029455722,0.199786358,0.414398803,,0.012028019,1.995917941,23.46812855,1.479685552,0.244694736,22.77293407
601339,2018,0.029411765,0.25245098,-0.255456543,0.779810309,0.934440155,0.505603469,0.09410189,0.010274125,0.005398806,15.54051111,1.424763451,0.01410462,0.238913672,,0.876432145,-0.081357425,-0.081357425,-0.006241384,0.00493071,-0.083326628,-0.200173747,,0.017475291,1.771082054,23.38112449,1.338123304,0.305594233,22.54957331
601339,2019,0.177884615,-0.519230769,0.635783047,0.814826476,0.666527063,0.900753561,0.033136483,0.011850205,0.006774995,15.68534899,1.244275292,0.027570408,2.543720577,,0.539991178,0.489768199,0.489768199,0.267950797,0.314725936,-0.02993952,-0.105519672,,0.014733916,1.670710478,23.35072763,1.251121612,0.279471765,22.43806094
601360,2019,-0.567307692,-0.697115385,-0.343716289,0.948714026,0.264968093,-0.060922883,0.642374439,0.017005253,0.014149241,17.51595768,0.829338712,0.003113958,0.268158573,-0.505265408,,0.130310887,0.130310887,0.311768487,0.140582893,0.212586118,0.143289181,,-0.186934357,1.194111519,24.49773215,4.276181108,0.009215604,22.68100729
601368,2016,0.867528271,0.302100162,-0.301191579,0.922084658,1.057171988,0.223121775,0.249887688,0.033649401,0.012892484,14.83028744,1.106029901,0.014265482,-0.49911833,-2.15561662,0.792462209,0.053554594,0.053554594,0.091733586,0.041074716,0.085977393,0.085354274,,0.018661745,2.672152327,22.84471377,1.167560504,0.489597493,22.37594113
601368,2017,0.251295337,0.134715026,-0.074023669,0.745766051,0.958928063,0.254024489,0.232763393,0.023188061,0.008667376,15.34251294,0.697789443,0.019493138,-0.311883486,-1.385396828,1.107501294,0.128778351,0.128778351,0.156819434,0.200755602,0.236550181,0.339346961,,0.018566484,3.103578324,23.05703916,0.875071977,0.486626276,22.66812328
601368,2018,0.200980392,-0.468137255,-0.149546332,0.769734464,0.833425934,0.336908256,0.230109285,0.014029102,0.004749374,15.22709086,0.969967493,0.01213844,-0.002040197,-1.049187565,1.719344588,-0.026568081,-0.026568081,0.06972793,-0.022605293,0.350435107,0.387086203,,0.01806728,3.291494915,23.35746601,0.746399443,0.442903107,22.99532857
601368,2019,-0.211538462,-0.497596154,-0.06483542,0.680946563,0.725845027,0.467643353,0.076638677,0.018964737,0.005870928,15.34301254,0.942306819,0.011099031,-0.840839155,-1.274069113,2.167402923,0.180043454,0.180043454,0.267522549,0.339420557,0.1593742,0.215248686,,0.014572667,3.700119572,23.50534638,0.576362357,0.55834416,23.1902773
601369,2016,-0.547657512,0.712439418,-0.021627439,1.139955842,1.082236563,0.179945457,-0.200216403,0.015624089,0.00665308,16.27948463,0.541390468,0.008095281,-0.475508031,-1.664800716,0.834089541,0.346935042,0.346935042,0.326310456,0.382349183,0.107817461,0.177553672,,0.017569699,2.589300205,23.51466375,1.317624636,0.095530559,23.0265699
601369,2017,-0.520725389,0.823834197,0.020453376,0.999076906,0.858879665,-0.064091486,0.222452584,0.0248837,0.009492442,16.1534884,0.631546329,0.012792625,-0.102598965,-1.514761152,0.900009039,0.577400624,0.577400624,0.433214925,0.525001825,0.170189804,0.184777535,,0.008805484,2.641637416,23.67182972,1.452536728,0.089343259,23.19612493
601369,2018,-0.490196078,0.950980392,0.000298162,0.895536951,0.669625638,0.407888631,-0.109574677,0.025231353,0.009381031,16.14080615,0.693190475,0.018002647,1.257533992,-1.801272842,0.904670046,0.077683586,0.077683586,0.114864259,0.132397255,0.106346165,0.186000501,,-0.047743917,2.995712866,23.77289256,1.325475122,0.082569074,23.36671165
601369,2019,-0.026442308,0.956730769,0.314284519,1.17569247,0.79459402,0.700072525,-0.296946299,0.030126567,0.009833501,16.32186702,0.599820266,0.019046538,-0.10264644,-1.489548682,0.673780342,0.386818057,0.386818057,0.376849589,0.392312542,0.197876656,0.264832015,,-0.029114903,3.371843503,23.95344309,1.295751304,0.079630704,23.60165097
601390,2019,0.637019231,0.858173077,0.059693771,0.937453019,0.260253724,1.107552614,0.539822414,0.025759237,0.006050735,18.51526594,2.638475738,0.065800221,-0.240957727,-2.126279178,7.377030735,0.197590361,0.197115385,0.200501253,0.201591512,0.140350877,0.100600042,,0.008831219,3.903903904,27.89338538,1.030848329,0.049383345,27.59424063
601500,2017,0.453367876,0.598445596,-0.303103406,0.864642119,0.994837367,-0.136746777,-0.169838375,0.015697777,0.009779442,14.00455654,2.382679548,0.026481664,-0.856345119,-1.01679855,0.354815393,-0.120574807,-0.120574807,-0.12125495,-0.14679738,0.424151714,0.481788035,,0.007007254,1.641090755,22.49919027,1.398741954,0.210514547,21.5592449
601500,2018,0.857843137,0.578431373,-0.179782346,0.885510403,0.985515803,-0.049520649,0.319931749,0.007639631,0.004550802,15.12921258,1.173648764,0.002173549,-1.444226611,-0.469539299,0.521419586,-0.172235214,-0.172235214,-0.140728399,-0.142199509,0.21772109,0.537299066,,0.011011336,1.973051702,22.69617142,0.884852063,0.221529708,21.98927193
601500,2019,0.514423077,0.829326923,-0.04553441,0.616138217,0.573833081,-0.001348299,0.013232022,0.00982402,0.004981852,15.43790098,0.721252495,0.003623754,-0.187086865,-1.452579155,0.750169648,0.566844068,0.566844068,0.568558855,0.623340649,0.201597128,0.204064019,,0.021529309,1.977001127,22.87982303,1.227596839,0.331355009,22.17497444
601515,2019,0.858173077,-0.545673077,0.056691971,0.815335588,0.730712597,0.036320309,-0.009487504,0.031381635,0.022699569,15.91046876,0.558278884,0.02925944,1.679874655,-2.503768145,0.051649209,0.242876273,0.242876273,0.305223933,0.331442496,0.123654689,0.216827812,,0.010679463,1.389643483,22.59961502,2.139875287,0.216007169,21.32804469
601567,2017,-0.038860104,-0.603626943,-0.172708624,0.730180527,0.715624749,0.39476007,-0.276577499,0.024564167,0.012621004,16.00569306,0.857750421,0.028346803,-1.866508863,-1.417487644,0.650774797,0.187146249,0.187146249,0.17041011,0.218790926,-0.036271037,-0.074771048,,0.016640708,1.90704348,23.39597581,1.342469054,0.087732381,22.65285679
601567,2018,-0.735294118,-0.571078431,0.199543289,0.956766002,0.942886785,0.224254838,0.160419445,0.032075004,0.017191961,16.09493519,0.81142323,0.021842433,1.385492523,,0.400858282,0.136551758,0.136551758,0.111400682,0.138568988,0.016659951,-0.037985436,,0.046935055,1.818390555,23.41249851,1.284697622,0.094610085,22.6141311
601567,2019,0.608173077,0.514423077,2.133216574,0.882915122,0.930638033,0.016749668,-0.153567056,0.027312193,0.01609002,16.24687369,0.777031764,0.005742767,-0.122228821,-4.89553678,0.075302439,-0.041324531,-0.041324531,-0.037917914,-0.012664662,-0.063664618,-0.207529757,,0.012979369,1.615279973,23.34671696,1.729401635,0.097679552,22.38153078
601588,2016,0.82552504,-0.592891761,-0.423232237,1.098230262,0.349094271,0.386967873,0.579545757,0.019374094,0.00342771,16.40948777,1.001288341,0.019141981,2.18326329,-1.580379841,6.02753904,-0.303397424,-0.303397424,-0.363222121,-0.405021368,0.171088444,0.184216605,,0.009364822,6.158647745,25.18673706,1.643161071,0.026420428,25.0095543
601588,2017,0.20984456,0.860103627,0.082746697,0.954764809,1.116895,0.160919016,0.430172873,0.051036125,0.008525182,15.99396739,1.75011079,0.090637015,-0.139057287,-1.920420415,6.384909199,0.562819948,0.562819948,0.496328982,0.47013002,0.096475559,0.050635224,,0.009355645,5.066062685,25.27883805,1.690957451,0.025655971,25.05894926
601588,2018,0.350490196,0.475490196,-0.262187869,1.183784924,0.58037092,0.702972788,0.457605934,0.01388548,0.002674471,15.90529052,2.442681942,0.032663372,-0.055107755,,7.897188093,-0.608288343,-0.608288343,-0.536569903,-0.589945938,-0.005515931,-0.018137748,,0.006767606,4.817454328,25.27330685,1.673339071,0.020680957,25.04064501
601588,2019,0.754807692,0.290865385,-0.136544065,0.8265263,0.692596568,0.864213471,0.313544551,0.004635109,0.000944213,15.6789274,3.075820854,0.050945929,0.134202296,,8.04920385,2.059289747,2.059289747,1.977251483,2.722458767,-0.1317671,-0.162434391,,0.015760687,4.245058214,25.13201157,1.799798204,0.023986764,24.86338933
601599,2017,-0.041450777,0.002590674,-0.218705205,1.08288145,1.380412331,0.199180206,-0.462671676,0.004667946,0.001833976,14.90325276,0.896091807,0.004475062,-1.803050204,,1.24306816,-0.049814139,-0.049814139,-0.05856311,-0.066538784,0.019594075,0.037439338,,0.035149823,2.544889637,22.6519148,1.268385028,0.131844831,22.15277999
601599,2018,-0.977941176,0.137254902,-0.111600711,1.145662119,1.398252996,0.621172417,0.015971496,0.001363345,0.000489465,14.75058883,0.938924139,-0.025389147,-2.600189692,-1.961536292,1.407272349,-0.658716578,-0.658716578,-0.517265483,-0.571891404,-0.359005602,-0.078743011,,0.044755599,7.841856277,22.20718023,0.869624274,0.134549967,22.07076374
601599,2019,0.492788462,0.194711538,0.135521182,0.692090879,1.036797296,0.443731251,-0.095386412,-0.081876364,-0.024569964,14.81365068,0.240118219,0.002985323,1.259861185,,0.776372036,1.269919331,1.269919331,0.596517698,0.847918858,-0.002667245,-0.165838385,,0.029370139,3.700072393,22.20450943,1.210965816,0.177196577,21.88943562
601600,2017,-0.396373057,-0.14507772,0.005597904,1.21454111,0.277349515,0.197672367,0.509737252,0.012058024,0.003985029,17.57356048,1.574995211,0.012589106,-1.107127564,-2.857011238,2.637306254,0.157014396,0.157014396,0.158154736,0.158501939,0.014634146,0.015345821,,0.029596913,2.994906542,26.06080392,0.769459805,0.426826572,25.65526092
601606,2019,-0.913461538,-0.387019231,-0.243248211,1.065081024,1.120344356,0.055686386,0.52973741,-0.003835238,-0.002485355,15.07218272,0.672693209,-0.010557886,0.185418503,-3.506958415,,-0.07647471,-0.07647471,-0.021819339,-0.084468768,0.053038426,0.093686742,,0.000701405,1.582683747,22.06560593,2.470360103,0.242641417,21.06637325
601607,2018,-0.700980392,-0.982843137,0.021134746,0.454290784,0.456908126,0.378772957,-0.428680163,0.026844816,0.009616112,17.38538146,1.386248985,0.034737933,0.488263326,-3.233073799,1.832802081,-0.058440352,-0.058440352,-0.062585213,-0.065986466,0.104477612,0.116880289,,0.020109093,2.858745735,25.72047811,1.293723774,0.071104543,25.28903794
601607,2019,0.129807692,-0.793269231,0.158200343,0.719259003,0.176297361,0.265457193,-0.146040112,0.032529051,0.01168144,17.49210643,1.363924088,0.058525509,1.329688356,-2.257765587,1.777244176,0.20461049,0.20461049,0.214160475,0.226253582,0.067567568,0.051951963,,0.023783948,2.757886591,25.78586087,1.234674126,0.065030226,25.33968539
601608,2016,0.722132472,0.741518578,-0.538126684,1.263771247,0.161978291,-0.423132136,0.19003667,0.001260877,0.000442252,16.66479496,0.432148356,0.000753307,1.95581071,,0.704278177,0.010052536,0.010052536,-0.012961906,-0.04533932,0.002442193,-0.004700242,,0.012246217,2.735106672,23.72879124,1.38463595,0.18195028,23.2736897
601608,2018,0.700980392,0.352941176,-0.219856686,1.140071938,0.571094952,-0.654481091,0.275861715,0.00316601,0.001185272,16.58108908,0.470506862,0.001431027,-0.300409597,-2.841464477,0.596343437,0.104178615,0.104178615,0.067957576,0.115201887,0.042440326,0.053087403,,0.013907643,2.724089576,23.75846918,1.098268425,0.163064012,23.30103404
601608,2019,-0.75,0.463942308,0.078840822,1.13135301,0.456576552,0.956759333,0.396336025,0.00786428,0.00285282,16.58320292,0.48227862,0.004171348,-0.35542967,,0.605956413,0.401921729,0.401921729,0.402582353,0.434946808,-0.051762648,-0.088621073,,0.01692653,2.552997486,23.70531875,1.107047163,0.197790075,23.20823752
601611,2017,0.922279793,0.562176166,-0.023692352,0.915676523,0.279889267,-0.344585669,0.264894682,0.021359819,0.002939345,15.90199964,1.583603509,0.011042867,0.325871337,-1.346892736,3.593089215,0.275050188,0.273871495,0.263297444,0.281969629,0.351883503,0.329689546,,0.018610659,6.597885921,25.45065366,1.029211907,0.030032184,25.28602442
601611,2018,0.441176471,0.833333333,-0.212017881,0.998854017,0.695518219,0.211179687,0.214291285,0.022800044,0.003413834,16.68180263,1.038740118,0.011259097,-0.278707583,-1.103071327,5.831510873,0.134416656,0.132330224,0.138098425,0.139176415,0.212389381,0.215021778,,0.016762175,6.712122249,25.64324676,1.021952863,0.026528342,25.48078642
601611,2019,0.324519231,0.334134615,0.159772912,0.995077619,0.772298196,0.876867084,0.16686875,0.024966005,0.003735662,16.80681495,1.125657344,0.024778525,0.749559482,-1.623460353,6.103416155,0.29110139,0.290552803,0.288664791,0.295509543,0.182481752,0.162060871,,0.014330026,6.093305553,25.81086217,1.059175744,0.02391372,25.63098146
601616,2016,0.802907916,-0.379644588,-0.365411162,1.058425666,1.032471375,0.078579122,0.452316156,0.001533605,0.001317019,15.09144301,0.679620112,0.000538304,1.306356838,-6.227924913,0.006923244,0.076159158,0.076159158,0.082606729,0.052431809,0.044481801,0.156790386,,,1.178481515,21.78113737,4.475047143,0.075409213,19.89364037
601618,2016,0.767366721,0.951534733,-0.338043007,0.765241048,-0.176841714,0.179084618,0.304019225,0.015032443,0.003488123,18.13169223,1.284642062,0.032960566,0.577855682,-2.550437283,4.690266926,0.247524752,0.247524752,0.24358499,0.262421847,0.094292804,0.090623563,,0.017361,4.323529412,26.81231071,1.145214521,0.06267346,26.55113122
601618,2017,0.707253886,0.725388601,-0.081844492,0.90359076,0.247195955,0.225329208,0.224480053,0.014490848,0.003334262,17.88141896,1.761185177,0.039592046,0.352665494,-2.633965093,5.564932947,0.261904762,0.261904762,0.26446281,0.279279279,0.029478458,0.026007812,,0.019794742,4.283018868,26.84136303,1.121794872,0.058145141,26.57680658
601618,2018,0.566176471,0.600490196,-0.167807849,0.970104653,0.7060135,0.731325515,0.276279796,0.014789991,0.003564967,17.68738317,2.366339403,0.053079783,-0.352623615,-3.270953522,6.737812399,0.13836478,0.13836478,0.130718954,0.133802817,0.077092511,0.061717015,,0.013856932,4.109243697,26.91562833,1.120481928,0.051959018,26.636694
601618,2019,0.012019231,0.822115385,0.200187579,1.219068007,0.62730733,1.366318151,-0.015561964,0.016887952,0.004233046,17.76559712,2.480995758,0.057105677,0.814856953,-2.617748875,6.190032504,0.386740331,0.386740331,0.393063584,0.409937888,0.141104294,0.116945485,,0.015717645,3.875,27.0476248,1.14021164,0.042459652,26.74729171
601633,2017,-0.862694301,-0.098445596,-0.141586577,0.893067424,-0.302075781,-0.060850102,0.058111238,0.014891217,0.00706637,17.61001597,1.180202051,0.015908428,-0.73548773,,0.956917649,-0.159325313,-0.150000046,-0.107313414,-0.093748727,-0.107365063,-0.21821702,,-0.005925221,1.8034113,25.25407915,1.440877887,0.325401632,24.44551062
601636,2016,-0.576736672,0.169628433,0.028249355,1.906054684,0.927091769,1.440109316,-0.049793067,0.045223242,0.023230842,16.45795138,0.489115706,0.0280957,-0.814123672,,0.372360195,0.077657799,0.077657799,0.077046725,0.105799796,0.078365078,0.023775221,,0.016214582,1.834492012,23.289768,0.820294503,0.658451808,22.50206828
601636,2017,-0.336787565,-0.689119171,-0.065795695,1.378892475,0.474890493,0.476084117,0.42524378,0.038884886,0.022048008,16.17192494,0.708738644,0.020465817,-2.043176519,-3.97388668,0.411631266,0.078597074,0.078597074,0.132688586,0.15766494,0.01761046,-0.002278351,,0.019358579,1.805051922,23.30722519,0.807658726,0.653271836,22.49978733
601636,2018,-0.426470588,-0.620098039,0.578299075,1.286931679,0.672447844,0.936532646,0.092409118,0.040703355,0.023483231,16.33595239,0.64253391,0.009927992,2.526443557,,0.293691077,-0.067792895,-0.067792895,-0.069577077,-0.107377708,0.0459322,-0.021396657,,0.031436982,1.716117747,23.35213374,0.809999202,0.616453499,22.47815845
601636,2019,-0.024038462,0.052884615,2.156665869,1.431886078,0.254515002,0.678530793,-0.796913823,0.074637203,0.046177301,17.29696002,0.282420957,0.017376479,0.9554352,,0.060718747,0.788895333,0.788895333,0.322446044,0.190506143,0.224905032,0.017982457,,0.022969617,1.530917455,23.55499705,1.4937638,0.489177259,22.49598113
601668,2016,0.221324717,0.915993538,-0.200426309,1.191673169,-0.414032256,0.645739458,0.454297292,0.036603981,0.007363923,19.41840333,1.150794721,0.046265881,0.728350563,-1.766636076,4.558211714,0.121904762,0.121904762,0.118951613,0.118895966,0.204081633,0.19700533,,0.014444328,4.707446809,28.20200066,1.284313725,0.019389116,27.96613582
601668,2017,0.569948187,0.904145078,0.06791609,1.027983163,-0.345183841,0.633878128,0.366850333,0.032707908,0.006832264,19.29224841,1.603943374,0.050246418,0.873785159,-1.698515183,5.117247654,0.162988115,0.162988115,0.163963964,0.168880455,0.09039548,0.058684107,,0.010518189,4.251101322,28.28854112,1.287037037,0.018616231,28.02316255
601668,2018,-0.600490196,0.852941176,-0.15181342,1.035416842,0.136764293,0.808696565,0.179789322,0.029227316,0.006630372,19.20436975,2.080153997,0.051301505,0.211954115,-2.787515376,6.765245041,0.062773723,0.062773723,0.060371517,0.051948052,0.129533679,0.116235354,,0.014569683,4.168260038,28.41034599,1.274193548,0.017162562,28.13312428
601668,2019,-0.122596154,0.911057692,0.004264422,0.741292839,0.059594539,1.017712705,0.335034557,0.03010639,0.00711694,19.14113984,2.609968738,0.075670188,0.480781811,-2.651666846,7.500899766,0.287087912,0.287087912,0.289051095,0.293209877,0.077981651,0.059321568,,0.010865925,3.91014975,28.48543644,1.317829457,0.017107651,28.19075296
601669,2016,0.444264943,0.977382876,-0.315038733,0.674093025,0.03367702,0.438833148,0.164626251,0.02135225,0.003842909,18.07116124,1.560909013,0.038146788,0.711076973,-2.029710776,6.706932027,0.058333333,0.058333333,0.043103448,0.038461538,0.160649819,0.157430562,,0.013428575,5.062992126,27.18941056,1.073015873,0.144768402,26.97043401
601669,2017,0.406735751,0.971502591,-0.0278354,0.877338107,0.183627,0.36785703,-0.048995034,0.01930184,0.003740426,17.87664258,2.264955814,0.044334286,2.614546415,-1.370748769,8.438762459,0.157480315,0.165354331,0.157024793,0.166666667,0.217729393,0.219911687,,0.013558299,5.151315789,27.38639853,1.043243243,0.122943202,27.16921248
601669,2018,-0.093137255,0.990196078,-0.343472837,1.006011729,0.359040802,0.600680233,0.355524134,0.016479891,0.003171584,17.64383699,3.663440823,0.053779191,-0.379060643,-2.897810917,13.75350399,0.088435374,0.087837838,0.092857143,0.103174603,0.118773946,0.069289713,0.000270092,0.010752999,4.315270936,27.49863193,1.168478261,0.117579909,27.23620709
601669,2019,0.271634615,0.923076923,0.111663677,1.187694787,0.579860481,1.203417002,0.394335878,0.016278825,0.003764917,17.5983342,4.783350588,0.078174269,2.365695244,-2.262751225,14.06640601,0.26875,0.267080745,0.267973856,0.273381295,0.121004566,0.109194784,,0.0118799,4.178723404,27.61285715,1.12183908,0.106924644,27.33984142
601678,2017,0.002590674,0.139896373,0.097113591,1.304560741,1.277630742,0.662019662,-0.017579546,0.031978767,0.017954408,15.93988263,0.747260792,0.013634831,-3.056857475,,0.309942211,-0.084599063,-0.084599063,-0.006797668,-0.013976209,0.021934115,-0.003248716,,0.040164668,1.684478543,23.07160261,0.76481867,0.424931592,22.17104858
601717,2018,-0.487745098,-0.769607843,0.041658501,1.051138712,0.857237855,0.59237138,0.105619404,0.029126083,0.01309365,15.97997577,1.510048932,0.048159057,-0.739624719,,1.128274909,-0.032419532,-0.032142913,-0.086202282,-0.107672851,0.05401568,0.028310199,,0.035439389,2.19261765,24.14108408,1.774046557,0.129085098,23.53213857
601718,2016,0.085621971,-0.857835218,-0.547362265,1.245828023,0.748786422,-0.014724477,0.528250247,0.006634966,0.003769106,17.03385509,0.763934115,0.008852589,-1.024339826,-2.885326051,0.330167185,-0.07236073,-0.07236073,-0.082800245,-0.086207971,0.006923542,0.030453528,,0.013946672,1.683006317,24.16220203,2.770799765,0.1278728,23.26036919
601718,2019,-0.394230769,-0.947115385,-0.157122542,0.716850134,0.845922233,0.409124356,-0.179649972,0.000785657,0.000445108,16.3924974,1.360460673,0.000995279,-2.577055727,,0.386182909,0.018717721,0.018717721,0.022443867,0.04454041,-0.119738406,-0.212935858,,0.001165258,1.694926285,24.09725418,2.833177116,0.127797358,23.20566543
601727,2016,-0.505654281,0.243941842,-0.175164428,0.729594117,0.288637565,-0.153976402,0.453352118,0.020175109,0.006765717,18.03039224,0.995935266,0.017987625,1.581559887,-2.576547871,1.530464369,0.419757895,0.419757895,0.418730534,0.46541806,0.15,0.121137255,,0.017341974,2.897153811,26.05598463,1.293103448,0.064611512,25.63462473
601727,2019,-0.733173077,0.591346154,-0.171805007,0.888056529,0.359162561,-0.070483133,0.214647151,0.011141893,0.003708627,17.90755121,1.709388321,0.016562344,-0.150142489,-2.231394849,3.11073753,0.17777595,0.174520306,0.208802574,0.216432058,0.079584775,0.077576674,,0.014889874,3.0,26.46626902,1.275862069,0.059691099,26.05846007
601766,2016,-0.573505654,0.660743134,-0.234679168,0.870785854,-0.779247768,-0.216149314,0.477505186,0.020831656,0.007883596,19.27046038,0.597112754,0.00869474,0.140832418,-2.222774089,0.976185514,-0.027346637,-0.027346637,-0.032821412,-0.04261909,0.041551247,0.033030618,,0.021713873,2.647887324,26.65285498,1.20754717,0.150357449,26.17961388
601766,2017,0.116580311,0.886010363,0.055989411,0.923534574,-0.035675453,0.048544314,0.25931426,0.021351201,0.007999746,19.09788176,0.746306172,0.010964961,-0.265323259,,0.918576395,0.114219678,0.114219678,0.09389434,0.12568707,0.061170213,0.057803046,,0.014706905,2.642384106,26.71222725,1.185840708,0.142964316,26.23580804
601766,2018,0.799019608,0.887254902,-0.308199893,0.869174752,0.308844701,0.393436864,0.378840706,0.019891982,0.007708645,18.88351253,0.982536301,0.007172879,-0.112591435,-2.881500603,1.306430382,-0.070139407,-0.070139407,-0.054933988,-0.055951818,0.05764411,0.060470986,,0.022479132,2.65408805,26.76827115,1.201680672,0.135864938,26.29452117
601766,2019,0.139423077,0.807692308,0.102229567,0.985551669,0.006587536,1.098618821,0.660109546,0.018588183,0.007115477,18.78487076,1.139851427,0.011148654,0.734704129,-2.635482076,1.356940881,0.06779042,0.06779042,0.078597664,0.071309081,0.035545024,0.021915942,,0.011759032,2.585798817,26.80319903,1.208333333,0.13148405,26.31620041
601777,2018,-0.296568627,-0.81127451,0.030849334,1.038755958,1.189333386,-1.462902944,0.988212734,-0.177102812,-0.042079295,15.26720098,1.15539804,-0.034515115,-5.868803569,,2.529376497,-0.694185369,-0.694185369,-0.652439623,-0.708053125,-0.364650942,-0.164695405,,0.027338678,88.73444454,23.55424909,0.277660883,0.198911125,23.54291553
601789,2016,-0.021001616,0.709208401,-0.270063982,0.997119192,0.812480164,-0.014008616,0.188972295,0.019471526,0.003982879,15.28792266,0.622926376,0.019929151,0.67633823,-2.34768139,2.494608927,0.163088995,0.163088995,0.168175601,0.166199793,0.170937525,0.183014577,,0.017114101,5.185683084,23.42309756,1.113475913,0.061331943,23.2088659
601789,2017,0.668393782,0.761658031,0.171751888,0.896186652,0.768568026,-0.402079739,0.526142468,0.018758738,0.003752827,15.06339149,0.856499553,0.019426395,-0.712655301,-2.503850873,2.472448438,0.114443239,0.114443239,0.105511554,0.109134908,0.049559971,0.040813862,,0.027042559,5.010903783,23.47146856,1.058290604,0.06487935,23.24886886
601789,2018,0.730392157,0.644607843,0.155639978,1.080534225,0.8073124,-0.578345921,0.925939924,0.015493844,0.003183729,15.14307777,0.874701571,0.01209193,1.066630041,-5.546123899,2.283525652,0.071816681,0.071816681,0.070928889,0.071961396,0.182396617,0.176520631,,0.026760772,4.912976316,23.63901197,1.061740383,0.059581558,23.41143033
601789,2019,0.814903846,0.1875,-0.218879181,1.010459403,1.148637768,0.437964407,0.678623795,0.017749424,0.003870557,15.16477112,1.021387624,0.023948584,0.74425162,-1.641742038,3.383166144,0.148674119,0.148674119,0.158356282,0.158490857,0.072324411,0.067662736,,0.020960834,4.830800858,23.70884061,1.155041753,0.061041946,23.47690223
601800,2016,0.308562197,0.702746365,-0.294189382,1.062294429,0.178874622,0.873446215,0.180384192,0.022031847,0.004715676,18.90936488,1.161958565,0.025458005,1.412811363,-3.528737988,4.01725831,0.094736842,0.094736842,0.099447514,0.091463415,0.054778555,0.04685334,,0.015163834,4.289099526,27.53120078,1.023504274,0.051275717,27.26557153
601800,2017,0.816062176,0.71761658,0.000729863,1.058077641,-0.135416666,0.664779039,-0.244150771,0.022463905,0.005030529,18.7652018,1.492204209,0.029106756,-0.691311327,-2.034686994,4.691465081,0.153846154,0.153846154,0.155778894,0.184357542,0.116022099,0.095985752,,0.011480931,4.04,27.64097145,1.004056795,0.046222623,27.35722572
601800,2018,-0.644607843,0.431372549,-0.32832488,1.134611018,0.655896866,1.019789634,0.321678148,0.017507726,0.004152529,18.46131139,2.520084278,0.029113325,0.224371564,-1.702597264,8.478272838,0.025,0.025,0.026086957,0.028301887,0.217821782,0.216748048,,0.008115783,4.006514658,27.83803529,1.008695652,0.03923017,27.55340749
601800,2019,0.584134615,0.877403846,-0.106714505,0.978099894,0.349150204,1.160986301,0.559910005,0.016440563,0.004008749,18.25663624,3.760273288,0.074537793,0.054819068,-1.819606214,11.38383291,0.386178862,0.386178862,0.377118644,0.385321101,0.170731707,0.155421191,,0.006726931,3.891891892,27.99566423,0.984825493,0.034208529,27.69787243
601858,2018,0.808823529,-0.264705882,-0.318886888,1.040966151,1.522166601,-0.04666386,-0.09310558,0.016063165,0.011628034,15.09374505,1.222459333,-0.003060051,-0.000772784,-1.900656192,,-0.054664584,-0.054664584,-0.033777875,-0.04019428,0.110201598,0.1076057,,-22.37486423,1.388935039,22.46667084,3.473046243,0.043365857,21.1937906
601866,2016,0.683360258,0.282714055,-0.318953528,1.113392454,0.221723764,-0.119053443,0.257199169,0.019219928,0.002252333,17.09709576,0.592278703,0.015376288,-1.102923313,-2.579583221,5.024924802,0.067916839,0.090576862,0.116488156,0.069816591,0.16,0.158131134,,0.020002122,8.531920918,25.69999958,0.610849535,0.384071363,25.57214144
601866,2017,0.375647668,-0.088082902,0.0761022,0.962072171,0.817251487,0.237433419,0.106489121,0.025329913,0.003123173,16.8333211,0.868259057,0.027641502,0.658201623,-6.015320371,4.789195371,-0.169009854,-0.198134928,-0.149154159,-0.183792872,-0.013793103,-0.065902561,,0.02113174,6.06932641,25.68611047,0.642159622,0.391531506,25.50396691
601869,2019,-0.432692308,0.550480769,-0.213673011,0.662908471,0.635975945,-0.303638316,0.69029101,0.01511041,0.009100649,14.85629291,3.308172015,0.033545761,-0.058127443,-1.153592813,,0.277370907,0.277370907,0.340737285,0.306708708,0.219887803,0.407501778,,0.016049056,1.902774237,23.65923573,2.079837306,0.200380021,22.91364002
601872,2018,0.044117647,-0.090686275,0.359076454,1.097324031,0.372148407,0.440511678,0.427544742,0.023640568,0.009404351,17.22528141,0.748024552,0.04055499,0.446950753,-1.71447242,0.962434441,0.518090328,0.518090328,0.156350937,0.183526814,0.249531951,0.175132066,,0.012392147,2.338736125,24.90358809,1.364762097,0.664792471,24.34570341
601872,2019,-0.245192308,0.661057692,-0.042771644,1.001285118,0.636038972,0.370333576,0.282761563,0.035540002,0.015257134,17.2269152,0.911109274,0.012830289,-2.111489454,,0.730620573,-0.165109924,-0.165109924,0.062364062,0.081570586,-0.115596874,-0.149924232,,0.008855446,2.2232137,24.7807458,1.068081332,0.631236053,24.18327361
601877,2016,0.896607431,0.386106624,0.128459907,1.228763034,0.400631986,-0.229892996,-0.654340273,0.037367799,0.01764047,17.38985157,0.566424292,0.016629467,-0.602822618,-2.209418927,0.401209229,0.201595345,0.201595345,0.201713841,0.203624895,0.171052792,0.23808869,,0.017832293,2.260782826,24.57106672,1.39127385,0.310213471,23.98708841
601877,2017,-0.813471503,0.445595855,0.028070618,0.981616541,0.119438008,0.278982611,0.063750936,0.043287222,0.019612034,17.5465871,0.51860028,0.013990681,-0.156346003,-1.951584602,0.476981941,0.21216248,0.21216248,0.211975649,0.23480259,0.109974703,0.118998002,,0.01872028,2.284194127,24.67540395,1.351613171,0.32779394,24.09952205
601877,2018,-0.973039216,0.615196078,0.175303258,1.010627537,-0.236653741,0.243064594,0.013714969,0.039411837,0.017749473,17.70368461,0.493928981,0.006367398,0.250256036,-1.953781582,0.429991683,0.012576916,0.012576916,0.00881297,-0.032606906,0.180411866,0.224685608,,0.024961176,2.399782803,24.84126736,1.414736487,0.369190934,24.30220621
601877,2019,-0.043269231,-0.060096154,0.247710928,1.28398236,0.292322329,0.377236553,-0.16812878,0.038107386,0.016288309,18.09467641,0.383667096,0.002356918,2.505799739,-1.111946382,0.419116977,0.111644068,0.111644068,0.143241674,0.163188438,0.300189681,0.330539565,,0.034935551,2.480843501,25.10377753,1.226420519,0.351335908,24.58779076
601880,2016,0.473344103,0.657512116,-0.351455198,0.662306011,0.483852248,-0.063736357,0.050292726,0.005435366,0.003186489,16.83762948,0.966544165,-0.002578039,-1.486646817,-2.708431101,0.498666092,-0.154426626,-0.154426626,-0.196579463,-0.215608869,0.057151115,0.034037243,,0.020681555,1.692477321,24.27493562,1.15082754,0.471969237,23.38126251
601880,2017,0.893782383,0.668393782,0.094147641,0.761416844,0.643767743,0.111519319,-0.015559826,0.010913013,0.006465554,16.57918196,1.319504413,0.006322181,-0.056533552,-1.50061188,0.443946383,-0.117557238,-0.117557238,-0.130316799,-0.188346934,0.040760546,0.071704766,,0.028579822,1.728056191,24.31488736,2.013223296,0.462890566,23.45051313
601880,2018,0.289215686,0.06127451,-0.197477251,0.827920803,0.443260113,0.270318329,0.216497731,0.011856547,0.006910047,16.49728643,1.463825725,0.015228484,0.734475712,,0.521154371,-0.010536431,-0.010536431,-0.102321301,-0.096868486,-0.045831523,-0.150652087,,0.040715913,1.600080315,24.26797234,1.641005199,0.468973863,23.28722674
601880,2019,-0.262019231,0.490384615,-0.011203332,0.395534237,0.563159096,-0.012798978,-0.04000407,0.017220501,0.010855484,16.81928202,1.287881835,0.019572273,-0.869319191,-1.210063335,0.120295348,0.828261798,0.828261798,0.733656639,0.858667055,0.54793221,0.147050974,,0.073009637,1.38486181,24.70489232,2.865971179,0.491245136,23.42442102
601886,2016,-0.360258481,-0.896607431,-0.181919842,0.949080631,1.093501306,0.251588211,0.108754503,0.018375977,0.005669816,16.18296314,0.705086983,0.011780534,1.487272806,,1.324915777,0.094756687,0.094756687,0.081874147,0.078499618,-0.062257933,-0.092832783,,0.061572867,3.098596611,23.8777693,1.154106634,0.043682236,23.48808884
601888,2017,-0.549222798,-0.380829016,0.364905473,0.983807262,-0.837275236,0.110618444,-1.043696213,0.084307804,0.058843174,18.67623871,0.143659142,0.014978152,-0.474489096,-2.117664264,-0.040656734,0.154593529,0.154593529,0.120205804,-0.038473208,0.134088365,-0.134599615,,0.053908574,1.307698309,24.04438955,3.218620867,0.061170914,22.59748548
601888,2018,-0.723039216,0.848039216,0.712272388,0.96340376,-0.966795525,-0.069458376,0.009001719,0.039762032,0.029638211,18.99826647,0.124987756,-0.001582358,-0.053877249,-2.788148822,-0.011543986,-0.206816681,-0.206816681,-0.106873564,-0.072690792,0.232501482,1.117070021,,0.00042933,1.678334332,24.25343538,1.83442518,0.047331752,23.34751855
601899,2016,0.156704362,-0.996768982,0.079566256,0.64842599,-0.327217142,0.290901467,-0.092238806,0.027889333,0.010743922,17.98517128,0.576707386,0.022735914,0.619377193,,0.719409082,0.327533831,0.327533831,0.2882717,0.332851333,-0.040966697,-0.087967315,,0.02004627,2.412146332,25.23400377,0.969022661,0.318609807,24.6985976
601899,2017,-0.362694301,-0.992227979,0.028722768,0.820871753,-0.794626357,-0.556249782,0.378715797,0.028271901,0.011834415,17.87017897,0.70139359,0.016502057,0.361277832,-1.3937519,0.80552789,0.348989101,0.348989101,0.381599685,0.39623549,0.285870598,0.305889127,,0.021278609,2.488295509,25.48543977,0.78696218,0.303191654,24.96548173
601899,2018,-0.254901961,-0.995098039,0.181889253,0.708986123,-0.088440837,-0.156931194,0.184535868,0.027098947,0.011083084,18.07608719,0.713684009,0.015348956,1.792097986,-1.470690964,0.746748923,0.237265579,0.237265579,0.227294696,0.241003295,0.282051282,0.298691311,,0.019501673,2.522479272,25.73390113,0.705959524,0.256107721,25.2268388
601899,2019,-0.557692308,-0.067307692,1.210868215,1.777000674,0.289138297,0.367150779,-0.267324706,0.040474182,0.01647752,18.96986626,0.402642519,0.01720423,3.223488423,-0.998926029,0.411588912,0.323033524,0.323033524,0.264815768,0.269413754,0.326666667,0.220320057,,0.011513832,2.250644256,26.01657066,0.878821812,0.24179275,25.42595197
601900,2017,-0.404145078,0.520725389,0.013210767,0.920741249,0.97040038,0.359715283,-0.139487555,0.041179644,0.021911989,15.03601305,1.984629496,0.032340191,0.006484476,,0.278163957,0.140094341,0.140094341,0.150391821,0.179483126,0.071208548,-0.015074884,,0.00050583,1.721351451,23.01057061,1.173406346,0.067412949,22.14083209
601900,2018,0.534313725,0.654411765,-0.038848025,0.861955716,0.894380857,-0.011058887,-0.165813756,0.030739826,0.017364684,15.91925359,0.732060478,0.014018058,-0.361657541,-1.816460934,0.400037528,-0.031974062,-0.031974062,-0.035741125,-0.043772028,0.14222862,0.224380456,,-0.036089632,1.815544315,23.1435519,1.16217559,0.083878943,22.34326706
601900,2019,0.151442308,0.367788462,-0.127195436,0.85425891,0.614777366,0.322248222,0.196214247,0.035287709,0.019119308,15.83369688,0.873997599,0.022497328,0.864714273,-1.838468753,0.459007251,0.279477179,0.279477179,0.273156941,0.28100817,0.064767175,0.031862111,,-0.061392097,1.770911677,23.20630806,1.249649954,0.077195739,22.3746321
601919,2016,0.819063005,0.877221325,-0.094219339,1.735658651,0.13008089,-0.353350149,-0.112712669,0.026405112,0.008567839,17.70987258,0.873178353,0.013194472,0.510391334,,1.669898555,0.036958769,0.036958769,0.060441043,0.06293633,0.185483871,0.245965337,,0.017295872,3.324487445,25.71369842,0.81970205,0.38791486,25.35794589
601919,2018,-0.419117647,0.919117647,-0.319493986,1.184773191,0.245828573,0.562225798,0.073006506,0.017636126,0.004299663,17.35209813,1.917415565,0.022443922,2.861700456,,3.783307438,0.027069864,0.027069864,0.034066644,0.045097824,-0.0078125,-0.050250431,,0.020843113,3.582384813,26.2606001,0.945524087,0.409448819,25.93536936
601919,2019,-0.331730769,0.783653846,7.687796763,1.666239221,0.385187491,0.518118966,0.138775442,0.089977194,0.026221521,18.35997042,0.923761129,0.066873251,0.222039374,-2.465775463,0.294296215,0.87703579,0.87703579,0.263032137,0.281259577,0.275590551,0.112337647,,0.019834852,2.7,26.50400935,1.473088465,0.299255219,26.04183315
601928,2016,-0.334410339,0.001615509,-0.360892574,0.689346839,0.494744214,-0.052669062,0.286322577,0.017529509,0.011112666,16.82657743,0.646875451,0.01667249,-0.106921866,-2.906381757,0.123823201,0.008577041,0.008577041,0.026429906,0.031806953,0.031081805,0.051409313,,-0.397545895,1.554521781,23.75868125,1.941861555,0.173119575,22.7278641
601928,2017,-0.230569948,-0.792746114,0.307960433,0.845622557,1.139617489,0.686962469,-0.249168749,0.026669672,0.016809831,16.75680516,0.730419891,0.015837321,-0.205186314,-2.078355427,-0.103965704,0.150825367,0.150825367,0.076754085,0.129539513,0.113407496,0.224053035,,-1.267273698,1.645181021,23.86610638,1.874359745,0.153701236,22.93003161
601928,2018,-0.012254902,-0.656862745,-0.138082827,0.945686159,0.294493635,0.190442257,-0.232999997,0.022090974,0.013726528,16.73652814,0.780200789,0.014882788,-0.034463618,-2.510587743,-0.113369873,-0.12272233,-0.12272233,-0.129055291,-0.15396684,0.037256069,-0.054275518,,,1.556560828,23.90268521,2.06306296,0.161107539,22.87422761
601949,2018,-0.995098039,0.053921569,-0.189723184,1.126560188,1.304432138,-0.27018673,0.146893442,0.012596694,0.007433562,14.65736149,3.188147519,-0.024440644,-0.078779914,-2.088597038,,-0.138522859,-0.138522859,-0.148425159,-0.176323535,0.054140138,0.02111884,,-0.115013046,1.715631496,23.30780744,2.692821836,0.086468411,22.4334363
601949,2019,0.6875,0.944711538,0.213898422,1.215560603,0.550004118,0.73668079,0.518823569,0.018368009,0.010863052,16.12418009,0.899156122,0.002837449,0.048163173,-3.005194761,,0.188144666,0.188144666,0.25918853,0.27605743,0.075601319,0.070880227,,0.002987409,1.710259415,23.38068731,2.270162566,0.065626823,22.50191725
601952,2019,0.375,-0.615384615,0.099682818,1.085136479,1.059617819,0.013885232,-0.75043328,0.028719181,0.02215444,16.64192844,0.374615491,0.008908156,-0.611465418,1.241156452,,0.117545696,0.117545696,0.117960428,0.090604685,0.679627266,3.016096091,,0.5657247,2.435150114,23.36718324,2.972375067,0.106736879,22.83844429
601958,2016,-0.415185784,-0.357027464,-0.138708763,1.42798207,1.049569367,0.151163397,-0.136513095,0.003083285,0.002474017,16.98737126,0.546397001,0.003850586,-0.547242516,,-0.026775677,-0.197032934,-0.197032934,-0.234908705,-0.26882639,-0.016137887,-0.172314493,,-0.030315237,1.210606683,23.49515586,5.32060201,0.279097932,21.74627129
601958,2017,0.323834197,-0.295336788,0.059600714,0.987782316,0.511501498,0.185893444,0.021555067,0.007429788,0.00611688,16.84872985,0.639125324,0.004610787,4.337932179,,-0.070399261,0.081503718,0.081503718,0.032864716,0.021234224,0.000269512,-0.176644982,,-0.059751316,1.167131799,23.49542534,5.063995496,0.26880004,21.55190349
601965,2016,-0.13085622,0.273021002,-0.08559772,1.001605651,0.740812004,-0.028146108,0.089625619,0.019071328,0.01630705,15.93758184,0.505659933,0.010970774,0.259075941,-1.219164281,-0.085443668,0.346520422,0.346520422,0.356911577,0.404513169,0.075353946,0.360489307,,-5.625822431,1.207971412,22.37097317,3.663215688,0.318800177,20.61167609
601965,2018,0.303921569,-0.504901961,0.231601967,0.966269157,0.612785121,0.011852523,0.028200676,0.019276772,0.015526687,15.85159562,0.607289075,0.007463976,0.779608743,-1.957316978,-0.001139668,0.423186297,0.423186297,0.476775229,0.512913647,0.064564968,0.257856035,,-4.522409297,1.283512478,22.53437788,2.263664686,0.440088853,21.02427829
601966,2017,-0.756476684,0.18134715,0.081099895,0.913636176,0.519157992,0.123281723,0.255564656,0.033908556,0.014627631,15.63244697,1.577430947,0.042433839,-0.358047902,-1.075267594,1.666101006,0.147417248,0.147417248,0.128367389,0.126319148,0.218364313,0.321547364,,0.019919047,2.545162113,23.96398891,1.060574147,0.401342319,23.46492339
601985,2016,-0.201938611,-0.851373183,-0.277681024,0.562042023,-0.220799915,0.226911175,0.324303607,0.033498934,0.008505992,17.32674497,2.352651179,0.02481771,-0.546396246,-2.391689644,2.451867137,0.104148962,0.104148962,0.070502028,0.059757482,0.075342466,0.06801207,,0.012112916,3.977281596,26.47265882,0.939237106,0.47133758,26.18346807
601985,2017,-0.10880829,0.316062176,-0.011090978,0.783878696,0.169369871,0.102702836,0.107919254,0.029671801,0.007611017,18.29697295,0.934316863,0.030058546,0.793846346,-2.734727704,2.678422059,0.226599847,0.226599847,0.284931495,0.233582479,0.085987261,0.086276672,,0.017858859,3.968923313,26.55514831,1.103765889,0.604105572,26.26622402
601985,2018,0.593137255,0.727941176,-0.259827104,0.777137966,0.208620251,0.142066931,0.215051616,0.023424013,0.006022808,18.12245187,1.203556434,0.030301787,0.108663598,-2.7259273,3.816577466,0.056648932,0.056648932,0.024409939,0.000358973,0.049853372,0.048365326,,0.01907006,3.95332847,26.60379882,0.855860224,0.569832402,26.31345614
601985,2019,0.024038462,0.793269231,0.253084321,0.77216202,0.362074049,0.893256296,0.158298941,0.034460368,0.009218467,18.14975376,1.340081254,0.042217694,0.696728599,-3.296969729,3.143452643,0.281477337,0.281477337,0.200517814,0.290571377,0.108938547,0.042839716,,0.016885008,3.393162393,26.70720212,0.871767489,0.637279597,26.35540363
601989,2018,0.669117647,-0.154411765,-0.29059477,0.88674776,0.118206789,-0.676943974,0.669925332,0.002462698,0.0012016,18.31041842,0.963879335,0.001372896,0.209860004,-2.21389059,0.328148033,0.03130369,0.03130369,0.077222694,0.098803095,0.01744186,0.015879386,,-0.034202334,2.030510111,25.88805181,1.588578635,0.174014732,25.20430941
601989,2019,-0.653846154,-0.180288462,0.014262613,0.86536071,0.465431111,0.481102869,0.204727649,-0.000339707,-0.000163314,18.17318867,1.104934181,0.002656475,0.693052911,,0.322130819,-0.069601022,-0.069601022,-0.073053758,-0.08835077,0.0,0.003109222,,-0.063726065,2.031210722,25.88805181,1.601971071,0.172067777,25.2074138
601991,2018,0.610294118,-0.943627451,-0.303431056,0.774621164,0.488487484,0.197980241,0.346022328,0.013653477,0.003670515,16.98082351,3.37293039,0.042486948,0.318839492,,8.787602559,-0.012485043,-0.012485043,-0.03149907,-0.027297122,-0.003546099,-0.064417002,,0.024462391,3.258440381,26.36162051,0.464832721,0.661921708,25.99658529
601991,2019,-0.240384615,-0.040865385,0.26429012,0.702019781,0.769106915,0.814613646,-0.186149379,0.017769229,0.00540674,17.08018996,3.376379713,0.031312112,1.108103439,,5.283812106,0.133011953,0.133011953,0.155015849,0.18328066,0.0,-0.028271524,,0.024692968,3.08122228,26.36162051,0.491812609,0.669039146,25.96790643
601992,2016,-0.198707593,-0.211631664,-0.49746382,1.383734147,0.553273098,-0.081807589,0.199266557,0.011043098,0.003248778,17.56640238,1.113922557,-0.023897118,-0.4968577,,0.97152364,0.200216444,0.200216444,0.160286282,0.188776758,0.133928571,0.111612403,,0.026341215,3.327247663,26.2606001,1.339130435,0.179217325,25.90400666
601992,2017,-0.266839378,0.044041451,0.14560279,1.179996508,0.894229917,0.604688056,0.070274195,0.071441569,0.019291984,17.230032,2.41096468,0.012359508,-0.03883189,1.757380322,5.320788124,0.261433411,0.261433411,0.247654829,0.262321128,0.090551181,0.10060556,,0.014170149,3.393806508,26.34728334,1.404761905,0.158375184,25.99986719
601996,2017,-0.010362694,0.225388601,-0.162848546,1.048397162,0.908646507,0.292247575,0.02392093,0.016999854,0.01264286,14.92863197,0.817083536,0.010203188,1.053071985,-0.096334191,-0.095238207,0.371703153,0.371703153,0.347918857,0.367673216,0.439468012,0.531025175,,0.004401537,1.444339032,22.08642506,3.277676707,0.285168511,20.90760584
601996,2018,-0.480392157,0.519607843,-0.174125032,0.956570366,0.595660894,-0.291563004,0.494718744,0.011170343,0.008002098,14.87767349,0.939271226,-0.004713415,0.427439549,-3.775104802,-0.037440795,-0.322116038,-0.322116038,-0.285006949,-0.347520567,-0.035456742,-0.153000716,,0.006074393,1.370146509,22.05032446,2.886355417,0.288847607,20.74155041
601996,2019,0.454326923,0.069711538,0.319579377,0.92040559,1.07555086,0.446066743,-0.15269389,0.017486043,0.012869179,14.99516561,0.86728604,0.00493631,0.735368275,,-0.057754202,0.501629305,0.501629305,0.462511474,0.538911563,-0.049021854,-0.232039721,,0.007051531,1.279033865,22.00006027,3.049798582,0.28094572,20.47753314
603000,2017,-0.238341969,0.528497409,1.128834231,1.170388245,0.426956984,-0.731758419,0.01709871,0.015887978,0.012943714,16.36077976,0.260347312,-0.00148473,1.08439886,-2.234566543,0.011697739,0.302012079,0.302012079,0.12577659,0.094120296,0.1698998,0.600445688,,,1.319941032,22.1480152,3.075602925,0.084349632,20.73080956
603002,2016,0.37641357,-0.224555735,-0.199647565,1.363806104,1.01012818,0.121009658,0.555477317,0.015990755,0.010607102,15.01915471,0.322971137,0.007686922,3.584153427,-2.274144629,0.136206511,0.618401727,0.618401727,0.591372462,0.619391811,0.129973114,0.282169809,,-0.014955341,1.584581433,21.27358416,1.908470529,0.329445633,20.27640468
603011,2018,-0.784313725,-0.693627451,-0.091630566,1.062756253,1.42060566,0.106803534,-0.556102795,5.24e-05,8.93e-05,14.61496227,0.744568987,-0.011694252,-0.277769855,-0.36377077,0.349648957,-0.176094586,-0.176094586,-0.158268879,-0.208467732,0.148182783,0.482356951,,0.017912475,1.570021025,21.68744752,1.659915417,0.142888168,20.67427647
603011,2019,0.459134615,-0.762019231,0.002931992,1.090965481,1.466576196,0.360015059,-0.344112926,0.012175319,0.007703103,14.6586975,0.730260928,0.00476777,-0.463080616,-2.708629016,0.372194213,0.733030326,0.733030326,0.610891797,0.86792143,0.058831546,0.119076998,,0.035435115,1.622648523,21.7446135,1.586901746,0.130539851,20.78678071
603012,2016,0.127625202,-0.518578352,-0.194001295,1.089357192,0.974979306,-0.132155738,0.116568012,0.011945455,0.008218669,15.10200738,0.71966551,0.007633309,1.487150716,-1.670913092,0.202717184,0.209108554,0.209108554,0.205746271,0.232126058,0.107251207,0.228866542,,0.011278915,1.526530609,22.13258982,2.445701951,0.097403636,21.06814642
603015,2018,-0.703431373,0.495098039,-0.153123685,0.872825569,1.150437267,0.129506326,-0.476174687,0.002326007,0.001748574,14.72977097,0.48404166,0.002413039,1.556193549,-0.766933468,0.034278476,0.10055256,0.10055256,0.080528826,0.140231189,0.148904836,0.428437205,,0.006594758,1.503376063,21.35313123,2.728463074,0.119559078,20.25900019
603015,2019,0.629807692,-0.519230769,0.119721504,0.916106542,1.182808059,-0.372748098,0.414235281,0.015248013,0.010024039,14.79186136,0.479245029,0.009281285,-0.431286019,-0.671191835,0.173578221,0.592704778,0.592704778,0.469358552,0.592545965,0.183773329,0.476653803,,0.015318176,1.717244424,21.5218383,2.144043163,0.09922039,20.64877878
603017,2016,-0.815831987,-0.576736672,-0.456854236,0.939656991,1.007576393,0.18571204,-0.271110773,0.022069998,0.014723158,14.89956665,0.587646652,0.008806272,0.119466439,-1.970015917,0.296251757,0.284100918,0.284100918,0.310606935,0.285853725,0.069612222,0.071983423,,,1.467640146,21.6780735,1.589433633,0.144143575,20.53436154
603017,2017,0.292746114,0.764248705,0.356385368,0.988454932,1.05911131,0.316037033,-0.473621731,0.02189524,0.014483297,14.9667029,0.573955399,0.007258629,0.435766825,-1.503673672,0.243960364,0.139243575,0.139243575,0.16156238,0.150363842,0.164515558,0.465960735,,0.028646409,1.669770543,21.83037867,1.416317989,0.121094402,20.91687236
603017,2018,0.220588235,0.87745098,-0.180841814,1.175223385,0.917549745,-0.049370579,0.502112549,0.023126749,0.014018485,14.87824428,0.646699364,0.007001658,0.580029892,-2.128846535,0.343181773,-0.1367762,-0.1367762,-0.134944792,-0.147707657,0.068697348,0.083986316,,0.025815814,1.685924827,21.89681915,1.437329758,0.111303066,20.99751764
603017,2019,0.358173077,0.932692308,0.080973889,0.904195859,0.824639286,0.237535601,0.050658848,0.022220944,0.01341431,14.87402881,0.684718788,0.006525494,0.017613823,-1.777456091,0.37105894,-0.020953167,-0.020953167,0.003323958,-0.024099555,0.068545969,0.161189661,,0.011391339,1.79252669,21.96311796,1.283953569,0.122780683,21.14696269
603018,2016,-0.001615509,0.799676898,-0.275963579,0.902977686,0.630158059,-0.118841687,0.203967346,0.030236346,0.013534763,15.46704053,0.405044867,0.012560159,0.871486071,-1.085850503,0.472281927,0.680301914,0.680301914,0.719575989,0.882339041,0.332366778,0.4789382,,0.014306645,2.625835564,22.51383556,1.364016723,0.063041433,22.03445828
603018,2018,0.049019608,-0.544117647,-0.058518249,0.935481882,0.792002481,0.588801427,0.388381837,0.033075611,0.013057335,15.48154608,0.522780158,0.01120637,0.92294613,-1.321129496,0.612096191,0.052870619,0.052870619,0.016969033,0.01252583,0.193212415,0.214726078,,-0.002559868,2.636007626,22.80916423,1.394504087,0.047367467,22.33215762
603018,2019,-0.8125,0.045673077,-0.01051534,1.095750856,0.880241877,0.94872498,0.148112816,0.034330691,0.013144623,15.65706444,0.518156328,0.015216083,0.295202764,-2.314661909,0.764524668,0.068395077,0.068395077,0.078654207,0.068118518,0.137873194,0.116340034,,-0.008340758,2.556847927,22.93832513,1.408780085,0.041311624,22.44221312
603019,2016,0.31825525,0.786752827,0.609663278,1.3273543,-1.167538618,-3.613750651,-0.246822936,0.004960013,0.002187842,16.90578383,0.158595527,0.000657533,0.772604322,-0.079714127,0.12438417,0.576912793,0.576912793,0.572821817,0.59444874,0.276080264,0.39745324,,0.022346424,2.744467355,22.98950173,1.523172009,0.117031581,22.53636399
603019,2017,-0.898963731,0.748704663,0.057864108,0.974103697,-0.892051038,-2.821549998,0.280168889,0.014775008,0.005032991,17.22380028,0.12673383,0.001646085,0.127130264,-0.137267593,0.233553219,0.352789721,0.352789721,0.351557007,0.373048706,0.777891449,1.111938413,,0.024259737,4.082612831,23.56492982,1.452911785,0.084050518,23.28397019
603021,2016,-0.033925687,0.621970921,-0.398667601,0.841370472,0.63322469,-0.729783245,-0.153419038,0.007061142,0.003376679,14.67059177,0.595522446,0.000359618,-1.139021053,-2.922795135,0.663940888,0.183413449,0.183413449,0.312645142,0.362061255,0.000214417,0.017752583,,0.027741525,2.140391464,21.78752657,0.431859315,0.355231933,21.15790942
603021,2017,0.331606218,-0.515544041,-0.156162373,1.113375949,0.831414813,0.092170926,0.481735766,-0.001691877,-0.000803881,14.52288877,0.673372937,-0.005782826,1.906600066,-3.65896739,0.810602485,-0.065705733,-0.065705733,-0.061751716,-0.049866253,-0.004979372,-0.007405242,,0.032177094,2.134457065,21.78253476,0.513125442,0.481180755,21.15047663
603021,2018,-0.825980392,-0.375,0.282286312,0.897253218,0.879621711,-0.039680476,0.338029583,-0.005496993,-0.002523109,14.625663,0.588678343,0.001248854,-3.553711214,-0.993214596,0.842588349,0.062711036,0.062711036,0.057170151,0.008923103,0.189316844,0.435646298,,0.055495737,2.790019536,21.95591382,0.519992361,0.369845375,21.51209176
603025,2017,0.839378238,0.616580311,-0.221966915,0.955981581,0.370329218,-0.149063932,-0.118029223,0.047667854,0.043400674,16.18967324,0.171358559,0.007118501,-1.161707108,,-0.017609645,-0.16411494,-0.16411494,-0.056712951,-0.103867966,-0.013136646,-0.169893483,,,1.09733449,21.36024507,8.303633458,0.063980516,18.93775913
603025,2019,-0.329326923,-0.192307692,4.242434719,0.663468584,0.465003938,-1.388868853,-0.638768834,0.031166072,0.027283065,16.55862456,0.133626553,0.002256662,1.560570462,,-0.008960469,1.359735647,1.359735647,1.030166248,1.400041074,0.174290689,1.075223826,,,1.182671283,21.50407297,4.688318764,0.077306595,19.63623028
603029,2017,0.70984456,0.68134715,-0.100790688,1.121385231,1.748261609,0.563274303,-0.434668559,-0.002030764,-0.001542075,13.41955615,1.139733757,-0.003991074,1.091879281,-0.282494598,0.148909926,0.689615219,0.689615219,0.567040788,0.605827718,0.222886656,0.694030421,,0.007258142,1.519309719,20.85420401,2.01842537,0.175178884,19.7806931
603029,2018,0.982843137,0.308823529,0.03336532,0.888477008,1.068400382,0.23666123,-0.032153624,0.002006536,0.001293304,14.10183488,0.57278007,-0.003418631,-0.196481577,-2.766708395,0.092541845,0.057511585,0.057511585,0.101100183,0.144627373,0.114668768,0.334936357,,0.002113295,1.693050214,20.96276131,1.899279264,0.164207572,20.06957672
603029,2019,0.379807692,-0.269230769,-0.155994824,0.975427567,1.368719684,0.302214738,0.373324114,-0.008870297,-0.00536761,14.05254435,0.587418523,0.001441528,-0.322055901,-4.061465871,0.064186405,-0.029602007,-0.029602007,-0.093894355,-0.020545956,-0.108688373,-0.201545626,,-0.032512049,1.579039918,20.84770014,2.678379242,0.175568524,19.84449927
603032,2018,-0.512254902,0.806372549,-0.34361582,1.285461322,0.802490718,-0.421282699,0.850539345,0.003393463,0.00274903,14.64402446,0.306645172,-0.000208888,-1.760864517,,,-0.426674188,-0.426674188,-0.313081284,-0.340655986,-0.034474995,-0.206984943,,,1.187489809,20.51618726,12.20930713,0.221393359,18.6703148
603033,2018,-0.757352941,0.899509804,0.749486006,0.908256731,0.574813747,0.48309665,-0.140976941,0.019175723,0.013797627,14.81574029,1.214149339,0.003156099,1.647163446,0.048519998,,-0.129665698,-0.129665698,-0.111687381,-0.13374719,0.201639791,0.580321127,,0.0096071,1.593761429,22.25948124,1.869706776,0.088279981,21.27210667
603033,2019,0.889423077,0.990384615,0.148625245,0.596434984,0.310057548,-0.432867816,-0.05701456,0.014500159,0.008953464,15.56116017,0.522939989,0.010461509,1.001117084,-0.890351424,,1.155441978,1.155441978,1.393268932,1.71128497,0.202822845,0.457136327,,0.024772512,1.822564954,22.44415241,1.539797592,0.352675696,21.64857975
603050,2018,0.404411765,0.343137255,-0.005311427,1.098435318,1.166202831,-0.203064696,0.057161045,0.013094123,0.006771855,13.92777625,1.010276484,0.000185055,0.139471619,-0.749111835,,0.030021217,0.030021217,0.024583632,0.044793888,0.15597065,0.222044988,,-0.006896563,2.138628569,21.62131904,1.607551811,0.09404322,20.9909788
603050,2019,0.377403846,0.317307692,0.163055306,0.938626506,1.457855019,-0.321149166,-0.178408711,0.019619435,0.008991315,14.56114694,0.565189197,0.006596602,0.104513442,-0.74408261,,0.34787951,0.34787951,0.365273291,0.384527685,0.255235196,0.377843595,,0.005465555,2.40624795,21.848642,1.726586998,0.10340279,21.31149847
603056,2019,0.521634615,-0.408653846,-0.198726382,1.087383573,0.277573792,-0.003579903,-0.154834539,0.025915875,0.011132046,15.61935307,0.903162847,0.001078641,0.243727916,-0.924805995,,0.281556241,0.281556241,0.311534664,0.293277934,0.56104558,0.619786275,,0.06573479,2.378422916,23.41526711,0.783088376,0.235630784,22.86976952
603060,2017,-0.450777202,0.111398964,0.780895561,1.010368178,0.990936249,0.611398881,0.327135761,0.042633087,0.034686503,14.12931593,0.894545132,0.01092371,0.856042875,-1.326344255,,0.15406131,0.15406131,0.160093327,0.180198125,0.163895568,0.262608467,,,1.250397725,21.21286715,3.897795334,0.242528585,19.60470075
603060,2018,0.426470588,-0.588235294,0.302711117,0.923408901,0.430904298,0.388617005,0.112184411,0.017270708,0.013889961,15.29536423,0.375466545,-0.005406796,1.126239906,-1.120925653,,0.054529074,0.054529074,0.194305389,0.227438576,0.126554155,0.323345219,,-0.126561793,1.307592465,21.33203071,2.481133711,0.274624826,19.88486354
603060,2019,-0.661057692,0.016826923,0.18433721,0.685046144,0.229535015,-0.511962934,-0.677270934,0.034973746,0.025912618,16.0716754,0.166126297,-0.001819848,0.555933158,-0.356415094,,0.689053687,0.689053687,0.725302215,0.666239237,0.467608416,1.156034117,,0.054692644,1.528070879,21.71566485,1.528314487,0.306304294,20.65313401
603066,2016,0.899838449,-0.224555735,-0.344978585,1.105474315,2.774582215,1.333380359,-0.201196381,0.02462767,0.019442267,14.35240208,0.503979302,0.009094713,-0.229040573,-0.903524496,0.129799293,0.252595313,0.252595313,0.250114183,0.27893754,0.117029789,0.160188297,,,1.291129317,20.89144891,3.866060687,0.081791952,19.40194391
603066,2017,0.683937824,-0.492227979,-0.21553375,1.128569297,1.466086282,0.710364601,-0.166040736,0.02218257,0.0167972,14.34044268,0.572301186,0.006347789,-0.026264794,-2.729690252,0.056502011,0.122393276,0.122393276,0.103963458,0.129985873,0.106237223,0.197969503,,,1.323069885,20.99241328,3.589763249,0.068191041,19.58257195
603066,2018,0.62745098,0.193627451,0.241851255,1.153932743,1.24579559,0.916377016,-0.389375576,0.020088762,0.014864856,14.7059982,0.406317773,0.005900023,-0.588542906,-0.936253687,0.098477168,-0.174441993,-0.174441993,-0.192242818,-0.142059377,0.081996344,0.230521321,,0.001453689,1.384467714,21.07122108,3.09095337,0.05804318,19.79000987
603066,2019,0.622596154,-0.350961538,-0.148750667,1.087944921,1.343720905,0.511017244,0.152661686,0.020738184,0.014633622,14.77886824,0.396063887,0.006136931,0.227211546,-3.501577121,0.091007028,0.160416383,0.160416383,0.218214482,0.235245127,0.135243955,0.321158431,,-0.051321149,1.477494898,21.19806864,2.717288949,0.044665811,20.06851882
603069,2018,0.796568627,-0.301470588,1.036095813,1.008371096,0.994783912,-0.050123173,-0.01888935,-0.010219435,-0.005797847,14.90028583,0.399611594,-0.016192188,1.030589666,,0.104755063,-0.574542408,-0.574542408,-0.362005692,-0.375218766,-0.001949947,0.080047576,,,1.923114285,21.42995243,0.645070219,0.41300353,20.6960043
603077,2016,-0.34733441,0.602584814,-0.253779604,0.783655666,0.682038882,0.263132666,0.165766399,0.007407556,0.006248895,16.67869505,0.634118888,0.002854965,0.51819863,,0.057490858,0.437634499,0.437634499,0.480807345,0.521994084,0.004262284,-0.157081803,,0.047680849,1.151140198,23.29226226,2.467595834,0.357821357,21.26196192
603077,2017,0.541450777,-0.492227979,0.081960554,0.617164121,0.513994106,0.077990975,-0.025956697,0.013180624,0.011084049,16.56914823,0.723484116,0.006549561,-1.962924375,-1.185128765,0.099983269,0.049601271,0.049601271,0.034476524,0.042790677,0.053949395,0.475167697,,0.01246405,1.225144103,23.34480669,1.493637234,0.38299194,21.6507336
603077,2018,0.318627451,-0.431372549,-0.316031155,0.943850681,0.542102988,0.11590505,-0.000922607,0.00941956,0.007684529,16.39538122,0.864467488,-0.004623541,1.023733507,-1.078970833,0.214427442,-0.201835378,-0.201835378,-0.10659838,-0.151065461,0.060330553,0.266390349,,0.041197227,1.281201106,23.40338739,1.198686037,0.350783421,21.88690421
603088,2019,-0.860576923,-0.180288462,0.002366362,0.96865946,1.000665341,-0.020218112,0.038215165,0.026843231,0.016953066,14.39481914,0.309573743,0.011092636,0.065629675,-1.487184325,0.11445212,0.3848458,0.3848458,0.442000508,0.507222398,0.11658661,0.39107862,,0.219556686,1.861257504,20.65309119,1.649606608,0.151245447,19.88247711
603090,2018,-0.585784314,-0.134803922,0.044237862,0.997879145,0.912104832,0.319513807,-0.125743381,0.01618696,0.011159934,14.13479181,0.393851576,0.001747041,-0.346452953,-1.617421948,0.089016837,-0.188455188,-0.188455188,-0.192003564,-0.221683059,-0.04120584,-0.210664875,,-0.005389736,1.356841813,20.3641768,2.18020528,0.247796381,19.0285543
603090,2019,-0.776442308,-0.180288462,-0.133119727,1.034930203,1.486906774,0.045594785,0.379207007,0.009602011,0.006960332,14.18152263,0.363546695,0.002165726,-1.936292091,,0.063722634,0.562751703,0.562751703,0.659905234,0.882354911,0.075652923,0.257089177,,0.068093668,1.44374126,20.43710465,1.912217991,0.22817164,19.25735317
603098,2018,-0.553921569,0.683823529,-0.298057415,0.890588029,1.241412708,0.185702103,0.721134458,0.030865545,0.016863895,14.62870877,1.250448754,0.009843286,-1.244333084,-0.314565949,,-0.233154404,-0.233154404,-0.209634205,-0.205037717,0.281582601,0.525716657,,0.020753329,2.246353428,22.26409172,2.025122707,0.106546066,21.67500554
603098,2019,0.853365385,0.098557692,3.315684488,0.714633092,0.581510804,0.131154864,0.196663579,0.022801135,0.010009037,15.6573131,0.387257746,0.002188306,0.759832966,,,0.045847675,0.045847675,0.03984064,0.030089454,0.062257336,-0.130771815,,0.032009161,1.831541577,22.32448792,1.937385159,0.087612918,21.53485594
603100,2016,0.544426494,0.266558966,-0.272276391,1.152364249,1.387300672,-0.069732931,0.191457243,0.018383358,0.007732366,14.78287079,0.753659394,0.011938508,1.418514082,-2.87947865,0.961122074,0.128109971,0.128109971,0.143600523,0.12646698,0.055958631,0.051455119,,0.0269594,2.396598989,22.31324883,1.520804536,0.10602151,21.77323818
603100,2017,0.414507772,0.106217617,0.094846503,1.115832337,1.126863427,0.365637184,0.14709981,0.025977088,0.011010881,14.65325213,0.931008737,0.016175869,2.649660826,-3.246926869,0.897586422,0.127660717,0.127660717,0.113322943,0.128417971,0.02964638,-0.033830147,,0.027877944,2.206612444,22.34246426,1.474008824,0.111460152,21.73882255
603100,2018,-0.117647059,-0.544117647,-0.13264485,1.002394876,0.893097274,-0.187814126,0.090782112,0.014486877,0.006586211,14.98996275,0.732403842,-0.012471418,-1.376631197,,0.525142587,-0.032876201,-0.032876201,-0.037440143,-0.081231309,0.020440196,-0.018509311,,0.026954961,2.10946005,22.36269835,1.597161587,0.117280014,21.7201398
603100,2019,-0.807692308,0.709134615,1.224800828,1.110416648,0.93531948,0.720610786,-0.174842762,0.044749521,0.021331673,15.41091012,0.535125977,0.021825511,1.206948826,-2.82812633,0.236574767,0.400791074,0.400791074,0.342026084,0.392032992,0.171043019,0.144979861,,-0.013241692,2.058627302,22.52059318,1.690108308,0.100564042,21.85552684
603101,2017,0.067357513,-0.492227979,-0.191038976,0.999018365,0.812182374,0.025353588,0.171817803,0.014666949,0.006473203,13.94112984,1.274704229,0.00374092,-1.398472074,-0.207433455,0.981698418,0.283190798,0.285274504,0.338306282,0.266981853,0.390143317,0.752251784,,0.035976564,2.804824287,22.06649687,0.413183578,0.389728256,21.62561922
603106,2018,1.0,0.338235294,-0.294586054,1.359454561,1.282794904,-0.049550908,-0.308198967,-0.006644015,-0.004755722,14.19527614,1.114004168,0.00924578,-2.204480878,-1.013570828,,0.448463923,0.448463923,0.35325959,0.481045854,0.064353657,0.267191301,,,1.483938016,21.59935066,4.829962886,0.100488991,20.47885283
603116,2016,0.263327948,-0.576736672,-0.287378178,0.879580392,1.21753328,0.338130796,0.114888006,0.026083682,0.020109983,14.92933762,1.127143233,0.017017721,3.116930718,-2.314930171,0.101903519,0.021316495,0.021316495,0.029901031,0.032017768,0.090841847,0.190775931,,,1.324420631,22.2478548,3.031105025,0.120062445,20.84116533
603126,2018,-0.262254902,0.838235294,-0.291756114,1.129401206,1.451146134,0.473988937,0.234426994,0.008817172,0.004924466,14.84966735,0.69668281,-0.007105481,0.569761739,-1.376595028,0.369047162,0.113183972,0.113183972,0.143864741,0.214412689,0.173072795,0.351906943,,-0.146557935,2.115693275,22.15018518,1.521226629,0.171748737,21.51027861
603126,2019,0.245192308,0.935096154,1.260326539,1.016820884,1.724036533,0.355530875,-0.395196015,0.017905367,0.008543869,15.20590921,0.529322573,0.006523128,0.651468273,-2.330890011,0.181440534,0.298198605,0.298198605,0.231054651,0.218130168,0.029528105,-0.035070048,,-0.010817175,1.977274894,22.17928572,1.637005589,0.148695334,21.47457884
603128,2016,0.951534733,0.873990307,-0.321876366,1.074583628,1.281136592,0.276575128,-0.003961422,0.020123194,0.014515422,15.83262367,0.500512516,0.014313176,1.016023768,-2.129927196,0.004024003,0.07460549,0.07460549,0.069659683,0.071641417,0.078978531,0.086408399,,-0.00630047,1.402729647,22.4230241,2.475469462,0.117884336,21.17511422
603128,2017,0.67357513,0.862694301,0.588917276,1.066080062,0.575712324,-0.135149539,0.033587406,0.020835141,0.015000716,15.69035387,0.624816745,0.007731849,0.220007713,,-0.00064014,0.04322872,0.04322872,0.045728068,0.042422192,-0.009304176,-0.147052806,,0.008147962,1.328346925,22.41367637,2.933004535,0.112995159,21.01605658
603128,2018,-0.193627451,0.544117647,-0.384462344,1.240102858,1.090561709,0.289129847,0.089420013,0.019709209,0.014741583,15.68227174,0.645813539,0.010917676,1.058363397,-0.031334137,0.118133399,0.443697123,0.443697123,0.440232797,0.449546883,0.308624329,1.016977225,,0.010160787,1.615468742,22.68265282,1.911377793,0.081334903,21.71765655
603128,2019,0.903846154,0.728365385,2.127345041,1.658647375,0.98501451,0.53019273,-0.39930159,0.037025027,0.023306317,16.38257259,0.366781018,0.01062069,0.43841766,-1.778177592,0.062926847,0.512807963,0.512807963,0.493215367,0.520679918,0.223349702,0.278145314,,0.022544008,1.661266094,22.88424558,1.961263576,0.072166576,21.9630666
603129,2018,0.980392157,0.480392157,2.249465873,1.255387249,0.301230473,0.7642772,-0.707919255,0.046388574,0.02168033,14.69600083,0.44758849,0.012446536,0.412703967,-0.819839085,,0.089843553,0.089843553,0.035026412,0.06181234,0.312237612,0.387648061,,,2.304043711,21.75337182,1.370070999,0.092834327,21.18417609
603129,2019,0.956730769,0.269230769,0.804192085,0.74646836,-0.839826419,-0.88705429,-0.547226741,0.087138973,0.035909206,16.66602468,0.082047624,0.00553398,0.588755887,0.0476225,,1.023887077,1.023887077,1.139849012,1.343503534,0.764770276,1.092607557,,0.317978826,3.040635042,22.32139235,1.180030167,0.073849814,21.92258701
603131,2018,-0.948529412,0.924019608,0.157846812,1.143946235,1.317175582,-0.069969112,-0.560942488,0.010171529,0.008086566,14.47029647,0.784180332,0.00103733,1.23832237,-0.59697136,0.012189931,-0.030453612,-0.030453612,-0.048004334,-0.048369675,0.146422818,0.546134147,,-0.047962138,1.394362197,21.2526764,2.562694468,0.129936701,19.98975378
603131,2019,-0.911057692,0.788461538,0.025305824,1.275339405,1.310317643,-0.402565032,-0.630807524,0.015351441,0.010182298,15.63358014,0.208691609,0.002506289,0.569512354,0.32827673,0.086149106,0.600691617,0.600691617,0.618302168,0.703323183,0.406525526,1.232128212,,0.021339519,1.814353961,21.59379889,2.796901306,0.147642285,20.79270927
603166,2018,-0.470588235,-0.416666667,0.012024937,0.958141241,0.532525577,-0.38906884,0.648481999,0.010707513,0.00705237,15.05089472,0.62027115,0.0078506,0.656929409,,0.188152942,0.06313473,0.06313473,0.040015829,0.042899468,-9.47e-05,-0.0484496,,0.026053965,1.545382072,21.92528708,1.380996181,0.454995227,20.88374722
603167,2017,0.344559585,-0.336787565,0.070306989,0.849559409,0.699080556,0.351119448,0.222563214,0.033712169,0.025054967,15.30944121,0.791291863,0.041746887,0.770917868,-1.072768435,0.127696191,0.038854705,0.038854705,0.091380148,0.077219742,0.081831994,0.365935207,,0.0139991,1.415213521,22.29109056,1.523824313,0.632204101,21.06484776
603167,2018,0.644607843,-0.431372549,-0.217843101,0.892085569,0.692917508,0.334994276,0.355158177,0.016007631,0.011503059,15.22116756,0.859505346,-0.013853058,-0.040214734,-1.008115805,0.343613974,-0.386791354,-0.386791354,-0.152865253,-0.210520132,0.061619708,0.1828675,,0.03792104,1.485666215,22.35088633,0.942242224,0.662177319,21.23278934
603167,2019,0.586538462,-0.545673077,0.116474,1.192935359,0.810962448,0.127941143,0.172261714,0.017460451,0.01190566,15.28867536,0.825964733,0.010273644,-0.185756872,,0.277848938,0.378349616,0.378349616,0.03951681,0.127503185,0.007088102,-0.128069296,,-0.013444011,1.394756824,22.35794943,0.587055431,0.698363547,21.09574401
603168,2017,-0.720207254,-0.629533679,-0.188503293,1.046755624,1.560261143,-0.141759058,0.356733086,0.013927613,0.012896674,14.62310415,0.733247792,0.009005108,-2.307782239,,-0.032303713,-0.194475568,-0.194475568,-0.097315024,0.060446997,-0.074428614,0.18484649,,,1.085570481,21.21541051,7.627849384,0.294936487,18.67488997
603168,2018,0.649509804,-0.742647059,0.048906903,1.049789237,0.754722402,-0.368317964,-0.129442452,0.006292233,0.005779425,14.72160547,0.611528001,0.000167429,1.299916761,,-0.078825444,-0.479274623,-0.479274623,-0.26157409,-0.163598858,-0.053967353,-0.405842437,,,1.052084951,21.15993231,12.61610356,0.374369518,18.15427923
603168,2019,0.990384615,-0.653846154,0.19272805,0.989411475,0.88628079,-0.305938591,0.162046504,-0.004452657,-0.00424021,14.76405333,0.562629754,0.003477307,-2.172966368,1.375583982,0.040754374,1.302388357,1.302388357,0.556291763,0.736666734,-0.045745537,0.87530323,,,1.107775627,21.1131074,4.397721059,0.247104734,18.7830496
603169,2016,0.57996769,0.893376414,-0.594264568,1.235091747,1.114130361,0.085591268,0.11950042,-0.001149688,-0.000181788,15.75458132,0.458549957,-0.0094161,0.015128527,-0.316579594,1.335003467,0.032697214,0.032697214,0.0745855,0.050725244,0.325847914,0.420482092,,0.020742439,3.544359,23.20831175,1.078364152,0.226572815,22.87683318
603169,2017,0.961139896,0.404145078,0.428721227,1.172382473,1.349597255,-0.254382165,-0.077638471,-0.014671705,-0.004132994,15.50154,0.572330371,0.003208925,-2.83600108,-1.904094413,1.006124162,0.185735878,0.185735878,0.123419736,0.114854599,-0.070010843,0.065597187,,0.031915174,5.635002817,23.1357294,0.928393144,0.22926878,22.94036856
603169,2018,-0.06372549,0.536764706,-0.433289935,1.163401479,1.64770623,-0.086035149,0.076790678,0.003695152,0.000616568,15.5349197,0.362117215,-0.010370279,1.80161922,,1.593174412,-0.280158974,-0.280158974,-0.205054551,-0.238487689,-0.02347906,-0.023651454,,0.042341567,5.630395712,23.11197032,0.9415605,0.224240666,22.91643292
603169,2019,0.764423077,0.605769231,0.041172267,0.960315845,0.864832822,0.548049037,0.235521708,0.002046686,0.00034025,15.3672457,0.404983029,0.005741398,-2.518946068,,1.472852248,0.453051534,0.453051534,0.30196586,0.392124879,0.011489303,0.028256543,,0.032147574,6.098498609,23.12339412,0.961455543,0.202623226,22.94429761
603200,2018,0.56127451,0.12745098,0.529138685,0.977816928,1.403090212,1.090926796,-0.961931235,0.020657603,0.016373164,13.97641329,0.793590667,0.005810414,-2.124010301,-1.102046064,,-0.038827949,-0.038827949,-0.055034708,-0.029194808,0.156421248,0.599916313,,-0.02263627,1.366316511,20.87026906,3.077557714,0.03006156,19.55389308
603200,2019,0.411057692,-0.620192308,-0.472094194,1.049782464,1.244853929,-0.135456267,-0.371464524,0.015718763,0.011794064,14.78985101,0.327847675,0.007009838,-0.307700663,-1.172431337,,-0.057475368,-0.057475368,0.055099572,-0.031696822,0.007459321,0.0472156,,0.001051505,1.386357069,20.8777007,2.674768066,0.030203368,19.60002791
603203,2018,-0.875,-0.198529412,0.298250464,1.04550503,0.059633833,-0.552686432,0.040567904,0.046442702,0.038753026,14.81042432,0.414112836,0.007715601,0.53252169,-5.469547514,,0.015724485,0.015724485,0.004153059,0.035900593,0.098413034,-0.20561272,,,1.177498807,20.92668151,6.297160118,0.10940252,19.03449759
603227,2016,-0.82552504,0.815831987,-0.430775216,1.097126151,1.195241835,-0.271826518,0.072532338,0.018074313,0.00951114,14.74472392,0.553568492,-0.007325262,0.63148345,,0.129696989,0.744894383,0.744894383,0.751660429,0.95825243,0.002257097,-0.014260097,,0.028472191,1.83748307,21.65642797,1.547613035,0.341594052,20.870677
603227,2018,0.897058824,-0.779411765,-0.035790005,1.087340391,1.012948675,0.345753789,0.228556827,0.028356669,0.01341861,14.8023286,0.575613477,-0.015599531,0.026242499,-2.409763186,0.4119212,-0.258720516,-0.258720516,-0.271633963,-0.296689102,-0.020961499,-0.071301139,,0.021224208,2.039318528,21.86651485,1.247449865,0.31939034,21.19246439
603227,2019,0.026442308,-0.560096154,0.382120372,0.834004447,1.499653811,0.009425122,-0.469300369,0.03659581,0.016952278,14.89897065,0.563437335,0.006026012,0.218681834,-1.566334656,0.44681658,0.692418534,0.692418534,0.6473055,0.736489663,0.335039973,0.422786739,,0.016179104,2.188838512,22.15547609,1.228813885,0.262087674,21.54508183
603233,2018,0.036764706,-0.620098039,1.149237163,0.55193726,-0.300682099,0.149345782,-0.315329816,0.05937048,0.027211779,15.59462221,0.651873953,0.026479424,0.886008301,-1.638421798,,0.321359336,0.321359336,0.295570299,0.363987994,0.173273066,-0.024013773,,-0.009004237,1.867252578,22.92398924,1.362818972,0.110638066,22.15709607
603238,2019,-0.209134615,0.415865385,-0.449744725,0.79895274,0.654402915,-0.11110961,-0.489088819,0.087943362,0.053140688,15.11551411,0.361592457,0.022369597,1.447294691,-1.383820129,,-0.092280734,-0.092280734,0.030946233,0.069906423,0.221097454,0.205160944,,0.047484256,1.644812154,21.56198962,1.029500729,0.371427365,20.6255672
603266,2018,-0.034313725,-0.446078431,-0.025031495,1.190770671,0.935912901,-0.872835113,0.501889208,0.021255372,0.016935186,13.92079706,0.97718939,0.006636627,0.387030734,,,-0.054083553,-0.054083553,-0.086066258,-0.076883839,0.102300464,0.095486973,,,1.256234402,20.89520871,3.730217685,0.180851857,19.30542741
603266,2019,-0.524038462,-0.497596154,0.041939986,1.027312198,1.198370443,-0.38164743,0.207289773,0.028155229,0.022418812,14.62792287,0.439063163,0.012023544,1.735023397,-0.114126258,,0.409695376,0.409695376,0.398695642,0.486780778,0.259574546,0.770631226,,,1.401990862,21.12598271,2.828708422,0.15106788,19.87676352
603268,2018,0.529411765,-0.352941176,0.04317045,0.82735395,0.764838552,0.411800857,-0.36473356,0.018485528,0.010660901,14.47441867,0.36613887,0.000700855,0.005191862,,0.178094609,-0.361910884,-0.361910884,-0.340403934,-0.378535971,-0.018572129,-0.090007039,,0.030324136,1.64845245,20.8893063,1.168161963,0.214883262,19.95630276
603278,2019,-0.651442308,-0.319711538,0.100410869,0.552462152,0.939675361,-0.016498757,0.136558849,0.022941679,0.008896529,14.39920313,1.053609055,0.021907362,0.250605815,-0.425157589,,0.670483808,0.670483808,0.593445945,0.633709513,0.542271199,0.875220958,,0.017718448,3.311636115,22.53944877,1.03315845,0.232642553,22.17996196
603289,2018,0.840686275,-0.504901961,0.126264659,0.762756479,0.91517668,-0.191067354,-0.131544633,0.025714003,0.018840619,14.04155345,0.810673823,0.010332946,-0.716160109,-1.991558871,,-0.179546664,-0.179546664,-0.137633976,-0.154429199,0.023653636,-0.014988687,,,1.353300385,21.03540225,2.989692916,0.157360758,19.69241927
603299,2018,-0.443627451,0.12745098,-0.099751168,0.969113652,1.052318723,0.494786595,-0.08557092,0.013845872,0.0081269,15.1382184,1.090059982,0.02213563,-0.088825578,-1.923418468,0.585499637,-0.104903212,-0.104903212,-0.079761431,-0.086008673,0.13076766,0.260213235,,0.018863132,1.820821887,22.75322964,1.191170309,0.397668373,21.95649252
603299,2019,-0.579326923,-0.586538462,0.233087826,1.096932039,1.234759417,0.667863849,-0.175686293,0.009447604,0.005264611,15.23289052,1.02286694,0.013264455,-0.790554395,,0.528628064,0.172154881,0.172154881,0.195681252,0.344143912,0.007091773,-0.023582377,,0.017633318,1.776410359,22.76029639,1.267675908,0.372497136,21.93262763
603300,2018,0.647058824,-0.671568627,0.024744213,1.027285091,1.215848354,0.028231877,0.025772855,0.023309084,0.015863418,15.24339372,0.907579962,0.00894916,1.130186545,-0.374819102,0.775811878,0.263560251,0.263560251,1.071504152,1.372924973,-0.043902736,0.927088259,,0.067149747,2.577761625,22.48488724,0.51025279,0.580418633,21.99397296
603300,2019,0.567307692,-0.735576923,0.882811076,0.639129632,0.325684319,0.467133843,0.217943673,0.029913837,0.013045887,15.5209058,0.595931685,0.009115123,2.628022964,-1.787112918,0.354882687,0.763730449,0.763730449,0.623157175,0.957865162,0.451627427,0.326558355,,0.066291535,2.269283166,22.85757253,0.783622314,0.320239007,22.27656084
603301,2019,0.471153846,-0.572115385,-0.161417403,0.973295783,-0.274726157,-0.598457476,-0.04288515,0.383866856,0.18993501,15.81030614,0.498228144,0.031097938,0.990680423,-1.411312545,,-0.23763695,-0.23763695,-0.028603472,-0.090464559,-0.0313076,-0.47545951,,0.013116021,1.522245192,22.5938888,2.122810333,0.201589282,21.52408437
603306,2018,0.737745098,-0.264705882,0.068141544,0.841322944,0.751444552,0.023759885,0.132961772,0.022002763,0.019920515,15.24637735,0.562366451,0.007319589,1.127004855,,-0.11475391,-0.195623885,-0.195623885,-0.196894905,-0.191367626,0.034710028,0.027070296,,,1.08712395,21.66006342,13.03184631,0.262989104,19.13610432
603308,2019,0.574519231,-0.331730769,0.401844404,1.091268072,0.199507679,-1.418467935,-0.326160932,0.01122245,0.005753418,16.38408968,0.327699346,0.003565864,3.048752444,-1.879797264,0.243833527,0.114152991,0.114152991,0.104058893,0.103439221,0.079729366,0.130384758,,0.019667372,2.078099091,22.9208561,0.96002843,0.317051753,22.26460191
603311,2017,0.639896373,-0.20984456,-0.086770595,0.851569994,0.846358004,0.133037756,-0.01866561,0.024571319,0.019174694,14.62622169,0.335389616,0.009625263,0.078316556,-1.402573701,0.035847476,0.17621721,0.17621721,0.199224373,0.195164847,0.220990334,0.692490807,,0.005973332,1.489736558,20.87766457,1.999379368,0.156736119,19.76517761
603311,2018,0.517156863,-0.171568627,0.134021329,0.700664447,1.186873063,0.617489011,-0.867136647,0.026048672,0.018525784,14.65263816,0.351347973,0.011174026,0.867653754,-0.22216154,0.000221626,-0.01841877,-0.01841877,-0.02292508,-0.021538845,0.012972509,-0.119580955,,0.012068156,1.400016586,20.89055366,2.28689459,0.231855821,19.63782031
603311,2019,0.581730769,-0.269230769,0.014157943,0.940911325,0.96742651,0.273559666,0.331606535,0.029194281,0.0203532,14.77734709,0.329200386,0.012757301,0.532222531,,0.017914152,0.137752809,0.137752809,0.152503869,0.107109363,0.060596592,0.170973101,,0.036326982,1.46083069,20.94938523,2.061846291,0.268022566,19.79565542
603318,2016,-0.990306947,0.2180937,0.115920583,0.839867651,0.409830951,-0.096883443,0.369505444,0.044907957,0.017123516,14.33368415,0.329836599,0.002007152,-0.897253304,,0.082881506,0.185032194,0.185032194,0.212169895,0.373740592,0.489760213,0.143506011,,0.049122846,1.94322575,21.43262031,1.417297618,0.09813268,20.70982133
603318,2017,0.821243523,-0.603626943,0.724721558,0.530995156,0.098865537,-0.023139747,0.007447549,-0.015275321,-0.007524111,15.57909946,0.183969277,-0.002882346,-0.468669834,-0.745555365,0.102004666,-0.496004641,-0.496004641,-0.280270581,-0.348430024,-0.101845357,-0.142203039,,0.048084362,1.864214903,21.3252073,1.175230541,0.141489589,20.55643348
603318,2018,0.764705882,0.149509804,-0.66200244,1.046590908,0.810547039,-0.608911516,0.909401609,-0.01912266,-0.009901287,15.42036761,0.2176145,-0.003152846,-2.449189645,,0.214471552,1.082333857,1.082333857,0.826577983,1.207136476,-0.045535117,-0.408165072,,0.125220884,1.403415632,21.27860287,1.854085983,0.406529621,20.03190596
603319,2017,0.10880829,-0.233160622,-0.105907762,0.898768398,0.647512518,-0.375487211,0.146517912,0.032999507,0.018681869,14.05370468,0.577134481,0.025831312,-1.771654084,-0.71654291,,0.032219253,0.032219253,0.018163437,0.031704563,0.201669951,0.388233559,,0.02181529,2.037072961,21.15253016,1.279021588,0.297451335,20.47741849
603329,2019,0.923076923,1.0,-0.242389732,1.003676206,1.086239492,-0.001285774,-0.078251929,0.035191439,0.021445458,14.04705127,0.674027058,0.014873807,1.777724866,-0.248187746,,0.335235471,0.335235471,0.27406125,0.275986539,0.456033693,0.347611916,,0.006648793,1.548966288,21.2660175,2.397644332,0.113277344,20.22871146
603333,2016,0.030694669,0.583198708,-0.16701359,0.989477778,0.527608512,-0.199164815,0.540360904,0.003970992,0.003302765,15.02459764,0.425187696,-0.002379713,1.538131641,-0.237876733,0.085024346,0.564816268,0.564816268,0.526156972,0.556398201,0.202758898,1.233229247,,0.024125037,1.452656848,21.43776471,2.263097067,0.251823417,20.27174957
603333,2017,-0.85492228,0.704663212,0.571675931,0.696810751,0.502010145,0.201743828,0.153207339,0.015733277,0.011168248,15.02306667,0.439916097,0.003919722,0.580588434,0.130778525,0.159255635,0.360380562,0.360380562,0.324841364,0.296755166,0.252517181,0.708759636,,0.033898102,1.739469194,21.66291998,1.759714567,0.197856526,20.80751732
603333,2018,0.151960784,0.884803922,-0.32800576,0.682321743,0.850595052,0.140134773,0.102713331,0.013940192,0.00820008,15.28455585,0.346030064,-0.004541186,0.117017566,-0.696660478,0.316101556,0.020638847,0.020638847,0.0443416,0.047884549,0.201714371,0.433774247,,0.028389947,2.029238187,21.84666916,1.567998954,0.167973372,21.16782762
603333,2019,0.370192308,0.896634615,-0.159523495,0.744794318,0.98417657,0.773732848,0.10997036,0.011938547,0.0058955,14.98809425,0.477150503,0.000586633,-1.139950065,-3.057044892,0.3844354,0.084029437,0.084029437,0.110281648,0.114450975,-0.002205439,0.009417703,,0.018464221,2.053862819,21.84446129,1.520466564,0.182903341,21.17720125
603335,2018,-0.397058824,-0.416666667,-0.113779424,0.840922779,1.192831644,-0.350256205,0.079216427,0.017043081,0.012438544,13.83589184,0.618794829,0.013589897,0.327342419,-5.267154856,,0.029571362,0.029571362,-0.007113145,0.01789973,-0.074699069,-0.407456809,,0.012532183,1.22149185,20.48381571,4.008919985,0.108100108,18.77637328
603335,2019,0.942307692,0.538461538,-0.105268577,0.7454357,1.095419745,0.142674755,0.229472186,0.032374926,0.025088179,14.50438836,0.329958452,0.011997873,0.514897323,-4.075321131,,0.302309402,0.302309402,0.265776545,0.308429168,0.300129069,1.409896426,,0.03817156,1.506269508,20.74627925,2.802329411,0.127152851,19.65595705
603338,2016,-0.689822294,-0.198707593,-0.023821863,1.310697269,-0.064364548,-0.861636452,0.179352314,0.061970261,0.046358016,15.36162911,0.331212631,0.006641671,0.76844081,-0.182302926,-0.00536335,0.42124503,0.42124503,0.489690799,0.554097842,1.000297272,1.19875244,,-0.072950958,1.349232734,21.87288173,3.339620108,0.068488575,20.52132893
603338,2017,-0.077720207,0.839378238,0.755723472,0.963800324,0.447007693,0.488934398,0.161371002,0.061896356,0.046684853,16.53038228,0.168743743,0.004963367,0.503459808,-0.138785722,0.000895049,0.080540263,0.080540263,0.012610869,0.026057567,0.321605456,0.713178246,,-0.070593253,1.504954369,22.15172899,2.430082426,0.054245329,21.0596792
603338,2018,0.375,-0.375,0.787102376,0.90083739,-0.146550949,0.22544625,-0.381780065,0.055468736,0.037615998,16.99780653,0.125147643,0.003312697,2.69716455,-1.115308884,0.01344957,0.768670251,0.768670251,0.81753509,0.877984271,0.275510001,0.304138398,,-0.155748267,1.522206345,22.39507509,2.382451616,0.048601494,21.32522179
603339,2017,0.997409326,0.279792746,-0.22951423,1.093186564,1.434758374,0.249592519,0.126293374,0.032497242,0.02641713,13.97995363,1.461766913,0.010753703,-0.812271664,-0.286376433,-0.057240071,0.187046652,0.187046652,0.282409189,0.291810851,0.193934798,0.554181312,,-0.028695269,1.36945839,21.56266054,2.611241092,0.170647277,20.25252806
603339,2018,-0.139705882,-0.24754902,-0.128816883,0.883948059,0.948912224,0.318635843,-0.169573781,0.015540814,0.011347301,14.86269109,0.606888674,0.007439391,-0.109734545,-2.143593335,-0.034912869,-0.112684932,-0.112684932,-0.115067595,-0.102352175,0.027806301,-0.016638128,,-0.071764217,1.347923784,21.59008726,2.514735177,0.204290408,20.23574996
603355,2016,-0.592891761,-0.331179321,-0.493964303,0.98094968,0.398902065,-0.06301504,0.145595987,0.021748093,0.012706347,15.08092062,1.028372109,0.006032997,-1.820329403,,0.006400027,0.093193894,0.093193894,0.122268975,0.171980035,-0.177464883,-0.486057879,,,1.405787571,22.27854536,2.61019004,0.169951271,21.03602218
603356,2019,-0.014423077,-0.319711538,-0.349240907,0.574349896,0.619685225,-0.145485476,0.166794246,0.031006504,0.017489044,14.04482735,0.674392064,-0.007936861,-0.180591405,-0.401819458,,0.341989776,0.341989776,0.45462687,0.523191893,0.281803897,0.559628848,,0.023271272,2.291351771,21.39462179,1.951205618,0.171173666,20.8211694
603357,2018,0.284313725,-0.620098039,-0.221990943,1.063089566,1.006749875,0.58562269,0.250141131,0.036222022,0.025463205,14.66646226,0.996632032,0.04366491,-1.835372649,-2.60834315,,0.06351957,0.06351957,0.191580317,0.222495064,0.13900326,0.240022091,,,1.499883931,22.02468851,2.617739379,0.037941028,20.92592144
603377,2017,-0.492227979,-0.380829016,0.099910207,0.868393175,-0.338560954,0.12681429,0.393943922,0.033466442,0.019518808,15.22945259,0.661577911,0.003210653,0.166688437,-0.906288239,0.149863214,-0.005294393,-0.005294393,0.039253321,-0.001098414,0.114022234,0.347596588,,0.026455152,1.994206451,22.12056637,0.814396575,0.157048093,21.42450977
603377,2018,0.514705882,0.18872549,0.080139717,0.664320969,-0.184922546,-0.016393915,-0.563598771,0.024658679,0.012264485,16.14322234,0.204393682,-0.00488625,0.589421322,-4.058816772,0.176602334,-0.539224712,-0.539224712,-0.258820235,-0.319378465,0.098582058,0.18854918,,0.023559119,2.170965131,22.21458668,0.865005815,0.204575518,21.59724316
603385,2018,-0.142156863,0.791666667,0.53723681,1.045055233,1.105596883,0.576390837,-0.146087675,0.021186905,0.015401088,14.89992319,1.207830868,0.005263481,2.308994044,-1.953200761,,-0.111642183,-0.111642183,-0.098814032,-0.121531404,0.126557222,0.272478955,,-0.002912632,1.461043239,22.37812446,2.167872345,0.247572144,21.22471028
603385,2019,0.069711538,0.329326923,-0.282806173,1.187360024,0.833372017,0.200156704,0.108764351,0.022575266,0.015865191,15.29187686,0.858618945,0.011725823,-0.46555298,-0.458279819,,0.323833823,0.323833823,0.389566654,0.411313162,0.177751636,0.367597087,,0.005263799,1.578340782,22.54173169,2.232586385,0.257590572,21.53776553
603393,2017,-0.007772021,0.170984456,-0.021939742,0.848128364,0.653172228,0.11057604,-0.364341516,0.020401456,0.013777268,15.02162472,1.262829043,0.052520835,1.710112437,2.04077998,-0.013159252,1.285242675,1.285242675,0.928607318,0.684201933,1.150589537,0.50255872,,0.031933774,1.519483001,22.79589068,4.794595827,0.080339584,21.72259935
603393,2018,0.269607843,-0.490196078,1.210902384,0.950586996,0.332320371,-0.039847401,0.367869233,0.035118767,0.0232197,15.70176715,0.909966757,0.01380033,-0.351666861,-3.162081673,-0.020080869,-0.215322547,-0.215322547,-0.159546908,-0.114979736,0.072105196,0.074435479,,0.029317267,1.521200629,22.86551487,2.924492597,0.072066875,21.79439473
603393,2019,-0.853365385,-0.480769231,-0.399082607,0.80107473,0.969266021,0.020222044,-0.122949695,0.047332427,0.030782255,15.85319164,0.793372122,0.107554586,-0.782593908,-3.999246017,-0.016137545,0.183347195,0.183347195,-0.008239301,0.105135365,0.12555177,0.037622598,,-0.016334706,1.461685631,22.98378825,3.196045428,0.026712575,21.83132687
603396,2018,-0.81372549,0.149509804,0.231517783,1.252895434,1.31165568,-0.20846825,-0.153829517,0.016198281,0.008294732,13.7151989,1.04769111,0.013130105,-1.708481358,,,0.117043953,0.117043953,0.129241003,0.199566461,0.111929903,0.167970936,,-0.014093731,1.980125637,21.38627888,1.777601167,0.086465846,20.68304407
603396,2019,-0.15625,0.038461538,1.077489503,0.847591678,0.964878752,-1.526790573,-1.504562855,0.026043038,0.013131374,14.94743717,0.36131008,0.00477823,1.514662902,-0.946087604,,0.55497314,0.55497314,0.6013771,0.609931235,0.458443782,0.460001213,,0.024286834,1.982200304,21.76364884,1.814557753,0.069901604,21.06148133
603458,2018,0.176470588,0.757352941,-0.08218872,1.03542883,1.004463892,0.612439761,0.196024715,0.037417229,0.020027897,14.67714402,1.044465986,0.025379649,0.83402242,-0.324687579,,0.084365597,0.084365597,0.11000943,0.096607802,0.43462984,0.782400964,,0.034836896,2.271496811,22.52223936,1.681119914,0.06837673,21.94199515
603458,2019,0.675480769,0.766826923,0.030767669,1.012836147,0.745857592,0.817627874,0.162167328,0.039455247,0.017782001,15.07917407,0.810697426,0.020212186,0.531818831,-1.60320801,,0.543658423,0.543658423,0.628005972,0.781006363,0.248649918,0.316043893,,0.028292617,2.438869343,22.74430226,1.388130512,0.055823439,22.21662534
603500,2019,0.653846154,0.918269231,-0.140411779,0.822624609,1.511959252,0.036100255,0.054817613,0.021098514,0.019764572,14.45783954,0.490534284,0.008720103,-0.423583642,1.336381906,,1.546211869,1.546211869,1.497219398,2.113086176,0.13213237,3.169775119,,-0.786435075,1.191107041,20.74511511,4.138750004,0.272468907,18.91531036
603515,2017,0.577720207,-0.712435233,-0.096747311,1.299755773,0.292868403,0.275624598,-0.013674912,0.047369432,0.027976406,15.17753319,1.043774859,0.020875932,0.423482149,,0.502432042,0.071041426,0.071041426,0.065064847,0.094386729,0.092500447,-0.062584468,,0.018491404,1.579604517,22.69782993,2.055384903,0.14588933,21.69524614
603515,2019,0.838942308,-0.637019231,-0.059012188,0.769298101,-0.462371984,-0.209865423,-0.028383619,0.04209736,0.027087101,16.91491466,0.22743552,0.006977726,0.020656399,-1.669934404,0.082770464,0.316839567,0.316839567,0.262947925,0.295401352,0.118414651,0.086836504,,0.024248883,1.613901857,22.8820176,2.039350496,0.102444232,21.91544263
603517,2018,0.81127451,-0.318627451,0.791940942,0.884799867,-0.152839845,0.184535106,0.043677477,0.050250386,0.03379254,16.57444851,0.268768931,0.001446546,1.43179448,,,-0.030757398,-0.030757398,-0.015009667,-0.032086175,0.111046073,-0.379155326,,-0.057897793,1.246147308,22.45128762,2.351516916,0.215584025,20.82940587
603535,2018,0.705882353,0.259803922,0.032299972,1.044030348,0.651534246,0.073382059,0.206708529,0.02362044,0.017521885,13.95967598,1.375950156,0.026808489,-1.533827846,-2.774826986,,-0.070270082,-0.070270082,-0.101440996,-0.102548007,0.066930255,0.02727707,,-0.008897529,1.345982769,21.53275073,2.184725485,0.143089532,20.17425999
603535,2019,-0.536057692,-0.350961538,0.76303042,1.029113101,0.854179219,0.117432618,0.639680257,0.027174748,0.020190574,15.4666954,0.356112547,0.007423253,0.713196383,-2.03032295,,0.197181067,0.197181067,0.141074,0.128911768,0.109342813,0.142088459,,0.027381179,1.359870775,21.63651851,1.869382083,0.124549753,20.30711856
603556,2017,0.626943005,0.909326425,-0.228475021,0.979970281,1.353965387,0.15009479,0.239573724,0.020569795,0.015608709,14.67103176,2.079704318,0.032819876,-1.824798466,,,0.166924873,0.166924873,0.07202875,0.149096729,0.05645773,0.170016446,,-0.089302297,1.36677566,22.6227329,3.30468469,0.067459863,21.30727357
603556,2018,0.485294118,0.299019608,0.07223746,1.063907335,0.546165207,-0.321354279,0.162945019,0.02012168,0.015246572,15.47704151,1.089179966,0.008284325,0.971061541,,,-0.071684567,-0.071684567,-0.015156834,-0.111181669,0.02771175,-0.04147075,,-0.046558883,1.333842753,22.65006763,4.571875682,0.062371074,21.26491837
603556,2019,0.420673077,-0.838942308,-0.167542727,0.885492527,0.489222181,0.224063722,0.148361651,0.02292427,0.017661644,15.70479216,0.804218173,0.007702678,-0.404120473,-1.709027778,,-0.143351065,-0.143351065,-0.03460719,0.020753569,0.020945906,-0.011815042,,-0.145025863,1.319705253,22.67079719,3.807097573,0.067657743,21.25303298
603567,2016,0.418416801,-0.28917609,-0.206074564,0.751593172,1.029937972,0.542905372,0.330452176,0.03170288,0.022561863,15.49533355,0.919246287,0.013839846,0.782872924,-1.829031218,0.028298749,0.084800321,0.082552325,0.082462118,-0.344057822,0.197975628,0.47822171,,0.017747305,1.494946054,22.68770755,2.219042929,0.16700197,21.58231092
603569,2017,-0.766839378,0.012953368,-0.190787187,1.08610876,1.274151479,0.046178498,0.022698393,0.020731575,0.009960983,13.80426374,2.560457278,0.056275737,0.365354077,-0.420761159,2.917235107,-0.062305583,-0.062305583,-0.015777721,-0.050574255,0.228805226,0.28863892,,0.026595553,2.116693795,22.48829374,1.672919419,0.221909261,21.84881075
603569,2018,-0.203431373,0.394607843,-0.193314725,1.190454756,0.394122025,-0.278936089,0.76538176,0.003340888,0.001491725,15.37297114,0.721335237,-0.00678053,-1.529912187,,0.383375645,-0.224320192,-0.224320192,-0.231658249,-0.237326961,-0.088389837,-0.076663856,,0.021827384,2.147540984,22.39575091,1.456975098,0.22591547,21.76904883
603569,2019,0.286057692,0.819711538,-0.156647912,0.766008755,0.779208992,0.371302953,0.161212474,0.015200458,0.00717225,15.34207913,0.559594689,0.010108635,-0.006859212,,0.391344968,0.284137815,0.284137815,0.327623636,0.35926535,0.021515114,0.02833051,,0.02346693,2.164109888,22.41703784,1.274615689,0.115472692,21.79698545
603577,2018,0.617647059,0.995098039,0.173269949,1.163233806,1.316514832,0.328627481,-0.057401567,0.016786302,0.006838097,14.20398622,0.861631521,0.009297547,1.160328869,,,0.512268708,0.512268708,0.452064545,0.466953559,0.02670027,-0.19536598,,0.029674631,1.990529725,21.67046516,1.741542089,0.166490517,20.97254896
603577,2019,-0.855769231,0.987980769,-0.122755255,0.927149602,0.631139769,0.027244988,0.495742816,0.024434137,0.012487662,14.67097091,0.570489918,0.01240267,-0.135816704,-0.95566816,,0.004493524,0.004493524,0.038201969,0.094302731,0.206198437,0.347138161,,0.027426786,2.251067491,21.85793879,1.539235897,0.147165342,21.27053142
603579,2018,-0.799019608,-0.901960784,-0.048309018,1.173251156,0.833502906,0.470400756,0.197546589,0.03898431,0.027272571,14.68787113,0.75054836,0.007360368,0.934397882,,0.017483233,-0.198983861,-0.198983861,-0.219316403,-0.230843581,-0.027755944,-0.035794947,,-0.04704932,1.461804762,21.521073,1.96754714,0.112129061,20.36878812
603579,2019,0.269230769,-0.615384615,0.528503804,1.033888102,0.430104503,0.316181608,-0.070076427,0.037338166,0.026390394,15.35045614,0.347833743,0.012004238,-1.616762795,-0.01064498,0.087976658,0.420541477,0.420541477,0.431882477,0.502162148,0.424210354,1.072592566,,0.023272002,1.850948102,21.87469052,2.393389831,0.120003901,21.09758839
603600,2016,-0.967689822,0.340872375,-0.426776491,0.812040689,1.796474583,0.539517284,0.045257463,0.041745318,0.027948468,14.58873891,0.322349873,0.011051438,-2.044617002,-1.051335237,0.126264679,0.369270379,0.369270379,0.446325734,0.475417364,0.71481436,0.40454186,,,1.413849117,21.24946246,2.561457803,0.175746919,20.02089278
603600,2018,-0.294117647,-0.431372549,0.174236344,1.034702107,1.007434448,0.981520483,-0.306273547,0.037818906,0.026098086,15.054766,0.356941122,0.008507677,1.152862748,-1.375118437,0.068444271,0.070187207,0.070187207,0.046977039,0.018786282,0.328139875,0.872954516,,-0.00127289,1.831381593,21.58937623,1.446784909,0.227624762,20.79963919
603606,2016,0.599353796,0.990306947,-0.172535013,1.037318463,0.580752981,-0.308259712,0.348045065,0.015484006,0.006053033,14.84328104,0.386575038,0.006491927,-0.845486569,-1.488824481,0.295929386,0.373811606,0.373811606,0.343513647,0.338833684,0.498838894,0.256718262,,0.019310076,2.010095434,21.90076247,1.601449396,0.139081621,21.21262509
603606,2017,-0.316062176,0.976683938,0.506811291,0.848250792,0.85765529,0.309056962,0.002166064,0.030154523,0.0159737,15.3325053,0.375166713,0.008923568,3.683428585,,0.124105948,0.074520646,0.074520646,-0.05362355,-0.060082825,0.095950152,0.039856237,,0.018100407,1.911282836,21.99238418,1.679814879,0.128894225,21.25170755
603606,2018,-0.367647059,0.723039216,0.668970957,1.223695435,0.240854417,-0.339520339,0.216827369,0.056742653,0.030560531,15.83141208,0.265763807,0.008667743,2.993951288,-0.384208991,0.136559915,0.424107599,0.424107599,0.363542153,0.352371019,0.334784136,0.347045128,,0.015990253,1.927416888,22.28115376,1.621198988,0.102808536,21.54962095
603606,2019,0.536057692,0.870192308,0.380243209,1.117126218,0.481829925,-0.307624993,-0.253051881,0.097173302,0.047958044,16.50383335,0.197619597,0.021094394,1.378746841,-0.856864302,0.138921724,0.595722807,0.595722807,0.544541604,0.590377575,0.485881316,0.494275167,,0.003345836,1.937567894,22.67716183,2.233917953,0.069376066,21.95126221
603609,2016,0.754442649,-0.408723748,-0.01643758,0.680733731,0.077589728,-0.635146993,-0.174644549,0.03593294,0.021120149,15.78496934,0.507355897,0.012684035,1.292641881,-1.894307285,0.245085033,0.141610796,0.141610796,0.135832441,0.145532552,0.116128901,0.06910777,,0.024934687,1.689573365,22.59656532,1.244318017,0.234281136,21.70040708
603609,2017,-0.870466321,0.629533679,0.253216213,0.487360479,0.484216642,0.363913903,-1.208524097,0.050503063,0.0302507,15.88342454,0.532661859,0.016464165,-0.667294645,-2.989233148,0.200911293,0.12805207,0.12805207,0.106073906,0.109304082,0.277667165,0.111203622,,0.027778312,1.550291303,22.84160121,1.409801104,0.221760979,21.80585086
603609,2018,0.051470588,0.387254902,0.258958401,0.880191254,0.442114059,-0.161585989,-0.355871053,0.068394088,0.044163096,16.21324161,0.537743194,0.02615086,4.040435658,-1.821285678,0.128971877,0.274475224,0.274475224,0.241299352,0.260651955,0.256136754,0.143314696,,0.020533498,1.477276401,23.06964215,1.550714486,0.217231138,21.93978253
603609,2019,0.59375,0.617788462,-0.297558047,0.963836313,0.647089868,0.26116873,0.289465143,0.04704805,0.031876489,16.24500324,0.677663972,0.03288519,-1.942116351,-0.758309323,0.350700761,0.385348188,0.385348188,0.437015051,0.437557901,0.237493366,0.479286845,,0.018635847,1.629208035,23.28273,1.483236042,0.228270551,22.33134264
603611,2017,-0.373056995,0.090673575,0.232150855,1.047578127,0.894855889,0.150544701,0.025033037,0.034961011,0.018007158,15.02586567,0.513855251,0.014647613,-0.208603954,-0.669273856,0.31096409,0.069284546,0.069284546,0.054503002,0.075777542,0.241267786,0.486186781,,0.01095091,2.428260319,22.09969399,1.238349713,0.119511138,21.56897605
603616,2018,0.62254902,-0.588235294,-0.343416368,1.028074555,1.349486184,0.601063122,0.209911472,-0.004888797,-0.001589345,14.6495703,0.344489571,-0.011056321,-2.896136711,-2.968692623,0.652828872,-0.565293431,-0.565293431,-0.381065999,-0.535262597,-0.02082553,0.048333908,,0.052608881,3.304731253,21.55361071,0.825959542,0.137892527,21.19321963
603616,2019,-0.221153846,0.103365385,-0.221841972,0.949434318,1.256817588,0.596569407,0.167275305,-0.011836434,-0.003829509,14.36655449,0.416614322,-0.004608389,3.135384907,,0.840420022,1.594122449,1.594122449,0.843608896,1.639724764,-0.00386749,-0.077159068,,0.072286588,2.825587329,21.54973573,0.931462225,0.101626549,21.11292124
603617,2018,0.995098039,0.507352941,-0.15558579,0.747411294,0.623913605,-0.368965855,-0.312938502,0.027966781,0.018008554,13.36744678,0.92203189,0.026317994,1.030197133,-0.871004364,,-0.056573283,-0.056573283,-0.067274983,-0.063972528,0.333765938,0.582236733,,-0.005703881,1.673855009,20.83843119,2.689516093,0.126841828,19.92856152
603617,2019,0.706730769,0.259615385,-0.004631117,0.521478677,0.941245039,0.592982581,-0.13026875,0.035987501,0.020672492,14.5947987,0.322656235,0.015754201,0.722062154,-1.34483474,,0.208710453,0.208710453,0.242096629,0.273262428,0.323033853,0.683576617,,0.006870258,2.050372395,21.11835866,1.609876951,0.09299529,20.44948199
603618,2016,0.906300485,0.760904685,-0.411725313,1.217761114,1.386106332,0.172022789,0.496908614,0.022604857,0.010765597,15.03883988,0.659784642,0.011733367,-0.273651646,-0.094347923,0.536986161,0.183509511,0.183509511,0.184689003,0.182583576,0.231881187,0.51256289,,0.015616322,2.422251936,22.40507301,1.480784518,0.102475697,21.87261684
603618,2017,0.041450777,0.222797927,0.161619303,1.007033638,1.356767696,-0.062167862,-0.116865581,0.010598051,0.004414397,15.20347875,0.568052591,0.004696765,0.576753362,-1.099906551,0.6382363,0.079871432,0.079871432,0.064017477,0.057367277,0.160618263,0.145786986,,0.021255001,2.379014223,22.55402586,1.663429276,0.091900048,22.00870857
603618,2018,-0.715686275,0.725490196,-0.235602572,1.154317125,1.056350335,-0.533996742,0.591505611,0.011742285,0.004607505,15.17263165,0.674114451,0.002342458,-0.384965155,-2.604914055,0.936390968,0.257694633,0.257694633,0.274353707,0.306160697,0.171754347,0.273508294,,0.018837917,2.702664152,22.71252793,1.551566377,0.083351607,22.25048409
603618,2019,-0.588942308,0.826923077,0.146462099,0.714664446,0.894698043,-0.265302463,0.036342258,0.016019661,0.005955533,15.24700131,0.661517905,0.005124403,-0.572576084,-1.694014364,0.891163319,0.135504806,0.135504806,0.134026809,0.129827473,0.219307646,0.30218114,,0.017598835,3.056365425,22.91081112,1.553686668,0.143483127,22.51452475
603619,2018,0.227941176,-0.620098039,-0.430109142,0.831045382,1.308158655,-0.549491973,0.920138244,0.003977863,0.001911259,14.51582559,1.191396862,0.003773424,0.590638372,-1.18542755,,-0.066223184,-0.066223184,0.099473267,0.062613208,0.071847536,0.201127281,,0.037359174,2.39501611,22.39963961,0.770558269,0.362995462,21.85915561
603619,2019,0.415865385,0.697115385,-0.223829493,0.823021781,0.969151845,0.367669984,0.066239159,-0.045999874,-0.019138117,14.86361308,0.809571274,-0.003050877,-3.489223677,-2.638062892,,-0.161228572,-0.161228572,-0.261436072,-0.331335561,-0.041829051,0.027967242,,0.033457148,2.665920315,22.35691054,0.637143574,0.325146207,21.88673892
603636,2019,-0.947115385,-0.048076923,-0.216564936,1.015192185,0.450966296,-0.502948087,0.557484067,-0.001189108,-0.000681713,15.64033241,0.413930329,-0.001595567,0.915088465,-0.636195624,0.242977214,0.620255921,0.620255921,0.506861043,0.839000138,0.17025737,0.398704043,,-0.091677323,1.752469763,22.2395326,1.277357684,0.042980033,21.39411205
603637,2018,-0.446078431,-0.240196078,-0.108399137,0.76757426,0.533605678,0.20596943,0.189210153,0.018907618,0.013857553,13.96235562,0.768921149,0.001710141,0.641448453,0.02232382,,0.262788138,0.262788138,0.25860821,0.295521009,0.285140915,0.987996866,,,1.662257764,20.96142155,2.285412465,0.043068814,20.04114434
603637,2019,0.620192308,0.572115385,-0.249923651,0.680402463,0.56169933,0.108783337,-0.009408206,0.018730594,0.011069466,14.50101415,0.397400143,0.005456779,0.623477502,-1.688636361,,0.351912643,0.351912643,0.359091449,0.345465849,0.102813809,0.240183236,,,1.811710458,21.05928647,2.099513345,0.037558535,20.25640348
603639,2018,0.301470588,-0.634803922,0.127701497,0.927424295,0.953272595,0.832232727,-0.406601777,0.04073613,0.026380009,14.72418372,1.046243882,0.016992837,-0.202464173,-3.307592089,,0.333021606,0.333021606,0.346620606,0.350051477,0.2480809,0.50522354,,-0.041763731,1.596986786,22.09143681,1.775768648,0.12785128,21.10745792
603639,2019,0.533653846,-0.675480769,0.204293726,1.033612073,0.817969135,0.531464928,-0.271810051,0.044257938,0.028165992,15.52592083,0.464414005,0.021901838,0.530040831,,,0.027594942,0.027594942,0.064354753,0.06370632,0.104168038,0.048967025,,0.094730431,1.550705447,22.19052896,1.775966317,0.186274354,21.15526381
603656,2018,-0.887254902,0.276960784,-0.165668341,0.885764828,1.244835089,-0.138515277,0.090027775,0.021305513,0.019229742,13.99804362,0.81119364,0.001449373,-0.29318867,-3.10649515,,0.18568314,0.18568314,0.188178035,0.319674673,0.1075364,0.679878545,,,1.165335281,20.80859033,5.445612534,0.155345118,18.85580163
603656,2019,-0.40625,0.269230769,0.069231546,0.945892906,0.815919061,0.062075347,0.104989615,0.008775345,0.007602365,14.53619107,0.46487544,-0.003203666,-0.128991473,0.256928823,,0.195798708,0.195798708,0.329958598,0.213240461,0.102970396,0.580669233,,,1.255217738,20.90659723,4.327988575,0.182438606,19.31364995
603660,2018,-0.779411765,-0.671568627,-0.42109082,1.012690314,0.517690986,-0.139133142,-1.149659401,-0.011043275,-0.007653887,15.35137677,0.394924974,-0.021487474,-1.290967311,-0.177857658,,-0.267425086,-0.267425086,-0.155097407,-0.30884612,0.180248523,0.630673718,,0.017386045,1.712296301,21.82408484,3.512564433,0.071399233,20.9469882
603660,2019,-0.442307692,-0.632211538,-0.245274874,0.927923031,0.855963282,-0.219236725,0.671702447,-0.009418732,-0.005197222,15.16248699,0.470383736,-0.011709482,1.155469497,,,0.418174547,0.418174547,0.272717091,0.438631416,0.065034113,0.104748766,,0.029565388,1.759017956,21.88709167,3.187007847,0.066098603,21.04660615
603661,2019,0.603365385,-0.711538462,-0.039539221,1.355683844,0.757234196,0.237268199,0.395505761,0.042399807,0.026945847,14.58529159,1.382771815,0.01366981,0.644634986,0.063729688,,0.347365185,0.347365185,0.411078159,0.53061363,0.407526681,0.979371735,,0.04436787,2.11431869,22.51964662,1.305154754,0.196240371,21.87915717
603663,2018,-0.897058824,0.237745098,-0.012923046,0.863105454,0.950526966,0.324272763,0.097411347,0.050807857,0.02912769,14.65899397,0.261000162,0.009467038,0.904362459,-0.296811213,0.135869993,-0.148221643,-0.148221643,-0.104613632,-0.155476649,0.227646901,0.144985154,,0.02491809,1.76014727,20.89993586,2.051955708,0.321212211,20.06029529
603663,2019,-0.189903846,0.283653846,0.035142658,1.048745634,1.024795576,0.356051275,-0.018643536,0.022286996,0.012364602,14.91423489,0.244479403,0.010067125,0.524011958,-2.045847759,0.186831951,0.263711947,0.263711947,0.26389552,0.310204624,0.179524159,0.19455068,,0.019064511,1.777359,21.06504697,1.520775601,0.30679898,20.23806541
603665,2019,-0.752403846,-0.519230769,-0.221643813,0.546271597,1.164024746,0.176669255,0.105182255,0.030389889,0.016178465,14.89053931,0.357529212,0.010131132,0.915141786,0.319245944,,0.05842118,0.05842118,0.1482497,0.114379943,0.273497094,0.398345574,,0.019452593,2.243645935,21.62323595,1.292509311,0.153637916,21.03318109
603667,2017,0.479274611,-0.21761658,-0.149097406,1.058039716,0.53369208,-0.546339487,0.776678102,0.021498047,0.014519407,13.82849021,1.433295263,0.027009766,-0.29731493,0.488584623,,0.48921375,0.48921375,0.54328125,0.535065453,0.664787126,1.248833413,,0.018783905,1.66726307,21.82695197,1.239884386,0.24875076,20.91119767
603667,2019,-0.550480769,-0.252403846,0.214749697,0.836577325,1.106829944,0.27462036,0.116202029,0.01191132,0.006701566,14.58213277,0.880783537,0.013851012,0.264498269,-2.04712354,,0.534704556,0.534704556,0.464812587,0.518765724,0.165336149,0.335697473,,0.020643606,1.963921027,22.05585526,1.31370251,0.239495025,21.34416635
603668,2018,0.360294118,0.5,0.146826674,0.73270199,0.9009342,-0.100897889,0.0441985,0.023310748,0.011463694,14.71542973,0.565529439,0.006768916,-0.445273259,-1.240491648,,1.039641854,1.039641854,1.072524522,1.146292319,0.360323024,0.475905487,,0.026064425,2.160660965,21.87235214,1.256938717,0.226817697,21.25092761
603668,2019,0.504807692,0.59375,-0.295302264,0.851675036,0.529937203,-0.000516103,-0.040503379,0.023910712,0.011280874,14.83782464,0.553154094,0.014255493,0.534463417,-0.604373783,,0.392507431,0.392507431,0.403311593,0.410340356,0.39268459,0.628273261,,0.008350882,2.688523514,22.20358539,1.033232947,0.237345041,21.73844771
603679,2018,0.600490196,0.796568627,-0.147342203,0.965452145,0.552989964,-0.905309134,-0.080756612,0.045037225,0.027143574,14.43078888,0.369087591,0.007588238,-1.106939837,0.011727778,,0.17117038,0.17117038,0.361930083,0.430542565,0.340331268,0.571522759,,0.004659139,1.992493183,21.1148956,2.463115334,0.061437721,20.41797376
603680,2019,0.632211538,0.384615385,-0.10379548,0.630590919,0.801666956,-0.345897038,-0.193612836,0.024277769,0.011383057,14.94958001,1.422637333,0.028178554,0.441056032,,,0.172165474,0.172165474,0.151633085,0.152424975,-0.019559601,-0.102901625,,0.024565133,1.990738812,22.9255879,2.017584498,0.144187768,22.22777773
603685,2019,-0.793269231,0.759615385,-0.263497138,0.46061222,1.070598891,-0.221729255,-0.37641627,0.021476999,0.013880498,14.16152057,0.855558125,0.023615788,1.096672312,-0.89006094,,0.713576495,0.713576495,0.678405073,0.716851026,0.216972374,0.498138772,,0.015674374,1.769671008,21.43341981,1.458749806,0.236705804,20.60083403
603686,2016,0.234248788,0.231017771,-0.29236671,0.60056048,0.760955667,-0.011890703,0.141708499,0.051574483,0.026246535,15.30794487,0.374759102,0.012470416,1.755220192,-1.94902401,0.037739291,0.098210306,0.098210306,0.096499139,0.127789046,0.43281159,0.1108891,,-1.517081064,1.615532639,22.06245827,2.25081585,0.143919098,21.09752626
603686,2017,0.085492228,-0.461139896,-0.188918442,1.021407988,0.992406583,0.36236524,-0.18744305,0.027673491,0.017112119,15.1995895,0.625805827,0.009877699,-1.899835938,-1.938828916,0.142112286,0.188025736,0.188025736,0.205798111,0.18263883,0.078036504,0.12355709,,0.031804534,1.658642667,22.13759961,2.015411173,0.154139281,21.21402588
603688,2016,0.922455574,0.557350565,0.155429944,1.042886647,1.208900306,-0.279749049,-0.050704453,0.023013266,0.021678225,15.15570064,0.374286536,0.005353343,0.346358036,-2.036990114,-0.024811456,0.182603612,0.182603612,0.095244161,0.099624078,0.115482055,0.608520243,,,1.095137654,21.09226501,6.814668526,0.237299405,18.64895449
603688,2017,0.21761658,0.111398964,-0.066548743,1.202918226,0.316456383,-0.920397739,0.281023171,0.027553553,0.025616,15.24551423,0.330446601,0.006773492,0.891570054,-1.440184445,-0.039804316,0.018691895,0.018691895,-0.043216681,-0.041504657,0.038840956,-0.116510366,,,1.079775511,21.13037063,8.781895723,0.300640713,18.52507877
603688,2019,-0.415865385,0.175480769,-0.019653137,1.359269885,0.836523055,-1.139897977,0.481657996,0.024540707,0.020629382,15.79006139,0.262153022,0.00511032,-0.276126939,,-0.011404727,0.426307101,0.426307101,0.380180511,0.410450884,0.105311518,-0.211403006,,-0.006041997,1.11707481,21.5305358,13.50706983,0.257377811,19.27488016
603696,2018,0.210784314,-0.218137255,0.349203136,1.186422644,1.221560135,0.368920051,0.031399114,0.018520634,0.017740445,14.64011887,0.265321054,0.0031584,-1.29676737,-1.741618475,-0.014176611,-0.145225306,-0.145225306,-0.15844908,-0.168703852,-0.040795602,0.235189239,,,1.058794079,20.17427306,10.03189233,0.105036069,17.28342833
603698,2017,-0.538860104,0.823834197,0.064373599,0.940317865,0.626684896,-0.622964924,0.357649592,0.017679838,0.012359429,15.68086544,0.406751771,0.004328271,0.583976248,-3.828389113,-0.053923944,0.07391897,0.07391897,0.215471737,0.308812517,0.104618099,0.206400338,,,1.472714472,22.11645077,2.144458732,0.147654054,20.98007976
603698,2019,0.247596154,-0.555288462,0.578686372,1.103214133,0.72510338,0.240714613,0.133910828,0.012880697,0.00894386,15.83181096,0.383136932,0.001708451,0.934400524,-1.860049283,-0.04906382,0.48625168,0.48625168,0.4075212,0.515628115,0.2035831,0.549002187,,,1.602791219,22.26900018,2.224956926,0.119262328,21.29106918
603699,2016,0.489499192,-0.408723748,-0.063433282,0.510707269,0.65165273,-0.377266905,0.269751128,0.019038131,0.011533065,16.40834206,0.192892364,0.003761601,1.529384008,-1.108165563,0.108694328,0.187288498,0.187288498,0.191777452,0.213111998,0.095781188,0.169303768,,0.020625423,1.790668456,22.26436814,1.87232404,0.142117706,21.44690261
603699,2017,0.430051813,-0.505181347,-0.171379166,0.577455636,0.519180223,-0.149907927,0.119180697,0.030222808,0.017043731,16.02562235,0.298437359,0.009720806,1.243925135,-8.142958337,0.163885604,-0.014859967,-0.014859967,-0.108201722,-0.080762296,0.081356986,0.276762027,,-0.002154191,2.089160605,22.34258486,1.550595321,0.129816775,21.69122981
603699,2018,0.546568627,0.512254902,0.351364085,0.89386746,0.510676242,0.152901178,-0.005132561,0.050217534,0.027447907,16.08269709,0.272609863,0.008448156,0.378684328,-1.659694034,0.159200626,0.24123216,0.24123216,0.260228731,0.241974936,0.052121581,0.006537269,,0.029351139,1.995017584,22.39339354,1.52388345,0.129362207,21.69774581
603699,2019,0.651442308,-0.012019231,-0.32077551,1.073160368,0.47548319,0.616278749,0.689019907,0.044229636,0.023761107,16.14640631,0.277674791,0.007706117,0.933739653,-1.953827249,0.270043992,0.135084291,0.135084291,0.186399618,0.274018964,0.068129064,0.086040283,,0.007124601,2.02886974,22.45930212,1.421943042,0.212137661,21.78028412
603706,2019,-0.896634615,0.201923077,-0.215894999,0.862205949,1.079877198,0.329033528,-0.066078361,0.020677127,0.012522474,13.73955103,1.56387325,0.074418545,-0.319310259,-2.908314342,,0.298856815,0.298856815,0.345728413,0.420049231,0.142681623,-0.06353832,,-0.00560424,1.435042785,21.58209559,3.17853014,0.420824073,20.38859003
603727,2017,-0.080310881,0.914507772,0.06236185,1.005097706,1.494957107,0.15796395,0.21645854,0.004505979,0.004018573,14.11293679,1.768443628,0.002419538,0.057715146,-2.571000263,,7.894736592,7.894736592,2.07384448,2.742526014,0.009532281,0.062217938,,,1.145633176,21.7076735,6.234600588,0.271439031,19.64505171
603727,2018,0.240196078,0.485294118,0.077390759,0.985615523,0.482509675,-0.1779459,0.681274392,0.003948706,0.003233138,14.91398768,0.871094837,0.002507756,-0.9371338,0.664550931,,0.940862694,0.940862694,0.793772659,0.867416688,0.419546415,3.249209247,,0.038684628,1.614247462,22.0580109,1.534320809,0.23448339,21.09178462
603727,2019,0.163461538,-0.692307692,0.025446025,0.960144532,0.933901281,0.351153779,0.352551111,0.015927852,0.010004212,15.21041978,0.599348583,0.012262948,4.863907426,-1.109659743,,1.063572125,1.063572125,0.991672842,1.026758461,0.219527334,0.452445588,,0.035951462,1.828793236,22.25647425,1.409744119,0.218926267,21.46503336
603730,2019,-0.201923077,-0.497596154,0.04368787,0.913309379,0.35803021,-0.469818035,0.109354602,0.04395556,0.031464886,16.50505003,0.267871499,0.012254171,-0.994515967,,,0.323207723,0.323207723,0.255082818,0.3361186,-0.053913819,-0.281129714,,0.135524366,1.334850605,22.37662119,3.159082586,0.18716781,20.99373101
603733,2019,0.560096154,-0.769230769,1.357497464,1.30720245,1.018236973,0.755189933,-0.40019567,0.047222221,0.027424102,15.4492263,1.214124524,0.01045594,1.124030304,,,0.420159529,0.420159529,0.315071255,0.399983303,0.063099121,-0.349820468,,0.022219847,1.442210336,22.84238821,1.856198687,0.300579365,21.66024168
603737,2019,0.668269231,-0.858173077,1.640399452,0.934676021,-0.331490088,-0.295801884,-0.495355573,0.074662882,0.023269027,17.62856585,0.052605645,0.000258159,0.205641801,-0.219366187,0.086129373,0.805072386,0.805072386,0.863448048,1.20312189,0.800087766,0.937950985,,0.011453064,4.190675317,23.15676962,0.910913907,0.154793671,22.88414032
603766,2016,-0.231017771,0.053311793,-0.224373004,1.078832069,0.969109091,0.298562262,0.159778798,0.033385619,0.021440801,16.4650578,0.499791011,0.019816048,1.329949177,-4.256412723,0.164131263,0.082715464,0.082715464,0.098645949,0.124284677,0.063910611,0.119754247,,-0.064422841,1.598463211,23.13232531,1.307113551,0.236599966,22.14989242
603766,2017,-0.784974093,0.497409326,-0.227405161,1.105578681,1.028950639,0.468750719,0.144641133,0.03053142,0.01902299,16.06346658,0.742614275,0.023690684,0.154176396,-1.218553944,0.297363945,-0.052998545,-0.052998545,-0.041542337,-0.063395689,0.122548235,0.199526949,,0.021081533,1.666870923,23.24792663,1.310317627,0.255313951,22.33181969
603766,2018,0.06127451,0.693627451,-0.090348266,1.061133029,0.693772104,0.062352138,0.408054509,0.024777759,0.014779434,15.81408348,1.033870263,0.011508834,-2.879399004,,0.309166742,-0.10132072,-0.10132072,-0.087300528,-0.093855855,0.042654744,0.039146037,,-0.014166841,1.663138621,23.28969672,1.424642482,0.251032971,22.37021894
603766,2019,0.605769231,-0.831730769,-0.031735759,1.205072524,1.11325256,0.768905013,-0.001758002,0.021785317,0.012994915,15.82138805,1.048385721,0.022995229,0.103499721,-1.926042854,0.366665146,0.408715017,0.408715017,0.447147169,0.489549877,0.036176679,0.080323596,,0.014393851,1.711494169,23.32523439,1.589650037,0.200543188,22.44747956
603777,2018,-0.387254902,-0.789215686,0.174215905,0.823857736,1.145906232,0.093982614,0.195148896,0.003277915,0.002189026,14.99138339,0.652659165,0.012935143,-0.027685177,-2.106713119,,0.048465078,0.048465078,0.06944432,0.06852728,-0.005649423,0.10698138,,,1.436683526,21.66029244,2.196171109,0.229778252,20.46940855
603789,2017,0.080310881,0.422279793,0.239274666,0.45555266,0.420100113,0.249934737,0.008116539,0.010506498,0.007584118,15.02932826,0.337449567,0.001193516,-1.000311729,-0.40782172,0.083132065,0.260875937,0.260875937,0.14508681,0.195642511,0.096920978,0.422563884,,0.035715471,1.524664541,21.2442012,1.719592057,0.220609481,20.1774306
603789,2019,-0.519230769,-0.387019231,-0.065482267,0.404385199,0.008197234,0.146418361,-0.145238284,-0.030363603,-0.02006755,15.06101791,0.285931202,-0.010876576,-3.103730392,,0.131237026,1.025221174,1.025221174,0.750516384,0.860039744,-0.078488442,0.208388795,,0.048060901,1.733935255,21.0907634,1.685383177,0.253354981,20.2310354
603799,2019,0.141826923,-0.911057692,1.902796458,1.538847688,0.337175082,-0.798128046,-0.84928739,0.032361021,0.014950241,18.09893121,0.195378366,0.005145024,4.893290776,-1.770259765,0.060386517,0.579053795,0.579053795,0.457635765,0.467496286,0.445954621,0.265544761,,0.028309678,1.911441613,24.35166944,1.04997212,0.2358402,23.61108397
603803,2018,-0.730392157,0.715686275,-0.100352398,0.976946652,0.824382178,-1.452859274,0.112369246,0.006828256,0.004196495,14.94398303,0.833626509,-0.009700646,1.095594766,,,-0.450296227,-0.450296227,-0.439570567,-0.548347328,-0.077404698,-0.256516795,,0.024508119,1.456054372,22.04418085,2.770658506,0.069372157,20.88330731
603803,2019,0.456730769,0.384615385,-0.257746385,1.007778603,1.302283248,-0.453083855,0.324953758,0.010392134,0.007204379,15.24727655,0.635477423,-0.001808481,0.047299445,-2.389441409,,0.145175217,0.145175217,0.170396539,0.276106829,-0.200649464,-0.044267051,,0.009809777,1.598691262,21.82022513,2.2441358,0.086237807,20.83803057
603810,2019,-0.745192308,-0.59375,-0.36305478,1.241801395,0.709940394,0.162513131,0.039974489,0.034246274,0.022476683,14.2127654,0.889784801,0.042376852,1.203039437,-2.790851985,,-0.031605453,-0.031605453,0.100026042,0.119392349,-0.005342956,-0.157436068,,0.045393992,1.468004463,21.41985051,2.149527614,0.239403357,20.27666909
603811,2018,0.725490196,-0.671568627,1.071202909,0.850373525,0.587971465,0.458109736,-0.489843976,0.043080789,0.035052649,14.69510352,0.317251165,0.004964911,0.554972736,-0.821563901,,-0.026054755,-0.026054755,0.016166055,0.040891462,0.407146133,1.662720619,,-0.00133439,1.565692307,20.92886095,1.087628639,0.47483161,19.91082788
603822,2018,0.786764706,-0.490196078,-0.008479952,1.035798416,0.866127065,-0.075819839,0.475611458,0.017587133,0.009307112,14.39146601,0.45446448,0.00410262,0.236745033,-1.004719402,0.378611337,-0.086407447,-0.086407447,-0.073579549,-0.097058376,0.161286379,0.307233948,,0.016325849,2.120641583,21.2757016,1.353456775,0.197391082,20.63788429
603822,2019,-0.064903846,0.954326923,0.126461926,1.089623298,1.337800805,0.242585621,0.467054977,0.017220105,0.007642326,14.30902967,0.51903746,0.010556446,-0.969489484,-1.206035202,0.44723806,0.572943504,0.572943504,0.50455023,0.473160228,0.191910611,0.288678821,,0.017957141,2.332892989,21.45125918,1.211944861,0.250870695,20.89150182
603825,2019,-0.435096154,-0.519230769,-0.435105418,0.940962561,1.447980127,-0.244466806,-0.647184352,0.022160379,0.006182124,15.26136529,0.424360787,0.002963266,-0.28072495,-1.791535488,,0.150664934,0.150664934,0.153672049,0.148273077,0.297527262,0.372430134,,0.027691172,4.319145457,22.78102729,1.217788753,0.003651645,22.51767707
603828,2016,0.395799677,0.605815832,-0.316222685,1.025708997,1.200168866,0.227680423,0.430254939,0.018738771,0.006601581,14.29931995,0.715770596,0.013043907,0.143444388,-1.227922121,0.74995313,-0.054348801,-0.054348801,-0.088292057,-0.073232561,0.225422132,0.296173835,,0.022585611,3.115225888,21.99036138,1.09805372,0.030932142,21.60322132
603828,2017,0.554404145,0.67357513,0.737018157,0.606483344,-0.02216643,-0.246343068,0.652992064,0.023027905,0.007227982,15.14454183,0.307081765,0.007682334,-1.102400425,,0.417496331,0.11645273,0.11645273,0.181009812,0.127723079,0.004273195,0.021321668,,0.018780561,3.231253512,21.99462547,1.141026777,0.128291482,21.62431887
603828,2018,-0.401960784,0.879901961,-0.470364268,0.877502485,0.402915344,-0.316537703,0.118558275,0.010660786,0.003443046,14.83897438,0.444139528,0.006951291,0.168640773,-2.272397776,0.843530386,0.256150521,0.256150521,0.219212997,0.246985388,0.160988854,0.103723599,,0.025741734,2.910893444,22.14389757,1.190636575,0.101936292,21.72300842
603828,2019,0.519230769,0.132211538,-0.125630356,0.962333927,0.702922337,0.253966602,-0.219982275,0.01078814,0.003711473,14.77663502,0.577346458,0.009282836,-0.833035061,-1.280235409,1.118531839,0.126166261,0.126166261,0.143203653,0.144537925,0.23888073,0.270069557,,0.008849081,3.058004082,22.35810591,1.266604188,0.075501501,21.96208009
603829,2018,-0.968137255,-0.257352941,-0.050056753,1.014276616,0.972438195,-0.172384639,0.390554361,0.01021831,0.007196321,13.51268789,0.918614732,0.0031895,-0.195471586,-1.814645538,,0.244891376,0.244891376,0.18538676,0.174111476,0.20679106,0.385671783,,0.003198239,1.492944761,20.82459255,2.122708494,0.117711666,19.71648387
603838,2019,-0.810096154,-0.262019231,-0.302592279,0.832419088,1.225979176,0.251726237,-0.115764766,-0.001693774,-0.001215659,14.51262028,0.524160512,0.001960138,0.464040851,-2.783768433,0.117359175,0.789671032,0.789671032,0.724434234,0.92410284,-0.142349122,-0.632498101,,0.10235386,1.118598648,20.91501637,22.38385886,0.254665071,18.67092948
603843,2017,-0.70984456,0.059585492,-0.31544589,0.706756861,0.858915676,0.237957972,-0.512194314,0.005656948,0.001673677,14.30138034,0.924493554,0.000966554,0.330690494,-1.391860851,2.386230427,0.229337444,0.229337444,0.251005401,0.205395967,0.222347541,0.290102669,,0.039622518,4.017116406,22.55273403,1.155655868,0.07924269,22.26647124
603843,2018,-0.56127451,0.102941176,-0.166141614,1.058345869,1.426347947,0.179612654,0.756001931,0.009955958,0.002608732,14.66090819,0.692300172,-0.003192279,-0.091233115,-1.395200682,1.68377483,0.38692963,0.38692963,0.404579638,0.442507745,0.085962726,0.08346007,,0.042161023,3.989377866,22.63520093,1.151261742,0.086001633,22.34663093
603843,2019,0.862980769,-0.632211538,-0.160433916,0.998572748,1.273195431,0.669278683,0.139226868,0.012622125,0.003043626,14.66224316,0.745709649,0.003758096,0.815637846,-2.248902477,2.134805977,-0.059913102,-0.059913102,-0.062682665,-0.063819805,0.143108732,0.164579602,,0.039457083,4.226703524,22.76895244,1.075673789,0.070915411,22.49899109
603856,2018,0.892156863,0.754901961,0.415666305,0.926971752,0.709874317,-0.010790819,0.150160599,0.028062117,0.023243769,13.82687526,1.65100896,0.026953866,2.471534994,-1.672851529,,0.222139553,0.222139553,0.172849562,0.184706558,0.185175036,0.49252763,,0.011216078,1.321501346,21.57831278,3.742760969,0.135292212,20.16479075
603856,2019,-0.326923077,0.132211538,-0.206967936,1.115455749,1.243233491,0.419198586,-0.739000873,0.03748605,0.028444746,14.73873232,0.805310675,0.014651842,1.580780141,0.135978058,,0.078339989,0.078339989,0.119721789,0.145067578,0.26911659,0.742498073,,0.022376091,1.501570002,21.81663384,2.227129487,0.112843391,20.72011051
603858,2017,-0.455958549,0.777202073,-0.194726012,1.011672941,0.394185259,-0.130157332,-0.240922607,0.032414715,0.022688636,16.27854162,1.153473302,0.025968701,0.830478815,-2.125731949,,0.11425691,0.11425691,0.076255787,0.02866866,0.01159888,0.067901151,,0.025395128,1.557614624,23.70220284,1.060909967,0.091012767,22.67496009
603858,2018,0.742647059,0.715686275,0.52437344,0.82411523,0.141861988,-0.371139551,0.064713935,0.034834334,0.023286013,16.75646759,0.766611579,0.009202305,-0.325424755,-1.746919551,,0.098474215,0.098474215,0.101158777,0.600640244,0.134128843,0.335811902,,0.019988337,1.72907116,23.82806766,0.932592507,0.11006921,22.96449936
603858,2019,0.716346154,0.701923077,-0.190496559,0.91397877,0.387718366,0.122669251,0.080041475,0.034672343,0.021495167,17.12541324,0.497081111,0.015277714,-0.759092481,-1.258938815,,0.049822666,0.049822666,0.05726988,0.153378174,0.051209769,-0.010811485,,0.017281541,1.657762326,23.87800932,1.165929419,0.10238395,22.95362901
603860,2018,-0.571078431,0.267156863,-0.041738022,0.904506176,0.949564375,-0.059480239,0.247266255,0.003547744,0.003133836,13.36464881,0.965408113,-0.018019128,0.389374008,-5.528455325,,-0.445100161,-0.445100161,-0.144165299,-0.232492673,0.030395299,-0.029275759,,,1.128280078,20.3723175,7.867682069,0.239075125,18.19808379
603861,2018,-0.43872549,0.656862745,-0.20768487,0.866348289,0.704840287,-0.360041249,0.29748236,0.005149982,0.002215673,15.06473364,0.74244416,-0.027374129,0.707509104,-0.610786824,0.945512332,0.180259363,0.180259363,0.211454058,0.203354113,0.234462851,0.349401393,,0.024050852,2.577263974,22.65337856,1.524239648,0.195466443,22.16234189
603861,2019,-0.46875,0.634615385,0.023181793,0.623613629,0.489009007,-0.055858443,-0.189777992,0.005286562,0.002024253,15.02532313,0.824236184,0.012758609,0.384880934,-2.086008249,1.044558756,0.013489341,0.013489341,-0.00459778,0.036249028,0.150117182,0.190226324,,0.012747534,2.72727917,22.7932424,1.516629005,0.163789371,22.33648536
603869,2016,0.806138934,-0.8546042,-0.40017445,1.124864607,1.066322535,-0.061888674,0.263326472,0.017319058,0.011812064,14.91929049,1.332292758,-0.004011985,-0.063061205,-0.249511777,0.366286066,0.333722053,0.333722053,0.358733161,0.388541542,0.190497086,0.537737387,,0.029085409,1.672779248,22.58396698,1.667081694,0.130605847,21.6731425
603869,2017,-0.544041451,-0.168393782,0.102584395,1.123061325,0.652107957,-0.390963721,0.324833243,0.027120763,0.015990316,15.37218556,0.825285767,0.004036101,0.202436291,-1.710947531,0.377183023,-0.078494521,-0.078494521,-0.058133142,-0.01678256,0.107224866,0.198384967,,0.041201889,1.770870041,22.68582374,1.466153112,0.140811836,21.85411729
603869,2018,-0.647058824,-0.705882353,-0.13212328,0.977549329,0.980518,-0.497938066,0.156928917,0.001234579,0.000591915,15.51163932,0.726511473,-0.022818149,-0.216686457,-2.205263508,0.436518101,-0.666253183,-0.666253183,-0.472425802,-0.604702929,0.04437306,0.154887222,,0.026235446,1.928154286,22.7292405,1.38563418,0.151931665,21.99811998
603869,2019,0.3125,-0.019230769,-0.197647374,0.390480653,0.160138279,0.064918022,0.474697034,-0.004281643,-0.002282242,15.46667418,0.755695046,0.002161097,0.763588971,,-0.012087005,-0.057943062,-0.057943062,-0.353428593,-0.289158325,-0.271076318,-0.607239505,,0.000677723,1.350206634,22.41305426,2.784708809,0.064004958,21.0635647
603871,2019,0.110576923,0.836538462,-0.001260643,1.044026785,0.441485447,0.258328331,0.292250291,0.052115471,0.038793927,14.65083588,1.102503183,0.018248451,0.327030151,0.601652354,,0.045030683,0.045030683,0.044590699,0.035219166,0.516942139,2.332166968,,-0.00035711,1.651984728,21.99746584,2.729900835,0.135667841,21.06775427
603876,2019,-0.194711538,-0.685096154,1.256529554,1.147528003,0.938230845,-0.476906779,-0.303318507,0.001564072,0.000393578,15.20678897,1.036440707,0.002925828,-2.140064397,-2.165187134,,0.424931809,0.424931809,0.393295837,0.41035676,0.156679,0.151877576,,0.024710341,3.637616138,23.51364222,1.096271956,0.278697465,23.19218919
603885,2017,-0.401554404,-0.569948187,-0.16280574,1.276558306,-0.531788464,-0.222747513,0.336418382,0.061741223,0.028808049,16.97307296,0.41229862,0.017251223,-0.486269318,-1.890256719,0.455609949,0.163189131,0.163189131,0.200730904,0.199350598,0.142626377,0.150338814,,0.01686885,2.318565466,23.88492607,0.593476702,0.461588098,23.32052178
603885,2018,0.428921569,0.458333333,-0.308464569,1.227982205,-0.009264437,0.617296719,-0.00735048,0.026472335,0.011414312,16.87357237,0.542538577,-0.030296386,-0.042725958,-0.511180644,1.173898828,-0.482796768,-0.482796768,-0.282125096,-0.320337844,0.391627467,0.701166281,,0.024163026,3.280776914,24.21539997,0.486329091,0.399697412,23.85183585
603885,2019,0.266826923,0.949519231,0.661973687,0.872749173,0.137231989,0.452775324,0.218899601,-0.004123875,-0.001421368,16.91170663,0.493425415,-0.010112619,0.503580465,-0.906905938,0.646150128,0.45078203,0.45078203,0.147850248,0.224465271,0.295918182,0.401838079,,0.001490951,4.032498428,24.47461943,0.403975501,0.219221784,24.18962014
603888,2017,0.199481865,0.411917098,0.166235792,1.090866981,0.090654997,-0.527143351,-0.541105952,0.020647662,0.01557375,14.93744737,0.933699316,0.010501307,-0.026112043,-2.043497634,,0.010677179,0.010677179,0.037901866,0.138325557,0.054493495,0.195925135,,,1.381689544,22.07088226,6.3415469,0.070090549,20.78442749
603888,2019,0.331730769,0.286057692,-0.060673927,1.148989852,0.659986038,-0.286874559,0.423126818,0.002636771,0.001892524,16.16071846,0.278721139,0.000620221,0.241680785,-1.679699366,,0.434559591,0.434559591,0.338726818,0.431048904,0.128306836,0.316833692,,,1.521567305,22.24172129,4.328612194,0.054299971,21.17106341
603889,2016,-0.870759289,-0.408723748,-0.309810629,0.533359504,0.416551097,0.143967166,-0.255549413,0.031551886,0.021745646,14.90650525,0.681682694,0.01050626,1.032525165,,0.004829817,0.155336557,0.155336557,0.181331869,0.1935518,0.381266234,-0.347727712,,0.002157503,1.206743679,21.73232413,3.662908982,0.294364385,19.96812305
603889,2017,0.119170984,0.676165803,-0.136365678,0.646315654,0.5498713,-0.126035171,-0.126084546,0.023315111,0.019623383,15.11315343,0.639753829,0.01412948,-0.486297359,-0.202575037,0.111806333,0.143358748,0.143358748,0.161158994,0.171339449,0.122994584,0.477488033,,0.00710919,1.290997206,21.84832298,2.642048855,0.300773755,20.35846642
603889,2018,-0.12745098,0.230392157,-0.170554854,0.744830898,1.1114387,0.299883243,0.075045382,0.016601772,0.012888544,14.85378846,0.857490147,0.023235044,-0.776628161,-2.218343048,0.034864996,-0.316280985,-0.316280985,-0.283755452,-0.306949191,0.057798003,0.208257608,,0.005139611,1.346740137,21.90451237,2.317685349,0.301072422,20.54764575
603896,2018,0.867647059,-0.803921569,-0.091146251,1.037586155,0.661588186,0.043631264,0.207208187,0.016470285,0.014105706,14.57080585,0.536347697,0.006878945,0.565500995,,,-0.071729902,-0.071729902,-0.046636521,0.069840874,0.388451394,1.663307726,,-0.005121559,1.376045754,21.25706358,6.054436665,0.12107736,19.95980513
603909,2017,-0.989637306,0.541450777,-0.335264345,0.452560239,1.001804429,0.454792476,-0.729206854,0.025345638,0.015060412,13.50456449,0.989080514,0.003311294,1.575693311,-1.013458307,0.209262066,0.4904645,0.4904645,0.434371398,0.667089441,0.258074774,0.394527665,,0.024048274,1.719344781,20.96980137,2.558575176,0.105486415,20.09844358
603909,2018,0.345588235,-0.634803922,-0.021071899,0.866493526,0.880172396,-0.001214292,0.226848729,0.021965588,0.012869756,14.49596374,0.399217997,0.001213545,-0.090923673,,0.156158076,-0.021217698,-0.021217698,-0.037429915,-0.033982967,0.040654344,-0.082147841,,0.02341183,1.584815906,21.00965106,2.858900785,0.090291892,20.01272463
603916,2018,-0.992647059,0.218137255,0.943777414,1.005908758,1.328419414,1.175803652,-0.407771975,0.041568491,0.022777647,14.61957693,1.15877386,0.016819599,0.999336655,0.007340344,,0.03007461,0.03007461,-0.002939788,0.011725838,0.171329762,0.134685055,,0.014019589,1.889440812,22.40814909,1.904895285,0.214145229,21.65470585
603916,2019,-0.110576923,-0.466346154,-0.017872904,1.370976568,0.308701711,0.247832125,-0.081466265,0.041524654,0.021621342,15.74054574,0.50142814,0.01103548,1.119154485,,,0.430160135,0.430160135,0.460788348,0.73381152,0.251043091,0.133650022,,0.024194556,1.743892568,22.63212676,1.627380189,0.2234679,21.78014839
603926,2019,-0.288461538,-0.733173077,0.42171063,0.749556083,0.86415998,0.03542719,0.281156882,0.030094555,0.017455657,14.5148359,0.6143442,0.021016197,1.490455259,-2.556604354,,0.354893649,0.354893649,0.308171733,0.333880804,0.009918036,-0.127468983,,0.019466312,1.611116051,21.4762895,2.093087935,0.316055048,20.50689396
603928,2018,0.789215686,0.522058824,-0.211732975,0.997345641,0.828536463,-0.097572035,0.30221789,0.022078279,0.017616377,14.16207712,1.046968319,0.011531203,-0.173052253,,,0.013951263,0.013951263,0.00501873,0.033961616,-0.017977869,-0.352813178,,,1.166648372,21.17918649,4.70262323,0.259552365,19.23318225
603928,2019,-0.007211538,0.213942308,-0.016078955,0.982511335,1.183687666,0.188300278,0.100954546,0.023089153,0.019945969,14.65547308,0.60007036,0.00731821,-1.606364036,-0.59860104,,0.413090483,0.413090483,0.510342124,0.601164697,0.118906989,0.512203824,,,1.239239365,21.2915388,3.62547697,0.238282182,19.64675032
603937,2018,0.946078431,0.394607843,0.332513017,1.15554123,1.140809456,0.4367739,0.274625393,0.020529094,0.017440254,13.67320719,1.61443837,0.008833531,-0.477488175,0.222867621,,-0.1383796,-0.1383796,-0.118180345,-0.108220647,-0.004710981,-0.213862593,,-0.058670406,1.187607845,21.24764976,5.129105749,0.06697043,19.40230727
603937,2019,0.543269231,-0.15625,-0.163441405,0.824833394,1.138152711,0.36646618,0.030507478,0.024976421,0.020913733,14.28498739,1.016994869,0.013477798,0.602321087,,,0.635138022,0.635138022,0.613399546,0.632649451,0.088701699,0.438085506,,-0.010216455,1.263690487,21.33263565,3.881921383,0.118181229,19.76561999
603963,2018,0.651960784,-0.375,0.003493914,1.068726695,1.713013685,1.016863786,-0.600109125,0.005066968,0.004104704,13.92091929,0.421818396,-0.001036901,-0.760995344,,,-0.354512507,-0.354512507,-0.309173574,-0.156763478,0.006735006,0.020920918,,-0.009964362,1.203451167,20.1495325,4.537178087,0.13029356,18.37200983
603966,2018,0.850490196,0.830882353,-0.05224606,1.177880129,1.501604676,0.437319367,-0.199642683,0.027271607,0.012080411,14.0790953,0.796130974,0.002892144,0.678587811,-1.05526319,,0.184932591,0.184932591,0.147547779,0.197390611,0.29681978,0.383056621,,-0.001415549,2.384910839,21.68762949,1.369712655,0.084921634,21.14410351
603966,2019,-0.348557692,0.348557692,0.218944819,0.82354501,0.602502948,0.187316848,0.266907763,0.035371474,0.014951566,14.98050945,0.369552755,0.005229332,0.203448171,-1.579877792,,0.390217282,0.390217282,0.395501587,0.415644373,0.119635279,0.122113142,,0.019471862,2.392242928,21.80063247,1.514730834,0.093960791,21.25931715
603969,2016,-0.528271405,0.754442649,-0.547716592,1.315958087,1.28965653,-0.355470753,0.034573468,0.01394262,0.011903443,14.94679128,0.561465261,0.000822208,-1.151357316,0.891045158,0.112570349,0.073185022,0.073185022,0.123799157,0.10518628,0.244060348,1.482632814,,0.017146363,1.42494935,21.56258674,2.597979914,0.111377271,20.35266518
603969,2017,0.943005181,0.562176166,0.090198536,1.223247714,1.044657001,0.185796539,0.247345548,0.02154006,0.014939554,15.21758391,0.416855722,0.005028938,1.824388523,-0.714653681,0.178148871,0.183798185,0.183798185,0.137916338,0.15664051,0.231101538,0.602682262,,0.021341187,1.634606508,21.77049607,2.016574058,0.120377672,20.82434382
603969,2018,0.460784314,0.566176471,-0.059656402,1.003995337,1.048139701,0.36988297,0.207536188,0.021870206,0.014017649,15.06045394,0.518010536,0.00109123,-0.658416106,-1.081513119,0.274451805,-0.104623098,-0.104623098,-0.084210277,-0.090569928,0.113308777,0.213223406,,0.023413981,1.733324868,21.87783253,1.938970267,0.120627916,21.01762461
603969,2019,0.836538462,0.884615385,-0.042507922,0.83562921,0.968491615,0.093208528,0.590713105,0.022825792,0.013582814,15.08546736,0.531177316,0.010126061,-0.052190564,,0.150543522,0.476091904,0.476091904,0.419700365,0.496312963,-0.085014706,-0.347652274,,0.036588942,1.431915621,21.78898525,2.8531013,0.117801127,20.59044707
603978,2018,-0.931372549,0.308823529,-0.115797489,0.905622733,1.058734683,-0.14720531,-0.485139757,0.013867556,0.010280498,14.48144666,0.781291951,0.006723769,-1.270478764,-0.768860735,,-0.184208975,-0.184208975,-0.090733433,-0.110719481,0.080835693,0.224571177,,0.020130025,1.397948311,21.47515117,1.92828551,0.389396944,20.21871235
603978,2019,-1.0,0.408653846,-0.169122621,1.050076452,1.022062465,0.077862918,0.411351918,0.005503569,0.003596334,14.84467728,0.592712224,0.003884009,-1.237513063,-1.348335728,,0.508192212,0.508192212,0.521418677,0.564376771,0.137697997,0.229488398,,0.028279531,1.444320822,21.60415809,9.061622387,0.387888168,20.42531049
603979,2018,0.262254902,-0.68627451,0.216217416,0.923676737,0.521180053,0.439271141,0.216799563,0.018307667,0.011669726,15.45211467,0.840985433,0.015654404,0.564173467,,0.186971023,0.16659077,0.16659077,0.159915986,0.183163249,0.008323755,-0.10616042,,0.038276686,1.475763366,22.61917006,2.562702816,0.199669976,21.48715999
603979,2019,0.78125,0.432692308,0.728545725,1.202982291,0.749684061,0.332877619,-0.263925833,0.021021907,0.014164163,15.87493743,0.596349607,0.011719929,0.669394973,-0.816435238,0.108422961,0.19931185,0.19931185,0.171923345,0.163569063,0.204049404,0.396371841,,0.037150988,1.597135324,22.80486044,2.872502189,0.162258062,21.82103732
603987,2017,-0.481865285,-0.544041451,-0.004659788,0.953950524,1.099253844,0.301821573,-0.429498308,0.037550474,0.030896678,14.38939682,0.823466108,0.024299013,0.548240359,0.079800252,,0.099703574,0.099703574,0.076198097,0.045124125,0.388371872,1.124214281,,-0.004317408,1.42571055,21.56345076,1.914762842,0.313714259,20.35478482
603987,2018,0.801470588,-0.504901961,1.393200509,0.677980197,0.931519899,0.862915158,-1.353682047,0.034373862,0.023810964,15.11486626,0.562445321,0.007474103,3.03127258,0.411554629,,0.615835726,0.615835726,0.617722663,0.588106859,0.671747076,0.569912715,,-0.015696321,1.38967336,22.07732,2.491745118,0.243160739,20.80580484
603987,2019,0.334134615,-0.802884615,0.479610542,1.077014471,0.340190362,0.131534634,-0.214079134,0.029542866,0.020914902,15.93645543,0.353791007,0.005902551,-0.138096284,-2.285223171,,0.172508467,0.172508467,0.196223122,0.151614964,0.131258663,0.188973703,,0.002902613,1.417861181,22.20065087,2.11815406,0.233292354,20.97889534
603988,2016,-0.185783522,0.841680129,-0.542148753,0.675010359,0.23561794,-1.11968674,0.717162192,0.010597786,0.008292523,14.8546895,0.263625834,0.002721974,1.823826667,-1.529601081,0.028945791,0.48058621,0.48058621,0.474426615,0.438806067,0.111665638,0.482508699,,,1.367441642,20.62613643,3.035282628,0.055730842,19.31200408
603988,2017,0.445595855,0.774611399,0.13727499,1.122523439,1.084687945,-0.557082977,-0.702852349,0.022492099,0.01668574,14.74109479,0.267149965,0.007682984,0.06042736,-1.126923494,-0.011388563,0.188774674,0.188774674,0.155769968,0.215153784,-0.040866157,0.035156972,,,1.408462057,20.58441178,2.888998888,0.104804586,19.34655716
603988,2018,-0.43627451,0.897058824,0.200133788,1.087894667,0.829792091,0.080511787,-0.004548563,0.058202619,0.039180321,14.67330501,0.286194442,0.031760722,2.931489562,-1.039925518,0.079064257,0.468887283,0.468887283,0.522063201,0.57169735,0.478793551,0.826664613,,,1.558182383,20.97563837,2.675188031,0.078857197,19.94904885
603988,2019,-0.997596154,0.444711538,0.363367999,1.436453232,1.080128572,0.308067104,0.245587973,0.036365589,0.023219802,15.04770182,0.231639908,0.013829895,-1.180145553,-1.608135124,0.076109163,-0.006919672,-0.006919672,0.041783792,-0.015698935,-0.17721093,-0.007427185,,,1.761019743,20.78058296,2.081901589,0.116932306,19.94159395
603991,2018,0.399509804,0.713235294,0.517743919,0.892428485,1.121032235,-0.145390002,-0.070049664,-0.021445825,-0.012827399,13.74996994,0.544439397,-0.005603843,-4.586343593,,,-0.174284381,-0.174284381,-0.031839082,0.026784296,-0.1781623,-0.157747162,,0.036598382,1.718277932,20.33066609,1.495079898,0.336127273,19.45844481
603991,2019,0.774038462,0.665865385,0.624258585,0.50371029,0.411148163,-0.362431189,-0.077936091,-0.023434306,-0.014068794,14.96893669,0.122396018,-0.001198721,1.707156349,,,-0.668389587,-0.668389587,-0.653226489,-0.688520332,-0.243360962,-0.466601664,,0.04963288,1.417811675,20.05179712,2.541951073,0.419137675,18.82995803
603998,2018,0.870098039,-0.691176471,-0.096664451,1.257536153,1.754984993,0.977468389,-0.357852953,0.017009965,0.011130201,14.93447385,0.393431789,0.005445811,-0.874315476,-0.553336313,0.203014759,0.074708219,0.074708219,0.117787935,0.473281616,0.093384755,0.216468738,,0.020613536,1.637125908,21.41496542,0.95364854,0.249480231,20.47123522
603999,2017,0.077720207,0.505181347,-0.072396663,1.302694958,0.766234429,-0.396197347,0.410467306,0.006492965,0.005598847,14.57022742,0.922738215,0.001161987,-1.04101761,-2.101749143,-0.081313116,-0.1372865,-0.1372865,-0.240470115,-0.276720809,0.037053412,0.275920664,,-0.364430685,1.177099158,21.43993119,5.663757352,0.103996233,19.54583263
603999,2018,0.823529412,0.529411765,0.048471093,1.334385917,1.457628471,0.234108455,-0.049531385,0.010490894,0.008700238,15.06513875,0.505345248,0.001320082,0.195589566,-1.822701055,-0.147447156,0.407949493,0.407949493,0.505415751,0.626228735,0.014149712,0.122897674,,-0.574004979,1.19988554,21.45398173,5.307333425,0.103674586,19.66174519
603999,2019,-0.170673077,0.747596154,-0.125531626,0.9449687,1.191382261,0.228284554,0.200662613,0.011823376,0.009820185,14.993743,0.545144426,0.001739118,0.415402846,-1.53146006,-0.092676475,0.208463108,0.208463108,0.208266709,0.263786794,0.062556906,0.213604134,,-0.961933887,1.234976948,21.51465991,4.514762114,0.101597536,19.85533974
