asset,beta_bri,year,br,compounded_xret,compounded_xret_beta,rank_beta,rank_br,compounded_xret_2014,ch4mkt_beta,ch4smb_beta,ch4vmg_beta,ch4pmo_beta,lag_me
32,0.083873037,2018,1.89e-05,1.168592659,0.314456787,0.965686275,0.031862745,-0.31113128,1.092323681,0.730676199,-0.512615317,0.271603434,2232463.7900000005
55,0.063496161,2018,6.19e-05,-0.149733938,-0.074416991,0.924019608,0.848039216,-0.334215835,1.072313433,1.285039524,0.070134959,0.034794098,3924520.5083333296
151,-0.006665953,2018,0.000119437,-0.275758433,-0.00778693,-0.245098039,0.982843137,-0.164410317,1.206562553,0.757776904,-0.535342593,0.740658945,3329578.3883333337
153,-0.069614404,2018,1.32e-05,0.236939445,-0.033576339,-0.93872549,-0.210784314,-0.359005118,1.116639402,1.23979122,0.266948121,0.087702309,2098826.814166667
159,0.01637884,2018,1.15e-05,-0.383109778,1.046892888,0.389705882,-0.416666667,-0.211419751,1.140929485,2.486061126,1.056116478,-0.218246498,2038025.8591666666
498,-0.008287271,2018,2.53e-05,-0.085778958,0.264962364,-0.272058824,0.299019608,-0.242121528,1.014419139,0.540686065,0.183533449,-0.355981557,2307431.750000001
506,0.151622028,2018,3.84e-05,-0.397343129,0.199292735,0.99754902,0.602941176,-0.639616945,0.845073264,0.943028666,-0.771298158,-0.1371875,3539268.2177777803
524,0.029792271,2018,4.79e-05,-0.275371756,-0.044601977,0.634803922,0.730392157,-0.385972756,1.057193666,0.913448383,0.268798019,-0.097318125,2391394.7258333336
533,0.009551806,2018,2.23e-05,-0.063288915,-0.233604402,0.225490196,0.161764706,-0.763823857,1.021828986,2.149318995,0.23478703,-0.439974334,2845769.471000001
548,0.01854,2018,1.23e-05,-0.176778903,0.005173325,0.421568627,-0.279411765,-0.34488058,0.893326753,1.216551801,0.32254376,-0.412380858,2555077.3524999972
551,0.028695169,2018,8.1e-05,0.437802743,0.145159803,0.615196078,0.931372549,-0.295300904,1.09600237,1.485734231,0.388870579,-0.208462402,2514505.343333337
561,-0.038769472,2018,3.86e-05,0.014990246,0.148313717,-0.764705882,0.610294118,-0.353266048,1.01569106,0.382189291,-1.450855523,0.841334375,3880746.8450000025
570,0.000259244,2018,4.2e-05,-0.140699131,0.199951782,-0.044117647,0.651960784,-0.335630464,1.175489521,1.548893032,0.675044207,-0.408611996,1827187.6316666668
582,0.058133605,2018,5.47e-05,0.195823087,0.187622372,0.906862745,0.789215686,-0.260663662,0.956992526,1.192831898,0.647164097,-0.468611312,2190714.178333332
586,-0.028073995,2018,1.32e-05,-0.23755945,0.120561163,-0.651960784,-0.210784314,-0.364808206,0.985290908,0.868445432,-1.072874294,-0.332133451,2233103.600000002
599,0.04098631,2018,1.26e-05,-0.069579138,-0.097207364,0.772058824,-0.257352941,-0.420340219,1.156198272,1.216718627,0.266382649,0.049685233,3224394.6633333326
619,0.019394603,2018,4.26e-05,-0.133630667,-0.140369338,0.43872549,0.664215686,-0.385124919,0.751365136,1.055827807,0.504701488,-0.079009512,2343600.0000000005
628,-0.020003491,2018,1.22e-05,-0.197731569,0.232502197,-0.531862745,-0.301470588,0.163240949,0.959651959,1.273591766,0.383366032,0.070976879,1662059.5075000005
668,0.047980929,2018,1.4e-05,0.158201796,0.460466863,0.833333333,-0.154411765,-0.347421978,1.063786195,1.154376709,-0.112379205,0.017331483,1658556.764166666
680,0.015116101,2018,9.18e-05,-0.180021536,0.185696597,0.352941176,0.963235294,-0.367516762,1.236941717,1.197240688,0.613662842,-0.560896119,4067403.147500006
701,-0.02806391,2018,7.34e-06,-0.249550077,-0.128712759,-0.649509804,-0.960784314,-0.401984606,1.111171426,1.209154204,-0.115742468,0.04900356,2813108.537500001
713,-0.006590714,2018,9.49e-06,-0.026957692,1.159787502,-0.242647059,-0.75245098,-0.343771314,0.608928586,2.025761792,0.137921694,-0.196424786,1760922.8627272733
721,-0.004699183,2018,1.31e-05,0.042166004,0.064020011,-0.174019608,-0.218137255,-0.308182932,1.215042726,2.37965302,1.231001618,-0.144994061,1976151.25
756,0.042240172,2018,1.1e-05,0.442194344,-0.108633229,0.779411765,-0.504901961,-0.488973688,1.236681142,1.2346615,0.696112638,0.005655022,3139493.5175000015
798,0.007737873,2018,3.75e-05,-0.055774291,-0.070381114,0.171568627,0.578431373,-0.389106111,0.966761865,1.366282556,0.265393971,-0.210758769,2152326.9308333322
815,-0.009535773,2018,1.72e-05,-0.283091076,0.117638515,-0.308823529,-0.029411765,-0.560113182,1.317232958,0.293149884,-1.208069763,1.022330832,3047879.9999999995
833,0.020626575,2018,9.1e-06,-0.155362956,0.004509986,0.470588235,-0.803921569,-0.337573874,1.01248276,1.476608942,1.043426852,-0.157797453,2084516.612500001
837,0.042052509,2018,2.91e-05,-0.191112582,-0.112621736,0.776960784,0.419117647,-0.367785227,0.961901013,1.171751303,0.079815306,0.158682498,2870357.1716666664
856,0.025967449,2018,2.21e-05,-0.372724258,-0.027426973,0.573529412,0.149509804,-0.308084591,1.177355678,0.857202318,-0.598778341,0.338744337,3424862.5000000014
863,-0.042780193,2018,3.07e-05,-0.20627289,0.227869621,-0.818627451,0.448529412,-0.239535611,0.599283144,0.677604025,0.694426551,0.249276159,4020365.564166665
881,0.015159521,2018,1.66e-05,-0.100575229,-0.207396896,0.355392157,-0.046568627,-0.492006667,1.064426861,1.052421973,0.157886541,-0.35826932,2924463.1041666693
923,-0.007367207,2018,1.17e-05,-0.274928616,0.190377048,-0.257352941,-0.375,-0.412820459,1.252434933,0.858861827,0.513033034,-0.086005978,3278385.0
925,0.017102062,2018,1.82e-05,0.01135027,0.128151261,0.409313725,0.0,-0.479296297,1.138342564,0.750966731,-0.374636424,0.623065911,3061681.1041666674
928,-0.026845241,2018,2.24e-05,-0.312373326,0.152011808,-0.625,0.176470588,-0.32686811,1.338301763,1.580580246,0.421689114,0.366257768,3787010.653333331
949,0.010030145,2018,1.54e-05,0.174648983,-0.025040886,0.232843137,-0.080882353,-0.410760743,0.887496067,1.047525427,0.369965948,-0.164045921,3964697.403333332
957,-0.034049924,2018,1.37e-05,-0.145208181,0.113825377,-0.713235294,-0.171568627,-0.599005238,1.211239397,1.713577032,0.295479772,-0.601486029,3480077.4633333334
978,0.00808585,2018,2.27e-05,-0.209522131,-0.051344328,0.191176471,0.18627451,-0.372500023,0.926526174,1.090964516,0.466349397,0.012425003,2346855.485833334
2006,-0.008755698,2018,4.82e-05,-0.202360084,0.067613305,-0.291666667,0.737745098,-0.237742274,1.019243643,1.164737575,0.184961426,-0.626403994,2717684.5000000005
2015,0.022416944,2018,4.27e-05,-0.087944599,0.067804078,0.509803922,0.666666667,-0.442940724,0.817115774,0.873016261,0.171279186,-0.184293092,2194187.360833333
2037,-0.044050714,2018,2.08e-05,-0.149398947,-0.072059932,-0.830882353,0.090686275,-0.282348597,1.094390221,1.140213505,0.765718387,-0.389764501,2913249.2549999994
2057,-0.019168592,2018,1.02e-05,-0.489283584,1.892337693,-0.514705882,-0.656862745,-0.326309033,1.489317509,1.850682969,1.246457954,0.240458635,2111736.5191666684
2060,0.041094567,2018,1.46e-05,-0.097642013,0.094284934,0.774509804,-0.120098039,-0.292231458,0.933264427,0.84186262,0.41841086,-0.155656227,3733305.296666665
2109,-0.00635801,2018,1.38e-05,-0.250646957,-0.001971253,-0.230392157,-0.166666667,-0.245353623,1.102513658,1.695171705,1.267939768,-0.661394397,1993265.8183333331
2111,-0.013440819,2018,9.61e-06,0.172708998,0.193540697,-0.414215686,-0.735294118,-0.327916017,1.00827388,0.902947056,-0.017937357,0.461856579,3383965.8916666675
2112,0.03770642,2018,5.18e-05,0.10249541,0.081433177,0.740196078,0.762254902,-0.623742416,0.967227059,2.28555147,0.520785523,-1.026570829,1462094.50090909
2116,0.034774306,2018,3.47e-05,-0.328722174,0.442812339,0.710784314,0.512254902,-0.366912966,1.012666936,1.092737868,1.118056467,-0.241476495,3314923.704166667
2135,0.030159202,2018,8.54e-05,0.311097562,0.079468567,0.639705882,0.946078431,-0.320444097,0.854957295,0.361926358,-0.196224364,0.04911163,4061576.6941666678
2140,0.011309531,2018,0.000120799,-0.248616298,0.371685156,0.267156863,0.987745098,-0.487878193,1.036873812,0.841572368,-0.76239281,0.486096325,3387516.4100000025
2149,0.026244168,2018,2.34e-05,-0.292795001,0.340292517,0.580882353,0.203431373,-0.450164968,1.31463104,1.502262886,0.767094378,0.303253689,3202294.995833335
2163,0.087233385,2018,2.34e-05,0.720074619,-0.049904183,0.970588235,0.203431373,-0.350795009,0.994133126,0.65184431,-0.634700467,0.157816282,4025924.736666667
2164,-0.004297122,2018,6.48e-05,-0.28686289,-0.271135209,-0.166666667,0.867647059,-0.68786517,1.0712772,2.30480875,1.440006881,-1.028466167,2210903.2641666667
2165,0.008062184,2018,2.41e-05,-0.10429498,0.191628529,0.18627451,0.25245098,-0.434117436,0.871066363,1.418957354,1.007232504,-0.701239697,2303286.206666668
2196,-0.009448498,2018,1e-05,-0.22213086,-0.139202403,-0.306372549,-0.678921569,-0.463135835,0.934986471,0.970584303,-0.246577054,0.32146822,2183611.8383333334
2201,-0.052807488,2018,1.16e-05,0.953332195,-0.006176712,-0.882352941,-0.397058824,-0.433038216,1.094938542,1.454424009,0.722068944,-0.089084308,2162599.0449999995
2205,-0.019418027,2018,1.22e-05,-0.254804065,0.612928351,-0.522058824,-0.301470588,-0.347236725,0.879166415,0.855732348,0.051480361,0.3004813,1584023.1433333333
2209,0.008930358,2018,1.17e-05,-0.162242391,-0.033338393,0.208333333,-0.375,-0.332719227,0.951751283,1.331657343,-0.433911644,0.043097789,1379393.0008333337
2213,0.036986959,2018,1.3e-05,1.341058883,-0.469719985,0.727941176,-0.223039216,-0.458483009,1.127998657,1.750550347,0.011491604,0.280222715,2263482.736666665
2225,0.047221061,2018,9.89e-06,-0.077060229,-0.069372994,0.828431373,-0.696078431,-0.154718636,0.891304891,0.554690189,-0.191194412,0.177546712,3118848.213333333
2246,0.016789848,2018,2.01e-05,-0.057104515,-0.085544906,0.401960784,0.06127451,-0.473298698,1.181683954,0.979489934,-0.489037431,0.785617291,3686291.77333333
2248,-0.0366216,2018,1.07e-05,-0.234390472,0.016784667,-0.75,-0.571078431,-0.14508804,0.769138849,0.70586108,0.389059537,-0.079726449,2682807.6922222204
2274,0.044987889,2018,1.21e-05,-0.271705329,0.659432079,0.803921569,-0.318627451,-0.296825824,1.057424614,1.187548572,0.873179094,-0.707180109,3300980.0649999995
2278,-0.048858802,2018,1.34e-05,-0.283692433,0.052223767,-0.855392157,-0.193627451,-0.546376545,0.769133215,1.283790672,0.374045301,-0.391541794,3137347.766666669
2314,-0.003738048,2018,9.3e-06,0.234794799,-0.267042819,-0.134803922,-0.779411765,-0.544478315,1.075386548,1.347658968,0.24921664,-0.182196933,3847830.8941666633
2315,-0.026449296,2018,1.2e-05,0.13159032,0.175478671,-0.610294118,-0.325980392,-0.44817532,1.128225726,0.440639272,-1.085004881,-0.011985414,1998344.0758333334
2316,-0.005303016,2018,1.04e-05,-0.25747716,-0.166777083,-0.198529412,-0.620098039,-0.401148964,0.97941564,0.602322574,-1.233489358,0.236080514,2652593.5675
2325,0.049885594,2018,7.33e-05,-0.027612917,-0.164964227,0.848039216,0.909313725,-0.396075069,1.147294834,1.026026894,0.102686616,0.168835105,3489899.7108333334
2331,0.003935389,2018,3.78e-05,0.091088761,0.364883564,0.056372549,0.590686275,-0.139911106,0.94130227,0.574575102,-0.927205513,0.599711434,2545871.8416666663
2334,-0.023853441,2018,1.02e-05,-0.245574066,-0.055050189,-0.580882353,-0.656862745,-0.494164339,1.163387226,1.647918875,0.765199029,-0.51372745,3541841.124166664
2337,-0.002977567,2018,2.63e-05,-0.212632745,0.195967038,-0.115196078,0.348039216,-0.309960566,0.868420405,1.822136725,0.329943061,-0.872683381,2341068.2008333323
2342,-0.00135565,2018,6.63e-05,-0.194548046,-0.07150723,-0.085784314,0.875,-0.456107651,1.047136761,1.23813941,0.041741024,0.056706017,3815317.2566666664
2361,-0.000717051,2018,2.45e-05,0.06435699,-0.005603726,-0.058823529,0.267156863,-0.356736788,0.896011933,0.991416014,-0.25052332,-0.072794821,2577263.784166667
2367,-0.008637617,2018,2.12e-05,0.229459172,0.450566251,-0.281862745,0.098039216,-0.273605506,1.129623953,1.212122199,-0.435984545,0.081505982,3448154.2599999984
2392,0.026788778,2018,2.34e-05,0.12587199,0.022205957,0.590686275,0.203431373,-0.372344836,1.022390539,0.925435838,0.151224169,0.01729307,2830905.9899999998
2394,-0.005645112,2018,1.95e-05,-0.049459897,-0.000404997,-0.213235294,0.046568627,-0.116702103,0.601719949,0.396918597,0.105556034,0.048624881,3453878.999999998
2398,-0.027034369,2018,2.76e-05,0.634814912,0.267413589,-0.629901961,0.37745098,-0.405117362,1.170592588,1.124916519,0.531981414,-0.065593483,2830862.2320000017
2401,-0.062952811,2018,1.3e-05,0.354596438,0.148722602,-0.926470588,-0.223039216,-0.259248291,0.980503511,0.111560922,-1.147819558,-0.08807982,3169007.8233333337
2409,0.129748386,2018,1.08e-05,2.442106559,-0.239917212,0.987745098,-0.544117647,-0.522383332,1.130700707,0.229560775,-1.775458138,1.079659727,3561256.345833335
2443,-0.021338705,2018,3.81e-05,-0.040794376,0.062872962,-0.551470588,0.598039216,-0.410810242,0.951220277,0.867317558,-0.251619245,0.283780834,3628536.481666664
2455,-0.003639672,2018,1.46e-05,-0.22941396,0.046715421,-0.129901961,-0.120098039,-0.477073653,1.016010588,0.924034142,-0.087229602,0.118567221,2119951.313333335
2457,0.062620977,2018,2.19e-05,-0.078448907,0.056594822,0.919117647,0.137254902,-0.31877756,1.140519293,0.91577599,0.329023517,0.046371049,2740479.8491666666
2467,-0.039468827,2018,5.42e-05,0.136242856,0.912936298,-0.774509804,0.784313725,-0.348791464,1.052719263,0.642743774,-1.92496597,0.496875812,3734372.0308333333
2469,0.015393197,2018,1.34e-05,0.039847913,0.033195925,0.357843137,-0.193627451,-0.421529474,1.096768076,1.694034002,0.569517396,-0.007412194,2160710.7850000025
2483,0.010304386,2018,6e-05,0.072577809,-0.019637401,0.242647059,0.840686275,-0.332289087,0.849352871,1.374953528,0.593045972,-0.696681731,2638993.5516666654
2486,-0.10222849,2018,4.24e-05,0.067330585,-0.057164937,-0.987745098,0.661764706,-0.306025685,0.689604747,1.612014099,0.49210312,-0.596597491,3195367.499999998
2514,0.023152182,2018,2.23e-05,-0.353389264,0.034328975,0.524509804,0.161764706,-0.313097507,0.49651487,0.660213808,0.165168486,-0.398749758,2266513.6116666677
2520,0.131151641,2018,4.5e-05,-0.094803923,0.00114475,0.992647059,0.705882353,-0.298374621,0.916440077,0.194073643,-1.427707966,0.650173878,3538760.7428571396
2529,0.010158777,2018,1.12e-05,-0.2563931,-0.278406471,0.237745098,-0.468137255,-0.565903584,1.355991004,1.831417304,0.26190416,0.083977815,2349666.6666666674
2533,-0.00088782,2018,1.02e-05,0.059544845,0.07229672,-0.066176471,-0.656862745,-0.34454931,1.038847251,1.689354133,0.905369305,-0.476379432,2667261.794166666
2539,-0.026698329,2018,7.77e-06,0.494705586,0.10636211,-0.620098039,-0.926470588,-0.351105734,1.01556631,1.098147218,0.653308376,0.134019446,2578158.0949999983
2545,-0.094829078,2018,6.34e-05,0.210696081,0.054596549,-0.985294118,0.862745098,-0.327241094,1.008988238,0.047911492,-0.69867913,0.724744382,3955117.8355555576
2551,0.013993526,2018,6.93e-06,0.684385254,-0.179807037,0.316176471,-0.975490196,-0.501634291,1.165346069,1.075643745,0.094963274,0.024980433,2622926.524166667
2553,0.009127709,2018,1.54e-05,0.054068681,-0.048954354,0.213235294,-0.080882353,-0.44096823,1.047004791,1.723977914,0.554015742,-0.033314908,1534743.0608333342
2554,-0.026781676,2018,3.58e-05,-0.324673501,0.138964358,-0.62254902,0.536764706,-0.432988558,1.24316543,1.686429653,-0.034552618,0.128155021,2555902.5683333324
2556,0.057666805,2018,2.23e-05,0.495560028,0.114026634,0.904411765,0.161764706,-0.331630829,1.075118006,1.16258576,0.155942975,0.320510442,3906898.649166669
2559,0.006208028,2018,1.22e-05,0.083207151,0.175669141,0.112745098,-0.301470588,-0.272672686,0.994055893,1.095498099,0.396372635,-0.289909054,2342657.8649999998
2565,0.006086808,2018,2.12e-05,-0.347162386,1.363141816,0.110294118,0.098039216,-0.408208092,1.104405033,1.541081157,0.534414199,-0.74969309,3402965.8516666647
2571,-0.079077401,2018,1.06e-05,-0.018573241,-0.147063066,-0.958333333,-0.588235294,-0.304384578,1.173453556,1.634679887,0.018072226,-0.134011793,1448290.2722222216
2576,-0.062772721,2018,1.45e-05,-0.093866516,0.310604983,-0.924019608,-0.12254902,-0.599506966,1.215954294,1.583859662,-0.06011529,0.669665975,1486736.5666666664
2578,-0.052969232,2018,4.14e-05,-0.047806294,-0.076414666,-0.884803922,0.642156863,-0.289049185,0.507862895,0.579014065,-0.060027408,-0.134762354,2140564.3208333314
2580,-0.077995824,2018,2.56e-05,-0.042024477,-0.105198688,-0.955882353,0.308823529,-0.402676187,1.248862231,1.331759866,0.018179084,0.252806631,1717921.5555555555
2593,0.004143743,2018,4.19e-05,-0.102934034,0.14193648,0.058823529,0.649509804,-0.303205824,1.031272133,1.310688752,0.263664126,0.344134359,1632736.2516666676
2598,-0.017360878,2018,2.62e-05,-0.108570266,-0.042706362,-0.465686275,0.343137255,-0.309682202,0.924061224,0.751511571,0.151516799,0.008663605,2068260.9800000002
2606,-0.091030499,2018,3.57e-05,0.327857804,0.168003359,-0.982843137,0.529411765,-0.471748815,1.008362939,1.571088778,0.112051501,-0.482309772,2413669.77
2613,0.008297985,2018,6.52e-05,0.495907276,-0.077605009,0.198529412,0.870098039,-0.266313713,1.084366612,1.26236789,0.477351523,-0.323113561,1740048.3350000016
2615,-0.020281834,2018,1.18e-05,-0.148656255,-0.091287722,-0.541666667,-0.352941176,-0.466334275,1.022666106,1.478806431,0.379562136,-0.055196003,1455340.166666666
2620,-0.055082492,2018,1.11e-05,-0.124579209,-0.134010163,-0.892156863,-0.490196078,-0.389978752,1.118166777,1.109375813,0.253869898,0.021684243,2266285.2058333326
2639,-0.036460778,2018,1.26e-05,-0.170653323,0.254442584,-0.74754902,-0.257352941,-0.352935685,0.876532108,2.093592505,1.348513163,-0.83055416,3058424.7875000015
2641,-0.009253881,2018,2.22e-05,0.660204154,0.168836456,-0.299019608,0.159313725,-0.27154111,0.775147469,0.7325627,0.078974027,-0.246529582,3249094.2100000014
2649,-0.028991531,2018,3.16e-05,0.038238754,-0.02820863,-0.661764706,0.473039216,-0.41378025,1.086251673,0.484545808,-1.278381322,0.445040451,3803495.0608333317
2651,-0.000486607,2018,1.14e-05,-0.010995487,-0.056265849,-0.053921569,-0.431372549,-0.41926267,1.037924673,1.076083852,-0.445247385,0.001066475,2219992.7325000013
2660,0.030256984,2018,1.03e-05,0.204388324,-0.094286923,0.642156863,-0.634803922,-0.39270236,1.172737444,1.660385069,-0.179455494,-0.232574943,1509793.8500000006
2667,-0.013271689,2018,1.18e-05,-0.202202916,0.294855151,-0.404411765,-0.352941176,-0.345392981,1.042452572,0.558909527,-0.649922929,0.187911654,1179701.2283333328
2669,0.016218018,2018,3.01e-05,0.198170356,-0.429122522,0.384803922,0.43627451,-0.55212053,1.151796702,1.448411762,0.354683449,-0.281159377,3927034.0225000004
2682,0.017265817,2018,2.07e-05,-0.224087605,-0.040974819,0.411764706,0.085784314,-0.427959566,1.157590665,1.511755484,0.725059214,-0.333903944,2227927.3158333325
2715,0.021703371,2018,2.4e-05,0.530363171,0.117336222,0.492647059,0.237745098,-0.437853119,0.971666889,0.956201354,0.233889065,0.02551217,1380770.4191666676
2722,-0.021697282,2018,1.16e-05,-0.195754574,-0.139150457,-0.558823529,-0.397058824,-0.487218818,0.96180436,1.148351531,0.425354542,-0.156593107,1881395.160833332
2731,0.004301306,2018,1.53e-05,-0.254122096,0.179703385,0.06372549,-0.085784314,-0.065232451,0.546186316,0.760303673,0.587211548,-0.174999145,2033198.5316666656
2738,0.075243556,2018,2.48e-05,-0.158136114,-0.200621169,0.955882353,0.276960784,-0.498234279,1.064710168,0.576793246,-0.308912907,-0.097263935,2322043.766000001
2743,0.032243288,2018,2.35e-05,0.02389833,-0.139415766,0.666666667,0.218137255,-0.45435715,1.134703517,1.199230067,0.45399563,0.116179653,2392588.53083333
2767,-0.006429702,2018,1.36e-05,-0.214799523,0.093961376,-0.232843137,-0.178921569,-0.323233057,0.772633136,0.988317151,0.073619009,0.324652114,1275195.946666668
2769,0.020293765,2018,4.61e-05,-0.258964935,-0.23386333,0.465686275,0.715686275,-0.294538311,1.091907371,1.120574967,0.305097307,-0.59835456,2580510.1941666673
2772,0.026211564,2018,1.46e-05,-0.012318295,0.016383084,0.578431373,-0.120098039,-0.417940758,0.912610665,1.011161576,0.049757551,0.022815489,2003397.5775000004
2774,-0.005314451,2018,2.88e-05,-0.199044364,-0.130101608,-0.200980392,0.414215686,-0.182212599,0.837348351,1.05094118,-0.032880855,-0.230941034,799738.7333333326
2781,-0.047334886,2018,3.08e-05,-0.228920729,0.123502855,-0.848039216,0.455882353,-0.396555922,0.803871966,0.833756273,0.840361988,-0.333829528,1681414.7674999994
2785,0.00361468,2018,7.67e-05,0.498797561,0.015278622,0.046568627,0.921568627,-0.297530239,0.851501971,1.338501454,0.680296524,-0.052478203,965061.3533333325
2787,0.063260902,2018,1.02e-05,-0.090116029,-0.286744381,0.921568627,-0.656862745,-0.379225346,1.10631904,1.141698941,0.301942711,-0.38765291,952536.0449999989
2791,-0.01556186,2018,5.66e-05,4.87687935,0.288305512,-0.450980392,0.81127451,-0.505532723,0.94970818,0.940450603,-0.306767361,0.135465436,1052373.624999999
2799,0.0708642,2018,1.2e-05,0.389230195,-0.258568936,0.948529412,-0.325980392,-0.463173654,1.078046401,0.944653654,0.009279778,-0.255248035,1096314.3749999993
2801,0.003055504,2018,0.000120592,0.543154221,0.008660759,0.039215686,0.985294118,-0.378943019,0.915041228,1.096994408,0.258878849,0.144456652,759306.6666666666
2802,0.006301816,2018,1.24e-05,0.156673671,-0.182502269,0.12254902,-0.267156863,-0.273738768,0.960221952,0.553813648,-0.363199171,0.37315251,892462.8058333332
2803,0.025995275,2018,3.65e-05,1.096230254,0.008722591,0.575980392,0.556372549,-0.451552769,1.287651937,0.792828491,-0.064342771,0.356944123,1572731.4533333343
2811,-0.043139146,2018,7.24e-05,0.019440102,-0.03857476,-0.821078431,0.901960784,-0.107705699,1.009051797,1.395703667,0.290547422,-0.152852968,711375.0
2822,-0.015413174,2018,2.49e-05,0.349115298,0.085889424,-0.441176471,0.286764706,-0.34433513,1.022500754,0.91062491,0.504056959,-0.009082016,1911089.6500000015
2826,0.037493748,2018,1.2e-05,0.086409732,-0.377323845,0.735294118,-0.325980392,-0.321024627,1.129754229,1.35244283,0.25098537,-0.476273636,1930835.9741666652
2828,-0.01820013,2018,1.22e-05,-0.350719882,-0.238541153,-0.495098039,-0.301470588,-0.137812485,1.132482849,1.356042209,-0.195241696,-0.072660902,1443559.4741666664
2829,-0.050113022,2018,1.13e-05,0.65236896,-0.332250978,-0.865196078,-0.446078431,-0.347407371,0.86661503,1.236669976,-0.458335524,0.224049595,1411244.015
2842,-0.012512255,2018,2.38e-05,-0.46678193,0.406657585,-0.389705882,0.230392157,-0.420210365,1.187826509,0.246718488,-0.527689792,0.251553745,1462487.2708333328
2843,-0.013423919,2018,3.63e-05,-0.074869884,-0.083446327,-0.411764706,0.551470588,-0.455386517,0.986951592,0.871752982,0.088076579,-0.139148898,1262310.0
2868,0.031921887,2018,9.02e-05,-0.149407641,0.217383725,0.659313725,0.960784314,-0.389438311,1.055930974,1.393947591,0.989601255,-0.253225079,654747.7999999999
2869,0.024600361,2018,1.06e-05,0.680965837,0.515605101,0.549019608,-0.588235294,-0.503429155,1.047390268,0.61558928,-1.03661245,0.493913475,903077.2241666667
2883,0.00926318,2018,2.44e-05,0.157685937,-0.253851752,0.215686275,0.264705882,-0.352093867,1.325227157,1.482151828,1.001223266,0.072625607,669178.5125
2889,0.016058949,2018,8.26e-05,-0.059756179,-0.386335577,0.37745098,0.941176471,-0.157677656,1.168884554,0.798862504,-0.211624959,-0.167850083,1006191.8316666674
2892,-0.004902666,2018,1.27e-05,-0.251134792,0.610869718,-0.183823529,-0.24754902,-0.283959604,0.959927181,0.1996015,-0.519399155,-0.012123147,647443.7066666664
2899,0.059418136,2018,2.02e-05,-0.050358386,-0.341853811,0.909313725,0.066176471,-0.497194393,1.106308292,2.254595006,0.518188212,0.27312876,929685.4800000004
2912,0.082342742,2018,1.17e-05,0.717485413,-0.008806687,0.958333333,-0.375,0.142585712,0.993901164,-0.674160798,-1.742554233,0.69254891,2560955.522500001
300004,-0.015541471,2018,4.46e-05,0.157035442,0.181116633,-0.448529412,0.693627451,-0.658447824,1.332033313,1.959853087,0.287707305,-0.184891654,2343439.348000001
300008,0.026987062,2018,1.11e-05,-0.175591363,-0.20788243,0.595588235,-0.490196078,-0.629614173,1.126696695,0.675768428,-2.684534934,0.777675252,2833339.437500002
300011,-0.004096834,2018,8.96e-06,-0.072000076,-0.035073148,-0.156862745,-0.833333333,-0.42329684,1.238700832,1.083075178,0.115304764,-0.087098978,3425252.4450000017
300019,-0.0847025,2018,1.4e-05,0.749130054,-0.014972746,-0.970588235,-0.154411765,-0.40672647,1.183867304,1.257789628,0.46491566,-0.005738558,2024637.1158333325
300021,-0.016462096,2018,1.96e-05,-0.25248341,0.142067614,-0.453431373,0.049019608,-0.376254872,0.924594762,0.970724669,-0.263670931,-0.411331224,3545123.5108333323
300035,0.020189689,2018,9.65e-06,0.608722041,0.033782628,0.458333333,-0.727941176,-0.406253415,1.256529317,1.593438752,0.770850032,-0.378163921,2181524.236666665
300040,-0.034828876,2018,3.66e-05,0.02284402,0.021902879,-0.727941176,0.558823529,-0.495145575,1.210799525,1.866396474,0.502767,-0.334906621,1470750.3191666668
300041,-0.051325319,2018,2.18e-05,0.576526794,0.051997137,-0.87745098,0.12745098,-0.313146395,0.5453562,0.744765093,0.169382943,-0.191543398,2467413.8275
300043,-0.002900996,2018,9.65e-06,-0.171116548,0.196379227,-0.112745098,-0.727941176,-0.461829189,0.928156409,1.195445576,-0.824579896,-0.053291923,3925015.520000002
300044,-0.039366073,2018,8.59e-06,-0.083410167,0.008763218,-0.772058824,-0.870098039,-0.283850746,1.198852835,0.435972146,-1.189270641,0.192416321,3441995.42
300045,0.010932728,2018,2.04e-05,0.414128204,-0.047975134,0.257352941,0.071078431,-0.335623407,1.097604428,0.513449306,-1.690235722,0.888575781,3342248.9058333314
300048,-0.003457627,2018,5.16e-05,0.314835954,-0.082582681,-0.125,0.759803922,-0.379763182,1.157796861,1.730909391,0.416559195,-0.780118162,2841668.6249999986
300056,-0.039335137,2018,8.71e-06,-0.261897212,0.11396838,-0.769607843,-0.855392157,-0.28665995,0.694927592,0.826589426,-1.029846733,0.510866742,1369173.1450000007
300065,-0.001708019,2018,2.98e-05,-0.19386386,-0.157233342,-0.095588235,0.428921569,-0.446750976,1.222045861,0.067482674,-1.424631278,0.657007092,3786651.4066666686
300066,-0.054460379,2018,1.08e-05,-0.090140914,0.447351903,-0.889705882,-0.544117647,-0.278058051,0.889116306,0.596332647,-1.009158486,0.988246522,3655872.934999999
300069,0.02052919,2018,2.59e-05,0.07360684,0.302114712,0.468137255,0.333333333,-0.722331008,1.141898097,1.533111926,-0.048041068,0.225684229,1603097.8741666665
300080,-0.03311097,2018,1.72e-05,-0.261578378,0.208003214,-0.708333333,-0.029411765,-0.341637823,0.953037053,1.681099874,0.042411402,-0.808379403,2525067.914444446
300082,-0.009816091,2018,5.21e-05,0.016788589,0.39743701,-0.323529412,0.767156863,-0.109820344,0.983008566,1.067552738,0.455839787,-0.043907015,3929416.085833335
300087,-0.004340803,2018,8.04e-06,0.430140233,-0.128919585,-0.169117647,-0.914215686,-0.063946233,0.443576154,0.890299619,0.147142809,-0.708166135,3576678.980833331
300092,0.043898375,2018,1.32e-05,0.004522079,0.186325688,0.791666667,-0.210784314,-0.281711668,1.017980557,1.353479756,0.506662617,-0.522749925,1140849.206666667
300103,0.019169857,2018,2.69e-05,-0.21835549,0.346548671,0.433823529,0.360294118,-0.371894157,1.237415202,1.491728712,1.108770881,-0.948610395,2248324.298999999
300130,0.084690834,2018,1.67e-05,-0.131603796,0.185997004,0.968137255,-0.044117647,-0.136413409,1.200000512,0.143702433,-0.831428587,-0.027735178,3757984.6475000004
300135,0.033497198,2018,3.84e-05,-0.253903685,0.109804562,0.68627451,0.602941176,-0.291264454,1.127504501,1.761726458,1.046968862,-0.228872214,2754048.000000001
300139,0.002590711,2018,1.5e-05,-0.370580927,-0.175631357,0.017156863,-0.105392157,-0.080130839,0.571030974,0.42026114,-1.567596523,-0.849210792,1755654.4174999984
300140,-0.139434324,2018,2.71e-05,-0.239732,0.369142927,-1.0,0.370098039,-0.473810986,1.191507738,1.535539356,-0.047783592,0.602561966,2416210.2249999978
300152,-0.008589565,2018,2.47e-05,-0.537787704,0.630617211,-0.276960784,0.274509804,-0.617678064,0.87806306,2.825565829,1.228725475,-0.972165257,2443455.5333333327
300153,-0.00592718,2018,9.25e-05,-0.29044696,-0.150679361,-0.223039216,0.965686275,-0.437106952,1.164023315,1.187293851,-0.024717926,-0.311259025,2705758.602499998
300164,-0.010326335,2018,1.07e-05,-0.396069309,-0.101412702,-0.340686275,-0.571078431,-0.035533997,1.179060726,1.060338086,0.391979317,-0.186094794,2299631.724166666
300169,-0.011271652,2018,9.88e-06,0.32471687,0.331464021,-0.365196078,-0.698529412,-0.210570703,0.939117603,1.351475977,0.056165804,-0.207609634,1296862.1749999996
300177,0.032047557,2018,7.96e-05,0.099105953,-0.007543786,0.661764706,0.928921569,-0.035515642,0.951433982,-0.296731132,-2.597876875,0.828239705,3693012.522500001
300191,-0.041462078,2018,1.09e-05,0.002797366,0.017719862,-0.794117647,-0.517156863,-0.358692503,1.005081909,1.030346241,0.015085457,0.220263602,3862641.739166667
300193,-0.010426222,2018,1.36e-05,-0.078365568,0.430591093,-0.345588235,-0.178921569,-0.044013363,0.780877311,0.074970536,-0.563326295,0.00645532,3110239.2291666646
300213,-0.059307112,2018,6.28e-05,-0.038484173,0.048645375,-0.914215686,0.855392157,-0.284243804,1.042227418,1.281430271,-0.908710102,0.473233871,2499970.1958333314
300215,0.038000314,2018,2.05e-05,0.03197089,0.06293856,0.74754902,0.075980392,-0.422815301,1.119238069,1.545130445,0.234507754,0.010054819,3970439.045833335
300218,-0.040263888,2018,1.07e-05,0.026029723,0.073024727,-0.781862745,-0.571078431,-0.326278926,0.987536634,1.416190747,0.138329163,0.312462069,1523306.7341666678
300228,0.050569686,2018,1.07e-05,-0.362080893,0.046036264,0.852941176,-0.571078431,-0.546969716,1.356796173,2.0659426,0.707291205,-0.704344607,2819307.1599999983
300263,0.000540884,2018,9.35e-06,0.672186641,-0.111969556,-0.036764706,-0.767156863,-0.450687074,1.136739473,0.468448439,-0.250484272,-0.271835208,2838824.9725
300265,-0.056099702,2018,7.3e-05,0.191376087,0.552694669,-0.899509804,0.906862745,-0.113923125,1.13882507,1.850157726,-0.047910782,-0.005319824,2301752.3791666673
300281,0.016160941,2018,2.65e-05,0.288163175,-0.096792907,0.382352941,0.357843137,-0.505155987,1.085336273,1.452452852,-0.079134733,-0.69742978,1421234.722499999
300288,-0.005459431,2018,1.08e-05,-0.137976749,-0.199811004,-0.205882353,-0.544117647,-0.467411438,1.314355981,0.545427235,-1.106440709,0.316345054,3678059.8433333337
300293,-0.041928056,2018,1.23e-05,1.119618316,-0.128462432,-0.803921569,-0.279411765,-0.393701902,1.26426383,0.759624909,-1.288016925,0.254335398,2486249.999999998
300299,0.05327994,2018,2.04e-05,0.317604398,0.430663793,0.879901961,0.071078431,-0.292677367,1.229277982,1.408605751,-1.23682579,0.606135611,2897853.620833334
300311,0.000938801,2018,3.18e-05,-0.075482512,-0.005751795,-0.017156863,0.475490196,-0.389212969,0.946009066,0.53425296,-1.878558264,0.009482499,2810795.7525000027
300320,-0.010131583,2018,4.51e-05,0.100698857,-0.110670045,-0.328431373,0.710784314,-0.665287393,1.287637048,1.201567778,0.399434155,-0.096380357,2736451.2075
300344,-0.04434401,2018,2.48e-05,-0.179888427,-0.070278254,-0.833333333,0.276960784,-0.384744256,1.112315055,0.596443289,-0.697992502,0.438354435,1578270.9816666674
300370,-0.034324071,2018,7.34e-06,-0.375464173,0.081703516,-0.720588235,-0.960784314,-0.318733154,0.913479121,1.799407766,-0.690168786,-0.152111162,2319288.974166665
300374,0.083069022,2018,5.83e-05,0.745676411,-0.130517915,0.963235294,0.823529412,-0.351389462,1.318105744,1.20485901,-0.179728338,0.702009959,1792080.9516666671
300378,-0.017696862,2018,1.06e-05,-0.007009662,0.066607932,-0.482843137,-0.588235294,-0.34337426,1.389380053,0.629183388,-0.810482763,0.103449171,3233279.47666667
300387,0.014302084,2018,1.12e-05,-0.15859627,0.470013529,0.325980392,-0.468137255,-0.323382295,1.018089458,1.189367076,0.281349814,0.419285509,1857980.3900000006
300402,0.001676332,2018,6.93e-05,-0.132595287,-0.027893322,-0.00245098,0.889705882,-0.401437963,1.087702523,1.435694358,0.08841897,0.279046697,841640.7499999994
300405,-0.018254645,2018,1.04e-05,-0.330684024,0.381843601,-0.49754902,-0.620098039,-0.416798379,0.902328082,1.091360654,-0.371275226,0.622063017,1243643.4999999998
300407,0.011146048,2018,1.11e-05,-0.037780832,0.085896351,0.264705882,-0.490196078,-0.300311875,1.171820608,1.518394076,0.653745545,0.004967507,1434879.8633333344
300412,-0.039475899,2018,3.12e-05,0.387047644,-0.293309929,-0.776960784,0.458333333,-0.353350037,1.17285136,1.701757505,0.235775919,0.129062394,2022355.1975000005
300419,-0.051925903,2018,2.21e-05,-0.029604945,-0.072961864,-0.879901961,0.149509804,-0.463992865,1.03762958,0.997558702,-0.858704796,0.547038239,1643110.210833335
300424,0.004938198,2018,1.16e-05,-0.128299145,-0.232468803,0.075980392,-0.397058824,-0.412949612,0.989863857,0.356380527,-1.28685151,0.712896654,3129794.1809999994
300435,-0.00511724,2018,5.44e-05,-0.312889249,0.317694246,-0.196078431,0.786764706,-0.390663839,1.093800064,1.81496515,1.574585679,-0.859308985,1076115.6000000013
300440,0.033048796,2018,1.88e-05,0.233790384,0.231256042,0.678921569,0.022058824,-0.43148304,0.964236787,0.890890368,-0.354034382,0.261796942,2660660.920833331
300447,-0.020153688,2018,1.22e-05,-0.104405469,-0.159844086,-0.539215686,-0.301470588,-0.512833633,1.046785427,0.881762883,-1.074869113,0.501386984,1733414.7991666675
300455,-0.017510321,2018,1.29e-05,0.868302281,-0.087750038,-0.475490196,-0.230392157,-0.280349743,0.999115118,0.844346255,-0.884067533,0.397048152,3468716.1187500013
300467,0.033535309,2018,8.04e-06,-0.068635782,-0.435238169,0.68872549,-0.914215686,-0.518911549,1.209294359,0.948311083,-0.671195491,0.196847972,3564836.4800000004
300470,0.003849565,2018,1.1e-05,0.256944657,-0.05575374,0.053921569,-0.504901961,0.02524734,1.00751581,0.182381344,-0.053283365,0.187071479,3650519.9524999983
300471,0.016311634,2018,1.07e-05,-0.23991401,0.507913759,0.387254902,-0.571078431,-0.570024709,1.439637294,2.660849882,1.405433455,-0.443603992,1865657.8533333319
300477,-0.130754276,2018,1.29e-05,0.147618996,-0.217229724,-0.99754902,-0.230392157,-0.260175387,0.834357287,0.915799447,0.592889218,-0.603102195,3043495.9983333354
300481,0.012817275,2018,1.5e-05,0.507562523,0.078193537,0.299019608,-0.105392157,-0.287233609,1.06307731,0.976613518,-0.122228573,-0.090790564,2145506.9475
300489,0.008221038,2018,2.64e-05,1.687680429,0.188438895,0.196078431,0.352941176,-0.432273015,1.176656244,1.851931585,0.404273855,0.019330409,869471.3849999994
300490,0.046809486,2018,2.77e-05,-0.225025545,-0.444771995,0.818627451,0.384803922,-0.095134393,1.202782788,0.757863277,-0.290792669,-0.082020309,1257933.6983333337
300511,0.008032928,2018,1.01e-05,0.587342812,-0.09465948,0.183823529,-0.671568627,-0.535645472,1.193021783,1.295620841,0.224698777,0.13524558,1954592.5191666645
300512,-0.024736353,2018,2.61e-05,-0.073593709,-0.22613668,-0.590686275,0.340686275,-0.301831355,0.895930386,0.943384618,-0.675231952,0.269231825,1196687.869166666
300515,-0.055715312,2018,1.17e-05,0.035406848,0.018293613,-0.894607843,-0.375,-0.253491759,1.277528838,0.820910892,-0.430266887,0.265663542,907357.7750000003
300517,-0.041009688,2018,2.4e-05,0.056614355,-0.280194164,-0.789215686,0.237745098,-0.339512806,1.001009765,2.05952095,1.084352803,-0.264735286,746745.0625000005
300526,0.014475491,2018,2.23e-05,7.414551541,0.005009886,0.335784314,0.161764706,-0.396086768,1.09290202,0.84490841,-0.620495881,0.661709985,840377.2000000002
300527,-0.026566763,2018,4.32e-05,-0.149513517,0.081865026,-0.615196078,0.671568627,-0.516011185,1.254374637,0.746808946,-0.565240589,-0.166708066,2629997.165000001
300534,0.007997458,2018,1.26e-05,-0.005347867,-0.276489714,0.181372549,-0.257352941,-0.436858077,1.210085506,1.891405675,0.501388042,-0.565795598,1559694.4575000003
300535,-0.029705817,2018,1.42e-05,-0.147193459,-0.163669423,-0.666666667,-0.142156863,-0.428554711,1.02128473,1.089194431,-0.040050942,0.06437909,858786.5049999994
300541,-0.010355185,2018,1.39e-05,0.427337086,0.117165734,-0.343137255,-0.161764706,-0.177308488,1.312925976,-0.303419735,-1.745910046,0.631622837,1108018.5674999997
300546,0.002853158,2018,2.58e-05,-0.053552899,0.152115747,0.031862745,0.328431373,0.215166965,0.892501935,0.633337561,-0.639644881,-0.112648218,1449627.1266666672
300587,0.012859268,2018,2.83e-05,0.301129723,0.217352981,0.306372549,0.401960784,-0.258490369,0.825545479,0.520542338,0.207611403,-0.751528736,810757.0675000005
300589,0.096517584,2018,6.54e-05,-0.128966262,-0.02577783,0.977941176,0.87254902,-0.209848125,0.790042021,-0.139140142,-1.866791755,0.2064477,728619.8833333325
300590,-0.057566812,2018,1.22e-05,0.411346116,0.542259664,-0.906862745,-0.301470588,-0.124738698,1.331428647,0.048661419,-1.214144205,0.759540383,2314905.000000002
300597,-0.049739834,2018,2.56e-05,-0.30828811,-0.034792997,-0.860294118,0.308823529,-0.309317982,1.140121348,0.418610004,-1.454138039,0.314952742,1153827.4999999995
300599,0.074248147,2018,3.29e-05,0.179720729,-0.01808877,0.950980392,0.492647059,-0.177145054,0.90504774,0.581002741,-0.162862597,0.045123325,999701.7266666666
300600,-0.031858176,2018,1.42e-05,-0.091764618,-0.184446658,-0.691176471,-0.142156863,-0.41452502,1.156427743,0.437319496,-0.860941385,0.15665161,1413634.3541666667
300606,-0.028190971,2018,1.36e-05,0.007846555,-0.123131376,-0.654411765,-0.178921569,-0.470866191,1.00118359,1.112711159,-0.543051438,0.669727937,703958.3608333328
300617,-0.027285454,2018,1.13e-05,0.888895055,-0.085520822,-0.637254902,-0.446078431,-0.357933689,1.105444473,1.153278182,0.284374696,0.041783736,877512.9458333323
300621,-0.00106395,2018,5.48e-05,-0.004021084,-0.218404001,-0.068627451,0.791666667,-0.273534713,1.031697992,1.132534889,0.237917937,0.020382529,718525.0091666672
300623,-0.009423342,2018,1.19e-05,1.106074037,0.053549656,-0.303921569,-0.333333333,-0.385348843,1.218885039,0.103649395,-1.727923336,0.875576723,2126545.9524999983
300627,-0.056444181,2018,3.12e-05,0.43636451,-0.103674484,-0.904411765,0.458333333,-0.229960995,1.093254291,0.425526234,-1.39951953,0.67614882,2040953.9808333358
300635,0.061514794,2018,2.31e-05,0.770987001,0.095254421,0.914215686,0.193627451,-0.046487569,0.904472973,1.082846745,-0.03517786,-0.355120106,583360.7433333333
300640,0.005009858,2018,5.58e-05,0.388014332,-0.095100506,0.083333333,0.803921569,-0.33365646,1.052614462,1.192440512,-0.33192154,0.301697311,569841.5008333332
300647,-0.004047174,2018,2.4e-05,-0.252818048,-0.431029041,-0.149509804,0.237745098,0.329788867,0.74163994,0.491541123,-0.990212411,-0.79633099,1034585.4024999997
300662,-0.037239112,2018,4.4e-05,0.242744401,0.621461269,-0.754901961,0.68627451,0.063638417,0.943829404,0.489491474,-0.056100187,-0.139965927,1681534.2209090916
300665,0.066642502,2018,4.83e-05,-0.119333682,-0.174322759,0.93627451,0.740196078,-0.467261585,1.167413069,1.33076652,0.116743128,-0.12993081,669605.0450000004
300668,-0.010225526,2018,6.17e-05,-0.218857142,-0.378323388,-0.335784314,0.845588235,-0.37817135,1.160636293,0.810066009,0.179270234,-0.791345543,888569.7541666668
300669,0.022380876,2018,2.34e-05,0.951476346,-0.01989649,0.507352941,0.203431373,-0.259229745,0.736659654,0.698650816,-0.071884063,-0.057876518,492097.25000000006
300673,0.014850994,2018,4.01e-05,0.439206178,-0.334053301,0.340686275,0.62745098,0.416334988,1.28956566,0.042911379,-0.24135345,-0.306034367,1365656.220000001
300689,0.05312273,2018,4.47e-05,0.018219903,-0.244466943,0.875,0.700980392,-0.285162274,1.064639479,0.944231606,-0.345818349,0.068246827,639944.6000000002
300711,0.092804356,2018,1.12e-05,-0.22433267,-0.023060509,0.973039216,-0.468137255,-0.278234979,1.121602963,0.528823736,-1.600425818,0.458513271,812432.6174999998
300712,-0.044667013,2018,5.72e-05,0.141334862,-0.201645989,-0.840686275,0.818627451,-0.415607718,1.003302894,1.021666952,0.000738061,-0.148521066,743594.0050000004
300718,0.046594225,2018,1.18e-05,-0.11780018,-0.060774949,0.816176471,-0.352941176,-0.292900583,1.071107189,0.389059201,0.134675966,-0.366535663,912079.166666666
300722,-0.042097641,2018,1.31e-05,-0.092325552,-0.228165687,-0.806372549,-0.218137255,-0.094755428,1.027408161,0.763777617,-1.040862166,0.616023562,709500.0000000003
600051,0.016644176,2018,1.18e-05,0.430632242,0.022708449,0.397058824,-0.352941176,-0.4237558,1.05986043,1.187489756,0.288785722,0.145138878,2067662.880000004
600097,0.049348709,2018,5.31e-05,-0.116288626,-0.041192145,0.845588235,0.774509804,-0.391743925,0.826823563,1.192371408,0.015846113,0.150977597,2439489.1950000026
600106,0.046996725,2018,2.69e-05,-0.146678858,0.181591767,0.825980392,0.360294118,-0.212228824,0.910271963,0.976672645,0.420927486,-0.20611048,3675454.9225000013
600127,-0.008361813,2018,1.15e-05,0.909841203,0.478220218,-0.274509804,-0.416666667,-0.384699805,0.846301604,2.073907437,1.059253844,-0.442594109,2282608.9775000014
600128,0.000382435,2018,0.00010791,-0.148024069,0.161010985,-0.041666667,0.977941176,-0.172118945,0.975749908,1.790429479,-0.40629746,-0.72419293,1913681.9641666654
600133,-0.017093471,2018,1.54e-05,-0.114421028,-0.259176703,-0.463235294,-0.080882353,-0.317191718,1.017484174,2.023944439,0.415011717,-0.217020841,3896360.7309999987
600137,0.007465957,2018,1.34e-05,0.020591852,-0.015676194,0.159313725,-0.193627451,-0.506576103,0.922198738,1.398825028,0.412446452,-0.394517118,1624910.9675000012
600163,-0.009749358,2018,3.66e-05,-0.199183304,0.215074616,-0.321078431,0.558823529,-0.226782744,1.177812327,1.658835349,1.043028188,-0.602022366,3249134.978333333
600192,0.014452735,2018,1.33e-05,-0.240855643,0.297372185,0.333333333,-0.198529412,-0.35954117,1.380581972,2.569849311,1.807967786,-1.139524658,2203218.150000001
600203,0.002546093,2018,1.69e-05,0.61555615,-0.3959863,0.014705882,-0.036764706,-0.518023884,1.204095199,1.770884163,-0.086836425,0.106690549,2522617.1141666663
600229,0.020008312,2018,4.46e-05,0.000270111,-0.067233807,0.455882353,0.693627451,-0.12193151,1.021427073,1.043482001,0.057387443,0.019675052,3986222.8491666634
600235,0.018037637,2018,1.35e-05,-0.106040275,0.153092346,0.419117647,-0.181372549,-0.071958659,0.957583578,1.55726334,-0.80369703,-0.310680583,1948543.9999999988
600243,-0.00470324,2018,2.4e-05,-0.342023563,-0.146136658,-0.176470588,0.237745098,-0.440664834,1.023124314,1.70658003,0.275823207,-0.088632982,1306041.6250000007
600248,-0.010259576,2018,2.24e-05,-0.138787722,0.031160162,-0.338235294,0.176470588,-0.29693152,0.969624497,1.400083065,0.501824697,-0.196041536,2883090.2808333337
600250,0.011406319,2018,2.45e-05,-0.268064685,-0.006870215,0.274509804,0.267156863,-0.368411201,0.738708806,2.559643848,0.959895291,-0.683564658,1942133.6441666668
600262,-0.019462912,2018,3.85e-05,-0.184818459,0.089365275,-0.524509804,0.607843137,-0.134228813,0.719946058,0.208064106,-1.275363198,0.827951056,3380025.0
600272,-0.033403183,2018,1.42e-05,-0.075346153,0.034712977,-0.710784314,-0.142156863,-0.340876527,0.953005268,1.475337451,0.439262136,-0.263018431,1354266.6666666665
600279,0.02950517,2018,2.79e-05,-0.24257076,0.052090466,0.625,0.387254902,-0.313941401,1.059958683,1.256644024,1.05259122,0.103102393,3425525.207499998
600302,-0.025177943,2018,1.54e-05,-0.148631137,0.237943012,-0.595588235,-0.080882353,-0.278781358,0.873631607,1.527247994,0.689427138,-0.516116802,1663442.1324999994
600310,0.010979455,2018,1.51e-05,-0.242573794,0.271144873,0.259803922,-0.095588235,-0.310932891,1.110349407,0.462164495,-0.600674528,0.724331791,3749130.937499998
600336,-0.012904816,2018,1.14e-05,0.361179188,0.129348242,-0.399509804,-0.431372549,-0.33378177,1.240793434,1.635901248,1.252517559,-0.41340273,2974382.2349999975
600353,0.005677964,2018,2.5e-05,0.156386872,0.05693728,0.098039216,0.291666667,-0.354007037,1.040817548,1.019142902,-0.733180629,0.365213479,2824625.400000002
600368,-0.000600664,2018,6.34e-05,-0.263640286,0.475300551,-0.056372549,0.862745098,-0.200525527,1.009076675,1.098002292,1.217948395,-0.046393616,3982097.148333332
600370,-0.008701896,2018,2.89e-05,0.06731906,0.051697233,-0.284313725,0.416666667,-0.083951629,0.812325991,1.082903661,0.192876735,0.075766509,2306028.9350000024
600375,0.002685919,2018,2.2e-05,0.469504127,0.02859426,0.026960784,0.144607843,-0.351014172,0.713979001,0.433096696,-1.391448545,-0.299181054,2505463.858333334
600378,-0.050051347,2018,5.03e-05,0.31681072,0.590999889,-0.862745098,0.75245098,-0.354137397,1.040305272,0.863083955,0.296715745,0.324295045,3029588.4169999985
600381,-0.030679487,2018,1.19e-05,-0.173711805,-0.276713864,-0.683823529,-0.333333333,-0.467516654,1.104717235,1.387225606,0.551675605,-0.034390979,2796268.4458333342
600419,0.048252172,2018,1.17e-05,0.048582378,-0.184774993,0.838235294,-0.375,-0.401142647,1.050721861,0.700882236,0.562164639,-0.20916999,3339024.485
600444,0.01586095,2018,3.57e-05,-0.165504574,0.002144029,0.367647059,0.529411765,-0.394617305,0.956475253,1.381468526,0.704455653,-0.297133867,1378115.0833333337
600448,0.007992416,2018,3.7e-05,-0.210247955,0.173786629,0.178921569,0.573529412,-0.143425064,0.096098718,0.866251079,-0.856848785,-0.150255364,1884898.3366666678
600461,-0.003390793,2018,1.07e-05,0.024201164,-0.011806951,-0.12254902,-0.571078431,-0.157564113,0.750333987,0.496811094,0.008907922,0.267509584,3599640.0
600470,-0.01169358,2018,1.06e-05,-0.354451816,0.131610384,-0.370098039,-0.588235294,-0.34079363,1.243172832,1.4612617,0.359169438,0.044230129,2301994.666666669
600475,0.068625819,2018,2.32e-05,0.07848544,0.01407109,0.943627451,0.198529412,-0.435747885,0.977802844,0.721095728,0.118408915,0.113881499,1495223.1241666658
600479,0.023055343,2018,1.04e-05,0.030447203,-0.087690767,0.519607843,-0.620098039,-0.332533229,1.0657321,1.200160322,0.907465418,0.076561197,4006513.895833329
600480,0.031777747,2018,9.36e-06,0.296389807,-0.079949873,0.656862745,-0.759803922,-0.503813271,1.13975198,0.823827244,-0.503665133,0.709826256,4050220.722500002
600493,-0.04267222,2018,5.71e-05,-0.20965122,-0.060331071,-0.816176471,0.816176471,-0.22464485,0.974828781,2.074269329,1.128254606,-0.128352837,1745333.333333332
600501,0.040301155,2018,1.09e-05,-0.028925397,0.216022292,0.767156863,-0.517156863,-0.510762739,0.923344662,0.801943729,-1.0974571,0.396623865,3455364.662499999
600520,-0.028461157,2018,1.19e-05,-0.388013241,-0.234811283,-0.656862745,-0.333333333,-0.471639157,0.656610536,0.307644642,-1.727887641,0.823844435,2606041.474999999
600552,-0.012161464,2018,1.54e-05,0.312354904,0.077723821,-0.379901961,-0.080882353,-0.509939688,0.959105333,1.06871599,-0.486884408,-0.607898114,3846174.563333333
600558,0.035996297,2018,1.13e-05,-0.208361049,-0.152690135,0.720588235,-0.446078431,-0.482409302,1.086968657,1.317568772,0.246670223,0.121654726,3961429.3216666654
600603,0.00347814,2018,3.55e-05,0.123932707,0.179869974,0.041666667,0.526960784,-0.169209986,1.115385553,0.623835895,0.494469034,-0.625648682,2111693.828333335
600630,-0.001496875,2018,3.69e-05,-0.182862701,0.07310285,-0.088235294,0.566176471,-0.331916278,0.97263184,1.602100752,0.469832345,-0.521713988,3471827.350833336
600679,-0.03149695,2018,2.59e-05,-0.136521876,0.205364895,-0.68627451,0.333333333,-0.489465883,0.99980691,1.479599192,0.335805719,-0.514551781,2618652.4216666673
600706,0.007006912,2018,1.08e-05,-0.271878666,0.023409831,0.144607843,-0.544117647,-0.477046095,1.206407031,1.593208783,1.014768244,0.023858726,2444316.938333334
600712,0.019898424,2018,2.76e-05,0.074907705,0.170578993,0.453431373,0.37745098,-0.540379002,0.634765637,0.340450443,-0.358401923,-0.393965859,2922016.5483333333
600738,-0.022934958,2018,1.5e-05,-0.257942753,0.14278103,-0.566176471,-0.105392157,-0.227940612,0.781438993,0.869997878,0.283246671,-0.3299615,2898756.887499999
600746,0.042817926,2018,1.7e-05,-0.037379944,0.14584874,0.784313725,-0.034313725,-0.294331376,1.260664024,1.436067676,1.062786775,-0.747784365,2007461.5450000016
600798,0.061112829,2018,1.09e-05,-0.202798563,0.012374632,0.911764706,-0.517156863,-0.359886217,1.101945496,1.33011764,0.708893323,0.087054727,3928687.5033333283
600830,0.065134624,2018,1.71e-05,0.114898415,0.131866293,0.931372549,-0.031862745,-0.503227191,1.286875796,0.914987936,-0.047054603,-0.303658625,2708899.3783333343
600831,0.036238274,2018,2.03e-05,-0.296269254,0.769774337,0.723039216,0.068627451,-0.179736616,1.174454254,0.603341883,-1.176124548,0.176876734,3780203.0508333337
600834,-0.020074234,2018,2.79e-05,0.587143606,0.089794742,-0.536764706,0.387254902,-0.300756848,0.843965277,1.140591149,0.713399815,-0.433475301,3628102.4758333326
600843,0.008062606,2018,2.24e-05,-0.134698803,-0.119617619,0.18872549,0.176470588,-0.380387659,1.062967432,1.693638617,0.649814985,-0.011120488,2647118.565
600860,0.006255375,2018,9.35e-06,-0.360189428,0.394573894,0.117647059,-0.767156863,-0.357978804,1.277559642,2.506380738,1.917796977,-0.618886758,1597835.5555555562
600939,0.001000192,2018,9.53e-06,-0.267311672,-0.015357109,-0.014705882,-0.75,-0.382326016,0.991653473,0.890889387,0.337609186,-0.401904943,2142590.0208333326
600969,0.007456949,2018,1.16e-05,-0.147591313,0.179003333,0.156862745,-0.397058824,-0.335798927,1.044423782,1.268335342,0.7644707,-0.339309649,2458412.7666666675
600973,-0.010657461,2018,3.5e-05,0.014081681,0.047048112,-0.352941176,0.524509804,-0.291913875,0.893535359,1.049698321,0.316011338,-0.48052729,3633034.7333333376
600976,-0.004084809,2018,9.83e-06,0.073481971,-0.216530486,-0.154411765,-0.708333333,-0.398105512,1.007552647,1.168411924,0.940119334,-0.191528779,3047065.172500001
600980,0.019507902,2018,3.76e-05,-0.31012489,0.496811694,0.446078431,0.583333333,-0.379680615,1.184910945,0.912806643,-0.009459935,0.148071688,1795517.2366666656
600981,0.019852037,2018,2.14e-05,-0.331582638,0.095108365,0.450980392,0.105392157,-0.34038766,1.128736014,1.760247384,0.372985531,0.039268628,1281663.8099999996
600983,-0.010526716,2018,2.39e-05,-0.216357259,-0.175155922,-0.350490196,0.235294118,-0.275382928,1.100747497,0.998643091,0.674057013,-0.630852823,3226991.9999999995
600984,0.010043821,2018,2.76e-05,2.735044406,0.162791305,0.235294118,0.37745098,0.011347417,0.64616871,0.382725329,-0.02548647,-0.208612929,3770328.4541666675
600992,0.066930359,2018,3.13e-05,-0.25791924,-0.073657536,0.93872549,0.465686275,-0.37646715,0.87579014,0.939038172,0.011571433,-0.015767314,2092455.8750000007
601008,0.045081166,2018,9.84e-05,-0.306047559,0.385328242,0.806372549,0.973039216,-0.358200941,0.963891642,1.575717548,0.828291624,0.099838069,3748681.760833333
601019,0.083006998,2018,8.87e-05,-0.167445115,-0.007317021,0.960784314,0.955882353,-0.385330902,0.962888507,0.574426652,0.017334331,0.298841188,2563397.166666667
601020,-0.001087527,2018,9.6e-05,-0.344816546,-0.148479823,-0.073529412,0.968137255,-0.590786248,1.307352507,0.925579474,-0.013091742,0.181564421,3819797.226666665
601038,0.033780971,2018,2.99e-05,0.006707441,0.684064586,0.693627451,0.431372549,-0.427765095,1.139543014,1.534518465,0.508144782,-0.095629411,3450617.0999999996
601127,-0.026664621,2018,1.11e-05,-0.375564442,-0.249111147,-0.617647059,-0.490196078,-0.148541453,0.462005537,0.284007912,0.233168906,-0.449086494,3315955.4808333325
601163,0.002679412,2018,2.17e-05,0.056069138,-0.056461557,0.024509804,0.117647059,-0.450878873,0.955244032,1.09108229,0.34574977,0.102256443,4053566.2500000005
601177,-0.016562673,2018,2.35e-05,-0.136303769,0.443489243,-0.455882353,0.218137255,-0.009634888,0.942295358,0.59363489,-0.41999672,0.288142878,2875431.2499999986
601208,0.000661656,2018,2.5e-05,0.450039321,0.068542881,-0.029411765,0.291666667,-0.409820315,1.13531667,1.574166761,0.581706969,-0.558158135,2818660.1650000014
601326,-0.007730277,2018,3.68e-05,-0.279533733,-0.105179174,-0.264705882,0.56372549,-0.492625632,0.932230417,0.916898334,-0.180482602,0.16726708,3915591.594999999
601368,0.008389755,2018,1.12e-05,-0.149546332,-0.074023669,0.200980392,-0.468137255,-0.358700522,0.718770469,0.8804882,0.159304666,0.185532107,3715189.350000003
601500,0.050887326,2018,3.75e-05,-0.179782346,-0.303103406,0.857843137,0.578431373,-0.345257256,0.902547557,0.651994047,-0.619239224,0.042958277,1371887.5175000005
601599,-0.087419918,2018,2.19e-05,-0.111600711,-0.218705205,-0.977941176,0.137254902,-0.525886535,1.067027818,1.327814868,0.319337443,-0.491160404,4027406.0741666653
601789,0.037118557,2018,4.15e-05,0.155639978,0.171751888,0.730392157,0.644607843,-0.310998589,0.898925354,0.268713808,-1.216863162,1.130170109,3543951.7608333374
601858,0.04526438,2018,1.25e-05,-0.318886888,0.364117415,0.808823529,-0.264705882,-0.190173823,1.11045527,0.886087647,0.179828296,-0.337882684,1496563.75
601900,0.023317101,2018,4.21e-05,-0.038848025,0.013210767,0.534313725,0.654411765,-0.271973137,0.9423045,1.178176293,0.64428169,-0.21994137,1793183.1558333328
601949,-0.117079365,2018,1.97e-05,-0.189723184,0.351234303,-0.995098039,0.053921569,-0.413642374,1.160793215,1.331915243,-0.185339857,-0.257357939,1997954.5250000001
601996,-0.017668195,2018,3.48e-05,-0.174125032,-0.162848546,-0.480392157,0.519607843,-0.416436835,1.00111308,0.768174445,0.045699457,-0.094921875,3521281.2400000007
603011,-0.040729375,2018,9.9e-06,-0.091630566,-0.031635325,-0.784313725,-0.693627451,-0.607778378,0.834304752,1.223536385,-0.827826808,-0.334460848,2644271.0191666675
603015,-0.03266897,2018,3.3e-05,-0.153123685,-0.020242404,-0.703431373,0.495098039,-0.286490297,1.044672327,0.754706858,-0.457403043,0.021643941,2534501.9325000006
603017,0.009337569,2018,6.64e-05,-0.180841814,0.356385368,0.220588235,0.87745098,-0.389754222,1.041295145,1.427879709,0.462123936,-0.433118679,3134269.435
603021,-0.043857488,2018,1.17e-05,0.282286312,-0.156162373,-0.825980392,-0.375,-0.40233005,1.068316856,1.15295426,0.575036643,0.110739687,2227292.649
603029,0.099935823,2018,2.56e-05,0.03336532,-0.100790688,0.982843137,0.308823529,-0.363770199,1.119983179,1.531028157,0.634417551,-0.3488736,614145.1724999999
603032,-0.019148618,2018,5.64e-05,-0.34361582,0.783064841,-0.512254902,0.806372549,-0.37019497,1.024241343,-0.217504815,-1.540634453,0.0879961,1811812.8599999994
603033,-0.037596495,2018,7.23e-05,0.749486006,0.410462728,-0.757352941,0.899509804,-0.012593932,0.849230425,1.058510815,0.861381902,0.096384726,1032082.3333333334
603050,0.017032069,2018,2.62e-05,-0.005311427,-0.156611031,0.404411765,0.343137255,-0.336134701,1.151411876,1.137150849,0.039924615,-0.453979142,990719.8300000001
603060,0.018819142,2018,1.06e-05,0.302711117,0.780895561,0.426470588,-0.588235294,-0.107727281,0.968572916,0.566909204,0.487609416,0.661794304,1198574.0733333332
603066,0.02952629,2018,2.31e-05,0.241851255,-0.21553375,0.62745098,0.193627451,-0.478097316,1.070563543,1.434561594,0.566479677,-0.203735386,1378547.4650000003
603069,0.043985153,2018,1.22e-05,1.036095813,-0.280962674,0.796568627,-0.301470588,-0.490964195,0.967300887,1.09175786,0.408869128,-0.654121707,1591573.5000000002
603090,-0.024217258,2018,1.43e-05,0.044237862,-0.029841457,-0.585784314,-0.134803922,-0.348019859,1.199430992,1.629121646,0.070199699,0.430449832,624559.6574999997
603098,-0.021374143,2018,4.39e-05,-0.298057415,0.030107513,-0.553921569,0.683823529,-0.079541839,1.019940381,1.304562336,0.597478999,-0.072551146,923970.7283333339
603100,-0.003062046,2018,1.08e-05,-0.13264485,0.094846503,-0.117647059,-0.544117647,-0.248077121,1.087891377,0.992945814,0.158629633,0.157544691,2297668.9000000004
603106,0.184787784,2018,2.6e-05,-0.294586054,-0.07798363,1.0,0.338235294,-0.548953916,1.612345876,0.523828599,-1.173255025,0.868384994,1479999.9999999993
603129,0.09905327,2018,3.19e-05,2.249465873,0.006836548,0.980392157,0.480392157,-0.40257956,1.011090282,0.667686669,0.028909768,-0.072210361,893841.0916666669
603131,-0.072713037,2018,7.78e-05,0.157846812,0.350213204,-0.948529412,0.924019608,-0.281387471,1.06674633,1.093865226,0.254936415,0.128738867,820208.3333333336
603166,-0.017375136,2018,1.15e-05,0.012024937,-0.010039821,-0.470588235,-0.416666667,-0.353278314,0.951828266,0.980683773,0.018244365,-0.00638125,3870815.665833332
603168,0.030358063,2018,9.56e-06,0.048906903,-0.188503293,0.649509804,-0.742647059,-0.40202672,1.070549427,1.295157838,-0.480891534,0.445382838,2691997.949166665
603200,0.025184558,2018,2.18e-05,0.529138685,0.111200483,0.56127451,0.12745098,-0.156582239,1.107247888,0.231804419,-0.224186689,0.245033767,762781.4416666669
603203,-0.051245667,2018,1.33e-05,0.298250464,-0.020269173,-0.875,-0.198529412,-0.374771723,1.013474766,0.278817178,-0.448305834,0.497971804,1283601.0866666671
603227,0.055934526,2018,9.3e-06,-0.035790005,-0.02504962,0.897058824,-0.779411765,-0.369440356,1.011936473,1.181637403,0.521741749,-0.435054605,2460591.933333333
603233,0.002927596,2018,1.04e-05,1.149237163,-0.149726674,0.036764706,-0.620098039,-0.233074771,1.078314933,-0.350505955,-0.134254328,-0.267263813,2614884.144999999
603266,0.000567974,2018,1.13e-05,-0.025031495,0.098818426,-0.034313725,-0.446078431,-0.250365444,0.843702862,0.515322341,-0.732139217,0.366870466,552941.6666666662
603268,0.023175249,2018,1.18e-05,0.04317045,0.244840191,0.529411765,-0.352941176,-0.203167957,0.557771946,0.821194341,0.547002678,-0.607850411,1842434.0774999987
603289,0.048857821,2018,1.1e-05,0.126264659,-0.245662297,0.840686275,-0.504901961,-0.462256906,0.92880487,0.772134034,-0.798379149,0.197217279,882038.6091666663
603299,-0.015473602,2018,2.18e-05,-0.099751168,-0.187114609,-0.443627451,0.12745098,-0.464553683,1.004273594,1.709254759,1.454010664,-0.194755068,2241389.7616666663
603300,0.030330399,2018,1.01e-05,0.024744213,0.509274532,0.647058824,-0.671568627,-0.418809223,1.041036688,1.312428118,0.042691213,-0.115733036,2113679.2249999996
603311,0.022956795,2018,1.37e-05,0.134021329,-0.086770595,0.517156863,-0.171568627,-0.363135423,0.78691352,0.675512802,0.114042837,-0.146006156,2014667.8541666667
603318,0.040245919,2018,2.21e-05,-0.66200244,0.724721558,0.764705882,0.149509804,-0.159298533,0.6203671,-0.039119589,-0.049514428,0.252960617,3947135.554444442
603333,0.007368964,2018,6.83e-05,-0.32800576,0.571675931,0.151960784,0.884803922,-0.226571644,0.769106227,0.595014856,0.351248425,0.061203219,2939119.2749999985
603335,-0.012879645,2018,1.15e-05,-0.113779424,-0.120031117,-0.397058824,-0.416666667,-0.309778961,1.234198272,1.499154149,0.212739292,-0.519549341,872734.2533333326
603339,-0.003822981,2018,1.27e-05,-0.128816883,-0.22951423,-0.139705882,-0.24754902,-0.373696747,1.006106711,1.118478155,0.205368194,0.052199165,1083791.4549999987
603357,0.012123524,2018,1.04e-05,-0.221990943,-0.110272003,0.284313725,-0.620098039,-0.090935446,0.989464979,0.761969509,0.216320197,0.108398596,2250715.3174999994
603377,0.022915349,2018,2.29e-05,0.080139717,0.099910207,0.514705882,0.18872549,-0.492343754,0.837528592,0.44148855,0.7979399,0.055012781,3120717.2600000002
603385,-0.003843354,2018,5.48e-05,0.53723681,-0.18427669,-0.142156863,0.791666667,-0.523271608,1.032591505,1.005343448,0.351199639,-0.02220305,2363456.7508333316
603393,0.01134985,2018,1.11e-05,1.210902384,-0.021939742,0.269607843,-0.490196078,-0.175540175,0.84557404,0.448634476,0.013104434,-0.224952713,3342686.481000005
603396,-0.042412059,2018,2.21e-05,0.231517783,-0.091829111,-0.81372549,0.149509804,-0.358600694,1.213845012,1.06687127,-0.297860106,-0.12881505,681460.5041666663
603458,0.007881214,2018,5.13e-05,-0.08218872,-0.235349765,0.176470588,0.757352941,-0.59937995,1.065464218,0.762105608,0.165690458,-0.066338972,2146552.8933333345
603535,0.034411109,2018,2.42e-05,0.032299972,-0.375776072,0.705882353,0.259803922,-0.29385297,1.125141391,0.833471015,0.179291666,-0.170675872,1083202.5333333337
603556,0.021347255,2018,2.53e-05,0.07223746,-0.228475021,0.485294118,0.299019608,-0.537160501,1.105134439,1.377445461,0.235994813,0.476082955,3112824.234999996
603569,-0.005336028,2018,2.82e-05,-0.193314725,-0.190787187,-0.203431373,0.394607843,-0.382787097,1.111701781,0.989611793,-0.159134686,0.398746015,1162920.2575000005
603577,0.028898302,2018,0.000146899,0.173269949,0.080053442,0.617647059,0.995098039,-0.339539768,1.194776047,1.853342029,0.821497881,-0.298752704,853703.2800000001
603579,-0.041791239,2018,8.28e-06,-0.048309018,-0.58092319,-0.799019608,-0.901960784,-0.550977601,1.379563111,0.175131127,-0.640505217,0.358161666,2906901.1500000004
603600,-0.009024789,2018,1.14e-05,0.174236344,0.088725549,-0.294117647,-0.431372549,-0.489108173,1.021603586,0.680303018,-0.010908334,0.477479712,2298335.439999999
603606,-0.011506889,2018,4.62e-05,0.668970957,0.506811291,-0.367647059,0.723039216,0.03118637,0.893155843,0.652026485,0.056358837,0.112215871,3513011.4533333327
603616,0.029419798,2018,1.06e-05,-0.343416368,-0.190906349,0.62254902,-0.588235294,-0.259628423,1.13171483,0.778047664,-0.023387327,0.272827179,2933442.399999997
603617,0.144326073,2018,3.43e-05,-0.15558579,0.168809115,0.995098039,0.507352941,-0.308945158,0.789833956,0.69861912,0.059398137,-0.17435787,531257.8399999997
603618,-0.034119284,2018,4.67e-05,-0.235602572,0.161619303,-0.715686275,0.725490196,-0.425630503,1.061325396,1.287870993,-0.327977857,0.036318642,4035552.3858333365
603619,0.009763666,2018,1.04e-05,-0.430109142,-0.343900247,0.227941176,-0.620098039,-0.556570786,1.120006664,1.656588196,0.452289392,-0.338840033,1292865.3900000004
603637,-0.015487999,2018,1.28e-05,-0.108399137,0.184739528,-0.446078431,-0.240196078,-0.212699375,0.966369481,1.980040648,1.857163613,-0.385560066,640958.4891666671
603639,0.012836269,2018,1.03e-05,0.127701497,-0.039707521,0.301470588,-0.634803922,-0.180089822,1.043688405,0.668737838,0.841642514,-0.483431434,1631939.0750000002
603656,-0.053114741,2018,2.48e-05,-0.165668341,-0.070344428,-0.887254902,0.276960784,-0.389723729,0.91566071,0.890544381,-0.574378209,0.248570803,1031072.8050000005
603663,-0.055880512,2018,2.4e-05,-0.012923046,0.082761205,-0.897058824,0.237745098,-0.167644446,1.006698276,0.508795475,-0.342158187,0.57500646,880587.3000000007
603668,0.015564604,2018,3.38e-05,0.146826674,-0.092510834,0.360294118,0.5,-0.386469586,0.722913778,0.787094968,-0.196653337,0.336946232,1700103.4041666668
603679,0.027281881,2018,5.5e-05,-0.147342203,1.034193927,0.600490196,0.796568627,-0.122062772,0.782689191,0.748519988,-0.65322018,-0.050672917,749040.6166666668
603696,0.009012301,2018,1.31e-05,0.349203136,-0.277132935,0.210784314,-0.218137255,-0.636524798,0.9461754,1.596197406,0.239490471,0.051152812,979102.9427272726
603727,0.010277967,2018,3.23e-05,0.077390759,0.06236185,0.240196078,0.485294118,-0.475228624,0.930256084,1.306034683,-0.034187604,0.511808588,1504559.1416666668
603777,-0.012459178,2018,9.26e-06,0.174215905,-0.238199133,-0.387254902,-0.789215686,-0.496635481,0.875777267,1.533707413,0.592090499,-0.217987173,1578099.9108333336
603803,-0.035316435,2018,4.61e-05,-0.100352398,-0.005108347,-0.730392157,0.715686275,-0.450664461,1.281609141,0.859945595,-0.909269938,0.428103166,2169019.239999999
603811,0.036442008,2018,1.01e-05,1.071202909,0.072019074,0.725490196,-0.671568627,-0.237663639,0.87739804,0.927653885,0.421558329,-0.289551081,1416465.7649999997
603822,0.043476923,2018,1.11e-05,-0.008479952,-0.173362247,0.786764706,-0.490196078,-0.335910103,1.08553721,0.816613135,0.111598181,0.258051506,1098062.0522222212
603828,-0.012922843,2018,6.69e-05,-0.470364268,0.737018157,-0.401960784,0.879901961,-0.012829177,0.632990415,-0.186473551,-0.801306537,0.753624326,2859809.22
603829,-0.084668651,2018,1.26e-05,-0.050056753,-0.292804639,-0.968137255,-0.257352941,-0.478717819,1.178562452,1.095958284,-0.005720938,-0.108426491,638514.6666666664
603843,-0.021722806,2018,2.13e-05,-0.166141614,-0.31544589,-0.56127451,0.102941176,-0.473429952,0.882763749,0.902971631,0.287373335,-0.506425124,1936505.3100000015
603856,0.055326233,2018,5.07e-05,0.415666305,-0.285928133,0.892156863,0.754901961,-0.208490318,0.767871914,0.435828167,-0.516982176,-0.489632241,1034257.5650000005
603860,-0.023603117,2018,2.45e-05,-0.041738022,-0.110784247,-0.571078431,0.267156863,-0.347446212,0.962546911,1.322624467,0.138573504,0.103624747,553632.9500000002
603861,-0.015268364,2018,4.22e-05,-0.20768487,-0.136166085,-0.43872549,0.656862745,-0.314271309,0.849851171,1.560793245,0.368516072,-0.194867021,1506704.8991666676
603889,-0.003598164,2018,2.38e-05,-0.170554854,-0.136365678,-0.12745098,0.230392157,-0.394209697,0.679487926,0.558938541,-0.179690702,-0.241795496,3962952.3991666646
603896,0.052502424,2018,9.1e-06,-0.091146251,-0.242724658,0.867647059,-0.803921569,-0.541912476,1.168408158,1.009427983,0.256767581,0.021272648,2082754.971666666
603909,0.015044152,2018,1.03e-05,-0.021071899,-0.335264345,0.345588235,-0.634803922,-0.222322445,0.545759998,0.868122104,0.093307365,-0.687291982,712125.0
603916,-0.11671897,2018,2.35e-05,0.943777414,-0.073373383,-0.992647059,0.218137255,-0.351257002,1.047920238,1.41099742,0.576701272,0.127713769,1183545.8333333326
603928,0.04365442,2018,3.49e-05,-0.211732975,-0.173303315,0.789215686,0.522058824,-0.057622223,1.097800819,0.939050252,0.004203664,0.099571944,935766.1391666667
603937,0.069097227,2018,2.82e-05,0.332513017,-0.410864748,0.946078431,0.394607843,-0.580031287,1.34713895,1.502008927,0.159720743,-0.057009352,950396.049166666
603963,0.03036786,2018,1.17e-05,0.003493914,-0.346530894,0.651960784,-0.375,-0.47120416,1.092594958,2.254969785,1.182610354,-1.436110701,797382.1874999999
603966,0.050046055,2018,5.88e-05,-0.05224606,0.063778616,0.850490196,0.830882353,-0.321038559,1.21876427,1.506481271,0.42516051,-0.143208676,919662.2383333336
603969,0.020233097,2018,3.69e-05,-0.059656402,0.090198536,0.460784314,0.566176471,-0.165864443,1.147187939,0.907496807,0.205153253,0.247644798,4087396.1358333323
603978,-0.063554804,2018,2.56e-05,-0.115797489,-0.335324359,-0.931372549,0.308823529,-0.59942013,1.165580261,0.641493595,-0.082553123,-0.444023772,1589054.9441666675
603979,0.011056009,2018,9.97e-06,0.216217416,-0.01929591,0.262254902,-0.68627451,-0.274476992,0.950137168,1.021297762,0.36017231,0.225087042,3589210.413333331
603987,0.044667838,2018,1.1e-05,1.393200509,-0.004659788,0.801470588,-0.504901961,-0.26310246,0.880474034,1.004970614,0.348183567,-0.423206445,1964800.2558333331
603988,-0.015259007,2018,7.09e-05,0.200133788,0.13727499,-0.43627451,0.897058824,-0.614495851,1.021193078,1.129721958,0.045454838,-1.183606403,2942304.0
603991,0.016686687,2018,4.59e-05,0.517743919,-0.143933035,0.399509804,0.713235294,-0.361570463,0.907787305,1.392233697,0.079834329,-0.135311714,804936.1191666668
603998,0.052525882,2018,9.91e-06,-0.096664451,-0.160278368,0.870098039,-0.691176471,-0.587829577,1.470996901,2.212762633,1.554836604,-0.663131364,3135825.8099999996
603999,0.046965959,2018,3.57e-05,0.048471093,-0.072396663,0.823529412,0.529411765,-0.376093048,1.30099993,0.632251878,-0.386081764,0.345503541,1552703.9999999993
55,0.016602331,2016,6.25e-05,-0.221132864,-0.411505827,0.205169628,0.838449111,-0.060741542,0.788629637,0.719976533,-0.266521724,0.297273996,6161204.514166668
151,-0.002421692,2016,4.82e-05,-0.363174933,0.09215488,-0.105008078,0.728594507,-0.191994965,0.999389846,1.047561381,-0.702449716,-0.179713192,4813339.804166664
404,0.00993412,2016,2.64e-05,-0.455425347,-0.104196813,0.095315024,0.373182553,0.062233101,1.2599306,0.957547285,-0.264853092,0.116773357,5109727.534999999
498,0.003749949,2016,3.49e-05,-0.413479064,0.223086522,-0.01453958,0.554119548,-0.129525016,1.515932545,0.418520699,0.034040896,-0.197991821,2351689.6833333317
507,0.020222995,2016,8.1e-05,-0.274035015,1.30933081,0.266558966,0.906300485,-0.162602011,0.939845052,1.46997417,-0.10357422,-0.986245954,4498380.954999999
546,0.120349258,2016,1.99e-05,0.2134332,0.068117913,0.948303716,0.066235864,-0.163279109,0.989101089,1.00488001,-0.034883147,-0.507320822,2878545.175000002
548,-0.01698834,2016,2.08e-05,-0.395909895,-0.07730007,-0.295638126,0.105008078,-0.339207912,1.126910915,0.97576156,-0.215755704,0.192059218,3983208.3483333304
551,-0.026059594,2016,6.58e-05,-0.375754322,-0.004169555,-0.441033926,0.851373183,-0.214364091,1.112768381,1.636880789,0.26471688,-0.297292031,3765090.010833334
552,0.01387303,2016,2.36e-05,-0.070912524,0.004918763,0.153473344,0.250403877,-0.255610203,1.44676595,-0.243304416,-0.433803219,0.220600803,5679437.337500005
560,-0.076173286,2016,1.64e-05,-0.175229362,-0.027119622,-0.873990307,-0.066235864,-0.187145524,0.875774198,-0.133047377,-1.232422001,0.511161299,2970899.5977777764
586,0.051805486,2016,4.94e-05,-0.45960285,-0.122478655,0.657512116,0.741518578,0.065515097,0.55352736,-0.007577099,-1.346752893,-0.263495889,4004046.7999999993
589,0.017991159,2016,1.5e-05,-0.416427742,0.041434339,0.231017771,-0.137318255,-0.188076431,0.976535691,0.79912293,-0.067793831,-0.133699903,4144464.343333334
628,0.003707782,2016,1.24e-05,-0.140390654,-0.28628208,-0.017770598,-0.43457189,-0.192795308,0.938380246,1.242383217,-0.429475057,0.033856209,2497768.0400000005
632,0.076273514,2016,1.43e-05,-0.067405924,-0.264090952,0.780290792,-0.192245557,-0.180648867,0.89628042,1.497255589,0.230139367,0.089134915,3950419.054166667
657,0.079190263,2016,1.69e-05,-0.185429603,-0.199194981,0.79644588,-0.04361874,-0.105073035,1.472066532,1.12101847,0.585816755,0.525029944,3910155.297272724
672,-0.060058401,2016,2.61e-05,-0.0073813,0.510017992,-0.773828756,0.350565428,0.437685616,0.73979403,-0.022526858,-1.656627752,-0.697803905,4442987.589166666
680,0.035994964,2016,8.54e-05,-0.378576991,0.089040159,0.476575121,0.925686591,-0.288372518,1.448788716,1.3430058,0.158355529,-0.317607072,5333491.9066666635
701,-0.013492008,2016,8.63e-06,-0.448493952,-0.30187346,-0.243941842,-0.922455574,-0.383020395,1.059241419,0.797976935,-0.374966703,0.083648213,4863235.170833335
735,-0.029123661,2016,1.11e-05,1.043528064,-0.04549528,-0.476575121,-0.618739903,-0.068450962,0.942800427,0.520912034,-0.040679661,0.014916623,5812616.2075
753,0.067541958,2016,1.08e-05,-0.375393827,0.031335634,0.747980614,-0.673667205,-0.236298369,0.737614426,0.858280759,-0.00274544,-0.189493664,3832534.3924999996
759,0.041512784,2016,2.61e-05,-0.185166704,0.263750991,0.560581583,0.350565428,0.061655619,0.999023139,-0.05110484,-0.314646002,0.368768601,5132075.369999998
779,-0.186966283,2016,1.86e-05,-0.048049674,-0.386501117,-0.996768982,0.021001616,-0.349018302,0.850003905,0.898139102,-1.133963099,-0.109227727,4037846.3908333345
785,-0.040121091,2016,1.24e-05,-0.308948756,-0.008838128,-0.602584814,-0.43457189,-0.138644877,1.231023042,0.891051756,0.101150591,1.228805975,3211279.151666665
789,0.004216486,2016,3.94e-05,0.562877424,0.161935198,-0.008077544,0.641357027,-0.051683832,1.374305899,1.497511205,0.411880762,-0.404040462,4189179.2983333287
837,0.025968196,2016,2.01e-05,-0.324949616,-0.158505264,0.363489499,0.0726979,-0.423677372,0.845244709,0.85462817,-0.638651214,-0.098416545,4140053.8374999985
851,-0.007961172,2016,7.63e-06,-0.183973328,-0.304084995,-0.163166397,-0.967689822,-0.264348802,1.215241111,1.005782773,-0.916831378,0.504109938,6567467.7266666675
852,0.01798474,2016,3.87e-05,-0.542791574,0.31459052,0.227786753,0.631663974,-0.35058409,0.857295593,0.158431255,-1.08262571,-0.046348811,6412079.643333337
877,-0.07428199,2016,1.37e-05,-0.470918766,1.026164512,-0.867528271,-0.243941842,-0.135404746,0.576898867,2.073704917,-0.396236308,-0.817767483,5704927.122500002
880,0.038347001,2016,1.59e-05,-0.38230784,-0.114002159,0.515347334,-0.088852989,-0.164984439,1.179532011,0.684718315,-0.381381926,-0.578730635,1848308.9624999997
881,-0.015867012,2016,1.91e-05,-0.48384773,-0.148594977,-0.276252019,0.030694669,0.386572959,0.696883442,-0.288887369,-1.544458147,-0.12108659,6512157.149999999
886,-0.072089413,2016,4.6e-05,-0.034862519,-0.240398141,-0.851373183,0.722132472,-0.283139199,0.782226471,0.989172422,-0.208363192,-0.35080362,5352880.905
903,-0.058717157,2016,2.41e-05,-0.446158971,0.129856653,-0.770597738,0.273021002,0.050624167,0.994835224,1.619486474,1.05659142,-0.254480066,5908716.219166669
905,0.013159523,2016,2.3e-05,-0.4055291,0.240191114,0.143780291,0.224555735,-0.236795677,1.058460567,1.768912792,0.43658011,-0.512805574,5414872.500000002
925,-0.111250365,2016,1.03e-05,-0.588800926,0.06013813,-0.954765751,-0.741518578,0.316512674,0.802949783,0.895879289,0.178258289,-0.195458786,6441372.595000003
928,0.01500509,2016,8.41e-05,-0.460247495,0.337674277,0.179321486,0.922455574,-0.024018733,1.113494089,2.350677641,0.752346816,-0.800022761,5706492.111666669
965,0.012399551,2016,1.7e-05,-0.446386964,0.443539203,0.134087237,-0.037156704,-0.042543568,1.135471404,1.425820347,0.005511698,-0.085736161,6020832.61
967,0.081917238,2016,1.04e-05,-0.200471169,0.086570406,0.809369952,-0.731825525,-0.230334184,0.841682783,0.621648372,-0.134839156,-0.266253615,5672576.448333335
2017,0.038657295,2016,1.34e-05,-0.448602613,-0.236769573,0.518578352,-0.273021002,-0.197326437,1.203438339,0.784679164,-0.69277293,0.248771516,4999859.139166668
2040,0.025718926,2016,3.83e-05,-0.489722151,0.181731526,0.353796446,0.621970921,0.341687515,0.514102654,1.825283457,-0.610086798,-1.310832791,3503676.000000004
2060,-0.005151058,2016,1.61e-05,-0.304920945,0.209262121,-0.137318255,-0.075928918,-0.171155398,1.197644924,0.724729331,0.014878492,0.327424146,4347513.1724999985
2077,-0.178799024,2016,9.68e-06,-0.272610124,-0.507927802,-0.987075929,-0.822294023,-0.117599609,0.902379124,-0.047447488,-1.908765722,0.254350628,4405878.870833335
2083,-0.031842325,2016,3.46e-05,-0.225711813,0.227044056,-0.508885299,0.544426494,-0.102328348,0.85654773,0.814790838,0.346799941,-0.017411922,5491254.684166666
2097,0.010308512,2016,5.31e-05,-0.261707388,-0.149128673,0.105008078,0.789983845,-0.187172996,1.061351149,0.784320577,-0.267735357,-0.052992999,5653370.949999998
2110,-0.102425671,2016,1.1e-05,0.368641339,1.092641547,-0.94184168,-0.634894992,0.839835389,1.224427917,1.152028835,0.712479588,-0.313195128,4159966.0000000056
2111,0.134597962,2016,3.17e-05,-0.425902397,-0.321012278,0.961227787,0.483037157,-0.302947009,1.125232203,0.734772092,-0.720428068,0.214854796,6441735.691666666
2114,-0.013310776,2016,1.16e-05,-0.5973148,-0.285165772,-0.237479806,-0.55088853,0.104513295,1.148405682,-0.260629397,-1.641969587,-0.12245132,2816235.912500003
2116,0.040744476,2016,3.46e-05,-0.400378365,-0.158443936,0.557350565,0.544426494,-0.24116426,0.934922369,1.405001416,0.525584069,0.03675715,5498341.946666663
2135,0.060838626,2016,8.67e-05,-0.36938839,0.006226582,0.705977383,0.928917609,-0.408037086,1.020188914,0.586390483,-0.84260439,-0.305305769,5217418.835000004
2140,-0.102823332,2016,5.24e-05,-0.431011352,-0.151309644,-0.945072698,0.777059774,-0.373418542,1.273267319,0.705206191,-0.217441907,-0.42566835,6624261.1175
2149,-0.039412243,2016,4.32e-05,-0.376900552,-0.294590198,-0.586429725,0.686591276,-0.014022636,0.65829076,0.230208168,-1.014453536,-0.522557094,4620127.699999998
2151,0.021952412,2016,9.2e-06,-0.091762256,-0.179716364,0.302100162,-0.870759289,-0.092298241,1.122376585,0.285883355,-1.452644349,0.275383248,6320619.734545461
2163,0.014192259,2016,1.31e-05,-0.356029265,0.136537692,0.163166397,-0.308562197,-0.087302436,1.142076951,-0.156656858,-2.097516026,-0.065705688,5653115.445
2165,0.014560374,2016,2.44e-05,-0.343067482,-0.336404933,0.172859451,0.28917609,-0.040541186,1.065546112,0.772869606,-0.667964177,0.122458714,4235535.399999997
2170,0.029191243,2016,1.15e-05,-0.541735322,-0.1281972,0.392568659,-0.576736672,-0.293683495,0.980148995,0.071986428,-0.353021105,0.688334071,5909316.041666668
2171,-0.040146194,2016,1.98e-05,-0.088223037,-0.152321255,-0.605815832,0.053311793,-0.348567361,1.073529594,0.716493637,-0.464902801,-0.008915536,5256845.564166666
2186,0.009412692,2016,1.35e-05,-0.29001047,0.030508087,0.066235864,-0.260096931,-0.047414215,0.863259896,0.366425208,-0.313846489,0.231703496,5621234.969166669
2201,-0.09958573,2016,1.52e-05,-0.299384584,-0.15090314,-0.932148627,-0.117932149,0.324621087,1.034940171,0.550930739,-1.738351707,-0.045270344,3913447.6199999982
2205,-0.063834673,2016,1.56e-05,-0.571836134,0.133989466,-0.79644588,-0.098546042,-0.238191392,1.00506043,1.715581935,-0.60443508,-0.467414355,2905155.5574999973
2209,-0.172351244,2016,1.08e-05,-0.466485683,-0.42691303,-0.983844911,-0.673667205,0.003769669,0.463405876,1.149486163,-1.116805064,0.338082194,3403782.5728571443
2218,-0.01645287,2016,7.97e-05,-0.378194658,-0.055363922,-0.28917609,0.899838449,-0.19113629,1.102541334,1.191421224,0.384014744,-0.085543173,5298814.871666665
2274,0.028762634,2016,1.21e-05,-0.246809663,-0.248331388,0.386106624,-0.476575121,-0.281238317,0.988471793,0.715561144,-0.943290844,-0.391816908,4632827.294166665
2296,-0.000423562,2016,6.4e-05,-0.417416273,-0.414889071,-0.075928918,0.844911147,-0.271433371,1.071626591,0.656802032,-0.519324715,0.471943428,4992420.030000001
2298,-0.068365122,2016,1.04e-05,-0.358108694,-0.351383928,-0.828756058,-0.731825525,-0.290950298,1.222352922,0.420561197,-0.584771906,0.206820184,5566497.864999996
2300,-0.020192107,2016,1.32e-05,-0.533394981,0.452830927,-0.337641357,-0.28917609,-0.040830016,0.871143918,0.890078671,-1.321983953,-0.679466663,4458228.007500005
2302,-0.000451877,2016,1.94e-05,-0.519520714,2.040065395,-0.079159935,0.037156704,-0.17247669,0.492396764,2.061627821,0.051944978,-0.953777816,5549245.768333334
2305,-0.000568881,2016,3.75e-05,-0.450530526,-0.04388037,-0.082390953,0.60904685,-0.200358967,1.155964492,0.507512334,0.841018412,-0.115132821,6185160.145
2307,-0.022054304,2016,1.83e-05,-0.518443207,1.276550271,-0.386106624,0.004846527,-0.26688821,1.121831612,2.881915946,1.256325981,-1.405555536,4611259.155833332
2320,0.054615955,2016,2.44e-05,0.725726793,-0.099616071,0.676898223,0.28917609,-0.439131371,1.173035291,1.856019403,0.444278182,-0.399573211,6530821.1175000025
2323,-0.025708146,2016,0.000124974,-0.51019286,-0.225651658,-0.43457189,0.980613893,0.197165503,0.608616192,1.277253017,-0.378950256,-0.78915011,3306612.8224999993
2341,0.018438927,2016,8.99e-06,0.408109695,-0.146334516,0.247172859,-0.890145396,0.247932783,0.79411594,0.05520212,-1.165475432,-0.140583641,5007009.650833331
2342,-0.039108654,2016,5.71e-05,-0.629737947,0.711831276,-0.583198708,0.812600969,-0.105002565,1.184230504,0.66772962,-0.938761667,-0.402496014,5078685.216666664
2352,0.031676892,2016,2.11e-05,-0.162489202,0.091183488,0.437802908,0.114701131,1.569109505,0.742829437,0.343106204,-0.652143776,0.020677667,4266439.984166667
2357,0.02493249,2016,1.09e-05,-0.094692509,-0.321591253,0.34733441,-0.654281099,-0.087336378,1.165562646,0.780040564,-0.29621806,-0.009439673,4398252.555833335
2360,-0.008670999,2016,1.44e-05,-0.332494722,-0.308049615,-0.169628433,-0.18901454,-0.031415001,0.841478286,0.953468732,-0.967513188,0.472663532,2941127.5866666655
2367,-0.021641568,2016,3.63e-05,-0.483376074,-0.242938869,-0.369951535,0.583198708,-0.213866493,0.717868811,0.298163974,-0.214458229,0.002375525,6564453.852500002
2380,0.011736629,2016,1.54e-05,-0.299277879,-0.468017643,0.121163166,-0.108239095,-0.292804318,0.864753548,1.324407588,-0.11922918,0.325912023,3335698.6150000007
2383,-0.041215629,2016,5.4e-05,0.0435101,0.297601058,-0.618739903,0.79644588,0.211611625,1.171518119,1.069463788,-0.265000052,0.277159664,5282937.550999994
2392,-0.066716256,2016,2.44e-05,-0.433318658,0.186467895,-0.812600969,0.28917609,-0.271169612,1.039984338,1.588664658,-0.190008714,-0.226472482,3290125.8566666692
2394,0.061331562,2016,2.06e-05,-0.27838036,-0.001592899,0.709208401,0.088852989,-0.028535001,1.175270737,0.911002439,0.579151772,0.129230623,5209142.25
2398,0.030097238,2016,1.87e-05,-0.210031625,-0.027394551,0.408723748,0.024232633,-0.19729914,1.03873023,1.410823888,0.214358082,-0.243897613,3250891.0900000017
2401,-0.039428436,2016,1.46e-05,-0.248958726,-0.290984122,-0.589660743,-0.166397415,-0.402974014,1.221300523,0.866438449,-1.025871956,-0.032302752,4925376.731666667
2438,-0.000350224,2016,9.78e-06,-0.298101695,-0.241067922,-0.0726979,-0.806138934,-0.268289209,1.0384309,0.537175811,-0.917018731,-0.55428511,2647717.1574999993
2443,-0.066269494,2016,4.23e-05,-0.273360287,-0.367311863,-0.809369952,0.66720517,-0.389962451,1.021965641,0.003719639,-2.572291593,0.27796165,5977040.569166667
2446,0.082486927,2016,1.28e-05,-0.443970908,-0.355056795,0.812600969,-0.340872375,-0.404502124,1.204273787,0.377412159,-0.562831921,0.136728591,4566551.948333331
2449,0.001905934,2016,1.15e-05,-0.160946523,0.244004739,-0.037156704,-0.576736672,-0.213865921,1.415334242,1.313916711,0.499889126,-0.305682389,4373433.785000001
2451,0.005170948,2016,1.47e-05,-0.52009776,0.639514486,0.011308562,-0.163166397,0.078698234,1.119105207,1.69202478,0.612815851,-0.138848709,4327087.1866666665
2452,0.131286241,2016,3.45e-05,-0.4133199,-0.433301771,0.954765751,0.537964459,0.017984964,1.262707207,0.719609359,-0.410991176,0.307937328,3442742.42583333
2455,-0.029182738,2016,1.62e-05,-0.389515706,-0.012777419,-0.479806139,-0.0726979,0.148623532,0.882402559,1.072958616,0.227078321,-0.640802687,2709560.347499999
2457,0.099353336,2016,1.04e-05,-0.554768401,0.709449012,0.886914378,-0.731825525,-0.145539671,1.352123155,1.034774643,-0.546571395,-0.464350428,2768067.7816666677
2459,0.006222743,2016,4.34e-05,-0.233376564,-0.054461765,0.024232633,0.689822294,-0.113034666,0.796316315,0.013193042,-2.070079222,-0.392091589,3296181.3233333323
2476,-0.023531824,2016,1.21e-05,-0.45609541,-0.046937807,-0.402261712,-0.476575121,0.03592651,1.313646049,1.557256498,-0.403753591,-0.176077955,5260476.794999999
2478,-0.007995019,2016,1.48e-05,-0.202201039,0.050534789,-0.166397415,-0.153473344,-0.071349379,1.053031127,-0.001686335,-1.290183058,0.660237911,3428189.8077777806
2483,0.045473889,2016,3.15e-05,-0.364621101,-0.091488624,0.602584814,0.476575121,0.009732693,1.146552106,0.546393998,-0.770837809,0.234516602,4256622.818000002
2487,-0.101841935,2016,1.5e-05,-0.425360514,-0.301295101,-0.938610662,-0.137318255,-0.372713497,1.104546318,0.608173594,-0.518773064,0.238869853,4773599.999999997
2497,0.047798432,2016,2.12e-05,0.072298478,0.2469895,0.628432956,0.121163166,-0.221210629,0.997425978,1.720842843,0.195250399,-0.50632472,5214619.4799999995
2514,0.112120108,2016,1.01e-05,-0.292315027,-0.349837196,0.935379645,-0.789983845,0.236782581,1.07241821,1.027680724,-0.025636894,-0.313910342,3671452.167500001
2523,-0.046366822,2016,2.88e-05,-0.16387873,0.082250336,-0.673667205,0.43457189,0.054372311,1.019675111,1.055054059,0.061018771,-0.109269227,3237015.368333332
2524,0.07121236,2016,5.43e-05,-0.478345906,0.165060005,0.770597738,0.806138934,-0.009107285,1.133994121,0.94762683,-1.013928772,0.475287442,4176448.8550000014
2526,0.012940499,2016,2.8e-05,-0.271682036,-0.238381507,0.140549273,0.418416801,-0.138234593,0.751704736,2.103729702,0.546518103,0.067849858,3681702.817500001
2529,-0.030454533,2016,1.24e-05,-0.38066915,-0.158866281,-0.49273021,-0.43457189,-0.189902627,1.060121471,0.609569681,-0.574600534,-0.157007452,3724666.6666666665
2535,0.111096868,2016,1.05e-05,-0.298788402,-0.356655774,0.925686591,-0.709208401,-0.321051107,0.877204179,0.73072144,-0.768014219,-0.430889978,3321153.721666667
2540,-0.009541592,2016,1.34e-05,-0.266667153,-0.195496212,-0.192245557,-0.273021002,-0.220802303,1.020524975,0.493345733,-0.032963924,-0.005047382,5483119.030833333
2542,0.009507894,2016,5.22e-05,-0.564572575,0.571959193,0.075928918,0.767366721,-0.112924349,1.136595874,1.179180033,-0.38278988,-0.491216587,4918844.330000002
2543,0.079380427,2016,2.94e-05,-0.225677713,0.387026669,0.799676898,0.441033926,-0.017789486,1.053056928,0.262503562,0.169306581,-0.002238556,5418646.794166666
2545,-0.051987233,2016,1.32e-05,-0.516085939,0.35330636,-0.728594507,-0.28917609,0.017992823,1.170327651,0.230070262,-0.767917136,-0.437837101,2891884.8958333316
2552,0.147485854,2016,1.34e-05,-0.456517233,-0.197430322,0.977382876,-0.273021002,-0.058979573,0.52221752,1.893981865,-1.19657465,-0.012038354,2754193.049166667
2554,0.018372739,2016,2.85e-05,-0.472269398,-0.193012167,0.240710824,0.424878837,0.256601736,0.780047303,0.577660253,-1.598503126,-0.330315089,3816810.1583333346
2578,-0.037489384,2016,4.24e-05,-0.121710098,-0.087745229,-0.570274637,0.670436187,0.15567875,0.726468241,1.536438267,0.864398818,-0.491627056,2567853.4699999997
2593,-0.068176065,2016,2.24e-05,-0.361322131,-0.320344024,-0.822294023,0.182552504,-0.40526079,1.15179281,0.735791283,-0.640039763,0.139319601,3395899.670833333
2613,0.066992397,2016,1.28e-05,-0.383476539,-0.185927034,0.744749596,-0.340872375,-0.065402727,0.83818833,1.454447403,-0.205721122,-0.2341494,2873237.6016666642
2620,0.199936959,2016,1.19e-05,-0.570997559,0.070633741,0.993537964,-0.49273021,0.377017492,0.923539293,2.435491677,0.586551111,0.340281839,3812211.687500005
2623,-0.068432752,2016,2.29e-05,-0.375478293,-0.255059888,-0.831987076,0.221324717,-0.134114388,0.950542724,2.528731134,0.445136593,0.14159778,5786433.434999996
2639,-0.02471931,2016,1.29e-05,-0.301294694,-0.231037597,-0.424878837,-0.331179321,0.00944032,0.652753583,0.690375528,-1.386521741,-0.202031052,4014188.8491666676
2644,0.063072331,2016,1.59e-05,0.094615009,-0.181885069,0.731825525,-0.088852989,-0.343607681,1.072736061,0.547220338,-0.19302437,0.255560921,5709475.484999999
2659,0.014764577,2016,8.35e-05,-0.124275781,-0.148200145,0.176090468,0.919224556,-0.080649935,0.797389736,1.501622841,0.738086363,-0.275093788,5811967.733636363
2667,-0.056054341,2016,1.31e-05,-0.447521058,-0.398583851,-0.764135703,-0.308562197,-0.629650998,0.915976881,0.175601584,-1.104099462,0.570120948,3263049.495833333
2688,0.011331951,2016,1.03e-05,-0.417008808,-0.207916937,0.114701131,-0.741518578,0.075606096,1.065755949,0.929286765,0.29139888,-0.375143833,5266225.510833333
2715,0.039555935,2016,1.15e-05,-0.506754107,-0.117220362,0.541195477,-0.576736672,-0.112345042,0.884896603,0.901566527,-0.022498215,-0.159211448,1684272.7441666655
2724,0.045083832,2016,1.18e-05,-0.549678428,0.002967818,0.592891761,-0.518578352,-0.088473532,1.24642888,1.111513752,-0.013501375,0.211681772,1338959.018333332
2738,0.015284678,2016,8.18e-05,0.068612231,-0.002746144,0.182552504,0.91276252,0.10097175,0.852267556,1.734700823,0.03362888,-0.231654076,1905484.2925000011
2743,-0.043723685,2016,3.54e-05,-0.438282798,-0.150341852,-0.628432956,0.563812601,-0.169546172,1.60932157,1.023734028,-0.474656961,0.248469488,1561021.2333333315
2755,-0.017478347,2016,1.5e-05,-0.504001818,-0.157016098,-0.308562197,-0.137318255,-0.089555767,1.559828871,1.992101752,-0.50710607,-0.181244195,1266561.216666666
2767,0.03345568,2016,1.65e-05,-0.426657795,-0.285312624,0.460420032,-0.059773829,0.502611894,1.033092963,1.490900026,-0.483079356,0.314565643,1230468.7500000002
2769,0.137097085,2016,7.99e-05,-0.185885859,-0.584159054,0.964458805,0.903069467,-0.36073089,1.157835725,1.638796176,-0.374150684,0.495569373,3735759.6908333343
300004,0.047219855,2016,2.62e-05,-0.677697209,-0.395790443,0.621970921,0.357027464,-0.468875452,1.201602332,0.969912662,-0.12813602,0.089453568,5980339.866666664
300008,-0.150374518,2016,1.12e-05,-0.425727316,-0.386136831,-0.980613893,-0.615508885,-0.097109914,0.790990076,1.025085265,-1.398457811,0.224389814,4533075.733333334
300018,-0.04901878,2016,2.48e-05,-0.420586881,-0.315292954,-0.699515347,0.308562197,-0.34125266,1.175279437,1.193767908,-0.56547913,-0.249008207,3693528.1691666637
300019,0.015523239,2016,1.38e-05,-0.342607774,-0.437674925,0.192245557,-0.231017771,-0.079876645,1.07232195,1.860427771,-0.721253973,0.380648415,2933024.2050000005
300021,0.018772961,2016,1.16e-05,-0.378856785,0.07752239,0.253634895,-0.55088853,0.123244682,0.65323726,0.724636381,-0.801668045,-0.671135599,2862479.0825
300036,-0.030704381,2016,5.65e-05,0.234504377,-0.340638801,-0.495961228,0.809369952,-0.119560374,1.279045205,1.305022188,-0.125657992,-0.256799095,5917375.041666667
300041,0.016808398,2016,1.22e-05,-0.257632333,-0.117280317,0.208400646,-0.460420032,-0.072097156,1.20573827,0.952332213,0.168386431,-0.75412023,2970375.8866666644
300045,0.014036317,2016,1.1e-05,-0.103542897,-0.475342116,0.15993538,-0.634894992,-0.465536211,1.135258296,0.64229976,-1.205516238,0.20680103,5437919.28545455
300048,0.095869482,2016,1.64e-05,-0.424366915,-0.380694943,0.870759289,-0.066235864,-0.234180752,1.045505023,1.183909528,-0.923494606,-0.497138621,5524968.850833332
300056,0.060313685,2016,1.97e-05,-0.602509342,-0.173024446,0.702746365,0.046849758,-0.237007845,1.272893531,1.271597903,0.312573661,0.343792074,4039892.602499999
300069,-0.027266272,2016,4.93e-05,-0.64069695,0.002905237,-0.450726979,0.738287561,0.564251736,0.766416248,0.242643687,-0.722592982,0.529554561,2881617.7045454537
300091,0.085563568,2016,2.11e-05,0.014468045,-0.089991571,0.828756058,0.114701131,-0.091838187,0.764341566,0.585004015,0.043339487,-0.126238573,4733344.371666667
300093,-0.079149981,2016,2.66e-05,-0.525405315,-0.404535795,-0.880452342,0.37641357,-0.241819787,0.75465964,1.257197033,-1.242083624,0.260395733,5084567.924999996
300095,0.112094568,2016,1.12e-05,-0.442217805,-0.192257905,0.932148627,-0.615508885,-0.080954532,0.572860543,0.747345787,0.071242467,-0.159171171,2851299.4291666653
300099,0.09447721,2016,3.39e-05,-0.497987284,0.086817468,0.861066236,0.52180937,-0.20013084,0.932634466,0.273769173,-1.482302794,1.337733558,3127052.2183333333
300103,0.060264413,2016,3.36e-05,-0.378388719,0.008573413,0.699515347,0.518578352,-0.17710257,0.841538565,2.45106458,-0.109888688,-0.676535002,1618768.3491666664
300105,0.014302973,2016,1.44e-05,-0.376921723,-0.202574979,0.169628433,-0.18901454,-0.174486007,1.146794382,1.576768579,-0.03723489,0.322897278,4299894.720000001
300117,0.021404709,2016,5.42e-05,-0.518232631,0.180502696,0.279483037,0.802907916,0.113140589,0.984471147,2.926853054,0.750543162,-1.635962111,4483229.814166663
300123,-0.018141093,2016,1.04e-05,-0.043435027,-0.169531019,-0.31825525,-0.731825525,-0.058126594,1.438288963,-0.57181952,-2.853600538,0.529344097,3717558.8822222245
300135,0.049802292,2016,4.56e-05,-0.506968587,-0.024265736,0.644588045,0.715670436,-0.335338129,1.193767241,2.029376378,0.751771773,-0.442794749,3805392.361666664
300139,0.002995094,2016,1.35e-05,0.248413518,-0.297830518,-0.024232633,-0.260096931,-0.256900704,1.321822634,1.542577115,0.111890854,0.177974839,2931888.8691666666
300140,-0.051804705,2016,2.78e-05,-0.534186722,-0.206047191,-0.722132472,0.415185784,-0.360759088,1.253372585,1.100631956,-0.492092186,-0.300007489,4289965.208333334
300153,-0.003443344,2016,1.25e-05,-0.438996379,-0.454382105,-0.117932149,-0.408723748,-0.050203405,1.11862826,2.130885595,0.079860708,0.420470898,6628185.5411111135
300164,0.02334013,2016,2.48e-05,0.040852173,-0.151448032,0.324717286,0.308562197,-0.04988255,1.099864992,-0.053017852,-1.854641872,-0.066375234,2518382.383636364
300172,0.046761099,2016,1.26e-05,-0.46116552,0.113510404,0.618739903,-0.379644588,-0.148409999,1.169370586,2.106560062,0.870706389,-0.590090231,3215867.145833336
300179,-0.070741449,2016,1.51e-05,-0.233255444,-0.150466342,-0.838449111,-0.121163166,-0.296196825,0.933691355,1.485622494,-0.28918371,0.138885999,2299487.064285711
300189,0.009456236,2016,1.98e-05,0.126458205,-0.427774734,0.0726979,0.053311793,-0.300556301,1.252954509,0.806962568,-0.513260941,-0.095222779,4807869.831000002
300196,0.000464128,2016,1.37e-05,-0.319200749,-0.245399293,-0.056542811,-0.243941842,0.045505285,0.641731111,0.883483748,0.090592083,-0.20561037,4034454.5750000016
300213,0.004364771,2016,0.000129086,-0.305529586,-0.368642309,-0.004846527,0.987075929,-0.270702485,1.483173483,1.284674111,-0.697402802,0.703151744,3297464.5509090885
300232,0.043084532,2016,9.16e-06,-0.267152849,-0.002070146,0.576736672,-0.873990307,-0.059650179,0.798315998,1.719635437,1.220661295,-0.001880762,5094655.182499998
300240,0.029774984,2016,1.09e-05,-0.356546152,-0.135951898,0.402261712,-0.654281099,-0.266276886,1.613839763,0.686229599,-0.474197918,0.031622328,4251432.511666666
300254,0.08695583,2016,1.05e-05,-0.364672692,-0.336889787,0.835218094,-0.709208401,-0.351865502,0.942754497,1.025554299,-0.594377194,-0.059942117,2559317.457499999
300262,-0.063048523,2016,3.35e-05,-0.496209259,-0.023314766,-0.793214863,0.512116317,-0.098458109,1.078004279,1.749347581,1.079799634,0.270297919,3714755.023333335
300263,-0.00453509,2016,1.18e-05,-0.372888021,-0.273439365,-0.127625202,-0.518578352,-0.497333281,0.690100151,1.392301396,-0.266082265,-0.369034587,4062282.0250000022
300280,0.111766445,2016,1.54e-05,0.037416663,0.034062319,0.928917609,-0.108239095,0.424364108,0.535351068,-0.088925438,-0.928179286,0.23715195,3984174.5454545473
300281,0.002843724,2016,3.63e-05,-0.405625716,0.070704681,-0.027463651,0.583198708,-0.058358552,1.119101173,1.015114835,-0.275409373,-0.272822789,2164011.7325
300293,0.050835664,2016,2.66e-05,-0.324486624,-0.216697435,0.654281099,0.37641357,-0.32377462,0.860918744,1.029094114,-0.537578611,0.42130989,4031877.0039999955
300317,-0.138943032,2016,1.77e-05,-0.193378848,-0.209732123,-0.97092084,-0.021001616,0.487185502,0.34097048,2.61134684,0.359983886,0.413681952,4154041.0033333325
300320,0.022859503,2016,5.82e-05,-0.36924176,0.135474533,0.315024233,0.822294023,0.14382836,1.001445238,0.040988992,-0.605547862,-0.084403822,3137976.0841666632
300348,0.142639367,2016,3.06e-05,0.293635114,-0.433291395,0.97092084,0.460420032,-0.353968407,1.406588761,2.125677394,0.629170318,-0.502302336,3579713.494166666
300351,0.050289104,2016,2.72e-05,-0.319123589,-0.469293664,0.647819063,0.392568659,-0.189539471,0.691551759,0.677165164,-0.76515826,0.480960991,5268332.16
300354,-0.052113077,2016,1.26e-05,-0.384141132,-0.431381069,-0.735056543,-0.379644588,-0.445174029,0.987363193,1.771025902,-0.934541405,0.44448054,1659638.0616666665
300355,-0.027533187,2016,1.77e-05,-0.449208281,1.392510652,-0.457189015,-0.021001616,0.114692304,0.833056826,2.603584616,1.004996236,-0.525331459,4611781.083636364
300365,0.041577365,2016,2.3e-05,0.144134709,-0.229986778,0.567043619,0.224555735,-0.045584388,1.096970973,1.200817663,0.407354,-0.240535016,2449924.687499998
300366,-0.021657834,2016,3.18e-05,-0.469555262,-0.125138935,-0.373182553,0.486268174,-0.348844086,0.970853604,1.204829837,-1.67005587,0.630606249,1976092.2499999981
300370,-0.01671707,2016,7.17e-06,-0.288859553,-0.323538837,-0.292407108,-0.980613893,-0.06602408,1.132552953,1.666189697,-0.527136942,0.001311771,2429438.1741666673
300376,0.009315635,2016,7.99e-06,-0.414249899,0.311764455,0.063004847,-0.954765751,0.975499829,0.406884521,1.1980065,-1.43591386,-0.49958608,3671415.2158333324
300377,-0.015259518,2016,1.44e-05,0.189930922,-0.428096905,-0.269789984,-0.18901454,-0.102181511,1.443922958,1.481619481,-0.58913878,0.27778019,5260343.170000002
300385,-0.045474086,2016,3.58e-05,-0.356583696,-0.209454919,-0.647819063,0.573505654,-0.222141761,1.187563281,1.775194835,0.323575896,-0.074613515,1665960.0441666658
300397,-0.0713528,2016,3.8e-05,-0.517765109,-0.290191142,-0.841680129,0.615508885,-0.37429387,1.333225724,0.080391455,-2.422898667,0.295773105,2972547.0
300405,0.093302225,2016,2.26e-05,-0.453701815,-0.328181934,0.848142165,0.195476575,-0.223651948,0.956896928,2.399278551,0.477661515,-0.027723331,1509089.0844444435
300407,0.110066901,2016,0.000160301,-0.630754432,-0.022920468,0.915993538,0.993537964,-0.024065233,1.147649304,1.383347773,-0.766872343,-0.304238699,2284053.690000001
300412,0.02363269,2016,1.14e-05,-0.263896307,-0.285735036,0.327948304,-0.592891761,-0.230272431,1.437850477,1.751915666,0.291549864,0.129173741,1270140.3000000003
300422,-0.019597681,2016,8.02e-06,-0.126031459,0.199041174,-0.324717286,-0.951534733,-0.108153852,1.094830594,2.747648127,1.260415021,-0.685608392,2326537.929166667
300435,-0.050755704,2016,6.78e-05,-0.231474159,-0.340239088,-0.715670436,0.861066236,-0.282348938,0.895634048,2.099951059,0.15513035,-0.053538312,1593481.818333334
300455,0.00589215,2016,2.53e-05,-0.088132076,-0.251702006,0.017770598,0.331179321,-0.186773523,1.246327112,1.18367273,-0.559023339,0.014672565,1609647.449999999
300464,-0.08578895,2016,3.04e-05,-0.337496216,-0.39193226,-0.909531502,0.453957997,-0.132961216,0.941695862,1.771807824,-0.978368364,-0.093125765,1439983.2545454549
300468,-0.027976682,2016,3.31e-05,-0.234126922,-0.416645877,-0.46365105,0.502423263,-0.339627549,1.205605916,1.586916708,-0.342952837,-0.080937767,2823663.4963636366
300471,0.0075174,2016,2.33e-05,-0.546516409,-0.210376129,0.04361874,0.237479806,-0.420937852,1.177116603,1.439249716,0.182786572,-0.443209258,2935249.7508333344
300477,0.149635966,2016,1.42e-05,0.012146592,-0.275912555,0.980613893,-0.198707593,0.166600615,0.638106899,2.068898435,0.119243606,-0.397749062,1970218.198888891
300481,0.243578798,2016,1.63e-05,-0.40068339,-0.431832485,1.0,-0.069466882,0.178341947,1.311712243,2.440957164,0.56166646,-0.111287983,2213560.816666666
300489,0.012509575,2016,1.56e-05,-0.403693926,-0.489170246,0.137318255,-0.098546042,-0.242592517,1.073187718,1.299288288,-1.303796576,-0.035814587,1270747.3249999995
600051,-0.04509769,2016,1.25e-05,-0.355827926,-0.075827901,-0.644588045,-0.408723748,-0.020014189,0.906137417,1.225384422,-0.218834704,0.270363898,3256175.146666669
600055,0.083474568,2016,1.39e-05,-0.137066331,-0.000887006,0.822294023,-0.224555735,-0.324462485,0.955836054,0.864443461,0.108975896,0.189623622,6116913.075000002
600075,0.015993751,2016,6.19e-05,-0.260782334,0.053526281,0.195476575,0.831987076,0.144009112,0.854946285,2.406221149,1.335285289,-0.415426734,4919174.77333333
600076,0.032844482,2016,1.16e-05,-0.458467587,-0.417177849,0.450726979,-0.55088853,-0.105707448,1.209060498,1.275404337,0.734463005,0.160577578,5024435.765833333
600097,-0.182219549,2016,1.44e-05,-0.410470915,0.177038552,-0.993537964,-0.18901454,0.090362589,0.603570399,1.302310925,1.030169464,0.634095968,3535502.2025
600106,-0.017931009,2016,2.99e-05,-0.357475328,-0.194885783,-0.315024233,0.450726979,-0.338388033,0.937697377,0.671286379,0.153962294,-0.283146769,6580373.048333333
600133,0.006358175,2016,2.47e-05,-0.11559077,0.24992768,0.027463651,0.302100162,-0.331395953,1.227563972,1.047179794,0.70379845,-0.111455024,4274452.42166667
600148,0.050738259,2016,1.41e-05,-0.233559412,0.120106436,0.651050081,-0.201938611,0.007111541,1.253248108,-0.299005222,-2.245397432,-0.518701388,3195087.6500000027
600163,-0.005249108,2016,2.26e-05,-0.288951376,-0.166116381,-0.143780291,0.195476575,-0.021468757,0.780938135,0.725480299,-0.319958972,-0.099032031,4164450.978000001
600190,-0.00194877,2016,1.27e-05,-0.283328702,0.04837797,-0.095315024,-0.357027464,-0.28299586,0.647090737,0.606688919,-0.351297964,-0.346768341,5862343.687499996
600192,0.039669414,2016,1.25e-05,-0.405845862,-0.289291702,0.547657512,-0.408723748,-0.110682499,1.192528217,1.113294131,-0.387094386,-0.103189588,3941496.5300000026
600203,0.064927592,2016,2.06e-05,0.164196009,-0.401503962,0.741518578,0.088852989,-0.156890901,1.096624645,0.799247845,-0.917882614,0.216574666,3520318.191666665
600213,-0.00919987,2016,1.38e-05,-0.219339666,-0.165694878,-0.179321486,-0.231017771,0.024188948,1.269466466,1.817606441,-0.121619895,0.168816924,2831583.333333332
600229,0.024289511,2016,3.44e-05,-0.139962229,-0.243691617,0.340872375,0.534733441,-0.367047799,1.25851422,0.972284854,-0.104574261,0.283483734,4816876.514999999
600243,-0.091535474,2016,2.36e-05,-0.386158536,-0.1473969,-0.922455574,0.250403877,-0.19711606,0.798737773,1.368257141,0.002677922,-0.3952633,2327446.0000000014
600248,-0.028242926,2016,6.49e-05,-0.253485793,-0.023138395,-0.470113086,0.848142165,-0.195429619,1.182267326,0.874801341,0.248897939,-0.34133757,4052303.314166665
600251,-0.047790724,2016,7.63e-06,-0.321059641,-0.016868808,-0.686591276,-0.967689822,-0.286431133,0.96450831,1.330874393,0.656290226,-0.378907148,6144658.888333335
600262,-0.080825345,2016,2.52e-05,-0.311010481,-0.003957302,-0.88368336,0.324717286,-0.297813777,0.813822715,-0.405187756,-1.140582217,-0.238841569,4885516.666666664
600268,0.036014166,2016,1.8e-05,-0.323319389,-0.195868286,0.479806139,-0.011308562,-0.097722416,1.084596498,0.131597216,-1.183533168,0.52625185,4899867.4958333345
600272,-0.018951649,2016,1.36e-05,-0.427087261,-0.23255906,-0.321486268,-0.250403877,0.002425043,1.384490564,0.195463457,-0.927434649,0.976241692,2964533.3333333335
600273,-0.026961918,2016,2.92e-05,-0.020055716,0.056618576,-0.444264943,0.437802908,-0.083000501,0.798622926,0.526492542,-0.111114187,-0.066814731,4772138.281666663
600279,0.037229833,2016,2.74e-05,-0.321502418,-0.063227451,0.502423263,0.402261712,-0.34193631,1.11474516,1.13908733,0.020262225,-0.482446025,5193532.006666668
600285,0.029918894,2016,9.71e-06,-0.206328666,0.052243949,0.40549273,-0.819063005,-0.039826536,1.0672663,0.705066242,0.508760818,0.260261269,5908368.576666667
600287,-0.033536728,2016,5.01e-05,-0.317554938,-0.148554929,-0.525040388,0.751211632,-0.132616888,1.254037141,0.793077253,-0.748280982,0.016946545,4325373.123333336
600302,-0.020990812,2016,1.5e-05,-0.491279465,-0.02669,-0.350565428,-0.137318255,0.017750642,1.34246853,1.782767501,0.302361096,0.029403232,3091020.9158333335
600338,0.000256542,2016,2.53e-05,-0.456255615,0.273680375,-0.063004847,0.331179321,0.365976115,1.446231151,0.02012321,-0.799575732,0.08426443,4164694.4375000023
600354,-0.112763354,2016,2.21e-05,-0.326980643,-0.081252413,-0.957996769,0.163166397,-0.092080974,1.037397361,1.510524456,0.257896224,-0.128400892,3502931.7699999996
600368,0.044843218,2016,7.56e-06,-0.244427201,0.137071156,0.586429725,-0.974151858,-0.148648672,0.89820597,1.347897332,0.435470547,-0.399559686,4500443.769166666
600379,0.027652482,2016,1.3e-05,-0.452977756,-0.349572622,0.373182553,-0.315024233,-0.042128793,1.01850552,1.818750591,0.707253406,0.549585167,4728250.538000001
600405,-0.067714116,2016,1.2e-05,-0.37462615,-0.332520305,-0.819063005,-0.486268174,-0.341282462,1.056450855,0.259768054,-0.959549222,-0.098763672,5342892.704999998
600419,0.06777469,2016,1.21e-05,-0.248067888,-0.08387672,0.751211632,-0.476575121,0.595324355,0.294535491,1.775418533,0.958760344,-0.043275008,4081195.7291666656
600452,0.077755718,2016,1.53e-05,-0.411322015,0.351827303,0.783521809,-0.114701131,0.264643682,0.507669528,0.303318781,-0.752884239,0.172150662,5693759.999999998
600469,0.009759494,2016,1.16e-05,-0.520394308,-0.293068653,0.082390953,-0.55088853,0.091677595,0.538047513,0.698175614,-1.080324227,0.277175678,5828207.874285715
600480,0.030839487,2016,1.22e-05,-0.551120712,0.502906284,0.411954766,-0.460420032,-0.114559414,2.025594029,-1.810365656,-3.65997816,-1.769636192,4637184.222857143
600483,-0.037482233,2016,1.09e-05,-0.31857405,-0.100075937,-0.567043619,-0.654281099,-0.354365412,1.001828719,0.443350072,-0.076004966,0.013080161,3286069.883333331
600493,-0.013320352,2016,1.26e-05,-0.414014909,-0.196805845,-0.240710824,-0.379644588,-0.010335549,0.57335443,0.88966914,-0.819752355,0.060765542,3832480.0000000005
600510,-0.052227871,2016,1.18e-05,-0.210242315,-0.126900979,-0.738287561,-0.518578352,-0.287418774,0.869778403,0.65251806,-0.132108309,0.15179939,6685042.422499999
600512,0.083136714,2016,1.17e-05,-0.543483327,0.19204187,0.815831987,-0.531502423,-0.049251076,1.292348636,0.784912254,0.802985033,-0.440170096,4355128.945000001
600515,-0.031185476,2016,5.8e-05,0.077084396,-0.215982421,-0.502423263,0.819063005,-0.317043713,1.017049029,0.696940164,-0.401978013,0.052215992,5312861.640833335
600526,0.01697795,2016,1.21e-05,-0.435912575,-0.206073419,0.211631664,-0.476575121,-0.316655437,1.155930499,1.372180474,0.461668305,-0.225677675,5307533.802499998
600538,-0.142677861,2016,2.04e-05,-0.180004417,-0.480190315,-0.977382876,0.082390953,0.13673478,0.383035698,0.342009796,-0.989375809,0.388099322,3603003.264
600592,0.069711911,2016,1.01e-05,-0.407440192,-0.008752817,0.760904685,-0.789983845,-0.246051433,0.976861981,-0.024368257,-1.112074908,-0.144606494,4258793.259090912
600596,0.039536514,2016,1.13e-05,0.909165446,0.156640082,0.537964459,-0.599353796,-0.004479108,1.267780192,1.125369279,0.074415877,0.168285494,5503659.474999997
600629,0.166545891,2016,6.09e-05,-0.446811056,0.110746141,0.983844911,0.828756058,-0.169045969,0.447455024,1.893392588,0.457156145,-0.895907509,6446696.535833334
600658,-0.062153877,2016,3.46e-05,-0.436045894,0.262833013,-0.786752827,0.544426494,-0.042636135,1.063491715,0.047174729,-0.05826952,0.133716285,6642598.666666668
600668,-0.044988853,2016,2.35e-05,-0.290762483,0.129928473,-0.63812601,0.247172859,-0.05318601,1.276911706,0.428007761,0.028263939,-0.295577362,5114083.527500004
600686,-0.011007704,2016,4.02e-05,-0.075075015,-0.110728256,-0.205169628,0.651050081,-0.262154289,1.150552436,1.241302342,0.584316778,-0.099901538,6050302.315833337
600712,0.064203626,2016,2.81e-05,-0.394231762,-0.352389048,0.738287561,0.421647819,-0.002696021,0.93745429,-0.521171046,-1.628635693,0.615735758,5430586.194166663
600720,-0.113052294,2016,1.12e-05,-0.146264774,0.16081313,-0.961227787,-0.615508885,-0.079933286,1.148880864,1.138238345,0.132913951,-0.372224182,5510755.079166667
600731,-0.045684383,2016,2.12e-05,-0.432916706,-0.156243135,-0.654281099,0.121163166,-0.116609123,1.205709901,1.30316235,0.19544305,-0.311851427,2466897.566666664
600735,0.110424293,2016,1.23e-05,-0.412616432,-0.203126788,0.919224556,-0.447495961,-0.149910932,0.00024369,1.916924774,0.092616716,0.13697557,5909658.913333335
600746,-0.043874446,2016,1.68e-05,-0.466731112,0.080321072,-0.631663974,-0.046849758,0.312420034,1.113973339,2.2523288,0.340996775,0.211909299,3243623.2075
600761,0.000393261,2016,1.25e-05,-0.117072857,0.27936,-0.059773829,-0.408723748,-0.042304043,1.064107594,0.640650557,0.325702549,0.267945585,6609711.759166668
600778,-0.072050881,2016,1.85e-05,-0.362095426,-0.215247535,-0.848142165,0.017770598,-0.096343687,0.86111982,1.50188818,0.115283008,-0.01784715,3088831.811666665
600792,-0.014737915,2016,1.79e-05,-0.252374872,-0.104422942,-0.263327948,-0.01453958,-0.086165332,1.154204284,0.4904742,-0.53398231,0.265039179,5207068.053333332
600798,-0.050540846,2016,1.35e-05,-0.307424759,0.059465383,-0.712439418,-0.260096931,-0.229932104,0.771457818,1.254930449,0.238489686,-0.733836554,5504744.062500001
600802,0.062715153,2016,1.24e-05,-0.195275672,0.065203243,0.725363489,-0.43457189,-0.074012625,1.181131807,2.503858985,0.091728839,-0.371356379,3260882.879166667
600853,-0.039937057,2016,1.04e-05,-0.420770378,0.183051347,-0.599353796,-0.731825525,-0.101342987,1.233634295,1.28463706,0.603874207,-0.717948627,3146140.2158333343
600857,-0.065379772,2016,1.53e-05,-0.241047492,-0.17059541,-0.802907916,-0.114701131,-4.47e-05,0.694372815,0.592448855,-1.386688082,0.190656619,3447236.355000001
600897,0.010372621,2016,4.44e-05,-0.166814951,0.19310283,0.108239095,0.699515347,-0.018649218,1.03584665,0.685372731,0.515225292,-0.173604766,6194696.175000001
600917,-0.046744758,2016,1.23e-05,-0.27525797,-0.053769125,-0.676898223,-0.447495961,-0.131839701,1.091313747,1.090566697,-0.405616936,0.359145533,1771770.0
600965,0.132685265,2016,1.3e-05,-0.120679966,-0.131053878,0.957996769,-0.315024233,-0.205667434,0.790337151,0.825187729,-0.264717323,-0.223347899,5340459.828333336
600969,0.071301722,2016,1.17e-05,-0.415107201,-0.057427065,0.773828756,-0.531502423,-0.003006023,0.762583092,0.741283441,-0.083310117,0.112834402,4127825.039166663
600973,-0.073154244,2016,5.24e-05,-0.354969198,-0.041547897,-0.857835218,0.777059774,-0.173311109,1.16795704,0.615229065,-0.202392912,0.117786799,4954821.881818182
600979,0.009008064,2016,8.72e-06,-0.216779753,-0.040268474,0.056542811,-0.91276252,0.016999365,1.091691009,1.148986615,-0.52632474,0.513048105,4625183.308181816
600980,0.138324976,2016,1.31e-05,-0.317984984,-0.40969203,0.967689822,-0.308562197,0.01415764,1.348516415,0.798373971,-1.262193623,-0.101547622,3282890.9408333343
600985,-0.021262439,2016,3.15e-05,-0.202830798,0.155980758,-0.357027464,0.476575121,0.075711061,1.296297624,-0.003376562,-0.611216698,0.048481864,3067733.90666667
600992,0.02036523,2016,3.87e-05,-0.454757009,0.267875276,0.269789984,0.631663974,0.040518343,1.047163256,-0.480671548,-1.406706275,-0.117552963,3271951.4999999977
601002,0.041553346,2016,2.72e-05,-0.29408903,-0.020638553,0.563812601,0.392568659,-0.187026752,1.28211395,1.247872809,0.010808495,-0.768708345,6647292.749999997
601008,0.042722265,2016,0.000105819,-0.523423563,0.463643757,0.573505654,0.961227787,-0.198541636,0.78579235,2.009532102,0.224924064,-1.5264261,4065615.4925000034
601038,0.007747667,2016,1.59e-05,-0.432322246,-0.035894741,0.046849758,-0.088852989,-0.192083051,1.053989577,0.810170693,-0.163531582,-0.125117511,6102920.175000001
601100,-0.017226885,2016,2.55e-05,0.782299793,0.38276312,-0.302100162,0.337641357,-0.042256285,0.915751591,0.75822904,0.140922104,-0.462720307,3134210.625
601177,-0.083732964,2016,1.1e-05,-0.275334039,-0.14716598,-0.893376414,-0.634894992,-0.049202615,1.111256719,1.255214081,-0.163813255,-0.111860293,4117617.5500000045
601188,0.108301534,2016,1.39e-05,-0.3205078,0.190129406,0.909531502,-0.224555735,-0.059255786,0.884587732,0.901114689,-0.541485562,0.128411728,5560909.714166661
601208,0.038174579,2016,1.22e-05,-0.407748668,-0.187191747,0.512116317,-0.460420032,-0.18595327,1.054931169,1.273116894,0.208149518,-0.016769574,4772077.696666668
601226,-0.0139522,2016,5.19e-05,-0.454435777,-0.259284057,-0.256865913,0.764135703,-0.35383924,1.12481454,0.247443707,-0.616530134,0.116348187,3368681.2499999995
601368,0.095174951,2016,2.47e-05,-0.301191579,-0.25777556,0.867528271,0.302100162,-0.31572838,1.01908225,0.84289902,-0.051943742,0.177430983,2975806.415833333
601616,0.081106732,2016,1.26e-05,-0.365411162,-0.180399134,0.802907916,-0.379644588,-0.249140806,0.937153091,0.871974085,-0.280932225,0.194757941,5805457.017499997
601789,0.003552952,2016,4.5e-05,-0.270063982,-0.156207062,-0.021001616,0.709208401,0.082659398,0.721479343,1.012584971,-0.593471724,-0.785166276,5585129.759999996
601798,-0.04596974,2016,1.26e-05,-0.235397258,-0.107252308,-0.66720517,-0.379644588,-0.052404069,1.074071625,0.858182264,-0.840086241,0.15645209,4412457.953000003
603002,0.0283686,2016,1.39e-05,-0.199647565,-0.317838242,0.37641357,-0.224555735,-0.142612142,1.020905053,1.357306562,-0.164480319,-0.437849065,3823590.189999999
603012,0.012157051,2016,1.18e-05,-0.194001295,-0.392604656,0.127625202,-0.518578352,-0.221726126,1.345076577,0.560029022,-0.27979381,0.038318238,4270731.249999996
603017,-0.066889617,2016,1.15e-05,-0.456854236,-0.080153161,-0.815831987,-0.576736672,-0.071759803,0.874972856,0.966904784,-0.388030022,-0.103100259,2298512.595833332
603018,0.004422785,2016,5.41e-05,-0.275963579,0.115627388,-0.001615509,0.799676898,-0.108272593,1.001887092,1.851922835,0.985061041,-0.531050431,3905880.1666666684
603021,0.001908695,2016,3.83e-05,-0.398667601,-0.342093198,-0.033925687,0.621970921,0.030701615,0.964155824,1.68700351,0.155894861,0.588598107,2418692.5000000014
603066,0.106434578,2016,1.39e-05,-0.344978585,-0.117560846,0.899838449,-0.224555735,0.045102035,0.945603104,2.598901183,0.856629548,-0.245575232,1779115.625000002
603100,0.039585208,2016,2.4e-05,-0.272276391,-0.276661753,0.544426494,0.266558966,-0.143968843,1.127244523,1.499509407,0.26214568,-0.175027409,3291505.388181815
603116,0.019258135,2016,1.15e-05,-0.287378178,-0.233055632,0.263327948,-0.576736672,-0.314351568,0.961791654,0.865758692,-0.092529846,-0.221439528,2919215.3366666627
603169,0.043147586,2016,7.86e-05,-0.594264568,-0.035137189,0.57996769,0.893376414,-0.269690509,1.307152064,1.379406493,0.528063231,-0.270493987,4937506.981818186
603227,-0.068265022,2016,5.74e-05,-0.430775216,-0.305553402,-0.82552504,0.815831987,-0.513873116,0.856091361,2.68455281,1.273531816,-0.690341106,3025700.5916666663
603318,-0.179891951,2016,2.28e-05,0.115920583,-0.380166089,-0.990306947,0.2180937,-0.252186756,1.070839956,0.655764035,-0.941886272,-0.773253433,1510787.0000000005
603333,0.006519719,2016,3.63e-05,-0.16701359,-0.053538468,0.030694669,0.583198708,0.042271725,1.217252829,1.116775669,-0.277341257,0.306325457,4274737.161666662
603338,-0.048257004,2016,1.42e-05,-0.023821863,0.414037326,-0.689822294,-0.198707593,-0.037220354,0.889138682,1.456259967,0.625032996,-0.3802214,2025417.416666667
603355,-0.039592918,2016,1.29e-05,-0.493964303,0.527250541,-0.592891761,-0.331179321,-0.021446123,1.261291629,-0.062241192,-0.325310961,-0.357055174,2268027.641666668
603567,0.030907855,2016,1.32e-05,-0.206074564,-0.233257818,0.418416801,-0.28917609,-0.240642101,1.099832492,0.512197721,-0.368738032,0.495834182,2945497.56666667
603600,-0.131710872,2016,2.57e-05,-0.426776491,-0.316712738,-0.967689822,0.340872375,-0.312935128,0.701709532,1.955601001,-0.579237059,-0.351316161,2111302.6041666665
603606,0.045334406,2016,0.000147863,-0.172535013,-0.141845212,0.599353796,0.990306947,-0.138363273,0.939221467,0.902173413,-0.200423249,-0.139392773,1896421.5599999998
603609,0.0682002,2016,1.25e-05,-0.01643758,-0.399261183,0.754442649,-0.408723748,-0.055674731,1.082650826,0.63895305,-0.051006846,-0.236656137,5627021.939166661
603618,0.107409853,2016,5.17e-05,-0.411725313,-0.148141478,0.906300485,0.760904685,0.083258731,1.186805891,1.963920853,0.636390999,0.485067913,3300861.0600000005
603686,0.018069171,2016,2.31e-05,-0.29236671,-0.064404432,0.234248788,0.231017771,-0.175162109,0.900580566,0.633378131,0.071687304,-0.076360315,3344234.3750000023
603688,0.11097334,2016,3.5e-05,0.155429944,-0.177065878,0.922455574,0.557350565,-0.071638958,0.975411926,1.204884457,-0.268637822,-0.060233473,1526174.4833333334
603699,0.03653428,2016,1.25e-05,-0.063433282,-0.133951646,0.489499192,-0.408723748,-0.229295461,0.827939886,0.403250944,-0.593202884,0.091606975,2671295.8333333335
603828,0.029209119,2016,3.7e-05,-0.316222685,-0.017457993,0.395799677,0.605815832,0.023131629,1.145350827,1.164217607,0.079697338,-0.15211273,1346327.2800000014
603869,0.081808279,2016,9.44e-06,-0.40017445,-0.037602395,0.806138934,-0.8546042,0.09249302,1.096168053,1.155783132,0.291324373,0.332421778,2144108.4554545456
603889,-0.075894282,2016,1.25e-05,-0.309810629,0.042832854,-0.870759289,-0.408723748,-0.040719995,1.136068301,0.344770579,-0.435288454,-0.252453719,2006247.8212500003
603969,-0.03367247,2016,5.14e-05,-0.547716592,0.472289017,-0.528271405,0.754442649,-0.303980918,1.121508866,1.699662039,-0.10889586,-0.743778054,1848533.8108333328
603988,-0.009409909,2016,6.27e-05,-0.542148753,0.184337332,-0.185783522,0.841680129,0.145597341,1.15952438,0.447650096,-0.450268794,-0.317615877,1308906.6666666663
11,0.070894886,2019,1.3e-05,-0.225864392,0.718574377,0.860576923,-0.165865385,0.039206591,0.899474753,1.481239047,0.567064929,0.004257005,3398387.590833333
19,0.031039691,2019,1.91e-05,-0.085059288,0.135782751,0.538461538,0.120192308,-0.149740951,0.954609551,1.457907536,0.497267261,0.110891823,2862888.859166667
32,0.008415748,2019,1.97e-05,-0.138768803,1.168592659,0.189903846,0.175480769,1.012013374,1.135457261,1.035242431,-0.973787463,0.464824547,4338699.876666666
37,-0.04719841,2019,3.32e-05,-0.337294114,-0.059739335,-0.725961538,0.586538462,1.59722262,1.032945542,0.70334941,0.16926508,-0.223495601,3924675.0708333305
55,-0.063572007,2019,5.78e-05,0.047863148,-0.149733938,-0.850961538,0.862980769,0.227311965,1.119157171,1.204574796,0.276371335,0.467934804,3565512.387499998
99,-0.000200354,2019,1.24e-05,-0.025499337,-0.037222313,0.048076923,-0.213942308,0.295657076,1.095514056,1.019561634,0.229430171,0.14205174,4433405.121666667
151,-0.005548357,2019,6.23e-05,-0.155431407,-0.275758433,-0.069711538,0.894230769,0.026950049,1.00970964,1.0915216,0.038376884,0.528917368,2962191.9533333336
159,0.059663221,2019,1.07e-05,0.242992541,-0.383109778,0.802884615,-0.408653846,0.333949443,1.273320879,1.207421228,-0.848552326,1.23068309,3298707.627499997
428,0.007145351,2019,1.95e-05,-0.169288328,0.111969458,0.165865385,0.163461538,0.04072097,1.191564806,1.323578924,0.273881625,0.485344903,2832498.2683333326
506,-0.04408806,2019,2.08e-05,-0.14680882,-0.397343129,-0.685096154,0.254807692,0.054628743,0.643282023,1.003646829,-0.62924507,0.336081014,2998833.311666665
514,-0.020939801,2019,2.22e-05,-0.11752715,-0.219621915,-0.375,0.317307692,0.271466534,1.115471056,1.112266027,0.624590384,0.475701008,3703451.3933333363
523,0.021443349,2019,2.11e-05,-0.538565784,-0.00236774,0.403846154,0.276442308,0.856027754,0.6756179,1.139675648,0.16872676,-0.577821744,3383388.0725000016
524,0.032306951,2019,1.63e-05,0.233862589,-0.275371756,0.569711538,-0.024038462,0.098275169,0.951429338,1.174333289,0.63443614,0.152569308,2099489.2783333333
530,0.014154521,2019,1.27e-05,0.153234461,-0.233588132,0.295673077,-0.189903846,0.183110353,0.967394488,1.444474775,0.620910765,-0.253563911,2476096.1266666674
533,-0.099336084,2019,3.39e-05,0.049932014,-0.063288915,-0.956730769,0.598557692,0.070766241,1.272802991,1.280602364,-0.297175107,0.842988134,1975372.6724999996
551,-0.016328019,2019,8.66e-05,-0.149692676,0.437802743,-0.298076923,0.947115385,0.132746648,1.146669928,1.072394168,0.420221027,-0.434838018,2655533.6891666683
561,-0.080661144,2019,1.68e-05,-0.073569987,0.014990246,-0.920673077,-0.009615385,0.282221953,1.01435486,1.468432244,-0.229453562,0.325172867,4099860.7108333316
582,-0.052447993,2019,3.6e-05,-0.222597503,0.195823087,-0.778846154,0.644230769,0.270107466,0.986838875,0.029408105,0.303300246,0.032120457,2545375.7966666664
599,0.015353077,2019,4.6e-05,-0.027242234,-0.069579138,0.317307692,0.774038462,0.26292481,1.051557426,1.367891696,0.255695928,-0.198987841,3401782.6266666674
607,-0.049860325,2019,2.77e-05,-0.183022364,-0.280913593,-0.754807692,0.475961538,0.204498368,0.902236479,1.642107393,0.188621136,-0.870697658,4312179.818333334
610,0.051346119,2019,1.25e-05,0.230341678,-0.210695189,0.75,-0.211538462,0.208449979,0.927949334,1.662264586,-0.075392076,0.325928757,2319729.247499999
619,-0.000695542,2019,1.34e-05,0.091566454,-0.133630667,0.036057692,-0.146634615,0.099110285,0.993642937,0.890692823,0.734554082,-0.10019349,2033099.9999999981
628,-0.020197508,2019,1.08e-05,-0.046567485,-0.197731569,-0.362980769,-0.387019231,-0.014963463,0.89646977,0.530920131,-0.142818428,0.439487902,1895155.1275000006
659,0.027080429,2019,1.06e-05,0.441362042,-0.259139215,0.483173077,-0.420673077,-0.346865325,0.760484325,1.6579758,0.433848023,0.242558537,3979249.2991666677
680,0.094100971,2019,9.58e-05,0.122673689,-0.180021536,0.935096154,0.963942308,0.105204761,1.306405728,1.200953676,0.926770227,0.115179275,3922971.596666666
700,0.015106515,2019,1.04e-05,-0.257294498,1.017811339,0.314903846,-0.466346154,0.358638417,1.101851665,-0.363562603,-1.273684815,-0.648457638,2651288.138333334
710,2.79e-05,2019,1e-05,-0.505433316,0.651053236,0.055288462,-0.526442308,0.130258577,1.008049716,0.757130705,0.634083322,-1.189279209,4256276.1708333315
713,0.030164569,2019,8.22e-06,0.234502787,-0.026957692,0.528846154,-0.846153846,1.369962096,0.624086645,1.279519691,-0.355045666,-0.137964982,3015359.6383333355
779,0.024853758,2019,2.27e-05,-0.108768342,-0.041045115,0.451923077,0.338942308,0.163642877,1.127005972,1.430264006,1.025493418,-0.323812573,2008075.4316666664
798,0.119828631,2019,2.33e-05,0.315783782,-0.055774291,0.951923077,0.367788462,0.165241729,1.047170949,1.764992676,0.441746738,0.160760586,1923236.6108333338
815,0.209527272,2019,1.5e-05,-0.235862358,-0.283091076,0.983173077,-0.072115385,-0.012210651,1.389724117,1.859881679,-0.254717461,-0.096074955,4356193.136666666
833,-0.013977058,2019,8.94e-06,-0.012193786,-0.155362956,-0.25,-0.745192308,0.089750426,0.963749814,1.074247413,0.275323561,0.200601516,1999756.7108333337
881,-0.022257109,2019,2.46e-05,0.400220839,-0.100575229,-0.401442308,0.40625,0.011708784,1.021578375,1.688312994,1.318364289,-0.751200635,2355075.8883333323
905,-0.00797619,2019,3.43e-05,0.01947427,-0.166631493,-0.153846154,0.610576923,0.216149307,1.021327147,0.586164812,-0.050930462,0.571208894,3928956.5666666664
922,0.05464439,2019,1.08e-05,0.156245843,-0.293154204,0.778846154,-0.387019231,0.130419927,1.124576522,1.018334141,-0.038547653,0.264342797,4118604.1058333316
928,0.102736484,2019,1.87e-05,1.417976933,-0.312373326,0.939903846,0.088942308,0.120833173,1.016410375,1.043161894,0.594822554,0.101640039,3949429.642499998
949,0.014626194,2019,1.38e-05,1.417294799,0.174648983,0.298076923,-0.129807692,0.427939248,0.412069391,1.569846607,1.013770792,-1.553704593,4120312.1533333343
955,-0.00662949,2019,9.96e-06,-0.405118752,0.961789138,-0.103365385,-0.533653846,0.995604185,0.228969906,1.775215195,1.712042463,-1.832721272,2515960.279166665
957,-0.006629869,2019,2.44e-05,-0.080522033,-0.145208181,-0.105769231,0.399038462,0.477037301,1.185161816,0.157974748,-1.290263354,0.659335461,4091453.735
978,0.001316036,2019,1.04e-05,0.326495869,-0.209522131,0.074519231,-0.466346154,0.016523085,0.872642916,0.872290128,-0.084291273,0.471524918,2026200.6483333346
2006,-0.020869798,2019,2.83e-05,0.725391148,-0.202360084,-0.370192308,0.480769231,-0.17167157,0.710739799,1.233483483,-0.558162011,-0.179434308,2327384.800000002
2015,-0.044216535,2019,5.14e-05,0.718890569,-0.087944599,-0.692307692,0.814903846,0.090713355,0.751908174,0.663238385,0.165496993,-0.550943421,2202535.358333333
2031,-0.022767542,2019,9.55e-06,-0.057051653,-0.122569397,-0.408653846,-0.625,0.038008586,1.078989433,0.752360412,-0.341935195,0.29971729,3995167.6666666656
2037,-0.025855652,2019,1.82e-05,-0.093867623,-0.149398947,-0.456730769,0.045673077,-0.151509873,0.826597193,0.880184019,0.225982222,0.193079442,2557018.1366666676
2053,0.036486947,2019,6.58e-06,0.066841455,-0.107259779,0.615384615,-0.971153846,0.044009469,1.085025106,0.971418151,0.59494689,0.023277735,2813166.1966666677
2057,-0.032608631,2019,1.71e-05,0.004824405,-0.489283584,-0.560096154,0.002403846,1.345317902,0.73830254,1.257202237,-0.655656302,0.447877461,4011915.904999995
2060,-0.029798387,2019,1.43e-05,0.210322555,-0.097642013,-0.53125,-0.108173077,0.109236939,0.912669756,0.978025245,0.640432247,0.419818344,3774324.0583333313
2061,0.018344806,2019,3.3e-05,0.007530689,-0.127392519,0.355769231,0.581730769,-0.426598036,1.069153244,1.321402549,0.661738639,0.117416977,4222775.98
2068,0.036104273,2019,3.65e-05,0.78760908,-0.163298095,0.612980769,0.653846154,-0.149985554,0.91507682,0.385152452,0.32872405,0.684061843,3241344.802500002
2073,-9.83e-05,2019,2.33e-05,0.228013546,-0.344267932,0.052884615,0.367788462,0.017609817,0.989011326,0.887822664,-0.425616518,0.059385916,4356898.359999999
2084,0.080836218,2019,8.6e-06,-0.355309362,1.074624965,0.896634615,-0.802884615,0.644471916,1.287966843,1.501443106,1.697744284,-0.892302936,2566883.3649999998
2103,0.011506837,2019,9.73e-06,-0.352386683,0.379472013,0.240384615,-0.581730769,0.171734398,1.436103816,2.626737754,0.770111156,-0.613400036,1727244.1258333323
2104,-0.068838863,2019,3.07e-05,-0.315390713,0.165970847,-0.872596154,0.548076923,0.286294426,1.278766979,1.199346495,-1.030629459,-0.001222201,4214206.261666665
2112,-0.046732451,2019,1.44e-05,-0.1408367,0.10249541,-0.716346154,-0.103365385,0.013228422,1.05052728,1.613272603,-0.141592132,0.558408484,1355348.0200000003
2116,0.039472235,2019,4.18e-05,-0.120840616,-0.328722174,0.641826923,0.733173077,0.150392536,1.02783891,1.016101636,0.203626349,0.347343445,3731947.4258333347
2140,0.308767671,2019,0.000107126,0.124147065,-0.248616298,0.997596154,0.971153846,0.454724287,1.217992479,1.307797393,0.028193038,0.621601844,3830706.9349999987
2149,-0.016570152,2019,1.04e-05,1.349623653,-0.292795001,-0.305288462,-0.466346154,0.44843508,1.201953968,0.889509394,-0.413190127,0.597723892,3432133.4924999997
2150,-0.001993919,2019,1.31e-05,-0.150857635,0.280623802,0.007211538,-0.15625,0.443273923,1.106827157,1.317128264,0.520375258,0.019510362,2028233.6458333328
2163,-0.092229163,2019,2.27e-05,0.883418398,0.720074619,-0.942307692,0.338942308,0.089137951,1.077990046,1.094319918,-0.263768714,-0.007909023,4167802.8624999993
2164,-0.035835336,2019,2.06e-05,0.658747752,-0.28686289,-0.59375,0.240384615,0.383225924,1.068163765,1.161763339,-0.404591122,0.631352999,1690348.4216666657
2165,0.028707395,2019,9.28e-06,0.040634544,-0.10429498,0.507211538,-0.675480769,0.238785884,0.7762916,1.387890407,0.724476682,-0.416520507,2572826.263333334
2169,0.02373069,2019,8.19e-06,0.22740733,0.858392222,0.442307692,-0.853365385,0.887336849,0.905097392,0.331248017,-2.871744112,1.191672089,4394147.24666667
2186,-0.023299413,2019,1.09e-05,-0.058611908,-0.068281821,-0.423076923,-0.350961538,-0.093439744,0.757648119,1.149162365,0.549769943,-0.057001429,3468143.191666664
2189,-0.034953702,2019,1.09e-05,-0.071016346,-0.249727541,-0.581730769,-0.350961538,0.609675662,1.259661442,1.521552635,-0.875659162,-0.099548607,4078853.0108333365
2218,-0.057649314,2019,1.46e-05,0.637771775,0.096228702,-0.829326923,-0.098557692,0.07469725,1.142609799,0.892165485,-0.519736791,0.235144443,3849772.1600000015
2225,-0.017132581,2019,8.73e-06,0.000755519,-0.077060229,-0.319711538,-0.766826923,-0.032045742,0.858323689,0.730552882,-0.086879909,0.3374086,3186903.931666667
2227,-0.06213118,2019,1.08e-05,0.244579186,0.142948213,-0.838942308,-0.387019231,0.074975381,1.007314843,0.96819314,-0.881895587,0.967830195,2588920.738333333
2246,-0.014565936,2019,1.93e-05,-0.052219271,-0.057104515,-0.264423077,0.132211538,0.127892288,0.18409833,0.82709154,0.200315931,-0.645982145,3563062.5175000005
2248,0.079212125,2019,1.15e-05,-0.168294352,-0.234390472,0.891826923,-0.262019231,-0.102251836,0.945808756,0.960567613,0.424695396,0.072075568,2600159.932500001
2297,-0.029306372,2019,1.2e-05,0.209592046,-0.25709199,-0.514423077,-0.233173077,0.061159142,1.000933139,1.075205443,-0.797444113,0.89954084,3203374.0099999993
2314,0.035221877,2019,8.09e-06,-0.116831845,0.234794799,0.598557692,-0.862980769,0.053758101,1.084241288,0.549163055,0.039436667,0.630442927,3608566.7199999983
2315,0.115709771,2019,1.03e-05,0.2726539,0.13159032,0.947115385,-0.480769231,0.647555447,1.350746245,1.411326384,0.046616967,-0.789563337,1964348.1974999986
2321,0.136228004,2019,1.12e-05,-0.229123323,-0.421530781,0.971153846,-0.293269231,0.067184018,1.129538635,1.596387106,0.370708641,0.302165531,3387188.274999999
2325,0.008385659,2019,1.6e-05,-0.193566156,-0.027612917,0.1875,-0.03125,0.090289963,1.162549977,0.804624741,0.260122424,0.118615789,2980554.351666668
2329,0.03254585,2019,1.06e-05,-0.25471102,0.335088261,0.572115385,-0.420673077,0.333995583,0.966727178,0.993030721,0.066394414,0.491071343,2109979.854999999
2331,-0.028175312,2019,2.2e-05,0.075873437,0.091088761,-0.504807692,0.3125,0.088360584,0.941292427,1.248412902,-0.336190373,-0.433668818,3125067.244166666
2335,0.090359771,2019,1.72e-05,0.841490071,0.211910526,0.927884615,0.007211538,0.121981574,1.107467491,0.434285434,-0.786500459,-0.537320343,3859979.450000001
2337,0.011657062,2019,1.11e-05,-0.078267504,-0.212632745,0.242788462,-0.319711538,-0.051771959,1.128916642,1.240468874,0.196191662,-0.033011662,2434674.636666668
2342,-0.007623914,2019,0.000121123,0.534972406,-0.194548046,-0.141826923,0.980769231,-0.064863923,0.817870891,1.01351471,-0.243734955,0.299691686,3105171.3033333314
2348,0.001436096,2019,1.38e-05,-0.066183191,-0.2863219,0.076923077,-0.129807692,0.026587798,0.937425974,1.00387283,0.204295085,-0.878484919,2564281.567499997
2360,0.012351995,2019,1.05e-05,0.545160577,-0.059477824,0.252403846,-0.439903846,-0.009640472,0.990590194,0.867116329,0.183444632,0.175892176,1630939.919166668
2361,-0.042530028,2019,3.71e-05,0.139781147,0.06435699,-0.670673077,0.663461538,0.211830667,0.933352885,0.900600252,-0.23534564,0.302391139,2633847.813333335
2362,0.001789035,2019,1.99e-05,0.137803766,0.163274784,0.084134615,0.194711538,0.179306382,1.226969652,0.865490218,-0.418760097,-0.888961086,2833162.4391666683
2367,-0.079015369,2019,4.19e-05,0.054152835,0.229459172,-0.915865385,0.735576923,0.505544969,0.984975695,1.28421181,0.229964533,-0.048937816,3990079.526666668
2386,0.012664351,2019,2e-05,1.075484198,-0.190803733,0.254807692,0.201923077,0.095129826,0.94786152,0.614452795,0.116329598,-0.141332317,4348385.06
2394,-0.00585116,2019,2.18e-05,-0.035015308,-0.049459897,-0.076923077,0.305288462,-0.01744122,0.676579486,0.593729797,0.565686561,-0.016854303,3205065.701666663
2398,0.015834352,2019,2.3e-05,-0.328590933,0.634814912,0.326923077,0.355769231,0.341206951,1.348776246,0.987670239,1.371085952,-0.205396581,3003742.905833335
2401,-0.012638079,2019,2.47e-05,-0.266698004,0.354596438,-0.233173077,0.408653846,0.246876971,1.080557402,1.232606371,-0.760653929,0.521426501,3357769.073333332
2409,0.027662273,2019,9.89e-06,0.533728645,2.442106559,0.490384615,-0.548076923,0.657677208,0.991307666,-0.504517895,-2.001844036,-0.480878294,3803864.162500004
2435,0.022993117,2019,1.25e-05,0.521054616,-0.206640634,0.427884615,-0.211538462,0.132499497,0.748593421,1.291240418,0.645895223,-0.892088065,2424904.964166667
2443,-0.03009269,2019,4.9e-05,-0.049171266,-0.040794376,-0.538461538,0.790865385,0.282170828,1.083150127,0.539632577,-0.05539147,0.658360049,3485572.044166664
2451,0.028383799,2019,1.06e-05,-0.118227494,-0.304059576,0.502403846,-0.420673077,-0.217647595,0.965275661,1.562756316,-0.042251165,0.346126131,4425078.5666666655
2455,-0.012011324,2019,1.27e-05,0.633811407,-0.22941396,-0.21875,-0.189903846,0.258800302,0.927400784,0.47446306,-0.311748207,0.485345164,2223635.5000000005
2457,0.05561283,2019,1.86e-05,0.184433077,-0.078448907,0.783653846,0.072115385,0.005288263,1.082672311,1.111725146,0.775191401,0.168769359,2841923.129166664
2469,-0.00937531,2019,3.43e-05,0.239189576,0.039847913,-0.173076923,0.610576923,0.074736552,1.205283409,0.960499543,0.078071342,0.352774608,1921661.6391666643
2474,-0.070819411,2019,1.03e-05,-0.110274996,-0.182634568,-0.887019231,-0.480769231,0.360521694,1.140504952,1.060451087,-0.743714974,-0.185164144,3913762.6916666646
2483,0.028780331,2019,5.83e-05,0.075594606,0.072577809,0.509615385,0.865384615,0.157787348,1.147541344,0.483724625,-0.699686692,-0.496866007,2815240.505833335
2486,0.045325442,2019,2.41e-05,-0.26429182,0.067330585,0.704326923,0.391826923,-0.157062533,0.60945332,1.966565453,0.459736824,-0.528828437,3131088.653333331
2512,-0.006945098,2019,6.76e-05,-0.267197594,0.100537033,-0.115384615,0.90625,0.196438351,1.228200862,1.914140825,-0.451797055,-0.129276131,4220784.722499998
2514,-0.066449725,2019,5.21e-05,0.048705544,-0.353389264,-0.867788462,0.824519231,0.072027169,0.935541253,0.633145323,0.099997418,0.142605952,2351574.8608333333
2520,0.00030144,2019,1.99e-05,0.14037774,-0.094803923,0.060096154,0.194711538,-0.073450387,0.907702183,0.605425236,0.279155517,-0.259401804,2767882.1058333325
2527,-0.039848351,2019,8.66e-06,0.51768298,-0.07837085,-0.641826923,-0.78125,-0.044431428,0.775179707,0.477468038,-0.758598618,0.107187957,2419911.478333334
2539,0.124199124,2019,2.32e-05,0.276041423,0.494705586,0.959134615,0.362980769,0.204779161,0.953454282,1.061581474,0.084386541,0.352806545,2965149.276666668
2540,-0.003891962,2019,1.92e-05,0.163680809,-0.052265264,-0.033653846,0.125,0.005896955,1.03416436,0.88044318,0.022244527,0.569430502,4148941.4208333357
2551,-0.038311777,2019,6.4e-06,-0.38095446,0.684385254,-0.617788462,-0.975961538,-0.001133635,0.04988311,1.743299391,1.525239358,-2.147631093,2257151.2308333325
2552,-0.116767271,2019,3.26e-05,-0.205111409,0.847699732,-0.990384615,0.576923077,2.385996301,1.038876992,0.990197411,-0.342214855,-0.055939343,2714019.6800000025
2553,0.050086612,2019,1.17e-05,0.651901753,0.054068681,0.742788462,-0.247596154,0.061682809,0.937159243,0.340979809,-0.430843345,0.432627363,1370230.5866666671
2554,0.082913441,2019,9.52e-05,0.130561697,-0.324673501,0.911057692,0.961538462,0.105106954,0.951217373,0.864017987,0.157246084,0.438265433,2476670.5191666656
2556,0.060846142,2019,1.71e-05,0.293860597,0.495560028,0.807692308,0.002403846,0.108593065,0.617264407,1.509182519,0.156574374,0.12305192,3971507.9766666666
2576,-0.012454101,2019,1.27e-05,0.033183618,-0.093866516,-0.223557692,-0.189903846,-0.031301253,0.946671188,1.091456168,-0.25260597,0.393420478,1817610.633333332
2578,0.048714588,2019,3.14e-05,-0.097564114,-0.047806294,0.728365385,0.560096154,0.050044409,0.666786582,0.966892668,-0.086119735,0.309739549,1968988.3441666653
2580,-0.050528116,2019,1.12e-05,0.260040021,-0.042024477,-0.764423077,-0.293269231,0.051328608,1.088703587,0.382795562,-0.422305005,0.397225434,1695166.700000001
2593,-0.111916926,2019,1.11e-05,0.083116543,-0.102934034,-0.983173077,-0.319711538,0.270823015,1.146370088,0.991029919,-0.224874823,0.452018617,1744376.747499999
2606,-0.074932921,2019,4.4e-05,-0.078949632,0.327857804,-0.90625,0.762019231,-0.135279898,0.990088377,1.46828069,-0.063379948,0.737385644,2428076.1475000023
2613,0.020228627,2019,5.08e-05,-0.185483321,0.495907276,0.382211538,0.8125,0.018408881,1.128705047,0.481979063,-1.51866037,0.623243667,1495020.9333333345
2615,0.023692341,2019,9.32e-06,-0.048538111,-0.148656255,0.439903846,-0.665865385,0.144829351,0.88620676,1.514617293,0.644342875,0.084739182,1285583.4658333336
2622,0.081051242,2019,1.03e-05,0.556093684,-0.075743353,0.899038462,-0.480769231,0.104109541,1.389185585,0.914243697,-0.216576374,0.626840511,2888822.4066666644
2630,-0.026804649,2019,6.58e-05,0.067108754,-0.351149361,-0.471153846,0.901442308,-0.174183994,1.082118756,1.31024395,-0.036091957,0.666244278,2782628.990833334
2637,0.00645475,2019,1.81e-05,0.521954832,0.438411804,0.149038462,0.038461538,0.476560167,0.819784417,0.619273487,0.927288015,-0.951144929,2428881.0316666667
2644,0.004454186,2019,3.48e-05,0.061443516,0.195926604,0.134615385,0.622596154,-0.070096403,0.092534339,1.408404464,0.621557685,-0.49940965,3770776.3975000004
2649,-0.00568363,2019,4.94e-05,0.135490538,0.038238754,-0.074519231,0.798076923,0.346813251,1.195938509,0.818379042,-0.898822952,-0.487192497,3786154.611666665
2667,-0.01572062,2019,1.04e-05,1.122823708,-0.202202916,-0.278846154,-0.466346154,0.053982121,1.17270759,1.301538853,0.34647639,0.40888276,1187678.3583333336
2669,-0.085781239,2019,4.36e-05,-0.137436118,0.198170356,-0.925480769,0.754807692,0.296036136,1.022187218,0.738886063,-1.184708748,0.596485264,2980154.4533333317
2682,0.022662811,2019,9.82e-06,-0.154915153,-0.224087605,0.425480769,-0.569711538,0.029837109,0.884872252,0.900514379,-0.128699547,0.319397555,2038393.1399999987
2696,-0.007328596,2019,2.03e-05,-0.197247355,-0.021746973,-0.132211538,0.223557692,-0.335907594,0.835532001,1.082268736,-0.861010338,0.236953923,1395859.1149999986
2707,-0.047934428,2019,2.83e-05,-0.156588736,0.173070087,-0.737980769,0.480769231,-0.02372883,1.282112609,1.590803137,0.66046015,-0.524750985,3165722.544166663
2715,0.001592411,2019,1.15e-05,-0.217071793,0.530363171,0.079326923,-0.262019231,0.083399056,1.210016985,-0.024785847,0.116448584,-0.390532911,1403753.322499999
2722,0.053483857,2019,9.74e-06,0.045309355,-0.195754574,0.771634615,-0.576923077,0.100245229,0.956261307,1.100213158,0.217575493,-0.09287869,2637961.793333331
2723,0.049821701,2019,1.25e-05,-0.007192031,0.619332505,0.740384615,-0.211538462,0.039600501,1.002639463,1.283454488,0.853654763,-0.373853458,1781581.2124999992
2743,-0.002016286,2019,1.12e-05,-0.059781318,0.02389833,0.004807692,-0.293269231,0.107521193,1.101797846,1.426633035,0.482387237,0.079821497,2095104.364166667
2752,-0.075080167,2019,9.12e-06,0.013869404,-0.161116545,-0.908653846,-0.711538462,-0.162687317,0.771981819,0.643063566,0.451596465,-0.35719084,3683309.660833335
2761,0.128140723,2019,1.55e-05,-0.061463246,-0.111744028,0.963942308,-0.048076923,0.006044452,1.001696766,1.437650611,0.38190525,0.056680932,3387745.4625
2769,0.002414075,2019,1.04e-05,-0.163442786,-0.258964935,0.096153846,-0.466346154,-0.17921675,1.075309984,1.644232395,0.05667432,-0.07605799,2298636.9758333326
2772,0.013419532,2019,1.46e-05,0.873185289,-0.012318295,0.28125,-0.098557692,0.063982758,0.92310853,0.660481051,0.257055603,-0.161519253,1899358.2500000016
2774,0.060766831,2019,6.03e-05,-0.050397057,-0.199044364,0.805288462,0.882211538,-0.065082796,0.75151751,1.177378435,-0.120893331,-0.034472487,765063.645833333
2783,0.048560682,2019,7.9e-06,-0.074672989,-0.247689682,0.723557692,-0.896634615,0.832015078,1.153837777,1.603338604,-0.467588784,0.777807289,3239272.316666667
2785,0.007860923,2019,4.96e-05,0.191885607,0.498797561,0.180288462,0.802884615,0.478086059,1.119810139,0.63355595,1.017214837,-0.282901073,1816618.3066666673
2791,-0.002687104,2019,3.1e-05,1.038063644,4.87687935,-0.012019231,0.552884615,2.07099256,1.028636673,-0.280958226,0.221970827,-0.207482709,2880910.7641666685
2793,0.117747791,2019,9.16e-06,-0.25711921,0.45017303,0.949519231,-0.704326923,1.267563054,0.56714508,1.360202084,1.193263342,-1.380200037,2043684.5808333345
2801,-0.00710656,2019,0.00011505,0.246930693,0.543154221,-0.127403846,0.978365385,0.745084558,0.866146454,0.057348966,-0.093541691,0.007566223,1407441.9133333338
2802,-0.046015055,2019,1e-05,0.356476751,0.156673671,-0.711538462,-0.526442308,0.002587357,0.943402527,1.241419145,0.134727303,0.097716975,1024872.5174999996
2811,0.036609347,2019,6.09e-05,-0.136989142,0.019440102,0.617788462,0.884615385,-0.116700481,0.853923773,0.820516341,-0.373954674,0.639322032,1267261.3725
2818,0.00770246,2019,2.06e-05,0.008116352,-0.027925296,0.175480769,0.240384615,0.059481613,0.978134496,0.577877283,0.291440829,0.333246901,2257573.3333333307
2822,-0.029364238,2019,2.18e-05,-0.291637039,0.349115298,-0.516826923,0.305288462,0.89071972,0.915498854,0.358511587,-0.423552854,-0.093993092,2691693.0666666664
2828,-0.002164654,2019,1.12e-05,-0.088429354,-0.350719882,0.0,-0.293269231,-0.067330762,0.999345114,0.690193204,-0.510891817,1.032748121,1259524.6566666665
2842,-0.053933551,2019,2.11e-05,-0.036499309,-0.46678193,-0.795673077,0.276442308,0.342887143,0.893277863,1.141493101,-0.084349024,0.289844768,1506876.3691666673
2843,-0.006413113,2019,6.09e-05,0.018681714,-0.074869884,-0.098557692,0.884615385,0.078687109,0.967458238,0.776031606,-0.527096148,0.733344142,1102570.0000000002
2868,0.039247623,2019,8.43e-05,-0.264858072,-0.149407641,0.639423077,0.939903846,0.2031891,0.776319995,0.821379135,0.082122138,0.076187518,725676.1000000001
2869,0.00733945,2019,1.72e-05,-0.453915044,0.680965837,0.168269231,0.007211538,3.082104725,1.094548964,0.398290282,-1.227862674,-0.211532045,1936745.0383333324
2883,0.026019266,2019,3.52e-05,-0.307188049,0.157685937,0.461538462,0.629807692,0.006097827,1.083666982,0.819602356,0.268166862,0.19342879,817227.9199999998
2889,-0.050060811,2019,2.35e-05,0.081514112,-0.059756179,-0.759615385,0.379807692,0.053050887,1.26182742,1.135066644,-0.067327542,0.228107942,936791.3124999991
2903,-0.062318313,2019,1.25e-05,-0.008646606,-0.044513322,-0.84375,-0.211538462,-0.161378007,1.053770962,1.607113146,0.573177118,-0.379467781,1058970.0
2917,0.126340372,2019,2.19e-05,-0.10283172,0.045399775,0.961538462,0.310096154,0.157487002,1.007168288,1.929547173,0.199679931,-0.263672803,832764.1266666659
2918,0.058731797,2019,9.73e-06,0.048557275,1.548143276,0.795673077,-0.581730769,1.055767911,1.434756927,0.368760957,0.705521357,-0.349214976,1880507.9800000004
2928,0.052991551,2019,1.06e-05,0.489107138,0.326392734,0.769230769,-0.420673077,-0.032084732,1.150788849,0.673640708,0.421337582,0.431804042,2075846.4833333332
2929,-0.03966131,2019,1.77e-05,-0.115066511,-0.05898632,-0.637019231,0.024038462,-0.161211264,1.088905204,0.891575602,-0.614150452,0.606718736,2132701.6991666653
2941,0.017334492,2019,4.97e-05,-0.253894277,-0.461183208,0.34375,0.805288462,-0.193307331,1.327845948,1.535474868,0.470321565,0.962448255,1926864.3750000002
300004,0.067895457,2019,3.83e-05,0.020364416,0.157035442,0.848557692,0.685096154,0.878112332,1.030010177,1.172480381,0.53428947,-0.691628908,1863888.1908333327
300008,-0.036839501,2019,1.1e-05,0.629588076,-0.175591363,-0.610576923,-0.331730769,0.099102359,0.851911591,1.176676229,-0.745008599,1.048294095,1970494.3066666666
300018,0.057264341,2019,1.04e-05,-0.040932334,-0.23272284,0.790865385,-0.466346154,0.141596982,1.070816976,1.885917,-0.808878639,-0.030960294,2063048.5191666663
300019,-0.021909746,2019,1.17e-05,0.491267288,0.749130054,-0.396634615,-0.247596154,0.670884105,1.357436303,0.733467177,0.177127965,0.006279096,2076597.5966666657
300021,0.091103955,2019,2e-05,0.196589957,-0.25248341,0.930288462,0.201923077,0.278604965,1.115719779,1.383372368,0.236912756,0.281275321,3677121.498333335
300040,-0.006866496,2019,4.37e-05,0.456025621,0.02284402,-0.112980769,0.757211538,0.118607772,1.196033554,1.069106834,0.02401512,0.274292004,1380803.3983333325
300041,-0.019002387,2019,2.76e-05,-0.062134502,0.576526794,-0.346153846,0.471153846,0.525161232,0.791470822,0.807616552,-0.770167493,0.051504253,2694212.903333332
300044,-0.039311435,2019,7.37e-06,-0.251906092,-0.083410167,-0.627403846,-0.939903846,0.058240053,1.222212097,1.388900341,-1.001246409,-0.16947292,3777729.64
300045,-0.073471065,2019,9.45e-06,-0.2466467,0.414128204,-0.899038462,-0.644230769,0.214195721,1.100718886,1.169016293,-1.842891683,-0.27916717,3728623.2600000035
300048,-0.06173176,2019,5.68e-05,0.231823878,0.314835954,-0.836538462,0.855769231,-0.006765983,1.178350786,0.418666843,-1.275666574,0.837542579,2795738.262499999
300069,-0.100674606,2019,1.2e-05,0.074646064,0.07360684,-0.959134615,-0.233173077,0.646307891,1.086548707,0.806203936,-0.268464718,0.425659749,1210167.1249999995
300074,-0.046873447,2019,1.96e-05,-0.073337559,0.03649349,-0.721153846,0.168269231,0.142113008,1.09511533,0.526885613,-1.107855903,-0.851827502,2110939.6133333337
300082,0.014680537,2019,2.99e-05,0.960322828,0.016788589,0.302884615,0.536057692,0.034439211,1.19052119,1.183035632,0.397763404,-0.222577654,4257373.704166666
300087,0.012690727,2019,3.81e-05,0.673425733,0.430140233,0.259615385,0.680288462,-0.024182836,1.080807126,0.759611801,-0.291238714,-0.008557913,2932544.0350000006
300091,-0.086776354,2019,8.03e-06,0.174858336,-0.300746214,-0.9375,-0.875,0.206374325,1.308586928,1.537858261,0.15740757,0.285348958,4148906.855000002
300092,-0.009647672,2019,2.33e-05,0.134793298,0.004522079,-0.177884615,0.367788462,0.187739682,0.951710877,1.28532276,0.041862721,0.136496928,1208986.2041666668
300117,0.03166537,2019,8.01e-06,0.719351098,-0.265352629,0.548076923,-0.879807692,-0.112772962,1.233577883,1.220563429,0.347151326,0.333405812,2822616.225000003
300135,-0.00948911,2019,3.18e-05,0.12269312,-0.253903685,-0.175480769,0.569711538,-0.015243202,1.148590255,1.290747164,0.12828979,0.468042435,2595071.999999998
300140,-0.03965666,2019,2.93e-05,-0.316243631,-0.239732,-0.634615385,0.514423077,0.14793715,0.800336948,1.685149623,0.008115708,0.335882761,2589684.526666668
300148,0.046536303,2019,8.9e-06,-0.164759089,-0.029772512,0.713942308,-0.754807692,-0.128051406,1.063081802,1.083426536,-0.094867815,-0.918002184,3292277.1574999983
300153,-0.102528532,2019,0.00010261,0.458695497,-0.29044696,-0.961538462,0.96875,-0.088214455,0.881536122,1.162080341,-0.666062942,0.82171348,2255017.6333333324
300164,0.048800745,2019,9.98e-06,0.083964168,-0.396069309,0.730769231,-0.53125,-0.160518629,1.02156865,0.850951106,-0.327656721,0.707497713,1913967.7199999997
300169,0.021874923,2019,9e-06,-0.063212037,0.32471687,0.408653846,-0.730769231,0.155587442,1.053904247,0.812798144,-1.162690017,0.054525686,1444710.0883333322
300172,-0.002259565,2019,1.94e-05,0.257961656,-0.210348426,-0.002403846,0.146634615,-0.025822019,0.965856954,0.914845157,0.286512901,0.046492299,1911859.1199999999
300177,-0.035054864,2019,5.9e-05,-0.000403917,0.099105953,-0.584134615,0.867788462,0.284764944,1.002911235,1.009061593,-1.365534253,0.018614152,4242964.873333334
300183,-0.037162508,2019,7.7e-06,0.04557152,-0.00048016,-0.612980769,-0.915865385,0.241038062,1.326361708,0.995791302,-1.141371059,0.183303274,3757080.5774999987
300187,-0.04731851,2019,1.83e-05,0.522952108,-0.203885076,-0.728365385,0.052884615,-0.109889554,1.00151835,1.158376447,-0.307617094,0.501249648,3321382.4425000004
300191,0.009616918,2019,2.07e-05,0.215523135,0.002797366,0.209134615,0.247596154,0.449590368,0.975630749,0.667588883,-0.715466857,0.636925678,4183529.1666666674
300193,-0.0447144,2019,1.22e-05,1.280313561,-0.078365568,-0.704326923,-0.223557692,0.274727778,0.928688995,0.412421104,0.188546883,-0.214672801,3666457.649166666
300195,-0.019200084,2019,7.95e-06,-0.005127584,-0.324609638,-0.350961538,-0.889423077,-0.096740332,0.785957135,1.335209365,0.227772336,-0.336830879,2480441.907499999
300198,0.07231988,2019,1.88e-05,-0.035839277,-0.020096634,0.865384615,0.098557692,0.498868791,0.921124879,0.725547469,-0.443134071,0.777812701,3212040.8624999966
300213,-0.053345377,2019,6.8e-05,-0.023956837,-0.038484173,-0.786057692,0.908653846,0.160738329,1.249775521,0.937624247,-0.997042113,0.148795013,2904596.435
300215,0.010216672,2019,3.65e-05,0.355342523,0.03197089,0.223557692,0.653846154,0.255762745,1.010825786,1.296558727,-0.051756888,0.087107863,3885245.767499996
300218,0.013254844,2019,9.6e-06,1.057160679,0.026029723,0.274038462,-0.610576923,0.298056692,1.029350685,1.031688231,-0.159042147,-0.069519116,1579178.1358333325
300240,0.042116433,2019,9.09e-06,0.158011858,-0.339165401,0.682692308,-0.71875,-0.134185656,1.173836999,0.96470349,-0.108612113,0.689752075,2621832.765833335
300259,-0.013868083,2019,8.71e-06,-0.208638175,0.618373389,-0.247596154,-0.774038462,0.561247687,1.15770996,1.27441696,-0.634930746,-0.261370101,2593426.1708333325
300263,-0.053313468,2019,9.23e-06,-0.14735532,0.672186641,-0.783653846,-0.682692308,0.351747522,1.166637873,0.543810893,-1.439523198,0.153855863,3051608.7616666667
300265,0.041488619,2019,4.94e-05,-0.142639504,0.191376087,0.665865385,0.798076923,-0.05516614,0.566653547,1.314030108,-1.486797984,0.782195988,2824309.1333333324
300281,-0.031141786,2019,2.57e-05,-0.2904434,0.288163175,-0.543269231,0.439903846,0.321513084,1.043127254,1.08404781,0.551520179,0.121176076,1653344.2050000012
300288,-0.021339871,2019,2.06e-05,-0.057230173,-0.137976749,-0.384615385,0.240384615,-0.065816042,1.352609551,1.102454019,-0.148957748,-0.589883044,2645848.193333332
300293,0.009404138,2019,1.11e-05,-0.231367125,1.119618316,0.199519231,-0.319711538,0.163342113,0.959366363,0.531169748,-1.902298193,0.871473442,2233124.9999999995
300311,0.06624752,2019,3.56e-05,-0.174740495,-0.075482512,0.84375,0.634615385,0.650465691,1.471307255,1.398015213,-0.93815382,-0.168800915,3494094.768333336
300317,-0.006129119,2019,8.39e-06,1.514185889,-0.438133299,-0.091346154,-0.822115385,0.005971753,1.087139547,1.506032396,-0.595533101,0.978778458,3307036.8141666665
300320,-0.003229014,2019,4.05e-05,0.254106628,0.100698857,-0.021634615,0.716346154,0.102754702,1.408843809,0.075464654,-0.717901414,0.709207765,2311345.016666667
300344,0.030029464,2019,2.26e-05,0.419929201,-0.179888427,0.526442308,0.334134615,0.186118073,1.249395559,0.964981474,-0.050582824,-0.025854503,1393000.6299999997
300364,0.036948038,2019,9.67e-06,-0.14869443,0.517446215,0.627403846,-0.600961538,-0.163800607,1.314084786,1.433612238,0.572581346,-1.192574818,2363611.6424999977
300370,-0.041894131,2019,7.04e-06,-0.121492153,-0.375464173,-0.665865385,-0.959134615,0.302409268,1.180166672,1.902886075,-0.274439674,0.21421791,2542089.515833334
300378,-0.111219641,2019,1.11e-05,0.573427521,-0.007009662,-0.980769231,-0.319711538,0.512932621,1.368497891,1.058653445,-1.164220151,-0.567792571,3766582.9908333346
300387,0.050840098,2019,1.08e-05,-0.223746208,-0.15859627,0.747596154,-0.387019231,0.812242569,0.84368303,0.635929922,0.179496835,0.044949651,2638608.8125
300397,-0.05665398,2019,1.05e-05,-0.215741226,1.139717375,-0.822115385,-0.439903846,2.08583096,1.652815663,0.194447478,-1.504397422,0.240487554,3267943.758333333
300402,-0.021301828,2019,5.56e-05,0.710595001,-0.132595287,-0.382211538,0.850961538,0.181427219,1.026623399,1.478654177,-0.089563992,0.159885855,1086123.5833333326
300405,0.04959718,2019,9.31e-06,0.746311299,-0.330684024,0.735576923,-0.668269231,0.350170879,1.196315796,1.778424963,0.197757291,0.226869477,1164272.770833333
300407,-0.026894953,2019,2.04e-05,-0.072982664,-0.037780832,-0.473557692,0.233173077,0.032229793,1.11204745,0.97503716,-0.274492658,0.468249022,1410902.0549999995
300412,0.041311706,2019,1.89e-05,0.053583936,0.387047644,0.661057692,0.103365385,0.019273892,1.00942069,1.397677533,0.355980722,-0.504388813,1478582.9599999993
300419,-0.0185042,2019,1.98e-05,0.169972045,-0.029604945,-0.334134615,0.1875,0.165533819,1.056263881,1.080801593,-0.632932549,0.466702608,1630295.2908333342
300422,0.002518592,2019,1.1e-05,-0.233741056,-0.012516219,0.098557692,-0.331730769,0.0462192,1.412393224,0.953799933,0.920394189,-0.466313011,2755525.770000001
300424,-0.016395137,2019,1.97e-05,0.168729258,-0.128299145,-0.300480769,0.175480769,0.132287413,1.111347635,1.17535308,-0.746614853,0.453863821,2856608.7591666672
300428,-0.009104035,2019,8.67e-06,-0.140587313,0.383399274,-0.165865385,-0.778846154,0.269450424,0.974241503,0.378799633,-0.840055342,-0.065820627,1663722.9425000001
300435,0.078211228,2019,3.8e-05,0.220561244,-0.312889249,0.879807692,0.677884615,0.07876149,1.029309684,0.978737664,-0.311436362,0.674400445,1452512.202499999
300440,-0.002937072,2019,1.94e-05,-0.229475038,0.233790384,-0.016826923,0.146634615,0.411657205,1.105361916,0.658837486,-0.192873537,0.107586408,3255043.713333333
300468,-0.099319863,2019,3.85e-05,-0.206852522,1.182999795,-0.954326923,0.6875,1.848795835,1.356038881,1.279812583,-0.905492199,-0.646714455,3776541.415833334
300477,-0.106502768,2019,1.07e-05,-0.03430834,0.147618996,-0.971153846,-0.408653846,0.129239354,0.784148483,0.99759823,-0.520377834,0.949754534,3055812.8108333363
300481,-0.09510259,2019,1.3e-05,0.185989752,0.507562523,-0.949519231,-0.165865385,0.669762335,1.2852648,0.443336291,-0.765473107,0.056930871,3744238.259166667
300489,0.03855548,2019,1.19e-05,-0.299768122,1.687680429,0.634615385,-0.240384615,0.693043345,0.918052587,1.376256425,-0.019867463,-0.498245587,1185905.1099999999
300490,-0.010360488,2019,4.05e-05,0.987948372,-0.225025545,-0.1875,0.716346154,-0.163895047,1.185888819,1.629616984,0.084995512,0.534529637,2334707.2174999975
300491,-0.043101359,2019,1.15e-05,0.165174903,-0.193163778,-0.680288462,-0.262019231,-0.17817204,1.118646135,1.472476191,0.059639667,-0.131184883,1425397.9616666657
300497,-0.080286255,2019,9.26e-06,-0.366888254,1.070993996,-0.918269231,-0.677884615,0.24334154,1.001982138,0.785318887,0.576822731,-0.702470063,3104151.199166665
300509,-0.004954076,2019,1.5e-05,-0.119529261,0.218921025,-0.050480769,-0.072115385,0.134438345,0.894377703,1.016102653,0.139495922,0.329461877,1017673.6616666663
300510,0.065422018,2019,1.51e-05,0.343243665,-0.216693204,0.834134615,-0.067307692,0.278451753,1.125308375,1.157340877,-0.809157926,0.081623321,2985442.7316666655
300511,0.009591161,2019,1.01e-05,-0.349989249,0.587342812,0.204326923,-0.519230769,0.132867855,1.100630196,0.232768282,0.76791976,-0.95079759,1731975.291666668
300512,-0.057727257,2019,2.14e-05,0.213442473,-0.073593709,-0.831730769,0.290865385,-0.047571799,0.75056126,0.920218235,-0.23340131,0.120822473,2040979.184166666
300534,-0.002047922,2019,9.77e-06,0.083992673,-0.005347867,0.002403846,-0.574519231,0.026220232,1.059953849,0.748362528,0.270331971,-0.342125372,1430293.8358333337
300546,0.04511326,2019,2.17e-05,-0.273731341,-0.053552899,0.701923077,0.302884615,0.106072436,1.148185341,0.548451288,-1.239130646,0.327449041,1893102.2141666664
300552,-0.050251279,2019,2.09e-05,-0.215908576,1.680965575,-0.762019231,0.259615385,4.788108146,1.207998695,0.30482973,-1.180946701,-0.648959421,1803264.9100000008
300556,0.01807112,2019,2.03e-05,0.104380513,-0.048090329,0.348557692,0.223557692,0.038026738,1.162876194,1.085496085,-0.519199941,0.357998065,1233624.899166668
300573,0.381041085,2019,2.3e-05,-0.040966794,1.837413302,1.0,0.355769231,3.324428489,1.165820825,0.424937269,0.21744141,-0.345704541,3125124.931666667
300579,-0.08639567,2019,2.28e-05,0.15059221,0.436502039,-0.935096154,0.348557692,1.541578992,1.099377326,0.520162519,-1.527229638,-0.659231607,2361177.3833333324
300587,0.009985922,2019,2.98e-05,1.108664766,0.301129723,0.216346154,0.53125,0.543502908,0.526956579,0.762412974,-0.468813526,0.166056358,943536.2016666668
300589,0.007557404,2019,3.12e-05,1.366949863,-0.128966262,0.170673077,0.557692308,0.152783661,0.854985606,1.295586775,-0.079592495,0.286981276,810912.5424999996
300597,-0.054720568,2019,2.32e-05,-0.180256792,-0.30828811,-0.800480769,0.362980769,-0.206340348,1.192398697,1.523931783,-0.553624488,0.376909892,1886961.5908333312
300599,-0.035822222,2019,4.93e-05,-0.152250914,0.179720729,-0.591346154,0.795673077,0.036535054,1.137541976,0.54735089,0.086146193,0.021865044,974851.2141666665
300617,-0.019433862,2019,1.94e-05,0.447236425,0.888895055,-0.353365385,0.146634615,0.151014269,1.104808074,0.220941532,0.057384249,-0.124303633,841523.2999999992
300621,-0.014125635,2019,5.33e-05,-0.021430205,-0.004021084,-0.257211538,0.834134615,0.075704306,0.972425552,1.38429214,0.380986471,0.062641425,676070.8575000003
300627,0.007603698,2019,1.76e-05,0.665952118,0.43636451,0.173076923,0.021634615,0.252318761,1.127166126,0.252288829,-1.609882798,0.171239845,1953956.6200000008
300632,-0.073982488,2019,9.84e-06,-0.072468773,0.230759158,-0.903846154,-0.567307692,1.003762285,1.054684826,0.413900645,-1.428666788,-0.033226315,1033771.0316666672
300635,0.000634667,2019,1.86e-05,-0.342170647,0.770987001,0.067307692,0.072115385,-0.177751037,1.12368707,0.502295079,0.134851323,-0.334217794,861772.805
300640,0.004658922,2019,8.49e-05,-0.386705942,0.388014332,0.137019231,0.942307692,0.305572341,1.115642288,1.139437248,0.189779079,0.14288588,600201.7699999998
300643,0.027911568,2019,1.14e-05,-0.152941757,0.547698141,0.495192308,-0.269230769,1.069942685,1.232199192,1.129355929,-0.573590621,-0.029333695,795959.1900000003
300644,0.05244097,2019,1.12e-05,0.076522376,0.131546773,0.759615385,-0.293269231,-0.170743298,0.877237941,1.66923602,1.34273637,-0.465934167,1092954.7300000007
300647,-0.108906994,2019,1.86e-05,0.322985225,-0.252818048,-0.975961538,0.072115385,-0.108078679,1.2911697,1.060063334,-1.1989541,0.7343984,1130843.4966666664
300662,0.082483757,2019,3.92e-05,0.346619913,0.242744401,0.90625,0.694711538,0.182180417,1.139500057,0.085692749,0.012148095,0.102194396,2917870.7708333326
300673,-0.005970103,2019,2.51e-05,-0.152115113,0.439206178,-0.088942308,0.430288462,-0.208081901,1.114216422,0.086526109,-0.068743701,-0.344797042,1382428.8741666672
300674,0.122802091,2019,8.6e-06,-0.311222874,0.524833593,0.954326923,-0.802884615,-0.004177595,1.229169821,0.4904674,-1.030238334,-0.507030625,2131870.945833334
300678,0.018888703,2019,2.97e-05,0.061206173,-0.054467843,0.365384615,0.528846154,0.13087899,1.164832173,0.569921803,-1.634220135,0.352519987,2019714.7633333325
300689,0.101758107,2019,3.89e-05,0.264002127,0.018219903,0.9375,0.689903846,0.284474053,0.823339276,0.731508578,-1.328197323,0.262247177,665892.2666666668
300703,0.01930707,2019,8.71e-06,-0.221441202,0.364850854,0.372596154,-0.774038462,0.236249004,1.157304243,1.019549154,0.117775328,-0.555081497,1170898.3675000004
300711,-0.085982195,2019,1.11e-05,0.304372835,-0.22433267,-0.927884615,-0.319711538,-0.138302357,0.917687903,0.528090647,-0.866143293,-0.234633242,872692.1050000008
300712,-0.000664976,2019,4.07e-05,2.057802363,0.141334862,0.038461538,0.721153846,0.024004255,0.839032739,0.960332967,-0.371501548,0.368349992,935743.0791666657
300716,-0.027768909,2019,8.91e-06,0.104112048,-0.345095101,-0.492788462,-0.75,-0.087176502,1.030627697,1.885819609,1.299899178,-0.541715434,1043136.5999999996
300718,-0.005185163,2019,1.05e-05,0.530555726,-0.11780018,-0.052884615,-0.439903846,0.435554744,0.90321614,0.359585664,-0.073738615,0.11751207,891866.2499999997
300722,-0.025610627,2019,2.42e-05,2.977264278,-0.092325552,-0.451923077,0.394230769,-0.051352152,0.877610779,1.520061752,-0.745649299,0.680245024,654413.3333333331
300729,0.076711509,2019,1.27e-05,-0.066724916,1.290147887,0.877403846,-0.189903846,0.049969745,1.031683911,1.498009817,0.925400392,0.111417023,591614.0275
300746,0.064715465,2019,8.94e-06,0.100791529,-0.274295628,0.826923077,-0.745192308,-0.263707943,1.224729479,0.646570596,0.153064856,0.841026365,967427.4583333331
600097,0.049484463,2019,7.45e-05,0.010177997,-0.116288626,0.733173077,0.925480769,-0.037486402,0.818092298,1.01203121,0.303408419,0.09476898,2396797.102500001
600101,0.040071154,2019,9.84e-06,-0.09609147,-0.12780069,0.646634615,-0.567307692,0.348592254,0.868101704,0.894292727,0.193042176,0.300998112,2727560.866666665
600106,0.002758325,2019,2.45e-05,0.02116745,-0.146678858,0.103365385,0.401442308,0.133401249,0.998171921,0.740319067,0.532766868,0.454523503,3758340.086666664
600128,0.001661372,2019,3.03e-05,0.020093971,-0.148024069,0.081730769,0.543269231,-0.063705189,1.066135641,0.609301295,-0.158127378,0.335183344,1919028.5949999986
600133,0.022488514,2019,6.84e-06,0.056825666,-0.114421028,0.423076923,-0.963942308,-0.15868282,1.251219815,1.001842436,0.082999618,0.712133551,3921541.169166668
600148,-0.017314953,2019,1.29e-05,-0.049912657,-0.135766116,-0.324519231,-0.170673077,-0.06877773,0.784697969,1.797432433,-0.103402643,0.557334609,2138903.2116666664
600163,0.046059088,2019,2.22e-05,0.41462915,-0.199183304,0.709134615,0.317307692,0.07188272,0.869451666,0.910740493,0.071977499,0.469135398,3811294.0766666676
600192,-0.039828566,2019,1.3e-05,-0.08218252,-0.240855643,-0.639423077,-0.165865385,0.198334554,0.990487307,1.186112802,-0.41853047,0.416080876,2544100.3566666683
600203,-0.005309262,2019,1.81e-05,-0.012449666,0.61555615,-0.055288462,0.038461538,0.449900596,1.130717675,2.068956647,-0.456964075,0.079125856,2528743.244166667
600213,0.281910209,2019,1.25e-05,0.067837736,-0.348437596,0.995192308,-0.211538462,0.425478595,1.088693491,0.969368281,-0.928280081,0.402304648,1939116.666666667
600220,-0.00989522,2019,1.17e-05,-0.235281516,0.146241076,-0.180288462,-0.247596154,0.082314795,0.880961851,0.755264187,0.029425227,-0.296490562,4348378.161666666
600248,0.152023132,2019,2.92e-05,0.07550594,-0.138787722,0.978365385,0.507211538,0.133545262,0.914882824,1.068427241,0.463460498,0.15218285,2674246.0233333316
600251,0.078719917,2019,7.61e-06,0.404987027,-0.03368745,0.887019231,-0.930288462,0.090793754,0.923324733,0.928252664,0.051906497,0.209231011,4404271.735000002
600262,0.063376665,2019,1.08e-05,-0.168284176,-0.184818459,0.819711538,-0.387019231,0.04083825,0.692177879,0.933612501,0.177777976,0.315207058,3334125.0000000005
600279,-0.028237028,2019,2.04e-05,0.011230952,-0.24257076,-0.507211538,0.233173077,0.174451913,0.939097375,0.850884106,0.268861025,0.368583081,3172017.8641666663
600302,-0.033111959,2019,1.35e-05,-0.085080729,-0.148631137,-0.564903846,-0.141826923,0.133629132,0.862434501,1.866121512,0.726880791,-0.296027091,1731779.0675000001
600310,-0.053751029,2019,8.6e-06,0.101114504,-0.242573794,-0.790865385,-0.802884615,0.180068782,1.089585442,0.90927913,0.091440467,0.635041514,3780862.3125
600328,-0.021566314,2019,6.96e-06,1.01125769,-0.131856553,-0.389423077,-0.961538462,0.215755548,0.853618251,0.106794222,0.14201086,0.143320587,3543671.3800000004
600353,-0.040786,2019,2.25e-05,-0.125384123,0.156386872,-0.658653846,0.331730769,0.40122945,1.178602973,0.701610996,-0.526687875,0.599816493,2863587.009166665
600370,0.041952672,2019,1.28e-05,-0.068465274,0.06731906,0.677884615,-0.180288462,0.044451201,0.584139333,1.00341329,0.474821595,0.087570819,2494710.0691666664
600375,-0.069410928,2019,2.92e-05,0.523408521,0.469504127,-0.877403846,0.507211538,0.310051314,0.945037456,1.513486053,-0.294446458,0.676979286,2707846.0599999973
600378,0.086368008,2019,2.49e-05,0.079460668,0.31681072,0.918269231,0.423076923,1.153738948,0.957974961,1.304372008,0.02217228,-0.628511908,3393742.1108333343
600419,0.032152887,2019,1.11e-05,-0.098021561,0.048582378,0.5625,-0.319711538,0.000251555,1.001570439,0.937822338,1.075297615,-0.486515057,2980376.474166667
600439,0.04256165,2019,1.08e-05,0.006659372,-0.071491477,0.685096154,-0.387019231,0.355026555,1.070422194,1.190646861,0.521631841,0.025994476,3737438.5941666723
600444,0.009455231,2019,1.01e-05,-0.006140174,-0.165504574,0.201923077,-0.519230769,0.100876256,0.983400794,0.994682172,-0.080973075,0.495233329,1626991.6991666667
600461,-0.007884657,2019,1.86e-05,0.16580986,0.024201164,-0.149038462,0.072115385,0.099695762,0.844631559,0.107603835,0.345811529,0.026130242,4359715.435833336
600468,-0.032935933,2019,1.13e-05,-0.208824203,0.114217451,-0.5625,-0.274038462,-0.046315264,1.183610248,1.070711185,0.305113557,-0.222117265,4370004.243333333
600469,0.013407265,2019,1.07e-05,0.075723806,-0.094590745,0.278846154,-0.408653846,0.378371577,0.969408847,0.399431771,-0.400798585,0.003782416,2706034.109999997
600475,-0.007351067,2019,2.69e-05,0.178825319,0.07848544,-0.134615385,0.459134615,0.225234961,0.895444693,0.88047506,0.273575767,0.360877563,1402261.9508333334
600479,0.072981975,2019,9.67e-06,0.058343806,0.030447203,0.870192308,-0.600961538,0.160875546,0.855385833,0.619471924,0.610651317,-0.734841239,3902927.620000001
600480,-0.031994068,2019,8.3e-06,0.127563481,0.296389807,-0.552884615,-0.838942308,0.021434023,1.166149806,0.541306802,-0.986507565,-0.130044951,4206646.81833333
600493,0.051391633,2019,6.09e-05,-0.013989134,-0.20965122,0.752403846,0.884615385,-0.11307028,0.72195522,1.468812917,0.336758376,-0.301763178,1652626.6666666677
600509,0.022220478,2019,7.66e-06,1.386013361,-0.417840313,0.413461538,-0.920673077,0.001990324,1.046366787,1.256199093,0.226814197,0.387642885,3964686.8041666667
600520,-0.040330534,2019,3.59e-05,0.132177093,-0.388013241,-0.649038462,0.641826923,-0.192327623,0.705044256,1.143608861,-1.362900195,0.635573528,1972189.45
600558,-0.040784292,2019,2.23e-05,0.101367277,-0.208361049,-0.65625,0.324519231,0.023376335,0.931294162,0.875795755,-0.068672354,0.640674066,3122168.8041666634
600586,0.009921895,2019,2.84e-05,1.494363908,0.15714057,0.213942308,0.490384615,0.022487811,0.973219699,0.183074364,-0.719831412,0.491231405,4366082.888333333
600603,0.063842818,2019,3.02e-05,-0.095168693,0.123932707,0.822115385,0.540865385,0.273432688,0.85235238,0.703822059,0.343112255,0.321288889,2470382.521666668
600629,-0.026625294,2019,1.9e-05,-0.159173393,-0.123330999,-0.466346154,0.112980769,-0.074809451,0.951540725,0.615321602,0.318997137,0.435741217,4231246.534166668
600650,0.014009702,2019,1.08e-05,0.096837757,-0.227164273,0.293269231,-0.387019231,0.08070313,1.01074998,0.929411881,0.31648494,0.261580824,4222605.344166666
600679,0.161690278,2019,3.42e-05,-0.03401894,-0.136521876,0.980769231,0.605769231,0.20255464,0.953720451,1.325379889,0.271399523,-0.131810378,2921688.659166667
600706,0.069964068,2019,1.93e-05,-0.031779576,-0.271878666,0.855769231,0.132211538,0.030377741,0.937361716,1.148630442,0.025606826,0.417032278,1994445.2008333325
600710,0.065344588,2019,3.32e-05,0.457201827,-0.239772214,0.831730769,0.586538462,0.511648552,0.812963974,1.361629218,0.169820711,0.355719311,3734401.621666668
600712,0.013454453,2019,2.49e-05,-0.249806076,0.074907705,0.283653846,0.423076923,1.607283219,1.099204226,1.402457204,0.630906988,-0.788788771,2609088.509166666
600735,0.052404815,2019,1.06e-05,0.067847364,-0.094311948,0.757211538,-0.420673077,0.280156052,1.132452338,1.549017409,0.240115869,0.402529631,2310159.332499999
600753,0.023611133,2019,4.08e-05,3.566778265,-0.236413543,0.4375,0.723557692,0.044198573,0.681298385,1.083276896,0.648741905,-0.225297895,2131093.3333333335
600796,-0.04993453,2019,1.08e-05,-0.039773704,-0.06334202,-0.757211538,-0.387019231,0.032724642,0.896584277,1.286118479,0.295772612,-0.083738692,1635860.1358333342
600841,0.04156082,2019,2.54e-05,0.294104261,-0.143465331,0.670673077,0.4375,0.064603808,0.767920491,1.226263515,0.404262789,-0.103382226,4013353.555000002
600843,-0.04309066,2019,9.57e-06,-0.072171859,-0.134698803,-0.677884615,-0.620192308,0.141005386,0.889983731,0.586586458,-0.083466889,0.138516972,2331302.3683333327
600853,0.075282652,2019,8.85e-06,-0.085264807,-0.141409641,0.875,-0.759615385,0.182250454,1.26369884,1.188405902,0.518063278,0.253540895,2243900.7441666652
600929,-0.024093477,2019,1.69e-05,0.038947291,-0.24730732,-0.430288462,-0.004807692,-0.210536415,1.032831297,1.222864904,0.531500259,-0.0184322,2362420.7775
600939,0.080092987,2019,1.83e-05,-0.040713203,-0.267311672,0.894230769,0.052884615,0.041846238,0.966995336,0.717384197,0.195673078,0.663097784,2011357.4316666676
600969,-0.014115328,2019,1.07e-05,0.06271038,-0.147591313,-0.254807692,-0.408653846,0.10406238,1.026801933,0.636197461,0.271631954,0.283662338,2526519.6791666676
600976,0.081334861,2019,9.11e-06,2.248062432,0.073481971,0.901442308,-0.713942308,0.241754579,0.944834152,0.290874866,0.093490148,-0.023560071,2574522.238333333
600979,-0.027296263,2019,2.6e-05,-0.021968085,-0.099697858,-0.483173077,0.442307692,0.05574837,0.900849915,0.865103159,0.570779523,0.31453298,3781786.9216666687
600980,-0.0037665,2019,5.48e-05,0.189014548,-0.31012489,-0.03125,0.846153846,0.418095238,0.628205924,1.117887903,-0.534926647,0.242179231,2137660.9225
600981,-0.099028208,2019,2.07e-05,-0.042230844,-0.331582638,-0.951923077,0.247596154,0.019007257,0.885075249,1.435347511,0.057205381,0.395971537,3100640.376666667
600992,0.041183119,2019,2.75e-05,0.356304327,-0.25791924,0.658653846,0.463942308,-0.020002788,0.90638694,0.946228907,-0.017229075,0.506603963,1906187.4749999996
600995,-0.02790595,2019,1.25e-05,-0.058499701,-0.051880579,-0.497596154,-0.211538462,0.18834176,0.79696941,0.278269598,-0.076284959,0.458678185,3653150.2933333297
601007,0.015937224,2019,2.31e-05,0.056572382,-0.304778622,0.329326923,0.360576923,0.151945079,0.848636009,0.67967761,0.225064931,0.088422747,2962750.0000000005
601008,0.03191436,2019,7.38e-05,0.078369976,-0.306047559,0.552884615,0.920673077,0.248675908,1.047635243,0.978353565,-0.114988756,0.856692364,4334122.468333335
601019,-0.003521992,2019,5.03e-05,-0.045802118,-0.167445115,-0.028846154,0.810096154,-0.091769713,0.850466694,0.497691458,0.24042746,0.147340914,3256891.2499999977
601020,0.006925817,2019,4.69e-05,0.05289089,-0.344816546,0.158653846,0.776442308,0.072215053,0.872468889,1.113556893,-0.06546549,0.404294316,4300277.9091666695
601038,0.033887037,2019,8.03e-06,0.759389917,0.006707441,0.588942308,-0.875,0.406969367,1.237874444,1.801436722,0.485705073,0.042501288,3699069.4499999993
601068,0.004358688,2019,1.64e-05,-0.130584904,-0.439605854,0.132211538,-0.019230769,0.052428437,1.036427958,1.304809875,0.230240443,0.770001113,1815387.4025
601208,-0.053676071,2019,1.09e-05,1.448616528,0.450039321,-0.788461538,-0.350961538,0.314634385,0.999890001,0.644406773,-0.863406395,0.41996728,2952335.0450000013
601500,0.029323281,2019,5.25e-05,-0.04553441,-0.179782346,0.514423077,0.829326923,-0.016015342,0.843155561,1.219938552,0.433345129,0.230480972,2289370.9000000004
601599,0.027820434,2019,1.99e-05,0.135521182,-0.111600711,0.492788462,0.194711538,0.05668379,1.017144596,1.954799444,1.291269197,-0.356436201,2871598.6350000002
601606,-0.078549067,2019,1.08e-05,-0.243248211,-0.108277651,-0.913461538,-0.387019231,-0.104054426,0.795136406,1.134642939,-0.63728628,0.973813451,2845626.0941666667
601789,0.062920183,2019,1.98e-05,-0.218879181,0.155639978,0.814903846,0.1875,0.230885162,1.281078406,1.210981959,-0.49424682,0.897325059,3658255.011666665
601869,-0.024190626,2019,3.09e-05,-0.213673011,-0.185163915,-0.432692308,0.550480769,-0.176259575,1.037922879,0.51411232,-1.22744987,0.702173768,3203423.930000004
601949,0.042710239,2019,8.51e-05,0.213898422,-0.189723184,0.6875,0.944711538,0.447654266,1.079710235,1.089968587,-0.125779825,0.142378775,2399349.819166668
601952,0.019379461,2019,9.59e-06,0.099682818,0.242935945,0.375,-0.615384615,0.065104885,0.779996487,0.508815713,-0.211723194,-0.023052008,2871605.658333332
601996,0.025237417,2019,1.85e-05,0.319579377,-0.174125032,0.454326923,0.069711538,0.003215483,0.899287579,0.823179202,-0.224828982,0.57719889,3021467.493333334
603011,0.025806622,2019,8.81e-06,0.002931992,-0.091630566,0.459134615,-0.762019231,0.163569028,1.020989119,1.731091309,0.385649508,-0.554002681,2288739.803333333
603015,0.037533726,2019,1.01e-05,0.119721504,-0.153123685,0.629807692,-0.519230769,0.072529221,0.870006363,1.064941332,-0.030262879,-0.302993451,2699148.5225000004
603017,0.018643045,2019,7.94e-05,0.080973889,-0.180841814,0.358173077,0.932692308,0.067855825,1.175870092,0.959709759,0.10607657,0.508032399,3301430.559166666
603029,0.019957879,2019,1.14e-05,-0.155994824,0.03336532,0.379807692,-0.269230769,0.096512134,0.91018541,0.935058334,0.300023528,0.140466295,1142451.8141666658
603032,0.059391027,2019,5.99e-05,-0.238237477,-0.34361582,0.800480769,0.870192308,-0.238620482,1.145652672,0.960032643,-0.475653536,1.028310397,2048082.300000001
603033,0.079094383,2019,0.00015716,0.148625245,0.749486006,0.889423077,0.990384615,0.362551515,0.902984897,0.683291688,0.538298667,-0.304157129,1526705.7166666666
603050,0.019465793,2019,2.22e-05,0.163055306,-0.005311427,0.377403846,0.317307692,-0.153998344,0.952967686,1.029879672,-0.58383936,0.427411764,955497.1408333328
603056,0.029936165,2019,1.07e-05,-0.198726382,-0.05358774,0.521634615,-0.408653846,-0.328801659,1.06047416,0.925468271,0.132868096,-0.294630021,3047600.2575
603060,-0.040828724,2019,1.74e-05,0.18433721,0.302711117,-0.661057692,0.016826923,0.734921999,0.894653242,0.582940181,0.449159555,-0.099434765,2582786.614999999
603066,0.036741362,2019,1.09e-05,-0.148750667,0.241851255,0.622596154,-0.350961538,0.0822516,1.246307946,1.661264655,1.313861311,-0.630864303,2241489.534166668
603088,-0.065250679,2019,1.28e-05,0.002366362,0.096552582,-0.860576923,-0.180288462,0.103043427,0.921469361,0.479397741,-0.43099756,0.307326066,1474237.3333333337
603090,-0.052252191,2019,1.28e-05,-0.133119727,0.044237862,-0.776442308,-0.180288462,0.251722722,0.922081474,0.671235134,0.451293692,-0.124720478,940539.1175000002
603098,0.069492486,2019,1.88e-05,3.315684488,-0.298057415,0.853365385,0.098557692,-0.194592414,0.919012542,1.045942047,0.22517187,0.776298209,1273906.469999999
603100,-0.054958705,2019,4e-05,1.224800828,-0.13264485,-0.807692308,0.709134615,0.188861376,0.957074702,0.779667717,-0.340618809,0.080501716,2842854.5674999976
603126,0.011675698,2019,7.98e-05,1.260326539,-0.291756114,0.245192308,0.935096154,-0.050727984,1.041568109,1.301920685,0.299578688,0.563219959,3354188.749999998
603129,0.12325767,2019,2.1e-05,0.804192085,2.249465873,0.956730769,0.269230769,1.6514504,1.413315292,-0.357367044,0.291773194,-0.79130428,1686101.0008333337
603131,-0.076766946,2019,4.86e-05,0.025305824,0.157846812,-0.911057692,0.788461538,0.258392978,1.256953221,1.023973851,-0.66147678,-0.514241308,1019949.9999999999
603168,0.25180133,2019,9.41e-06,0.19272805,0.048906903,0.990384615,-0.653846154,0.248516021,1.009651325,0.929889734,0.156550431,-0.448138212,2320290.8033333323
603200,0.022157376,2019,9.57e-06,-0.472094194,0.529138685,0.411057692,-0.620192308,-0.246895082,0.877498245,1.800481149,1.421780272,-1.677911612,840156.2441666666
603227,-0.00134797,2019,9.85e-06,0.382120372,-0.035790005,0.026442308,-0.560096154,0.261728691,1.012460066,0.97118937,0.238216412,0.430329307,2736898.4999999995
603238,-0.011808798,2019,2.48e-05,-0.449744725,1.423950617,-0.209134615,0.415865385,-0.085850444,-0.063212785,0.924859245,1.068595819,-2.364867223,539949.9999999999
603266,-0.029480064,2019,1.02e-05,0.041939986,-0.025031495,-0.524038462,-0.497596154,0.156579574,1.192777986,1.32798611,-0.941951018,0.623246011,606112.4999999997
603278,-0.040440184,2019,1.11e-05,0.100410869,-0.310766085,-0.651442308,-0.319711538,-0.097437529,0.48072449,1.418635056,0.09427364,0.597764763,1316155.9816666655
603299,-0.034887747,2019,9.71e-06,0.233087826,-0.099751168,-0.579326923,-0.586538462,0.339145786,0.966649451,1.039778965,0.267005818,0.06157828,3811651.1999999937
603300,0.0322761,2019,8.97e-06,0.882811076,0.024744213,0.567307692,-0.735576923,1.237077676,0.873528818,1.322438668,0.125850328,0.251106837,3657899.645000003
603301,0.026196829,2019,9.8e-06,-0.161417403,2.449431723,0.471153846,-0.572115385,-0.04474718,-0.340031378,1.291177133,0.770454261,-2.046005434,1072373.9041666668
603311,0.033748917,2019,1.14e-05,0.014157943,0.134021329,0.581730769,-0.269230769,0.104091669,0.538604494,1.464317815,0.881820811,-1.568705782,2195899.9999999995
603329,0.086982103,2019,0.000252813,-0.242389732,-0.217287717,0.923076923,1.0,-0.133107054,1.164698782,1.810606451,0.611169041,-0.15781825,1117616.5000000005
603335,0.104671601,2019,3e-05,-0.105268577,-0.113779424,0.942307692,0.538461538,0.024340836,0.885722604,0.967867804,-0.216804796,0.461540668,1010954.278333333
603356,-0.002776212,2019,1.11e-05,-0.349240907,0.241811206,-0.014423077,-0.319711538,-0.182520431,0.810146005,0.601693865,0.310181803,-0.118999087,1137400.0
603385,0.000813794,2019,2.24e-05,-0.282806173,0.53723681,0.069711538,0.329326923,0.453008323,1.114456604,1.175681765,0.542591558,-0.012786883,2463642.444166668
603393,-0.06397975,2019,1.03e-05,-0.399082607,1.210902384,-0.853365385,-0.480769231,0.29072372,0.938096435,0.357853404,0.088699938,0.225043192,4204202.235000001
603396,-0.008157702,2019,1.81e-05,1.077489503,0.231517783,-0.15625,0.038461538,0.124932782,1.399300993,1.211847032,-0.185482541,-0.277654002,967805.6116666655
603458,0.041734999,2019,4.48e-05,0.030767669,-0.08218872,0.675480769,0.766826923,-0.076781642,1.126159423,1.109223488,0.850169997,0.114307313,2584119.491666669
603500,0.040863157,2019,7.22e-05,-0.140411779,0.148144397,0.653846154,0.918269231,0.194669819,1.126272429,1.115242364,-0.108171086,0.130299571,623111.9999999997
603535,-0.030088585,2019,1.09e-05,0.76303042,0.032299972,-0.536057692,-0.350961538,-0.026235005,1.061963731,0.673298612,0.136908641,0.301295533,1247535.333333332
603556,0.022483128,2019,8.3e-06,-0.167542727,0.07223746,0.420673077,-0.838942308,0.272666187,1.12887165,0.319675247,-0.329701264,0.131485319,3374546.228333334
603569,0.013579808,2019,5.17e-05,-0.156647912,-0.193314725,0.286057692,0.819711538,-0.033317497,1.070635168,0.735192168,0.146932444,0.42119352,3063321.5416666702
603577,-0.064539686,2019,0.000145576,-0.122755255,0.173269949,-0.855769231,0.987980769,0.159048951,1.085445743,0.824859963,-0.288423541,0.253671411,949667.5949999996
603579,0.013230724,2019,9.59e-06,0.528503804,-0.048309018,0.269230769,-0.615384615,0.092347823,1.045897794,0.812110451,0.636089932,0.004129976,1531887.4999999993
603616,-0.012309156,2019,1.89e-05,-0.221841972,-0.343416368,-0.221153846,0.103365385,-0.296590449,0.945265809,1.452071299,0.743301721,0.197479249,2881284.133333333
603617,0.046032512,2019,2.09e-05,-0.004631117,-0.15558579,0.706730769,0.259615385,0.230901493,0.876327345,0.945706592,-0.079383934,-0.277735958,631891.7866666665
603618,-0.035236493,2019,5.24e-05,0.146462099,-0.235602572,-0.588942308,0.826923077,0.045555127,1.053478818,1.203639905,-0.501927012,0.645313048,4170266.905000003
603619,0.022283726,2019,3.94e-05,-0.223829493,-0.430109142,0.415865385,0.697115385,-0.114157598,0.926930338,0.988861708,-0.633471522,1.071444963,2332439.833333334
603637,0.036622987,2019,3.2e-05,-0.249923651,-0.108399137,0.620192308,0.572115385,0.047255169,0.71116542,0.269796506,-0.018899139,0.60510219,698413.6074999996
603639,0.030337777,2019,9.28e-06,0.204293726,0.127701497,0.533653846,-0.675480769,-0.064869166,1.000556001,0.988911428,1.073685101,-0.535057213,1463071.594166668
603656,-0.022551104,2019,2.1e-05,0.069231546,-0.165668341,-0.40625,0.269230769,0.062791562,1.034220865,1.233498697,-0.054306483,0.203856592,990762.7224999996
603661,0.035667626,2019,9.12e-06,-0.039539221,0.516259682,0.603365385,-0.711538462,0.47261397,1.032348227,0.694205098,-0.202376148,0.76332711,1021319.7916666669
603663,-0.010465528,2019,2.12e-05,0.035142658,-0.012923046,-0.189903846,0.283653846,0.094742756,0.821262888,1.082959541,0.323761261,0.063050968,1614979.5141666664
603665,-0.049534152,2019,1.01e-05,-0.221643813,0.198724879,-0.752403846,-0.519230769,-0.17413899,0.881539766,0.563567578,0.716688008,-0.333331465,875771.4225000002
603667,-0.031958439,2019,1.16e-05,0.214749697,-0.053280438,-0.550480769,-0.252403846,0.206394781,1.217926022,0.722684346,0.159686712,0.186493373,1281963.4241666663
603668,0.028437513,2019,3.37e-05,-0.295302264,0.146826674,0.504807692,0.59375,0.127116314,0.754093105,0.858004359,0.276438478,-0.343319467,1853058.696666667
603680,0.037591757,2019,2.39e-05,-0.10379548,0.022481646,0.632211538,0.384615385,-0.145550354,1.024188682,1.169865015,0.419930765,0.264836634,2629452.2066666656
603685,-0.053802328,2019,4.39e-05,-0.263497138,0.362055448,-0.793269231,0.759615385,0.202168085,1.106343783,1.062556549,0.438843417,-0.007648048,705490.9333333336
603706,-0.073187997,2019,2e-05,-0.215894999,-0.13189287,-0.896634615,0.201923077,-0.257331277,1.001732168,1.083064084,-0.033790688,0.888078358,1072714.7641666662
603727,0.007102281,2019,9.2e-06,0.025446025,0.077390759,0.163461538,-0.692307692,0.553879115,1.217833346,0.009568064,-0.177266554,0.487071907,1974431.1666666667
603730,-0.011354315,2019,1.02e-05,0.04368787,0.355613511,-0.201923077,-0.497596154,0.45747694,1.19407959,-0.156243897,-0.635453914,0.166629156,1907565.900833335
603733,0.032118254,2019,8.72e-06,1.357497464,0.070700115,0.560096154,-0.769230769,-0.083213753,0.579387251,0.641221762,0.325412645,-0.827436858,940953.3333333331
603789,-0.029417209,2019,1.08e-05,-0.065482267,-0.151635825,-0.519230769,-0.387019231,0.145161892,0.802404248,0.407485297,0.674495523,0.064568787,3578466.66666667
603803,0.02528769,2019,2.39e-05,-0.257746385,-0.100352398,0.456730769,0.384615385,0.266436932,0.991675475,1.058911248,-1.503541267,0.17098275,2727613.159166669
603810,-0.048158915,2019,9.7e-06,-0.36305478,0.135340154,-0.745192308,-0.59375,-0.317469327,0.87982052,0.774595228,0.905246175,-0.239696022,832632.8389999995
603822,-0.00548957,2019,9.3e-05,0.126461926,-0.008479952,-0.064903846,0.954326923,0.165931293,0.971853429,0.99111704,-0.00264731,0.601352904,1648736.4941666666
603825,-0.024384682,2019,1.01e-05,-0.435105418,1.335813352,-0.435096154,-0.519230769,0.40154137,1.236621151,1.048152951,-0.245413519,-1.829597385,1283663.2299999997
603828,0.02969964,2019,1.93e-05,-0.125630356,-0.470364268,0.519230769,0.132211538,-0.125230363,1.060176723,0.754042404,0.063909315,0.280313609,3713809.557499997
603838,-0.055235343,2019,1.15e-05,-0.302592279,-0.091797653,-0.810096154,-0.262019231,-0.120211189,0.792070775,0.638740405,0.273838823,0.223421102,2345228.3666666658
603843,0.071234628,2019,9.53e-06,-0.160433916,-0.166141614,0.862980769,-0.632211538,-0.169609786,1.058401966,1.500796461,0.429867841,0.623004704,1939868.4183333332
603856,-0.017527,2019,1.93e-05,-0.206967936,0.415666305,-0.326923077,0.132211538,-0.176214476,1.024992067,0.70982843,0.30980056,0.095594275,959852.1183333341
603861,-0.026714416,2019,3.56e-05,0.023181793,-0.20768487,-0.46875,0.634615385,-0.250065542,0.819023542,0.476698016,-0.520539497,0.234849752,3545032.805
603871,0.002881226,2019,5.38e-05,-0.001260643,0.025709871,0.110576923,0.836538462,0.240019858,1.021952639,0.042348768,0.144419988,0.15555379,1209506.666666666
603876,-0.01106421,2019,9.22e-06,1.256529554,-0.144891663,-0.194711538,-0.685096154,-0.15211596,1.099863489,0.578073458,-1.197502035,0.404166926,2968826.2608333346
603916,-0.006842748,2019,1.04e-05,-0.017872904,0.943777414,-0.110576923,-0.466346154,0.516000092,1.215162752,0.77673417,0.997669066,-0.438606096,1712177.073333332
603926,-0.015974715,2019,8.99e-06,0.42171063,-0.080492381,-0.288461538,-0.733173077,0.125207974,0.822504208,0.647141178,-0.031729465,0.656429144,1016072.5641666665
603928,-0.002533607,2019,2.02e-05,-0.016078955,-0.211732975,-0.007211538,0.213942308,-0.140161658,0.952349801,1.135634372,-0.121508618,0.447347494,961855.5999999997
603937,0.031466454,2019,1.31e-05,-0.163441405,0.332513017,0.543269231,-0.15625,-0.001542427,1.079276262,1.078189566,0.524741898,0.383830244,875594.0566666665
603966,-0.019084974,2019,2.28e-05,0.218944819,-0.05224606,-0.348557692,0.348557692,0.185163124,1.051408843,1.47276735,0.289569664,-0.072741715,985200.440833334
603969,0.065928584,2019,6.09e-05,-0.042507922,-0.059656402,0.836538462,0.884615385,-0.078585008,0.973108026,1.180455063,0.242449915,0.487021879,3886120.8333333316
603978,-0.198094673,2019,2.47e-05,-0.169122621,-0.115797489,-1.0,0.408653846,0.349095185,1.004955774,1.118745259,-0.684439491,0.278610629,1947192.5733333332
603987,0.016869872,2019,8.6e-06,0.479610542,1.393200509,0.334134615,-0.802884615,0.27205203,0.808087786,0.954664858,1.511361989,-2.00665886,2199481.7125000013
603988,-0.153505393,2019,2.62e-05,0.363367999,0.200133788,-0.997596154,0.444711538,-0.017420497,1.213125589,0.481775422,-0.290568494,0.569953901,2403940.0
603991,0.053703666,2019,3.74e-05,0.624258585,0.517743919,0.774038462,0.665865385,-0.062907765,0.927913494,1.322667888,-0.124082817,-0.000610756,781902.9741666665
603999,-0.009158002,2019,4.29e-05,-0.125531626,0.048471093,-0.170673077,0.747596154,0.500745686,1.262483256,1.63357261,0.222616514,-0.082040067,3367200.0000000014
55,-0.008503455,2017,3.57e-05,-0.074416991,-0.221132864,-0.759067358,0.494818653,-0.323466303,1.408929613,1.168994275,0.55374787,0.26506964,5167554.71
70,0.001826791,2017,1.1e-05,1.000893613,-0.390256724,0.147668394,-0.621761658,-0.270283506,1.122232759,0.821914334,-0.818586143,-0.308871925,6174096.156666667
151,0.035621271,2017,9.28e-05,-0.00778693,-0.363174933,0.984455959,0.924870466,-0.371906813,1.151425651,1.342615769,-0.192932233,0.318085455,4710720.376666666
159,0.003389126,2017,1.22e-05,1.046892888,-0.467193619,0.339378238,-0.422279793,-0.383617317,1.18308715,1.426793425,0.050283261,0.62455394,3483448.4883333337
498,0.009412138,2017,0.000114165,0.264962364,-0.413479064,0.730569948,0.953367876,-0.170398532,0.950365726,1.31435488,0.666263054,-0.198296267,2730061.441666668
520,0.004227345,2017,2.89e-05,0.104317294,-0.479804232,0.443005181,0.32642487,-0.499176366,1.070067251,0.775935273,-0.473882393,0.337950544,6059006.284166665
524,0.005572637,2017,2.99e-05,-0.044601977,-0.332390346,0.556994819,0.349740933,-0.27138921,1.072609303,0.541183196,-0.092374561,-0.067939948,3553821.7358333296
546,-0.01037016,2017,7.82e-06,-0.290110589,0.2134332,-0.808290155,-0.974093264,0.629437727,1.017660669,0.010051614,-0.63375381,0.593942348,4237278.506666669
548,0.003418003,2017,2.28e-05,0.005173325,-0.395909895,0.347150259,0.103626943,-0.18396106,0.965598889,1.122565066,0.06778407,0.021051795,3971144.3200000017
551,-0.005330376,2017,3.82e-05,0.145159803,-0.375754322,-0.632124352,0.556994819,-0.229912621,1.198038878,1.265617768,-0.026464894,0.216947917,3763756.4099999988
554,-0.011098632,2017,1.83e-05,-1.28e-05,-0.282761704,-0.829015544,-0.095854922,-0.276912423,1.276738304,0.889504807,-0.141141831,0.54436894,3610782.309166663
560,0.004844508,2017,6.45e-06,-0.156257873,-0.175229362,0.489637306,-0.997409326,-0.09309455,0.907807134,0.674787403,-0.486791669,0.283100557,3855624.608
582,0.023690814,2017,5.33e-05,0.187622372,-0.335359999,0.950777202,0.730569948,-0.229459707,1.165302487,0.907860129,-0.336293127,0.400795549,3183053.361666666
619,-0.00577722,2017,4.61e-05,-0.140369338,-0.340448456,-0.650259067,0.655440415,-0.315493093,0.892839063,0.461721035,-0.171687307,0.361237695,3651599.9999999977
628,-0.011211931,2017,1.21e-05,0.232502197,-0.140390654,-0.836787565,-0.440414508,-0.422513731,0.958070807,1.539550942,0.763030976,0.415581032,2012162.3091666645
665,0.002418618,2017,2.2e-05,-0.060247014,-0.288203868,0.215025907,0.069948187,-0.300376803,1.102431367,1.212433031,0.199159968,0.328328332,5689025.636666666
668,0.00292712,2017,1.4e-05,0.460466863,-0.354571179,0.284974093,-0.233160622,-0.410676286,1.056027351,0.557880651,-0.102398598,0.284610872,2635745.941666668
677,-0.000147949,2017,1.65e-05,-0.165438365,-0.228563564,-0.111398964,-0.147668394,-0.461863943,0.821383635,1.188139225,-0.26078147,-0.035348319,4340757.526666666
678,-0.000269958,2017,1.76e-05,0.334515965,-0.360021673,-0.126943005,-0.111398964,-0.396299504,0.784813476,0.892626219,-0.198321074,0.414999831,4133988.8081818195
680,0.021059917,2017,8.21e-05,0.185696597,-0.378576991,0.935233161,0.893782383,-0.093422071,1.225790375,1.147966024,0.279924897,0.121613769,6102935.847499999
681,-0.006426137,2017,6e-05,-0.335204483,0.809556394,-0.683937824,0.79015544,0.00779789,1.13806614,-0.219782033,-1.499358241,-0.546158412,4313765.687499994
708,0.001700975,2017,1.87e-05,0.458907843,-0.202693302,0.129533679,-0.069948187,-0.100607032,1.263191684,1.506776827,1.0633278,0.06322737,5660299.805833335
713,-0.004345616,2017,3.21e-05,1.159787502,-0.286828944,-0.559585492,0.409326425,-0.417255294,0.029681011,-0.482423323,-1.616796229,-0.045693315,2579797.73
721,0.002924579,2017,1.29e-05,0.064020011,-0.515197119,0.28238342,-0.336787565,-0.396786596,0.820258028,1.632230936,0.265120988,-0.216504039,3268931.4983333326
785,2.18e-05,2017,1.16e-05,0.298775005,-0.308948756,-0.088082902,-0.528497409,-0.317819346,1.079590583,0.888542026,-0.173044059,0.290784311,2866234.5625000005
811,-0.020634704,2017,1.4e-05,0.842572262,-0.590161366,-0.917098446,-0.233160622,-0.221244986,1.129798298,1.067530233,0.14933842,0.543569206,6118320.084166672
815,-0.001776677,2017,1.75e-05,0.117638515,-0.38229005,-0.321243523,-0.113989637,-0.276522774,1.350535299,0.611339698,-0.621018655,0.311167115,4925901.532499997
837,0.000712658,2017,1.86e-05,-0.112621736,-0.324949616,-0.005181347,-0.080310881,-0.289397398,1.30266559,0.930980366,-0.296975564,0.167709609,4029254.1658333335
859,-0.002762343,2017,2.95e-05,0.628955452,-0.414435561,-0.417098446,0.341968912,-0.278413987,1.103398837,1.387301004,0.116748323,0.154752633,3800085.420833334
868,0.003942794,2017,1.2e-05,-0.419878378,0.071849626,0.401554404,-0.461139896,0.232362981,1.602689033,0.974365866,-1.125349075,0.305665886,4799954.3516666675
881,-0.009270007,2017,9.05e-06,-0.207396896,-0.48384773,-0.78238342,-0.867875648,-0.528122375,1.038984957,1.658720303,0.095325769,0.433417202,5885261.235000002
886,-0.00132202,2017,4.62e-05,-0.178634206,-0.034862519,-0.277202073,0.658031088,0.414386004,0.762754934,0.453817262,-1.31683651,0.217749109,5664895.474999994
893,0.002827451,2017,9.03e-06,0.286450638,-0.555112508,0.269430052,-0.870466321,-0.192961241,0.120305183,0.601654968,-1.021856138,0.261166656,4293471.197500003
911,-0.003691753,2017,2.11e-05,0.230096037,-0.507465779,-0.476683938,0.028497409,-0.485615489,0.978616007,1.249516033,0.27228913,0.503940417,4028866.1825000006
920,0.005577049,2017,1.2e-05,0.242763789,-0.508191374,0.559585492,-0.461139896,-0.343279589,1.001134591,0.938993681,-0.634143014,0.249000374,5229713.143333334
936,0.000453174,2017,1.06e-05,0.452292647,-0.145653965,-0.033678756,-0.689119171,-0.30978694,1.117581952,0.857646107,-0.356661426,0.018416716,5884833.883333333
948,-0.004888501,2017,2.26e-05,0.288750327,-0.162598585,-0.611398964,0.085492228,-0.427561317,0.932494348,1.234422783,-0.812377554,-0.080675188,3149849.362499997
949,0.013503382,2017,1.48e-05,-0.025040886,-0.369586284,0.829015544,-0.199481865,-0.283405696,0.735314529,1.278854579,0.671569712,0.265091539,5367193.9333333345
955,0.013540689,2017,1.18e-05,0.034012943,-0.285290162,0.831606218,-0.505181347,-0.13081567,0.373162268,1.319897403,-0.485749087,-0.306322968,3461846.4999999986
957,0.008257986,2017,1.42e-05,0.113825377,-0.42457208,0.689119171,-0.222797927,-0.301507548,1.239599323,0.594066711,-0.647835222,-0.152293719,6085126.081666664
978,-0.013773655,2017,1.11e-05,-0.051344328,-0.363012069,-0.875647668,-0.603626943,-0.28206552,0.829919263,1.213270292,0.422566221,0.025611045,3516635.4766666666
2014,0.001587771,2017,1.24e-05,0.264808697,-0.18914222,0.106217617,-0.39119171,-0.237782647,0.893695073,0.962261179,0.340530537,0.298159376,3354419.653333336
2016,0.004779664,2017,1.36e-05,-0.432220556,0.65029473,0.484455959,-0.272020725,0.169208406,1.797152884,1.674183527,1.336243592,0.115685624,6142754.222499993
2034,0.002543458,2017,1.02e-05,-0.141494956,-0.21775678,0.225388601,-0.75388601,0.504971249,0.928319166,0.584751175,-0.360060371,0.100591465,3164806.3674999964
2037,-0.001782957,2017,1.23e-05,-0.072059932,-0.402960708,-0.329015544,-0.406735751,-0.354272144,1.143854095,-0.249812987,-1.173435218,0.714422882,4650115.90818182
2040,0.034035223,2017,2.49e-05,0.209493482,-0.489722151,0.981865285,0.199481865,-0.396409994,1.364999345,1.279999414,0.091212356,0.278614487,4371604.159999997
2046,0.009353588,2017,1.09e-05,0.157518724,-0.40932369,0.725388601,-0.629533679,-0.218950798,1.203741021,0.847014864,-0.310128193,0.571741281,3849530.680000002
2057,0.005714938,2017,1.04e-05,1.892337693,-0.197614368,0.57253886,-0.712435233,-0.247891154,1.191658113,1.796606699,0.237673161,-0.074464647,2794666.4083333295
2060,0.011638878,2017,3.12e-05,0.094284934,-0.304920945,0.795336788,0.388601036,-0.016613649,1.006654301,0.800289506,0.143684144,0.268883171,4881443.593333335
2067,-0.019740004,2017,1.15e-05,-0.130811017,-0.334943954,-0.911917098,-0.544041451,-0.121002606,1.234370371,1.475588133,0.661547661,0.020254415,6097111.099166672
2079,-0.00475008,2017,2.29e-05,0.143220926,-0.156300968,-0.590673575,0.106217617,0.006335109,1.126914021,0.795137889,-1.528445033,-0.531573176,5990944.371666665
2084,-0.004591132,2017,1.06e-05,-0.021202698,-0.463271592,-0.575129534,-0.689119171,-0.3994204,0.975269475,1.85576242,0.561865065,0.365227952,3589772.645833332
2088,-0.003198635,2017,1.27e-05,-0.167093731,0.28894721,-0.437823834,-0.360103627,-0.010981125,1.146642044,0.474185567,-0.532497063,-0.097754028,2579908.7675000005
2090,-0.002814232,2017,1.08e-05,0.372539545,-0.395489318,-0.422279793,-0.652849741,-0.065446754,1.057708996,0.445374491,-0.578347809,0.449597467,4745439.2716666665
2096,-0.000528484,2017,1.05e-05,-0.072357885,-0.370047345,-0.170984456,-0.699481865,-0.437272597,1.282002372,0.900095134,-0.373216089,0.467979243,4058975.139999995
2097,0.004045976,2017,6.29e-05,-0.045314908,-0.261707388,0.422279793,0.810880829,-0.162087286,1.024192656,1.151010885,-0.080599839,-0.183549511,5062617.400833333
2109,0.004184393,2017,1.46e-05,-0.001971253,-0.305401259,0.437823834,-0.20984456,-0.20640389,1.28853625,1.313832688,0.204333282,-0.009941652,1684665.2569999986
2111,0.000811857,2017,1.03e-05,0.193540697,-0.425902397,0.007772021,-0.730569948,-0.330002315,1.197673637,0.534286706,-0.835660855,0.7735902,4943600.197499999
2114,0.003901417,2017,1.05e-05,-0.01511227,-0.5973148,0.398963731,-0.699481865,-0.213412308,0.961739085,0.264002758,0.065484677,0.294160931,5387057.083333336
2116,0.01339115,2017,2.31e-05,0.442812339,-0.400378365,0.823834197,0.119170984,-0.181336674,1.212788357,1.130666291,0.192542659,0.326796717,5241901.216666666
2120,0.021174715,2017,8.63e-06,-0.015543265,0.218191446,0.937823834,-0.92746114,0.076028886,0.637450044,-0.359611083,-0.881566378,-0.163422062,4409506.242499999
2126,-0.007161106,2017,8.75e-06,-0.182003854,-0.113244098,-0.707253886,-0.911917098,0.000137664,0.959498544,0.884762225,0.301989097,0.162087615,5864679.8525
2135,-0.021474169,2017,0.000107283,0.079468567,-0.36938839,-0.924870466,0.940414508,-0.024959864,1.111742905,1.114160635,-0.065991662,0.233208701,5149180.725
2140,-0.002142004,2017,8.82e-05,0.371685156,-0.431011352,-0.360103627,0.922279793,-0.190351469,1.052002206,1.179355686,-0.308940547,0.437002494,5785168.714166666
2149,0.003893182,2017,2.4e-05,0.340292517,-0.376900552,0.396373057,0.160621762,-0.325377447,1.27849584,1.846372359,0.323309674,0.029410994,4737322.0025
2164,0.003838534,2017,3.24e-05,-0.271135209,-0.439535071,0.383419689,0.422279793,-0.243593488,0.962729318,1.252902343,0.198134996,0.15046499,4122752.395833334
2165,0.001821304,2017,2.52e-05,0.191628529,-0.343067482,0.14507772,0.204663212,-0.291099955,0.96108464,0.980057877,-0.077301139,0.218543494,3556453.199166665
2186,-0.001356933,2017,6.47e-05,-0.190283525,-0.29001047,-0.28238342,0.821243523,-0.202724573,1.057642174,0.89918686,0.176452232,0.149667571,5952597.563333333
2201,-0.008606098,2017,1.23e-05,-0.006176712,-0.299384584,-0.764248705,-0.406735751,-0.342722715,0.983240077,1.081994507,-0.31918865,-0.17164323,3472445.0299999975
2209,-0.010802851,2017,1.14e-05,-0.033338393,-0.466485683,-0.816062176,-0.551813472,-0.573591393,0.954088294,1.211358971,-0.10972408,0.106320028,2482344.4450000008
2212,-0.00581293,2017,2.87e-05,0.139180045,-0.080467625,-0.655440415,0.323834197,0.164566525,0.543668328,0.086498958,-1.314409417,0.243477206,4503196.705833332
2213,0.000912325,2017,1.35e-05,-0.469719985,-0.371641861,0.033678756,-0.28238342,-0.377054266,0.511877024,0.53726901,-0.362012518,-0.045854294,4162784.824166669
2218,0.009462348,2017,1.43e-05,0.067136076,-0.378194658,0.733160622,-0.220207254,0.156758929,1.204214417,1.532293159,0.28678541,0.034214045,5791515.24666667
2225,0.004475596,2017,9.85e-06,-0.069372994,-0.109122013,0.468911917,-0.774611399,-0.242526543,0.630138974,1.409037996,0.32065453,-0.330470597,3648670.401666668
2227,-0.005591606,2017,1.22e-05,-0.045022203,-0.322737111,-0.642487047,-0.422279793,-0.258134436,1.032269887,0.617983631,-0.578103796,-0.067923874,4484432.020833333
2231,0.033508836,2017,1.23e-05,0.357923335,-0.466609397,0.979274611,-0.406735751,-0.291618592,0.955172587,1.445796602,-0.106483123,-0.609645993,3426845.694999999
2274,0.005196937,2017,8.49e-05,0.659432079,-0.246809663,0.515544041,0.919689119,-0.204500572,1.133473603,1.256905808,0.509486733,0.19463745,3949221.715833332
2279,-0.002633631,2017,1.03e-05,-0.309398409,-0.222413376,-0.406735751,-0.730569948,-0.229776146,1.002002409,0.514859002,-1.681370887,-0.759711178,3367047.4574999963
2296,0.003059795,2017,1.14e-05,-0.008793639,-0.417416273,0.303108808,-0.551813472,-0.534742674,1.079313574,1.364251461,-0.460355371,0.323970949,3537984.9899999998
2298,0.002250732,2017,1.29e-05,0.002290655,-0.358108694,0.196891192,-0.336787565,-0.357363261,1.238389108,0.922019315,-0.581573735,0.10409534,4576053.725000003
2315,-0.00400874,2017,2.2e-05,0.175478671,-0.413974809,-0.525906736,0.069948187,-0.279887434,1.428216347,1.400249684,-0.699150345,-0.509907903,3308268.4208333325
2320,0.012889902,2017,2.27e-05,-0.295647358,0.725726793,0.81865285,0.090673575,0.372076994,0.990064951,0.316763533,-1.52639829,-0.089167083,4080241.636666663
2321,-0.00467567,2017,1.08e-05,0.054508336,-0.451362487,-0.588082902,-0.652849741,0.139768302,0.411657638,1.154581465,0.493306742,0.296534355,4880270.768333332
2325,0.013467771,2017,5.92e-05,-0.164964227,-0.499592633,0.82642487,0.784974093,-0.411971379,0.963125033,1.186289531,-0.247435452,0.594366499,5863218.5925
2334,0.003977799,2017,1.94e-05,-0.055050189,-0.188887219,0.404145078,-0.038860104,0.040545661,0.974777917,0.439618404,-1.137520568,0.132687669,4552234.301666668
2337,-0.00287859,2017,4.84e-05,0.195967038,-0.423554119,-0.424870466,0.676165803,-0.302065222,1.0884859,1.26729732,0.28460423,-0.009045028,3574866.2125000004
2347,0.017222869,2017,2.83e-05,0.215838725,-0.47867086,0.896373057,0.313471503,-0.531234608,1.072523174,1.587435953,0.227861865,0.353918613,2503233.9983333317
2361,0.009898961,2017,1.36e-05,-0.005603726,-0.455313619,0.74611399,-0.272020725,-0.202287268,1.089952048,0.655720431,-0.532468,0.649168828,4110592.5200000033
2362,-0.006008248,2017,1.21e-05,-0.26107552,-0.024214227,-0.663212435,-0.440414508,0.069391899,1.475872225,-0.616983463,-2.832208135,0.075557995,4224048.71
2367,-0.000936374,2017,3.89e-05,0.450566251,-0.483376074,-0.225388601,0.57253886,-0.354532269,1.113407037,1.282803862,0.163145638,0.160534831,5388926.430833339
2381,0.007790132,2017,5.34e-05,0.254340744,-0.272889534,0.663212435,0.733160622,-0.316312016,0.972588785,0.880651081,0.010055921,0.103335575,2035159.4700000004
2392,-0.00372592,2017,2.32e-05,0.022205957,-0.433318658,-0.487046632,0.124352332,-0.135564057,1.009417306,2.115489971,0.472660534,0.00621054,4208278.034166664
2394,-0.001776952,2017,1.03e-05,-0.000404997,-0.27838036,-0.323834197,-0.730569948,-0.301233735,0.802489814,0.773707033,0.497585665,0.267152649,4772147.249999997
2398,0.006031266,2017,4.88e-05,0.267413589,-0.210031625,0.582901554,0.686528497,0.110900335,0.794313636,1.613807045,0.757870594,-0.073339734,3416558.5689999997
2443,0.040035593,2017,3.75e-05,0.062872962,-0.273360287,0.994818653,0.546632124,-0.18437401,0.634427873,0.849789684,0.073715574,-0.141088915,4755732.4449999975
2449,0.005198418,2017,3.6e-05,0.256220425,-0.160946523,0.518134715,0.5,0.300966949,0.925097487,0.841123326,-0.785100924,-0.143389758,5956003.105833328
2452,-0.003207935,2017,1.1e-05,-0.012531484,-0.4133199,-0.440414508,-0.621761658,-0.353275791,1.012530946,0.689098762,-0.358061531,0.31499389,2523620.3408333333
2457,-0.004498996,2017,2.18e-05,0.056594822,-0.554768401,-0.567357513,0.049222798,-0.004438815,1.266421926,0.361403373,-1.292378635,0.482655223,3792595.0291666663
2459,0.006480787,2017,4.21e-05,0.016092846,-0.233376564,0.598445596,0.624352332,-0.338788114,0.434374563,0.245625586,-0.269341321,0.31298088,3413989.6074999995
2467,0.002285007,2017,8.09e-05,0.912936298,-0.326217458,0.202072539,0.888601036,-0.283987098,1.16719943,1.56390806,-0.509137231,0.288448246,5698340.045833339
2476,-0.0088528,2017,1.2e-05,0.430001534,-0.45609541,-0.769430052,-0.461139896,-0.469285009,0.852580441,1.232449676,-0.420993052,0.723112402,4400519.85416667
2480,-0.002059502,2017,2.38e-05,-0.387656217,-0.051003035,-0.349740933,0.150259067,-0.373925041,0.792952377,0.520886662,-0.279408877,0.209961485,5450976.046666668
2483,0.002774816,2017,3.1e-05,-0.019637401,-0.364621101,0.25388601,0.378238342,-0.264783215,1.118952213,0.899708439,-0.355464519,0.555125789,3991025.4533333317
2487,-0.017218105,2017,1.36e-05,0.149857267,-0.425360514,-0.89119171,-0.272020725,-0.473776585,1.025447162,1.495158044,0.128345578,0.592656359,3663450.0
2492,0.015601357,2017,1.22e-05,-0.274404718,-0.232364965,0.873056995,-0.422279793,-0.120902408,1.288198974,1.480998916,0.183146521,0.378933173,2953342.4033333343
2514,-0.019635199,2017,2.1e-05,0.034328975,-0.292315027,-0.904145078,0.020725389,-0.190103072,0.814018502,0.655460369,0.185245102,0.168133079,3083954.3958333335
2523,-0.006182179,2017,5.21e-05,0.077604217,-0.16387873,-0.670984456,0.707253886,-0.086818085,0.210477111,0.568011821,-0.388612178,-0.198988982,4465695.694166668
2524,0.028714578,2017,3.97e-05,0.061683805,-0.478345906,0.968911917,0.580310881,-0.412585724,1.076067791,0.852051782,-0.56369395,1.092677893,4111184.0341666676
2529,-4.47e-05,2017,1.23e-05,-0.278406471,-0.38066915,-0.093264249,-0.406735751,-0.283162223,0.486817407,-0.147053413,-1.080152971,0.033349759,3512499.9999999986
2530,-0.010884546,2017,2.07e-05,0.055123876,-0.511881076,-0.821243523,0.0,-0.264926941,0.669893957,0.444765408,-0.902100823,-0.264290738,5322994.165833334
2532,0.005501181,2017,1.19e-05,0.374201368,-0.401832447,0.546632124,-0.492227979,-0.348615582,0.963620713,1.446709016,-0.129543107,0.668310265,3023898.026666667
2539,-0.004645642,2017,2.68e-05,0.10636211,-0.500477537,-0.585492228,0.261658031,-0.421747659,0.977026668,1.310184342,-0.042885199,0.445911524,3680032.433333335
2540,0.00725493,2017,3.13e-05,-0.042848539,-0.266667153,0.632124352,0.396373057,-0.037742972,0.550458319,0.638104757,-0.10537887,0.183718055,5208584.498333332
2545,-0.003895633,2017,1.2e-05,0.054596549,-0.516085939,-0.502590674,-0.461139896,-0.232576365,1.25528648,1.63487489,0.90891796,0.343461144,3235626.0400000005
2551,0.002026576,2017,6.82e-06,-0.179807037,-0.433122375,0.17357513,-0.984455959,-0.315803561,1.135392244,1.617180358,-0.111771016,0.363419617,4295671.876666668
2554,-0.007372889,2017,8.34e-05,0.138964358,-0.472269398,-0.727979275,0.901554404,-0.428900897,1.149090035,1.320601115,0.431379198,-0.024594632,3882479.5275000003
2578,-0.000244569,2017,6.82e-05,-0.076414666,-0.121710098,-0.121761658,0.849740933,-0.226895686,0.932341407,-0.008230395,-0.402504602,0.08903687,2549863.9288888904
2580,-0.003711885,2017,1.3e-05,-0.105198688,-0.228340088,-0.479274611,-0.321243523,-0.260373629,0.798624483,1.864393106,-0.355127667,0.323528874,2502520.580000001
2582,-0.004268016,2017,4.86e-05,-0.172857988,-0.105078644,-0.556994819,0.68134715,-0.343800589,0.767882331,0.454908686,-0.014987508,-0.270134675,2751397.462500001
2593,0.003855577,2017,3.12e-05,0.14193648,-0.361322131,0.388601036,0.388601036,-0.411293638,0.969604773,1.049128924,-0.174169224,0.163749713,2554071.8749999977
2598,0.006744202,2017,1.39e-05,-0.042706362,-0.361125572,0.60880829,-0.248704663,-0.319495499,1.159449089,0.68701616,-0.149638113,0.227174036,3081374.055833336
2613,-0.001687035,2017,1.11e-05,-0.077605009,-0.383476539,-0.313471503,-0.603626943,-0.383406538,1.005691794,1.407922903,0.147712579,0.257212079,2472626.9275000016
2615,0.006376633,2017,2.69e-05,-0.091287722,-0.447036874,0.588082902,0.266839378,-0.217492706,0.841175179,0.715749807,-0.100588861,0.405510192,2394921.191666668
2639,0.004054187,2017,1.37e-05,0.254442584,-0.301294694,0.424870466,-0.259067358,-0.351415815,0.626715827,0.320654855,-0.638465091,0.278449962,3907964.914166667
2644,-0.000609291,2017,5.86e-05,-0.337677133,0.094615009,-0.186528497,0.779792746,-0.170930293,1.086235473,0.43063325,-0.059594608,-0.081205542,5109974.379999998
2645,-0.004619737,2017,2.9e-05,9.95e-06,0.081512629,-0.577720207,0.329015544,-0.365618664,1.292847411,0.528695838,-1.099103715,-0.087556987,3051830.2408333304
2649,-0.007251607,2017,9.86e-06,-0.02820863,-0.17896377,-0.712435233,-0.772020725,-0.052411523,1.352979702,0.923719165,-0.926949961,-0.413290783,4778349.086666665
2667,-0.000980495,2017,1.19e-05,0.294855151,-0.447521058,-0.227979275,-0.492227979,-0.412802422,0.922926074,1.869844519,0.545055325,-0.070932856,1832923.774166667
2682,-0.016709281,2017,1.16e-05,-0.040974819,-0.389676264,-0.888601036,-0.528497409,-0.204477655,1.174773527,1.097353452,-0.142522223,0.474453076,2633213.3049999983
2685,-0.111825845,2017,2.03e-05,-0.29635276,-0.1120307,-0.987046632,-0.018134715,0.016486948,1.286835799,0.796804478,0.012218106,0.442072061,5921299.64375
2692,0.004648199,2017,1.25e-05,-0.071853947,-0.619268902,0.471502591,-0.386010363,-0.188217196,0.747226573,0.263743802,-0.822398247,1.017705641,4954284.839166668
2707,-0.011622674,2017,3.34e-05,-0.377653975,-0.277923463,-0.847150259,0.450777202,-0.309016648,1.240109874,0.720311442,-0.409584285,0.222620702,5495689.33
2715,0.005020644,2017,2.12e-05,0.117336222,-0.506754107,0.505181347,0.033678756,-0.198100106,1.094266601,1.066308384,0.335630848,-0.002577519,1714205.482499998
2722,0.006966474,2017,2.45e-05,-0.139150457,-0.503303546,0.619170984,0.18134715,-0.436267261,1.00621853,0.940666086,-0.468756094,-0.324309933,2593859.245833335
2724,0.00235862,2017,1.15e-05,0.046779884,-0.549678428,0.212435233,-0.544041451,-0.455492692,1.051424409,1.7377425,0.468213748,0.427070252,1609984.1433333335
2730,0.009695427,2017,2.62e-05,0.013159602,-0.535027495,0.738341969,0.248704663,-0.375275208,0.721678982,0.764532159,-0.395409053,0.291224457,1717287.5808333326
2737,-0.001151309,2017,2.22e-05,-0.258007324,0.418311,-0.24611399,0.075129534,-0.089846845,0.623657727,0.341487217,-0.444215183,-0.397157652,3907420.903333334
2738,0.001432002,2017,6.56e-05,-0.200621169,0.068612231,0.088082902,0.831606218,0.079565912,1.644511951,1.872338283,1.078595037,-0.298600566,2511032.2355555575
2743,-0.033111597,2017,4.59e-05,-0.139415766,-0.438282798,-0.958549223,0.652849741,-0.333908025,1.285509748,0.572467283,-0.868882325,1.076206707,2010851.8033333335
2755,-0.020154463,2017,2.32e-05,0.208374363,-0.504001818,-0.914507772,0.124352332,-0.323590099,1.063245489,1.254271568,-0.280185898,0.126481695,1177687.816666666
2762,0.01267369,2017,2.3e-05,-0.189991518,-0.476242575,0.813471503,0.111398964,-0.581864652,1.222145931,1.637178731,-0.032428742,0.262187554,1590353.8608333329
2767,0.007342585,2017,1.55e-05,0.093961376,-0.426657795,0.64507772,-0.17357513,-0.563924152,1.360666947,1.187692867,-0.624968136,0.64979267,1059249.9999999998
2769,-0.000603854,2017,4.75e-05,-0.23386333,-0.185885859,-0.183937824,0.670984456,-0.313684649,1.147678292,1.640446379,0.253172987,-0.131924388,3252005.4208333343
2785,-0.015817725,2017,6.78e-05,0.015278622,-0.55839486,-0.883419689,0.844559585,-0.581843216,1.103349685,1.562672094,0.389149351,0.679664211,1931169.8291666666
2789,0.001942651,2017,2.61e-05,-0.137121593,-0.334013493,0.160621762,0.240932642,-0.497058706,1.113282709,1.636081268,-0.034120507,0.175906167,1739334.1275000006
2791,-0.00035249,2017,7.13e-05,0.288305512,-0.47971475,-0.137305699,0.873056995,-0.461794155,1.003912041,1.553772833,0.13290879,0.386652285,1812665.0583333324
2799,0.007600463,2017,2.4e-05,-0.258568936,-0.090102382,0.647668394,0.160621762,-0.346219051,0.730428114,-0.153813323,-1.530521399,-0.544127697,1417971.3541666667
2801,0.010720779,2017,0.000250535,0.008660759,-0.351066708,0.772020725,0.994818653,-0.473824308,1.405703775,1.43245302,-0.050150911,0.225312831,1289091.7333333353
2802,-0.022775087,2017,1.2e-05,-0.182502269,-0.215349724,-0.930051813,-0.461139896,-0.506982275,1.401498342,2.24906609,1.074086379,0.376225362,1316016.5125
2811,-0.001522691,2017,0.000111464,-0.03857476,-0.379966339,-0.29015544,0.948186528,-0.466954229,1.356541117,0.913673771,-0.271893748,0.800070027,1264800.0000000007
2822,-0.009640554,2017,1.21e-05,0.085889424,-0.559687815,-0.79015544,-0.440414508,-0.460920748,1.227844364,2.114303651,0.746327542,0.391182448,1807026.7499999988
300004,0.000583349,2017,7.19e-05,0.181116633,-0.677697209,-0.018134715,0.875647668,-0.28683056,0.315067319,1.49583144,-0.364011301,-0.302790344,4850190.309166669
300008,-0.017598792,2017,2e-05,-0.20788243,-0.425727316,-0.893782383,-0.031088083,-0.30062007,0.995639454,0.261606234,-1.476109972,0.744460821,4658822.5266666645
300019,0.001178468,2017,1.27e-05,-0.014972746,-0.342607774,0.059585492,-0.360103627,-0.275053841,1.159976276,2.386838982,0.680089641,0.096427289,2237170.4358333317
300031,-0.000875661,2017,1.19e-05,-0.111465491,-0.259908657,-0.220207254,-0.492227979,-0.302679485,0.82321731,0.605131517,-0.484141899,0.574837796,4636368.6608333355
300035,-0.004632971,2017,1.07e-05,0.033782628,-0.346719264,-0.582901554,-0.665803109,0.003517733,1.393437828,1.939386179,-0.118036398,-0.034407441,2976195.1133333347
300036,-0.002333605,2017,2.01e-05,-0.282856511,0.234504377,-0.375647668,-0.028497409,-0.122927595,1.064195034,0.208867574,-1.993794848,-0.499750568,5312996.971666667
300039,-0.003673628,2017,1.26e-05,-0.227298116,-0.191997762,-0.471502591,-0.380829016,-0.193271679,0.801867193,1.126043852,0.012062594,-0.094889324,5853596.805000001
300040,-0.001230171,2017,3.97e-05,0.021902879,-0.42469297,-0.261658031,0.580310881,-0.161011495,1.066381634,1.690876305,0.028923883,-0.055233535,2506713.6091666664
300041,-0.009157531,2017,1.11e-05,0.051997137,-0.257632333,-0.779792746,-0.603626943,-0.198966364,1.088940911,1.114291516,-0.15144456,0.398610556,2996471.973333332
300044,-0.022951601,2017,1.7e-05,0.008763218,-0.364245961,-0.935233161,-0.137305699,0.019258564,1.306643904,1.216370687,-0.964153464,-0.690124429,4610358.132499999
300045,-0.004866396,2017,3.89e-05,-0.047975134,-0.103542897,-0.606217617,0.57253886,-0.164461005,0.86287771,-0.329284069,-2.624170324,0.217063426,4225084.693333332
300048,-0.01010691,2017,4.63e-05,-0.082582681,-0.424366915,-0.800518135,0.663212435,-0.355292456,1.078644368,1.299525531,-0.412145279,0.037531266,5003798.141666665
300050,-0.004258102,2017,8.54e-06,0.040794934,-0.411623304,-0.554404145,-0.937823834,-0.406435836,0.888976432,2.205035985,-0.203022944,-0.510052988,3387162.4508333355
300056,0.020477547,2017,1.89e-05,0.11396838,-0.602509342,0.924870466,-0.062176166,-0.560996939,0.873575632,-0.800278489,-2.362077187,1.515090888,2846222.125833333
300067,0.007626229,2017,1.13e-05,0.043322564,-0.099965329,0.652849741,-0.569948187,-0.177554022,1.039576113,2.003711017,0.705944272,-0.621572692,2815647.434166666
300069,0.005614669,2017,2.57e-05,0.302114712,-0.64069695,0.564766839,0.230569948,-0.296874878,0.52222736,0.75854657,0.196968052,-0.377947779,3218475.7775000017
300074,-0.001645552,2017,2.27e-05,0.074597867,-0.445264499,-0.310880829,0.090673575,-0.106543812,0.821703068,0.314965164,-0.635412355,0.790922152,3312322.255833333
300082,-0.022796454,2017,4.62e-05,0.39743701,-0.28560967,-0.932642487,0.658031088,-0.19916968,1.187077922,1.415455377,0.196822634,0.14797892,5130469.695
300091,0.00030887,2017,3.01e-05,-0.325366435,0.014468045,-0.062176166,0.357512953,0.213437832,0.83623512,-0.00796748,-0.580822218,0.371384459,5276774.231111106
300102,0.007858714,2017,9.8e-06,-0.124684216,-0.240899046,0.665803109,-0.779792746,0.185774716,0.845426878,1.010859541,-0.968593377,-0.421990455,5205208.6375
300117,-0.002811504,2017,2.46e-05,-0.065341343,-0.518232631,-0.419689119,0.189119171,-0.02102396,1.258132515,1.38772647,-0.244506088,0.342659158,5336758.99
300130,-0.003610876,2017,1.74e-05,0.185997004,0.273336432,-0.466321244,-0.121761658,-0.050204816,1.066236377,-0.434931398,-1.948220225,0.051354444,3445962.618333332
300135,0.005724544,2017,2.91e-05,0.109804562,-0.506968587,0.575129534,0.331606218,-0.385914778,1.19031276,1.385667026,0.139150233,0.301100927,3899588.730833328
300139,-0.003652834,2017,1.22e-05,-0.175631357,0.248413518,-0.468911917,-0.422279793,-0.425504681,0.053391952,0.356446857,-2.00982002,-0.423162249,2210991.236666665
300140,0.008499345,2017,9.08e-06,0.369142927,-0.534186722,0.699481865,-0.857512953,0.06382029,1.425038105,-0.676600575,-1.537216896,0.058509804,4191357.4414285687
300143,-0.000613875,2017,3.47e-05,-0.355643915,-0.154322791,-0.189119171,0.474093264,-0.01054125,1.237997786,0.679487367,-0.746482812,0.033060453,3088693.1718181814
300153,0.001251509,2017,0.000108254,-0.150679361,-0.438996379,0.064766839,0.945595855,-0.30352473,1.321972778,1.380865246,-0.987937368,0.030252876,4585859.450833329
300157,-0.036248981,2017,8.64e-06,-0.22290636,-0.348384288,-0.966321244,-0.924870466,-0.022567133,1.297082855,1.07801648,0.013071086,-0.221700308,5970542.339999995
300162,0.012299026,2017,1.15e-05,-0.041224021,-0.358570487,0.808290155,-0.544041451,-0.46433829,0.938481287,1.457114749,-0.603199473,0.383971482,2288295.888333334
300164,-0.009935538,2017,1.11e-05,-0.101412702,0.040852173,-0.797927461,-0.603626943,-0.390474626,1.197993371,0.777191338,-0.618124215,-0.182724026,2341926.1588888895
300177,0.001309887,2017,5.26e-05,-0.007543786,0.13063835,0.069948187,0.722797927,-0.303749173,1.385884123,0.519498958,-0.576971851,-0.244418528,3758083.244
300183,0.001866986,2017,1.45e-05,0.017576963,-0.235250695,0.152849741,-0.212435233,-0.22503744,1.21493893,0.605275048,-1.39584799,-0.285372535,5633803.824999991
300188,-0.040666729,2017,8.3e-05,-0.035849616,0.680543652,-0.968911917,0.898963731,-0.077961867,0.860493927,-0.229693528,-2.558980484,-0.733019881,5448096.338333335
300189,-0.000827931,2017,1.06e-05,0.024775738,0.126458205,-0.20984456,-0.689119171,-0.3417507,0.248908625,0.416439166,-1.111640543,-0.249736426,3542449.3081818223
300190,-0.001287483,2017,1.08e-05,0.408412727,-0.339149867,-0.272020725,-0.652849741,-0.265053047,1.130841701,0.949090156,-0.316237366,0.180815085,5294353.04083333
300193,-0.000193804,2017,1.63e-05,0.430591093,-0.311528822,-0.113989637,-0.152849741,-0.225095036,0.884415178,1.4581507,0.132359163,-0.078537737,3176617.9933333336
300213,0.008724542,2017,7.03e-05,0.048645375,-0.305529586,0.712435233,0.867875648,-0.452595114,1.363699014,0.709388121,-1.592827588,-0.221757399,3052659.0963636325
300218,-0.000816481,2017,1.13e-05,0.073024727,-0.419766202,-0.204663212,-0.569948187,-0.455680111,1.04000855,1.391345464,-0.04892038,0.322045622,2306636.2450000015
300228,0.006996227,2017,3.44e-05,0.046036264,-0.498352858,0.621761658,0.468911917,-0.189218258,1.404851961,0.809644684,-0.937124611,0.194506367,4790464.566666667
300243,0.002809847,2017,5.47e-05,0.109624277,-0.132144433,0.264248705,0.759067358,-0.239017144,0.976507622,1.335882017,-0.060933389,-0.214891674,2052155.2416666665
300259,0.017582311,2017,1.91e-05,-0.049832972,-0.242410741,0.906735751,-0.049222798,-0.089332329,0.893373081,1.050941047,-0.108664789,0.321543928,2857895.6358333337
300262,0.001502141,2017,2.81e-05,0.280035177,-0.496209259,0.095854922,0.303108808,-0.212234072,1.137678148,1.113923569,-0.147576613,0.106003751,3766385.0091666672
300263,-0.006630466,2017,2.05e-05,-0.111969556,-0.372888021,-0.691709845,-0.012953368,-0.039254652,1.155445712,1.500136826,-0.406858274,-0.458648433,3807969.9550000005
300264,0.006495298,2017,9.07e-06,-0.007806906,-0.391987041,0.603626943,-0.862694301,-0.254982408,0.973418506,1.419954059,-0.477804666,-0.020506432,2776674.424166666
300281,-0.000429628,2017,4.28e-05,-0.096792907,-0.405625716,-0.147668394,0.634715026,-0.264031372,0.69189188,0.154173998,-1.093812276,0.251956901,2247445.2325000004
300293,0.008341904,2017,1.18e-05,-0.128462432,-0.324486624,0.691709845,-0.505181347,-0.3504525,1.190734935,1.232119517,-0.812416556,-0.412944631,3740323.973333331
300299,0.014801911,2017,5.41e-05,0.430663793,-0.527484062,0.857512953,0.748704663,-0.360456985,0.987351287,1.863728104,-0.327389127,-0.432193787,3732413.994166665
300320,-0.096407577,2017,6.63e-05,-0.110670045,-0.36924176,-0.984455959,0.841968912,0.321080436,1.403972425,-0.005228009,-0.646042061,0.631656904,4619762.089999994
300333,-0.007988423,2017,1.28e-05,0.053477095,-0.213725537,-0.743523316,-0.347150259,-0.502261921,1.035601995,0.341250171,-2.307581203,-0.314298229,4039125.796666665
300348,0.004028398,2017,1.07e-05,-0.223681671,0.293635114,0.417098446,-0.665803109,-0.400912111,1.126431112,0.988277901,-1.104177494,-1.288315332,3445648.1991666635
300351,0.002863771,2017,1.23e-05,-0.225283208,-0.319123589,0.274611399,-0.406735751,-0.453575969,0.927904777,-0.071452842,-1.948407896,0.00653445,4111243.9758333336
300354,-0.00153346,2017,1.31e-05,0.164113881,-0.384141132,-0.292746114,-0.313471503,-0.487553708,1.180563693,2.439611951,0.12448811,-0.107633511,1191134.7608333335
300365,-0.002408837,2017,3.49e-05,0.164602385,0.144134709,-0.386010363,0.479274611,-0.247438547,0.464402173,-0.258627808,-2.293937519,-0.256427112,3610740.5075
300366,0.001563941,2017,2.08e-05,0.109044811,-0.469555262,0.101036269,0.002590674,-0.303534387,1.396429689,1.222402651,-1.045928106,-0.660955808,3001317.9016666687
300370,0.002024237,2017,2.19e-05,0.081703516,-0.288859553,0.170984456,0.059585492,-0.342894318,0.737411631,0.757616508,-1.236134382,0.080361656,2648655.110000001
300374,-0.023339961,2017,0.000120216,-0.130517915,-0.514719577,-0.940414508,0.96373057,-0.268609143,1.527087909,1.655576635,-0.323698191,0.238351617,2676181.5183333326
300382,-0.000616731,2017,2.63e-05,-0.134798203,-0.191190562,-0.191709845,0.25388601,-0.181527245,0.700299269,0.250859285,-0.188574569,0.152052177,2451377.831666665
300387,-0.00196671,2017,3.31e-05,0.470013529,-0.343261903,-0.344559585,0.440414508,-0.472978701,0.969362371,1.455727938,-0.202671469,0.055038212,1853264.9783333342
300388,0.002736116,2017,2.11e-05,-0.114922318,-0.102603206,0.24611399,0.028497409,0.055694255,0.986319002,0.202401041,-0.485773515,0.252619373,4545905.155833334
300397,0.0141445,2017,3.28e-05,0.663796896,-0.517765109,0.841968912,0.432642487,-0.262462783,0.954443431,0.944957046,-0.855550932,0.53370845,2912220.076666666
300402,0.008609349,2017,5.34e-05,-0.027893322,-0.497655619,0.704663212,0.733160622,-0.506381835,1.314900304,1.970913254,-0.076315487,0.137228602,1332747.7499999995
300405,0.00094759,2017,2.13e-05,0.381843601,-0.453701815,0.038860104,0.038860104,-0.4735881,1.258722423,1.782172515,-0.085572214,0.008690454,1123230.6025000003
300407,0.002715593,2017,0.000123193,0.085896351,-0.630754432,0.240932642,0.966321244,-0.421391867,1.356981944,0.463589855,-1.32507035,0.577291299,2210426.898333335
300412,0.015367081,2017,3.03e-05,-0.293309929,-0.263896307,0.867875648,0.367875648,-0.432507245,1.617152015,2.549505244,0.809852793,-0.302616303,1111919.9374999998
300419,0.017023482,2017,2.46e-05,-0.072961864,-0.508784915,0.888601036,0.189119171,-0.334261701,1.193475434,1.231272366,-0.967674377,0.041480225,2323750.084999998
300422,-7.49e-05,2017,8.4e-06,-0.232302204,-0.126031459,-0.101036269,-0.940414508,0.03421173,1.062635548,1.332214352,-0.146791684,0.279752687,3098736.676666666
300424,0.000622884,2017,2.6e-05,-0.232468803,-0.269691824,-0.015544041,0.235751295,-0.152487764,0.418122144,0.547860336,-2.152847845,-0.25279437,3364139.4099999964
300444,-0.000491865,2017,1.07e-05,-0.150358668,-0.231126309,-0.160621762,-0.665803109,-0.229495062,1.11228338,1.13850485,-0.314519938,-0.035182621,2244577.489999998
300447,-0.000455962,2017,1.21e-05,-0.159844086,-0.412815848,-0.158031088,-0.440414508,-0.43052602,1.155613984,0.839113971,-1.036858162,-0.054037213,2166870.205
300453,-0.011116632,2017,1.6e-05,0.009898059,-0.514731175,-0.831606218,-0.160621762,-0.310749388,1.283199376,1.540920125,0.040942939,0.456080898,1476198.9533333338
300456,-0.002423142,2017,9.01e-06,0.190037095,-0.102022704,-0.388601036,-0.875647668,-0.127149205,0.976384071,-0.335036036,-2.577031895,-0.143539537,2914649.852499999
300467,0.011746956,2017,8.83e-06,-0.435238169,-0.2344761,0.797927461,-0.89119171,0.061905574,1.300212703,0.127035649,-1.302925252,-0.169935112,4368442.192499999
300468,0.008105545,2017,4.37e-05,-0.161000744,-0.234126922,0.678756477,0.637305699,-0.290234419,1.16878352,1.073964663,-0.945855948,-0.478589742,2830686.1291666697
300469,-0.064300238,2017,1.1e-05,0.068417089,-0.268935714,-0.979274611,-0.621761658,-0.504104573,1.319551156,0.668760741,-1.634958909,-0.374360334,1399873.6500000001
300470,0.005627574,2017,2.22e-05,-0.05575374,0.36921675,0.567357513,0.075129534,-0.128221363,0.815031836,0.116182418,-0.765285684,-0.159793433,2302992.349166664
300471,-0.006223694,2017,1.13e-05,0.507913759,-0.546516409,-0.676165803,-0.569948187,-0.28477113,1.398254677,0.772846108,-1.014066828,0.249039581,3481522.7433333336
300476,-0.002719607,2017,1.34e-05,-0.266474873,0.181168521,-0.411917098,-0.284974093,0.044810353,0.969693777,0.48386742,-1.186886205,0.083380049,4044632.629999999
300477,0.011206156,2017,1.32e-05,-0.217229724,0.012146592,0.777202073,-0.305699482,-0.129275612,1.027308698,0.670841206,-0.3100294,0.049199976,2534546.7299999995
300481,0.021554616,2017,1.55e-05,0.078193537,-0.40068339,0.940414508,-0.17357513,-0.329155117,0.903961142,0.265182943,-2.039229353,0.126748099,2040010.2333333334
300489,0.003545425,2017,3.65e-05,0.188438895,-0.403693926,0.357512953,0.507772021,-0.474442103,1.133235223,2.011382981,-0.039091217,-0.014047124,1198622.258333333
300490,0.112834588,2017,2.99e-05,-0.444771995,-0.178553461,1.0,0.349740933,-0.432350551,0.76591839,2.09250704,-0.329162572,-0.730938299,1445910.1042857147
300511,0.000674211,2017,1.03e-05,-0.09465948,-0.151078169,-0.012953368,-0.730569948,-0.257853452,1.156042154,1.057177171,-0.451004369,0.01227439,1940347.8033333346
300512,0.000365814,2017,2.82e-05,-0.22613668,-0.17880428,-0.046632124,0.310880829,-0.458680456,1.268053202,1.708889711,0.443789501,0.454700031,1647694.6266666686
300515,0.010158913,2017,2.72e-05,0.018293613,-0.427603282,0.756476684,0.277202073,-0.555254604,1.369633862,0.92635636,-0.751757061,0.745166866,1227540.495833333
300516,0.004131176,2017,1.35e-05,-0.013621474,-0.444708921,0.42746114,-0.28238342,-0.538188683,0.998936608,1.436911033,-0.526484997,0.148351078,2444662.599999999
300517,-0.000711683,2017,1.26e-05,-0.280194164,-0.234554317,-0.194300518,-0.380829016,-0.594531342,0.772260542,1.478098872,-0.163302456,0.339711277,928106.1458333343
300523,-0.00677869,2017,1.73e-05,-0.148303369,0.543394527,-0.696891192,-0.124352332,-0.226903211,0.886858559,-0.466634143,-2.297299638,-1.01549693,2699103.209000001
300526,-0.372186529,2017,1.22e-05,0.005009886,-0.547499417,-1.0,-0.422279793,-0.660620577,1.604150021,1.82066611,-0.352138611,-0.179612755,1337829.1850000003
300534,0.0360995,2017,2.61e-05,-0.276489714,-0.558847231,0.987046632,0.240932642,-0.459003828,1.673231327,1.057991178,-0.41599982,0.30142257,1707130.1383333334
300540,0.014430838,2017,1.8e-05,0.1298124,-0.330953305,0.849740933,-0.103626943,-0.56021413,0.89098628,1.67005066,-0.271634987,-0.043818508,953682.3516666656
300542,-0.007699702,2017,2.43e-05,0.18655075,-0.025670045,-0.733160622,0.176165803,-0.447699083,0.733908896,1.393598656,-1.321545067,-0.346448859,890326.3750000003
300558,-0.000206832,2017,9.44e-06,-0.264094872,-0.078480408,-0.116580311,-0.81865285,-0.152597741,0.809543394,-0.250778957,-1.225723063,-0.471020492,3789590.189999998
600072,0.014374643,2017,1.9e-05,0.394034537,-0.463962312,0.847150259,-0.056994819,-0.260098712,1.320396742,0.466880493,-0.981409045,1.103051605,5819003.094166667
600080,0.005590078,2017,1.26e-05,-0.340893473,-0.033722029,0.562176166,-0.380829016,-0.357860604,0.516210463,0.174142026,-0.63328405,-0.155202473,3226722.9533333317
600097,-0.009565607,2017,1.33e-05,-0.041192145,-0.410470915,-0.787564767,-0.295336788,-0.234921111,0.661698768,0.809100477,0.06729353,0.388120661,3747723.5066666678
600106,0.004713289,2017,2.79e-05,0.181591767,-0.357475328,0.474093264,0.292746114,-0.330132575,0.940832027,0.720717305,0.025613964,0.465106057,5711361.372499999
600128,0.011319051,2017,4.08e-05,0.161010985,-0.402316089,0.779792746,0.601036269,-0.383635103,0.882391351,1.288559893,0.178933001,0.118130722,2878748.5308333314
600133,0.0028226,2017,7.81e-06,-0.259176703,-0.11559077,0.266839378,-0.976683938,0.113373881,0.880011982,2.327869769,2.041087813,0.014891098,5168792.490833333
600163,0.000231656,2017,2.36e-05,0.215074616,-0.288951376,-0.075129534,0.137305699,-0.272263213,0.485665154,0.893458328,0.013038637,0.076971809,3680196.779166669
600178,0.011371243,2017,1.85e-05,0.024216801,-0.48217928,0.787564767,-0.088082902,-0.400796297,1.349471988,0.83697627,-0.449889602,0.490037874,4467158.399999998
600203,0.003152979,2017,1.98e-05,-0.3959863,0.164196009,0.313471503,-0.03626943,-0.253401236,0.599893431,-0.423931152,-1.035779932,0.092073918,2818225.162499999
600218,0.003386921,2017,1.36e-05,1.850882973,-0.449159639,0.336787565,-0.272020725,-0.343107764,0.98423616,0.978020363,-0.103896787,0.490342124,3371342.587500001
600229,0.000868815,2017,1.19e-05,-0.067233807,-0.139962229,0.018134715,-0.492227979,-0.327138296,0.816701762,1.434052184,0.483526805,0.249871954,4073164.8783333325
600243,0.00639407,2017,2.51e-05,-0.146136658,-0.386158536,0.590673575,0.202072539,-0.365038181,0.751137903,1.151147414,-0.160379344,0.3192109,2134807.9999999995
600248,-0.001131087,2017,5.21e-05,0.031160162,-0.253485793,-0.240932642,0.707253886,-0.223147415,1.054860395,1.33100731,0.408688837,0.635627448,4019747.4300000025
600262,0.003572936,2017,2.53e-05,0.089365275,-0.311010481,0.360103627,0.212435233,-0.353581121,0.493491307,-0.046600944,-0.750722433,0.173582995,4722741.666666661
600268,0.002763665,2017,8.35e-06,0.399712492,-0.323319389,0.248704663,-0.945595855,-0.405519636,1.096724955,1.007376623,-0.047986275,-0.221371715,4285795.941666667
600279,0.014998981,2017,5.25e-05,0.052090466,-0.321502418,0.860103627,0.71761658,-0.19446833,0.880203243,0.847470658,-0.069878003,0.001019982,4774484.560833333
600285,0.002943776,2017,1.06e-05,-0.050647196,-0.206328666,0.287564767,-0.689119171,-0.272494527,0.958218234,0.74377148,0.042718941,0.294301088,5968311.164166667
600302,0.010385558,2017,3.08e-05,0.237943012,-0.491279465,0.766839378,0.373056995,-0.456002746,0.898005768,1.565494473,-0.070134188,0.046451253,2865537.859999999
600310,-0.019703586,2017,9.55e-06,0.271144873,-0.430326494,-0.906735751,-0.810880829,-0.434532793,0.803641881,0.428219174,-0.588611327,0.189673462,5928248.624999997
600345,0.007770203,2017,1.39e-05,0.005623464,0.316931502,0.660621762,-0.248704663,0.212767686,1.62461239,0.929747974,-0.783550157,-0.184916161,4599705.000000001
600351,-0.007368804,2017,9.94e-06,-0.131380014,-0.072760395,-0.725388601,-0.764248705,-0.258560587,0.766789509,0.876107427,0.220230183,-0.375160467,5600010.0
600354,0.000866143,2017,1.09e-05,0.242913382,-0.326980643,0.015544041,-0.629533679,-0.207641649,0.485683091,0.284380693,-0.512342521,0.13537303,3575699.609999999
600368,0.022745925,2017,5.03e-05,0.475300551,-0.244427201,0.945595855,0.699481865,-0.078134541,1.03906926,1.124944015,0.318994762,0.023994564,5005588.529166668
600371,0.002919094,2017,1.39e-05,0.373862157,-0.31037149,0.279792746,-0.248704663,-0.349403057,0.555034479,-0.64629866,-1.626328981,0.589231424,2857136.7000000016
600378,0.002151787,2017,5.22e-05,0.590999889,-0.227475845,0.189119171,0.712435233,-0.092581811,0.922060021,0.733586136,-0.27700395,0.291122682,3846341.62777778
600379,0.002792496,2017,5.22e-05,0.180780279,-0.452977756,0.261658031,0.712435233,-0.478319004,1.226968061,0.888911755,-0.692854667,0.604413781,3483429.9516666685
600419,-0.028798507,2017,1.19e-05,-0.184774993,-0.248067888,-0.955958549,-0.492227979,-0.214158847,1.324947396,0.529616911,-0.033199489,0.245952264,4566907.9258333305
600444,0.000328332,2017,2.41e-05,0.002144029,-0.399134816,-0.056994819,0.168393782,-0.3201375,1.060248649,1.689899743,0.235007915,-0.296661202,1892887.500000001
600448,-0.002089273,2017,3.67e-05,0.173786629,-0.180441393,-0.35492228,0.520725389,-0.303701843,0.677554943,1.676388414,0.231750976,-0.124348678,2620297.7833333346
600469,-0.011253428,2017,2.38e-05,0.319230743,-0.520394308,-0.839378238,0.150259067,-0.521353768,1.031550949,1.057219171,-0.055530031,0.220747743,4483683.186666667
600475,-0.026196974,2017,4.13e-05,0.01407109,-0.46910626,-0.950777202,0.611398964,-0.281863535,1.135089991,1.396766585,0.580660403,0.213851374,3532334.379166665
600479,-0.004102161,2017,1.03e-05,-0.087690767,-0.125455112,-0.541450777,-0.730569948,-0.112071307,0.822785627,0.528485767,-0.074840036,-0.110196362,4467125.375833336
600493,0.009991952,2017,6.25e-05,-0.060331071,-0.414014909,0.748704663,0.797927461,-0.531007105,0.938157288,1.755206501,0.606191243,0.32326135,3044813.3333333344
600520,0.000910269,2017,1.36e-05,-0.234811283,-0.116418958,0.031088083,-0.272020725,0.14182968,0.49296231,0.893892426,-1.16635298,-0.48579323,2874624.33333333
600526,-0.010328446,2017,1.06e-05,-0.152864006,-0.435912575,-0.805699482,-0.689119171,-0.196473864,1.279123153,0.875188228,-0.303730554,0.547871993,4486295.260833334
600533,0.011089683,2017,1.16e-05,0.049745896,-0.416318881,0.774611399,-0.528497409,-0.139585433,1.038661538,0.803747856,0.097937191,0.495401291,6018249.999999996
600538,-0.005057815,2017,3.12e-05,-0.047518619,-0.180004417,-0.624352332,0.388601036,-0.59754578,0.435774112,0.900249316,0.020215482,0.272159828,3080291.852499999
600558,-0.000729521,2017,2.18e-05,-0.152690135,-0.228380422,-0.199481865,0.049222798,0.038654736,1.008717855,1.557523584,0.395402247,0.017580526,5378942.460833332
600592,-0.023185221,2017,3.97e-05,1.098855225,-0.407440192,-0.937823834,0.580310881,-0.224639043,1.372324501,0.711196985,-0.670460531,0.526865635,5031378.3425
600593,-0.014086842,2017,1.1e-05,0.484873047,0.288388985,-0.878238342,-0.621761658,-0.306857716,0.341099919,0.541367445,0.150994818,-0.274578783,2621309.9999999995
600603,-0.002941958,2017,3.68e-05,0.179869974,-0.343166633,-0.430051813,0.525906736,-0.381420745,1.138021871,1.551241725,0.641360811,0.245413872,2388528.859000001
600619,-0.00391844,2017,1.11e-05,-0.196509662,0.044571679,-0.505181347,-0.603626943,-0.215263578,1.45290431,1.315404111,0.290752673,0.297934074,5636616.159166671
600630,0.013870929,2017,1.35e-05,0.07310285,-0.359793044,0.836787565,-0.28238342,-0.343242955,1.263321518,1.620962657,0.135808564,0.130712676,5289526.882499996
600668,-0.000531587,2017,3.33e-05,0.042855195,-0.290762483,-0.17357513,0.448186528,-0.054632147,1.29627766,1.235700252,0.57813979,0.402843196,5980750.405000002
600679,0.011532655,2017,2.68e-05,0.205364895,-0.545580584,0.792746114,0.261658031,-0.461641233,1.03909424,1.553778144,0.13258689,-0.242863472,4818760.056666668
600706,-0.004799565,2017,1.13e-05,0.023409831,-0.440496538,-0.595854922,-0.569948187,-0.049709002,0.717333146,0.815924642,-0.042118264,-0.132152256,3492792.061666665
600707,0.011459655,2017,1.29e-05,-0.301397806,-0.122015853,0.79015544,-0.336787565,-0.190454939,0.708973284,0.529771145,-0.371770857,-0.244762631,5926330.118333333
600712,-0.006650813,2017,1.5e-05,0.170578993,-0.394231762,-0.694300518,-0.186528497,-0.237200441,0.644355492,0.653344478,-0.380287748,0.223222083,4698179.414999997
600735,-0.293233409,2017,1.07e-05,-0.08893683,-0.412616432,-0.997409326,-0.665803109,-0.464567873,0.903987439,0.701031847,-0.232339207,0.04140174,4618595.364999998
600738,0.001774151,2017,1.54e-05,0.14278103,-0.063579205,0.137305699,-0.176165803,-0.178551371,0.544595196,0.641628382,0.100875121,-0.05137239,3248125.2016666667
600746,0.000792127,2017,1.72e-05,0.14584874,-0.466731112,0.0,-0.132124352,-0.356286419,0.997461711,1.956853781,0.506515935,-0.108818822,3325120.0016666655
600798,0.023083668,2017,5.57e-05,0.012374632,-0.307424759,0.948186528,0.766839378,-0.064976458,1.152622483,0.187392861,-0.772304088,0.37602109,6002988.6875000065
600830,0.011350444,2017,9.34e-06,0.131866293,-0.458914913,0.784974093,-0.831606218,-0.176577645,1.223180272,1.164495898,-0.175066417,0.745503768,4586766.733333335
600831,-0.001781179,2017,1.07e-05,0.769774337,-0.398976924,-0.32642487,-0.665803109,-0.381777544,1.153253993,0.91335185,-0.286735622,0.146834557,5946154.6949999975
600834,-0.06030818,2017,2.86e-05,0.089794742,-0.444354302,-0.976683938,0.316062176,-0.365883756,0.887176532,0.651387947,-0.235545169,0.447890587,5636289.025555549
600853,0.007258329,2017,1.02e-05,0.310844179,-0.420770378,0.634715026,-0.75388601,-0.313207834,0.908519808,1.247184295,0.286068053,0.441900079,3267369.276666662
600857,-0.003945658,2017,1.72e-05,-0.020214197,-0.241047492,-0.518134715,-0.132124352,-0.543366134,0.699311535,0.878463453,-0.009314791,0.328205779,3054863.4299999992
600917,0.006479066,2017,1.26e-05,0.018266819,-0.27525797,0.595854922,-0.380829016,-0.156868391,1.198726625,0.471159547,0.256683376,0.124688775,5005316.666666676
600936,0.003850085,2017,2.05e-05,0.014360485,-0.419335361,0.386010363,-0.012953368,-0.490444126,0.998122641,0.926317253,0.031017597,0.296075915,5361672.149166662
600962,0.002286999,2017,1.41e-05,0.03013533,-0.36830249,0.204663212,-0.225388601,-0.508655198,1.261304621,0.579313393,-0.514990339,0.271336426,3609412.5166666657
600969,0.002230689,2017,1.17e-05,0.179003333,-0.415107201,0.194300518,-0.515544041,-0.358505741,0.866055989,0.879315411,-0.214372053,0.339904615,3900067.774999998
600973,0.001027916,2017,2.24e-05,0.047048112,-0.354969198,0.046632124,0.080310881,-0.153502722,0.891556681,1.23605031,0.417287025,0.174626977,5102548.896363639
600976,0.00266477,2017,1.11e-05,-0.216530486,-0.228689293,0.235751295,-0.603626943,-0.27136723,0.891912138,0.001816376,-0.544775685,0.169044861,4240622.5225
600979,0.00165616,2017,9.2e-06,-0.004943133,-0.216779753,0.121761658,-0.841968912,-0.324137664,0.598593514,0.385813462,-0.179931859,0.211721868,4054495.3088888847
600980,0.004786008,2017,3.88e-05,0.496811694,-0.317984984,0.487046632,0.569948187,-0.37330463,1.48045473,1.334586857,-0.064716268,0.264367506,2694169.1316666654
600981,0.001672898,2017,3.01e-05,0.095108365,-0.396640614,0.126943005,0.357512953,-0.320497672,0.777780685,0.991552313,0.224323447,-0.227782582,1785693.344166667
600984,0.01466965,2017,8.29e-05,0.162791305,-0.059926098,0.85492228,0.896373057,-0.276804434,0.834320596,0.758260412,0.24118373,0.370171581,4264393.361666668
600985,0.002859355,2017,3.11e-05,0.143366057,-0.202830798,0.272020725,0.386010363,-0.131247442,1.959156349,0.661199167,1.178847477,0.389188749,3654338.080000003
600992,0.003129894,2017,3.6e-05,-0.073657536,-0.454757009,0.310880829,0.5,-0.362696642,1.296734381,0.774509007,-0.041232366,0.476234093,3638973.775
600995,0.004717764,2017,1.32e-05,0.077969114,-0.229467144,0.476683938,-0.305699482,-0.322901878,1.01644971,1.293533843,0.747993012,0.284143703,5216336.532500003
601020,-0.00893222,2017,2.01e-05,-0.148479823,-0.383743562,-0.777202073,-0.028497409,-0.481471212,1.310772052,1.605102511,0.184251903,0.338535292,5956815.104166661
601038,-0.000265534,2017,4.18e-05,0.684064586,-0.432322246,-0.124352332,0.619170984,-0.267002599,1.043621504,1.141612097,0.376749208,0.39611106,5648579.025000003
601177,-0.000841149,2017,3.38e-05,0.443489243,-0.275334039,-0.212435233,0.455958549,-0.164972776,0.834794889,0.83944747,-0.429769029,0.048785434,3738560.6999999997
601208,0.001944541,2017,3.73e-05,0.068542881,-0.407748668,0.163212435,0.53626943,-0.18946115,0.899569119,1.162528159,0.076552828,0.140511414,4427084.732500001
601226,0.004275912,2017,5.01e-05,0.181052924,-0.454435777,0.448186528,0.696891192,-0.34643725,1.222702763,0.966028832,-0.143073796,0.561986891,3077750.0
601368,0.002774165,2017,2.34e-05,-0.074023669,-0.301191579,0.251295337,0.134715026,-0.250954238,0.851496453,1.154240292,0.293217197,0.193525579,3008958.3691666643
601500,0.004340476,2017,4.04e-05,-0.303103406,-0.29421061,0.453367876,0.598445596,-0.586635334,1.058569876,1.780348518,0.28050064,0.225495995,2470929.7533333316
601599,0.000372756,2017,2.08e-05,-0.218705205,-0.359918812,-0.041450777,0.002590674,-0.27657656,1.096114619,0.661793451,-0.526883363,0.038649765,5685902.876666664
601789,0.007881175,2017,5.51e-05,0.171751888,-0.270063982,0.668393782,0.761658031,-0.324244121,0.885079793,0.91562265,0.078085974,0.197772643,5340784.399999998
601900,-0.002626669,2017,3.67e-05,0.013210767,-0.252722488,-0.404145078,0.520725389,-0.257747699,1.058569381,0.807989672,-0.18054125,0.230049694,2268523.4166666674
601966,-0.008366838,2017,2.45e-05,0.081099895,-0.296680991,-0.756476684,0.18134715,-0.355838655,0.904093176,0.457993023,-0.157998686,0.188042493,6083279.333333331
601996,0.000683887,2017,2.55e-05,-0.162848546,-0.143114375,-0.010362694,0.225388601,0.023772038,1.431909495,0.743308447,0.074921481,0.553276538,4819243.079999998
603017,0.003008364,2017,5.56e-05,0.356385368,-0.456854236,0.292746114,0.764248705,-0.246843386,0.824671278,0.612754187,-0.06355438,-0.310448815,2200078.3699999996
603021,0.003373012,2017,1.17e-05,-0.156162373,-0.398667601,0.331606218,-0.515544041,-0.508484981,1.181756866,0.059479213,-1.102175616,0.174698875,2457691.16166667
603025,0.014124389,2017,4.16e-05,-0.221966915,0.041925389,0.839378238,0.616580311,-0.248023065,1.000688305,0.768546948,-0.239643686,-0.166459943,1537352.5000000016
603029,0.008688351,2017,4.86e-05,-0.100790688,-0.446035115,0.70984456,0.68134715,-0.582177068,1.000145296,2.308299704,0.721630902,-0.860568691,986851.2127272724
603060,-0.003338693,2017,2.3e-05,0.780895561,-0.32899979,-0.450777202,0.111398964,-0.389887876,1.068386227,1.686570582,0.401883709,-0.096921811,1515216.7483333328
603066,0.008202988,2017,1.19e-05,-0.21553375,-0.344978585,0.683937824,-0.492227979,-0.264563303,1.117984169,2.621608153,1.729954706,0.119103391,1995784.6491666653
603100,0.004018724,2017,2.29e-05,0.094846503,-0.272276391,0.414507772,0.106217617,-0.363457542,1.134655413,1.532468445,0.10046175,0.131970432,2932964.619166666
603101,0.001282207,2017,1.19e-05,-0.191038976,-0.290556823,0.067357513,-0.492227979,-0.465896991,1.24149704,1.347461334,-0.04941419,0.60982208,1196369.9999999998
603167,0.003395254,2017,1.29e-05,0.070306989,-0.090532261,0.344559585,-0.336787565,0.070769489,1.221893027,0.308850122,-0.220979075,0.097106566,5414546.499999998
603168,-0.007365405,2017,1.09e-05,-0.188503293,-0.510222521,-0.720207254,-0.629533679,-0.507142708,0.929563897,1.053301634,-0.253647855,0.247679944,4331961.849999999
603311,0.007288812,2017,1.46e-05,-0.086770595,-0.441515588,0.639896373,-0.20984456,-0.326462579,1.047400638,1.549744213,0.307268165,0.28819937,1885391.9824999992
603318,0.013097255,2017,1.11e-05,0.724721558,0.115920583,0.821243523,-0.603626943,0.047743505,0.843024304,-0.027199224,-0.45166914,0.095207408,1396264.5000000007
603319,0.00160448,2017,1.4e-05,-0.105907762,-0.409448205,0.10880829,-0.233160622,-0.479765223,0.943568723,1.287942542,0.102053662,0.280822969,1008928.4916666663
603333,-0.012456468,2017,5.11e-05,0.571675931,-0.16701359,-0.85492228,0.704663212,-0.382046707,0.713051577,0.612638935,-0.095104131,0.19854516,3947271.287500001
603338,0.000206209,2017,6.62e-05,0.755723472,-0.023821863,-0.077720207,0.839378238,0.492186735,1.307264395,-0.443593356,-1.037640617,0.537446521,2831859.0624999986
603339,0.040157674,2017,2.73e-05,-0.22951423,-0.244499148,0.997409326,0.279792746,-0.369367378,1.124766421,1.939537822,0.423751853,0.479073805,1513095.833333334
603377,-0.003843422,2017,1.26e-05,0.099910207,-0.487806688,-0.492227979,-0.380829016,-0.01640648,0.669080276,-0.605692305,-0.491981996,0.557434507,4007156.0324999965
603393,0.000708394,2017,2.42e-05,-0.021939742,-0.125897964,-0.007772021,0.170984456,-0.289518938,0.843190385,0.159200719,-0.931214132,0.212959435,2348334.5358333336
603515,0.006000982,2017,1.04e-05,-0.096747311,0.275077391,0.577720207,-0.712435233,0.105003136,0.759396805,0.361773182,-0.034700197,-0.168546722,2966777.833333336
603556,0.007142309,2017,8.41e-05,-0.228475021,-0.463372501,0.626943005,0.909326425,-0.198338165,0.647871703,1.198458172,0.034704403,-0.313054821,4175196.875833334
603569,-0.008799435,2017,2.09e-05,-0.190787187,-0.406741385,-0.766839378,0.012953368,-0.45386971,0.987299554,1.562811639,0.420602761,-0.182759315,1502326.1374999993
603606,-0.00170342,2017,0.000132573,0.506811291,-0.172535013,-0.316062176,0.976683938,-0.255640166,0.876971566,0.625355843,-0.221787656,0.253537688,2286937.1616666676
603609,-0.013410592,2017,4.24e-05,0.253216213,-0.01643758,-0.870466321,0.629533679,-0.316728558,0.410828932,0.424765708,-0.209480245,-0.603241017,5802140.691666673
603611,-0.002254245,2017,2.27e-05,0.232150855,-0.233923832,-0.373056995,0.090673575,-0.445141717,0.925100307,1.250257711,0.245289313,0.254647938,2518651.8749999995
603618,0.000996042,2017,2.54e-05,0.161619303,-0.411725313,0.041450777,0.222797927,-0.262032155,1.026288857,1.411891992,0.150841003,0.195860267,2766069.766666666
603667,0.004763844,2017,1.44e-05,-0.149097406,-0.446159767,0.479274611,-0.21761658,-0.339022415,0.615531086,-0.263341913,-1.72711327,1.082847663,1485584.680833332
603686,0.001425844,2017,1.2e-05,-0.188918442,-0.29236671,0.085492228,-0.461139896,-0.214031228,0.637908498,0.823055122,0.096402601,0.211927218,3312769.087499999
603688,0.002428727,2017,2.3e-05,-0.066548743,0.155429944,0.21761658,0.111398964,0.037723518,1.27571366,0.625319125,-0.950425543,-0.228408496,2579619.5908333343
603698,-0.004086047,2017,6.54e-05,0.064373599,-0.409562451,-0.538860104,0.823834197,-0.283747256,1.044258948,0.865017871,-0.428900331,0.405617469,2192485.571666667
603727,0.000159235,2017,8.47e-05,0.06236185,-0.532726642,-0.080310881,0.914507772,-0.511829548,1.272288217,1.081170893,-0.163907397,0.244309852,2076460.2499999988
603789,0.00140922,2017,3.24e-05,0.239274666,-0.160084325,0.080310881,0.422279793,-0.323654767,0.748828033,1.320331151,0.922423175,0.332926416,1715020.0000000002
603828,0.005560768,2017,4.76e-05,0.737018157,-0.316222685,0.554404145,0.67357513,-0.264040812,0.773276514,1.047975934,0.313772915,0.488868587,1235569.5016666653
603843,-0.00716482,2017,2.19e-05,-0.31544589,-0.197197238,-0.70984456,0.059585492,-0.311988686,0.821883617,0.499074909,-0.068642914,0.690850191,2066064.2391666677
603869,-0.004184101,2017,1.56e-05,0.102584395,-0.40017445,-0.544041451,-0.168393782,-0.260362639,1.066675689,1.369587405,0.068619705,0.016276112,2257053.9033333296
603888,0.002263659,2017,3.22e-05,0.166235792,-0.482498194,0.199481865,0.411917098,-0.314170071,1.185668115,0.791904099,-0.72789458,0.395896339,4222303.828333336
603889,0.001653968,2017,4.84e-05,-0.136365678,-0.309810629,0.119170984,0.676165803,-0.050291636,0.449101595,0.710765602,0.364131216,-0.280034227,2141722.263333335
603909,-0.119105565,2017,3.74e-05,-0.335264345,-0.215310352,-0.989637306,0.541450777,-0.348522022,0.474484732,1.728729071,0.688868557,-0.135936428,968204.5454545461
603969,0.021795092,2017,3.85e-05,0.090198536,-0.547716592,0.943005181,0.562176166,-0.165355896,1.350380393,1.332183222,0.024988538,0.317237147,2602477.2191666663
603987,-0.003720462,2017,1.15e-05,-0.004659788,-0.340657383,-0.481865285,-0.544041451,-0.439809979,0.918668671,2.018070795,0.430229996,-0.093850154,1486096.5433333341
603988,0.004236929,2017,5.72e-05,0.13727499,-0.542148753,0.445595855,0.774611399,0.105699786,1.146556209,0.399853489,-1.363669159,1.086417379,2285586.6666666656
603999,0.001393163,2017,3.62e-05,-0.072396663,-0.468346593,0.077720207,0.505181347,-0.481423854,1.380245767,1.200543217,-0.297130912,0.58263046,2492928.000000001
